village_id,slug,name,country,lat,lng,date,pending,marker_type,portal_url
1,oleksandriya-rivne-ukraine,Oleksandriya,Ukraine,50.438240,26.192360,,0,2,http://www.yahadmap.org/en/oleksandriya-rivne-ukraine/village-1
2,andrushivka-andrushovka-andruszowka-zhytomyr-ukraine,"Andrushivka (Andrushovka, Andruszowka)",Ukraine,49.595371,29.024940,,0,1,http://www.yahadmap.org/en/andrushivka-andrushovka-andruszowka-zhytomyr-ukraine/village-2
2,andrushivka-andrushovka-andruszowka-zhytomyr-ukraine,"Andrushivka (Andrushovka, Andruszowka)",Ukraine,50.000050,29.014870,,0,1,http://www.yahadmap.org/en/andrushivka-andrushovka-andruszowka-zhytomyr-ukraine/village-2
3,antoniuky-odesa-ukraine,Antoniuky,Ukraine,47.257118,30.438440,,0,1,http://www.yahadmap.org/en/antoniuky-odesa-ukraine/village-3
4,bakhiv-volyn-ukraine,Bakhiv,Ukraine,51.163071,24.439871,,0,2,http://www.yahadmap.org/en/bakhiv-volyn-ukraine/village-4
4,bakhiv-volyn-ukraine,Bakhiv,Ukraine,51.152721,24.444790,,0,1,http://www.yahadmap.org/en/bakhiv-volyn-ukraine/village-4
5,balanivka-balanovka-vinnytsia-ukraine,Balanivka (Balanovka),Ukraine,48.237598,29.263340,2007,0,3,http://www.yahadmap.org/en/balanivka-balanovka-vinnytsia-ukraine/village-5
5,balanivka-balanovka-vinnytsia-ukraine,Balanivka (Balanovka),Ukraine,48.242699,29.241610,2007,0,1,http://www.yahadmap.org/en/balanivka-balanovka-vinnytsia-ukraine/village-5
5,balanivka-balanovka-vinnytsia-ukraine,Balanivka (Balanovka),Ukraine,48.244228,29.226431,2007,0,1,http://www.yahadmap.org/en/balanivka-balanovka-vinnytsia-ukraine/village-5
,,Balaichuk (Balaiciuc),Ukraine,47.050259,30.424730,,1,1,
,,Balaichuk (Balaiciuc),Ukraine,47.056400,30.425819,,1,1,
7,balyn-balin-khmelnytskyi-ukraine,Balyn (Balin),Ukraine,48.524879,26.392611,,0,2,http://www.yahadmap.org/en/balyn-balin-khmelnytskyi-ukraine/village-7
,,Batyatychi,Ukraine,50.075500,24.202400,2004,1,1,
,,Berdyansk,Ukraine,46.466961,36.435501,2007,1,2,
11,mariupol-donetsk-ukraine,Mariupol,Ukraine,47.068100,37.263161,,0,3,http://www.yahadmap.org/en/mariupol-donetsk-ukraine/village-11
12,berdychiv-berdichev-barditchev-zhytomyr-ukraine,"Berdychiv (Berdichev, Barditchev)",Ukraine,49.538712,28.344179,,0,3,http://www.yahadmap.org/en/berdychiv-berdichev-barditchev-zhytomyr-ukraine/village-12
12,berdychiv-berdichev-barditchev-zhytomyr-ukraine,"Berdychiv (Berdichev, Barditchev)",Ukraine,49.533798,28.323271,,0,3,http://www.yahadmap.org/en/berdychiv-berdichev-barditchev-zhytomyr-ukraine/village-12
12,berdychiv-berdichev-barditchev-zhytomyr-ukraine,"Berdychiv (Berdichev, Barditchev)",Ukraine,49.527100,28.322901,,0,3,http://www.yahadmap.org/en/berdychiv-berdichev-barditchev-zhytomyr-ukraine/village-12
12,berdychiv-berdichev-barditchev-zhytomyr-ukraine,"Berdychiv (Berdichev, Barditchev)",Ukraine,49.527740,28.323170,,0,3,http://www.yahadmap.org/en/berdychiv-berdichev-barditchev-zhytomyr-ukraine/village-12
,,Bereshovka (village disappeared),Ukraine,47.368198,31.053379,2006,1,1,
14,berestechko-volyn-ukraine,Berestechko,Ukraine,50.225269,25.057489,,0,1,http://www.yahadmap.org/en/berestechko-volyn-ukraine/village-14
15,berezhany-brzezany-ternopil-ukraine,Berezhany (Brzezany),Ukraine,49.265720,24.558140,,0,2,http://www.yahadmap.org/en/berezhany-brzezany-ternopil-ukraine/village-15
16,berezivka-berezovka-former-jewish-colony-smidovichi-crimea-ukraine,"Berezivka (Berezovka, former Jewish colony Smidovichi)",Ukraine,45.350929,33.225040,,0,1,http://www.yahadmap.org/en/berezivka-berezovka-former-jewish-colony-smidovichi-crimea-ukraine/village-16
17,berezove-rivne-ukraine,Berezove,Ukraine,51.351910,27.191401,2008,0,2,http://www.yahadmap.org/en/berezove-rivne-ukraine/village-17
18,berizky-berizki-vradiivka-mykolaiv-ukraine,Berizky (Berizki)/Vradiivka,Ukraine,47.535461,30.338440,,0,2,http://www.yahadmap.org/en/berizky-berizki-vradiivka-mykolaiv-ukraine/village-18
19,bershad-vinnytsia-ukraine,Bershad,Ukraine,48.215302,29.325809,,0,2,http://www.yahadmap.org/en/bershad-vinnytsia-ukraine/village-19
20,bibrka-bobrka-boyberke-boiberik-lviv-ukraine,"Bibrka (Bobrka, Boyberke, Boiberik)",Ukraine,49.385818,24.167740,,0,1,http://www.yahadmap.org/en/bibrka-bobrka-boyberke-boiberik-lviv-ukraine/village-20
21,bilohirsk-bilogorsk-belogorsk-karasubazar-autonomic-republic-of-crimea-ukraine,"Bilohirsk (Bilogorsk, Belogorsk, Karasubazar)",Ukraine,45.039791,34.367062,,0,2,http://www.yahadmap.org/en/bilohirsk-bilogorsk-belogorsk-karasubazar-autonomic-republic-of-crimea-ukraine/village-21
22,birky-volyn-ukraine,Birky,Ukraine,51.146099,24.031160,,0,2,http://www.yahadmap.org/en/birky-volyn-ukraine/village-22
23,bobrovyy-kut-kherson-ukraine,Bobrovyy Kut,Ukraine,47.037891,32.559299,,0,2,http://www.yahadmap.org/en/bobrovyy-kut-kherson-ukraine/village-23
24,bohdanivka-bogdanivka-bogdanovka-bogdanowka-bogdanovca-mykolaiv-ukraine,"Bohdanivka (Bogdanivka, Bogdanovka, Bogdanowka, Bogdanovca)",Ukraine,47.490219,31.090691,,0,3,http://www.yahadmap.org/en/bohdanivka-bogdanivka-bogdanovka-bogdanowka-bogdanovca-mykolaiv-ukraine/village-24
24,bohdanivka-bogdanivka-bogdanovka-bogdanowka-bogdanovca-mykolaiv-ukraine,"Bohdanivka (Bogdanivka, Bogdanovka, Bogdanowka, Bogdanovca)",Ukraine,47.484570,31.091909,,0,3,http://www.yahadmap.org/en/bohdanivka-bogdanivka-bogdanovka-bogdanowka-bogdanovca-mykolaiv-ukraine/village-24
24,bohdanivka-bogdanivka-bogdanovka-bogdanowka-bogdanovca-mykolaiv-ukraine,"Bohdanivka (Bogdanivka, Bogdanovka, Bogdanowka, Bogdanovca)",Ukraine,47.483582,31.090790,,0,3,http://www.yahadmap.org/en/bohdanivka-bogdanivka-bogdanovka-bogdanowka-bogdanovca-mykolaiv-ukraine/village-24
24,bohdanivka-bogdanivka-bogdanovka-bogdanowka-bogdanovca-mykolaiv-ukraine,"Bohdanivka (Bogdanivka, Bogdanovka, Bogdanowka, Bogdanovca)",Ukraine,47.485741,31.090851,,0,1,http://www.yahadmap.org/en/bohdanivka-bogdanivka-bogdanovka-bogdanowka-bogdanovca-mykolaiv-ukraine/village-24
25,bogdanivka-bogdanovka-ternopil-ukraine,Bogdanivka (Bogdanovka),Ukraine,49.334808,26.007429,,0,1,http://www.yahadmap.org/en/bogdanivka-bogdanovka-ternopil-ukraine/village-25
,,Bohdanivske,Ukraine,47.420818,31.053110,,1,1,
27,bondarivka-bondariovka-mykolaiv-ukraine,Bondarivka (Bondariovka),Ukraine,47.168430,31.028891,,0,1,http://www.yahadmap.org/en/bondarivka-bondariovka-mykolaiv-ukraine/village-27
28,boremel-rivne-ukraine,Boremel,Ukraine,50.281750,25.121920,,0,2,http://www.yahadmap.org/en/boremel-rivne-ukraine/village-28
30,borshchiv-borszczow-borschov-ternopil-ukraine,"Borshchiv (Borszczów, Borschov)",Ukraine,48.483780,26.013670,,0,2,http://www.yahadmap.org/en/borshchiv-borszczow-borschov-ternopil-ukraine/village-30
31,bratslav-vinnytsia-ukraine,Bratslav,Ukraine,48.483700,28.544960,,0,1,http://www.yahadmap.org/en/bratslav-vinnytsia-ukraine/village-31
32,broshniv-osada-broszniow-osada-ivano-frankivsk-ukraine,Broshniv-Osada (Broszniów-Osada),Ukraine,48.599560,24.113220,,0,1,http://www.yahadmap.org/en/broshniv-osada-broszniow-osada-ivano-frankivsk-ukraine/village-32
34,buchach-buczacz-ternopil-ukraine,Buchach (Buczacz),Ukraine,49.033482,25.246679,,0,2,http://www.yahadmap.org/en/buchach-buczacz-ternopil-ukraine/village-34
35,busk-busik-bisik-lviv-ukraine,"Busk (Busik, Bisik)",Ukraine,49.580372,24.375719,,0,2,http://www.yahadmap.org/en/busk-busik-bisik-lviv-ukraine/village-35
,,Buzinovo,Ukraine,46.589130,30.292379,,1,1,
37,buzovarove-buzovarovo-bezovarovo-bezuvarovo-mykolaiv-ukraine,"Buzovarove (Buzovarovo, Bezovarovo, Bezuvarovo)",Ukraine,47.219231,31.254999,,0,1,http://www.yahadmap.org/en/buzovarove-buzovarovo-bezovarovo-bezuvarovo-mykolaiv-ukraine/village-37
38,cherevakha-czerewucha-volyn-ukraine,Cherevakha (Czerewucha),Ukraine,51.161659,25.261770,,0,2,http://www.yahadmap.org/en/cherevakha-czerewucha-volyn-ukraine/village-38
39,chornoplesy-volyn-ukraine,Chornoplesy,Ukraine,51.189629,24.159611,,0,1,http://www.yahadmap.org/en/chornoplesy-volyn-ukraine/village-39
40,chernyakhiv-cherniakhov-zhytomyr-ukraine,Chernyakhiv (Cherniakhov),Ukraine,50.267948,28.409210,,0,2,http://www.yahadmap.org/en/chernyakhiv-cherniakhov-zhytomyr-ukraine/village-40
,,Chervona Zirka,Ukraine,46.517811,32.397171,2006,1,1,
42,chervonoarmyiske-ozetovka-dnipropetrovsk-ukraine,Chervonoarmyiske (Ozetovka),Ukraine,47.577541,34.124371,,0,2,http://www.yahadmap.org/en/chervonoarmyiske-ozetovka-dnipropetrovsk-ukraine/village-42
42,chervonoarmyiske-ozetovka-dnipropetrovsk-ukraine,Chervonoarmyiske (Ozetovka),Ukraine,47.569759,34.119869,,0,2,http://www.yahadmap.org/en/chervonoarmyiske-ozetovka-dnipropetrovsk-ukraine/village-42
42,chervonoarmyiske-ozetovka-dnipropetrovsk-ukraine,Chervonoarmyiske (Ozetovka),Ukraine,47.550541,34.232471,,0,1,http://www.yahadmap.org/en/chervonoarmyiske-ozetovka-dnipropetrovsk-ukraine/village-42
43,chetvertnya-chetvernia-czetwiertnia-volyn-ukraine,"Chetvertnya (Chetvernia, Czetwiertnia)",Ukraine,51.029709,25.283880,,0,1,http://www.yahadmap.org/en/chetvertnya-chetvernia-czetwiertnia-volyn-ukraine/village-43
43,chetvertnya-chetvernia-czetwiertnia-volyn-ukraine,"Chetvertnya (Chetvernia, Czetwiertnia)",Ukraine,51.033909,25.274719,,0,1,http://www.yahadmap.org/en/chetvertnya-chetvernia-czetwiertnia-volyn-ukraine/village-43
,,Chyzhove (formerly Bernadovka),Ukraine,47.132961,30.458879,,1,1,
45,chkalove-chkalovo-kherson-ukraine,Chkalove (Chkalovo),Ukraine,47.064701,33.137699,,0,1,http://www.yahadmap.org/en/chkalove-chkalovo-kherson-ukraine/village-45
46,chkalove-dnipropetrovsk-dnipropetrovsk-ukraine,Chkalove (Dnipropetrovsk),Ukraine,47.411121,34.192429,2010,0,1,http://www.yahadmap.org/en/chkalove-dnipropetrovsk-dnipropetrovsk-ukraine/village-46
46,chkalove-dnipropetrovsk-dnipropetrovsk-ukraine,Chkalove (Dnipropetrovsk),Ukraine,47.409721,34.175941,2010,0,1,http://www.yahadmap.org/en/chkalove-dnipropetrovsk-dnipropetrovsk-ukraine/village-46
47,chortkiv-chortkov-czortkow-ternopil-ukraine,"Chortkiv (Chortkov, Czortkow)",Ukraine,49.000519,25.456791,,0,2,http://www.yahadmap.org/en/chortkiv-chortkov-czortkow-ternopil-ukraine/village-47
48,dashiv-dashev-daszow-vinnytsia-ukraine,"Dashiv (Dashev, Daszów)",Ukraine,49.011799,29.261700,,0,2,http://www.yahadmap.org/en/dashiv-dashev-daszow-vinnytsia-ukraine/village-48
,,Dimydivka (Odessa),Ukraine,47.462761,30.151011,2011,1,2,
50,demydivka-demidovka-demidowka-rivne-ukraine,"Demydivka (Demidovka, Demidowka)",Ukraine,50.257980,25.188919,,0,2,http://www.yahadmap.org/en/demydivka-demidovka-demidowka-rivne-ukraine/village-50
50,demydivka-demidovka-demidowka-rivne-ukraine,"Demydivka (Demidovka, Demidowka)",Ukraine,50.258839,25.205490,,0,1,http://www.yahadmap.org/en/demydivka-demidovka-demidowka-rivne-ukraine/village-50
50,demydivka-demidovka-demidowka-rivne-ukraine,"Demydivka (Demidovka, Demidowka)",Ukraine,50.258808,25.202829,,0,1,http://www.yahadmap.org/en/demydivka-demidovka-demidowka-rivne-ukraine/village-50
51,derazhne-derazhno-dera-ne-rivne-ukraine,"Derazhne (Derazhno, Derażne)",Ukraine,50.522591,26.051571,,0,2,http://www.yahadmap.org/en/derazhne-derazhno-dera-ne-rivne-ukraine/village-51
52,derazhnia-derazhnya-khmelnytskyi-ukraine,Derazhnia (Derazhnya),Ukraine,49.168171,27.266491,,0,2,http://www.yahadmap.org/en/derazhnia-derazhnya-khmelnytskyi-ukraine/village-52
53,dmytrivka-dmitrovka-zmunchylove-mykolaiv-ukraine,"Dmytrivka (Dmitrovka, Zmunchylove)",Ukraine,47.254539,31.281481,,0,2,http://www.yahadmap.org/en/dmytrivka-dmitrovka-zmunchylove-mykolaiv-ukraine/village-53
54,dmytrivka-odesa-odesa-ukraine,Dmytrivka (Odesa),Ukraine,45.502048,29.284491,,0,1,http://www.yahadmap.org/en/dmytrivka-odesa-odesa-ukraine/village-54
55,dobrushyne-dobrushino-former-jewish-colony-dobrushin-crimea-ukraine,Dobrushyne (Dobrushino)/Former Jewish colony Dobrushin,Ukraine,45.227039,33.222321,,0,1,http://www.yahadmap.org/en/dobrushyne-dobrushino-former-jewish-colony-dobrushin-crimea-ukraine/village-55
57,domanivka-domanevka-domanovca-mykolaiv-ukraine,"Domanivka (Domanevka, Domanovca)",Ukraine,47.374409,30.584021,,0,2,http://www.yahadmap.org/en/domanivka-domanevka-domanovca-mykolaiv-ukraine/village-57
57,domanivka-domanevka-domanovca-mykolaiv-ukraine,"Domanivka (Domanevka, Domanovca)",Ukraine,47.375370,30.587500,,0,2,http://www.yahadmap.org/en/domanivka-domanevka-domanovca-mykolaiv-ukraine/village-57
57,domanivka-domanevka-domanovca-mykolaiv-ukraine,"Domanivka (Domanevka, Domanovca)",Ukraine,47.385880,30.587799,,0,2,http://www.yahadmap.org/en/domanivka-domanevka-domanovca-mykolaiv-ukraine/village-57
57,domanivka-domanevka-domanovca-mykolaiv-ukraine,"Domanivka (Domanevka, Domanovca)",Ukraine,47.380001,30.596800,,0,2,http://www.yahadmap.org/en/domanivka-domanevka-domanovca-mykolaiv-ukraine/village-57
58,donetsk-donetsk-ukraine,Donetsk,Ukraine,47.595100,37.504181,,0,3,http://www.yahadmap.org/en/donetsk-donetsk-ukraine/village-58
59,dovbysh-former-marchlewsk-makhlevsk-zhytomyr-ukraine,Dovbysh (Former Marchlewsk/Makhlevsk),Ukraine,50.218189,27.599979,,0,1,http://www.yahadmap.org/en/dovbysh-former-marchlewsk-makhlevsk-zhytomyr-ukraine/village-59
60,dovgivka-former-jewish-colony-n-8-dnipropetrovsk-ukraine,Dovgivka (Former Jewish colony N°8),Ukraine,47.553532,34.175190,,0,1,http://www.yahadmap.org/en/dovgivka-former-jewish-colony-n-8-dnipropetrovsk-ukraine/village-60
60,dovgivka-former-jewish-colony-n-8-dnipropetrovsk-ukraine,Dovgivka (Former Jewish colony N°8),Ukraine,47.582150,34.129200,,0,1,http://www.yahadmap.org/en/dovgivka-former-jewish-colony-n-8-dnipropetrovsk-ukraine/village-60
61,dovzhenko-gorodok-lviv-ukraine,Dovzhenko/Gorodok,Ukraine,49.477951,23.442240,,0,1,http://www.yahadmap.org/en/dovzhenko-gorodok-lviv-ukraine/village-61
61,dovzhenko-gorodok-lviv-ukraine,Dovzhenko/Gorodok,Ukraine,49.477779,23.442430,,0,1,http://www.yahadmap.org/en/dovzhenko-gorodok-lviv-ukraine/village-61
61,dovzhenko-gorodok-lviv-ukraine,Dovzhenko/Gorodok,Ukraine,49.478069,23.442030,,0,1,http://www.yahadmap.org/en/dovzhenko-gorodok-lviv-ukraine/village-61
62,drohobych-lviv-ukraine,Drohobych,Ukraine,49.244652,23.269501,2005,0,3,http://www.yahadmap.org/en/drohobych-lviv-ukraine/village-62
63,druzhkivka-druzhkovka-donetsk-ukraine,Druzhkivka (Druzhkovka),Ukraine,48.374458,37.316910,,0,1,http://www.yahadmap.org/en/druzhkivka-druzhkovka-donetsk-ukraine/village-63
63,druzhkivka-druzhkovka-donetsk-ukraine,Druzhkivka (Druzhkovka),Ukraine,48.376598,37.321369,,0,1,http://www.yahadmap.org/en/druzhkivka-druzhkovka-donetsk-ukraine/village-63
64,dubno-rivne-ukraine,Dubno,Ukraine,50.251980,25.435820,,0,2,http://www.yahadmap.org/en/dubno-rivne-ukraine/village-64
64,dubno-rivne-ukraine,Dubno,Ukraine,50.237301,25.470520,,0,3,http://www.yahadmap.org/en/dubno-rivne-ukraine/village-64
64,dubno-rivne-ukraine,Dubno,Ukraine,50.249969,25.451929,,0,2,http://www.yahadmap.org/en/dubno-rivne-ukraine/village-64
64,dubno-rivne-ukraine,Dubno,Ukraine,50.244499,25.427490,,0,2,http://www.yahadmap.org/en/dubno-rivne-ukraine/village-64
64,dubno-rivne-ukraine,Dubno,Ukraine,50.255360,25.420481,,0,3,http://www.yahadmap.org/en/dubno-rivne-ukraine/village-64
65,dunayivtsi-dunaivtsi-khmelnytskyi-ukraine,Dunayivtsi (Dunaivtsi),Ukraine,48.534290,26.504339,,0,1,http://www.yahadmap.org/en/dunayivtsi-dunaivtsi-khmelnytskyi-ukraine/village-65
65,dunayivtsi-dunaivtsi-khmelnytskyi-ukraine,Dunayivtsi (Dunaivtsi),Ukraine,48.528339,26.486561,,0,2,http://www.yahadmap.org/en/dunayivtsi-dunaivtsi-khmelnytskyi-ukraine/village-65
65,dunayivtsi-dunaivtsi-khmelnytskyi-ukraine,Dunayivtsi (Dunaivtsi),Ukraine,48.528561,26.486210,,0,2,http://www.yahadmap.org/en/dunayivtsi-dunaivtsi-khmelnytskyi-ukraine/village-65
66,dyven-diven-rivne-ukraine,Dyven  (Diven),Ukraine,50.406200,26.501930,,0,2,http://www.yahadmap.org/en/dyven-diven-rivne-ukraine/village-66
66,dyven-diven-rivne-ukraine,Dyven  (Diven),Ukraine,50.414860,26.499041,,0,1,http://www.yahadmap.org/en/dyven-diven-rivne-ukraine/village-66
67,dzhulynka-dzhulinka-vinnytsia-ukraine,Dzhulynka (Dzhulinka),Ukraine,48.256618,29.454790,,0,1,http://www.yahadmap.org/en/dzhulynka-dzhulinka-vinnytsia-ukraine/village-67
68,yevpatroia-eupatoria-crimea-ukraine,Yevpatroia (Eupatoria),Ukraine,45.128670,33.216839,,0,2,http://www.yahadmap.org/en/yevpatroia-eupatoria-crimea-ukraine/village-68
69,feodosiya-feodosia-crimea-ukraine,Feodosiya (Feodosia),Ukraine,45.029900,35.212372,,0,2,http://www.yahadmap.org/en/feodosiya-feodosia-crimea-ukraine/village-69
,,Hanno-Pokrovka,Ukraine,47.069649,30.278601,2011,1,2,
71,haysyn-gaysin-gaisin-vinnytsia-ukraine,"Haysyn (Gaysin, Gaisin)",Ukraine,48.490761,29.242950,,0,2,http://www.yahadmap.org/en/haysyn-gaysin-gaisin-vinnytsia-ukraine/village-71
73,gnivan-vinnytsia-ukraine,Gnivan,Ukraine,49.058750,28.221411,,0,1,http://www.yahadmap.org/en/gnivan-vinnytsia-ukraine/village-73
74,holobutiv-ho-obutow-golobutov-lviv-ukraine,"Holobutiv (Hołobutów, Golobutov)",Ukraine,49.165749,23.456800,,0,2,http://www.yahadmap.org/en/holobutiv-ho-obutow-golobutov-lviv-ukraine/village-74
77,holovne-volyn-ukraine,Holovne,Ukraine,51.201759,24.046360,,0,1,http://www.yahadmap.org/en/holovne-volyn-ukraine/village-77
77,holovne-volyn-ukraine,Holovne,Ukraine,51.204281,24.041969,,0,1,http://www.yahadmap.org/en/holovne-volyn-ukraine/village-77
78,horlivka-gorlivka-gorlovka-donetsk-ukraine,"Horlivka (Gorlivka, Gorlovka)",Ukraine,48.205780,38.040569,2011,0,2,http://www.yahadmap.org/en/horlivka-gorlivka-gorlovka-donetsk-ukraine/village-78
79,horodok-gorodok-khmelnytskyi-ukraine,Horodok (Gorodok),Ukraine,49.087002,26.343660,2008,0,2,http://www.yahadmap.org/en/horodok-gorodok-khmelnytskyi-ukraine/village-79
80,horokhiv-gorokhov-volyn-ukraine,Horokhiv (Gorokhov),Ukraine,50.298019,24.453991,2007,0,1,http://www.yahadmap.org/en/horokhiv-gorokhov-volyn-ukraine/village-80
80,horokhiv-gorokhov-volyn-ukraine,Horokhiv (Gorokhov),Ukraine,50.295750,24.450670,2007,0,2,http://www.yahadmap.org/en/horokhiv-gorokhov-volyn-ukraine/village-80
81,gorynhrad-goryngrad-rivne-ukraine,Gorynhrad (Goryngrad),Ukraine,50.395119,26.304661,,0,1,http://www.yahadmap.org/en/gorynhrad-goryngrad-rivne-ukraine/village-81
82,hradivka-gradowka-formely-munchen-neudorf-mykolaiv-ukraine,"Hradivka (Gradowka, formely München, Neudorf)",Ukraine,47.230572,31.041100,,0,2,http://www.yahadmap.org/en/hradivka-gradowka-formely-munchen-neudorf-mykolaiv-ukraine/village-82
83,hraniv-granow-vinnytsia-ukraine,Hraniv (Granów),Ukraine,48.512348,29.345131,,0,1,http://www.yahadmap.org/en/hraniv-granow-vinnytsia-ukraine/village-83
83,hraniv-granow-vinnytsia-ukraine,Hraniv (Granów),Ukraine,48.512329,29.335390,,0,1,http://www.yahadmap.org/en/hraniv-granow-vinnytsia-ukraine/village-83
84,hranivka-granivka-rivne-ukraine,Hranivka (Granivka),Ukraine,50.151791,25.301510,,0,2,http://www.yahadmap.org/en/hranivka-granivka-rivne-ukraine/village-84
85,hrymailiv-grymailiv-grimailov-grymailov-grzymalov-ternopil-ukraine,"Hrymailiv (Grymailiv, Grimailov, Grymailov, Grzymalov)",Ukraine,49.198669,26.004200,,0,1,http://www.yahadmap.org/en/hrymailiv-grymailiv-grimailov-grymailov-grzymalov-ternopil-ukraine/village-85
85,hrymailiv-grymailiv-grimailov-grymailov-grzymalov-ternopil-ukraine,"Hrymailiv (Grymailiv, Grimailov, Grymailov, Grzymalov)",Ukraine,49.200748,26.010071,,0,1,http://www.yahadmap.org/en/hrymailiv-grymailiv-grimailov-grymailov-grzymalov-ternopil-ukraine/village-85
85,hrymailiv-grymailiv-grimailov-grymailov-grzymalov-ternopil-ukraine,"Hrymailiv (Grymailiv, Grimailov, Grymailov, Grzymalov)",Ukraine,49.196388,26.012230,,0,1,http://www.yahadmap.org/en/hrymailiv-grymailiv-grimailov-grymailov-grzymalov-ternopil-ukraine/village-85
86,hrytsiv-grytsiv-gritsev-grizew-khmelnytskyi-ukraine,"Hrytsiv (Grytsiv, Gritsev, Grizew)",Ukraine,49.579472,27.160810,,0,1,http://www.yahadmap.org/en/hrytsiv-grytsiv-gritsev-grizew-khmelnytskyi-ukraine/village-86
87,huliaivka-gouliayevka-odesa-ukraine,Huliaivka (Gouliayevka),Ukraine,47.044762,30.591351,,0,2,http://www.yahadmap.org/en/huliaivka-gouliayevka-odesa-ukraine/village-87
88,husyatyn-gusyatin-ternopil-ukraine,Husyatyn (Gusyatin),Ukraine,49.043499,26.121719,,0,1,http://www.yahadmap.org/en/husyatyn-gusyatin-ternopil-ukraine/village-88
,,Gvozdavka II,Ukraine,47.534180,30.046900,2011,1,1,
,,Gvozdavka II,Ukraine,47.531731,30.033171,2011,1,1,
,,Gvozdavka II,Ukraine,47.507278,30.041990,2011,1,1,
91,hirka-polanka-hirka-polonka-volyn-ukraine,Hirka Polanka (Hirka Polonka),Ukraine,50.414398,25.147091,,0,1,http://www.yahadmap.org/en/hirka-polanka-hirka-polonka-volyn-ukraine/village-91
92,illintsi-ilintsy-linitz-vinnytsia-ukraine,"Illintsi (Ilintsy, Linitz)",Ukraine,49.052910,29.126801,,0,2,http://www.yahadmap.org/en/illintsi-ilintsy-linitz-vinnytsia-ukraine/village-92
93,iltsi-ivano-frankivsk-ukraine,Iltsi,Ukraine,48.095341,24.459890,2005,0,2,http://www.yahadmap.org/en/iltsi-ivano-frankivsk-ukraine/village-93
94,ingulets-dnipropetrovsk-ukraine,Ingulets,Ukraine,47.429039,33.154449,,0,2,http://www.yahadmap.org/en/ingulets-dnipropetrovsk-ukraine/village-94
94,ingulets-dnipropetrovsk-ukraine,Ingulets,Ukraine,47.442719,33.147930,,0,1,http://www.yahadmap.org/en/ingulets-dnipropetrovsk-ukraine/village-94
95,ivangorod-ivanhorod-cherkasy-ukraine,Ivangorod (Ivanhorod),Ukraine,48.473701,29.471251,,0,1,http://www.yahadmap.org/en/ivangorod-ivanhorod-cherkasy-ukraine/village-95
96,ivanivka-lviv-ukraine,Ivanivka,Ukraine,49.339500,24.376801,,0,1,http://www.yahadmap.org/en/ivanivka-lviv-ukraine/village-96
97,ivanivka-former-yanchelovo-mykolaiv-ukraine,Ivanivka (Former Yanchelovo),Ukraine,47.223068,31.225710,,0,1,http://www.yahadmap.org/en/ivanivka-former-yanchelovo-mykolaiv-ukraine/village-97
,,Ivanivka (Odessa),Ukraine,46.588772,30.273750,2011,1,1,
99,ivano-frankivsk-stanis-awow-stanislav-ivano-frankivsk-ukraine,"Ivano-Frankivsk (Stanisławów, Stanislav)",Ukraine,48.549850,24.409660,,0,3,http://www.yahadmap.org/en/ivano-frankivsk-stanis-awow-stanislav-ivano-frankivsk-ukraine/village-99
100,torun-pass-transcarpathia-ukraine,Torun Pass,Ukraine,48.421089,23.379700,,0,1,http://www.yahadmap.org/en/torun-pass-transcarpathia-ukraine/village-100
102,iziaslav-zaslav-khmelnytskyi-ukraine,Iziaslav (Zaslav),Ukraine,50.077419,26.470289,,0,2,http://www.yahadmap.org/en/iziaslav-zaslav-khmelnytskyi-ukraine/village-102
102,iziaslav-zaslav-khmelnytskyi-ukraine,Iziaslav (Zaslav),Ukraine,50.062500,26.515120,,0,2,http://www.yahadmap.org/en/iziaslav-zaslav-khmelnytskyi-ukraine/village-102
103,jewish-settlement-nr-5-dissapeared-village-dnipropetrovsk-ukraine,Jewish Settlement Nr. 5 ( Dissapeared village),Ukraine,47.562988,34.163731,,0,1,http://www.yahadmap.org/en/jewish-settlement-nr-5-dissapeared-village-dnipropetrovsk-ukraine/village-103
104,kalyninske-kalininskoye-kalinindorf-former-sedemukha-kherson-ukraine,"Kalyninske (Kalininskoye, Kalinindorf)/Former Sedemukha",Ukraine,47.065701,32.597000,,0,2,http://www.yahadmap.org/en/kalyninske-kalininskoye-kalinindorf-former-sedemukha-kherson-ukraine/village-104
105,kalynivka-rivne-ukraine,Kalynivka,Ukraine,51.070492,26.136200,,0,2,http://www.yahadmap.org/en/kalynivka-rivne-ukraine/village-105
106,kamin-kashyrskyi-kamien-koszyrski-volyn-ukraine,Kamin-Kashyrskyi (Kamien Koszyrski),Ukraine,51.382099,24.570730,,0,2,http://www.yahadmap.org/en/kamin-kashyrskyi-kamien-koszyrski-volyn-ukraine/village-106
106,kamin-kashyrskyi-kamien-koszyrski-volyn-ukraine,Kamin-Kashyrskyi (Kamien Koszyrski),Ukraine,51.367100,25.013060,,0,1,http://www.yahadmap.org/en/kamin-kashyrskyi-kamien-koszyrski-volyn-ukraine/village-106
107,kamianets-podilskyi-kamyanets-podilsky-kamenets-podolski-kamenyeck-podolszk-khmelnytskyi-ukraine,"Kamianets-Podilskyi (Kamyanets-Podilsky, Kamenets-Podolski, Kamenyeck-Podolszk)",Ukraine,48.420040,26.341810,,0,1,http://www.yahadmap.org/en/kamianets-podilskyi-kamyanets-podilsky-kamenets-podolski-kamenyeck-podolszk-khmelnytskyi-ukraine/village-107
107,kamianets-podilskyi-kamyanets-podilsky-kamenets-podolski-kamenyeck-podolszk-khmelnytskyi-ukraine,"Kamianets-Podilskyi (Kamyanets-Podilsky, Kamenets-Podolski, Kamenyeck-Podolszk)",Ukraine,48.417912,26.336269,,0,2,http://www.yahadmap.org/en/kamianets-podilskyi-kamyanets-podilsky-kamenets-podolski-kamenyeck-podolszk-khmelnytskyi-ukraine/village-107
107,kamianets-podilskyi-kamyanets-podilsky-kamenets-podolski-kamenyeck-podolszk-khmelnytskyi-ukraine,"Kamianets-Podilskyi (Kamyanets-Podilsky, Kamenets-Podolski, Kamenyeck-Podolszk)",Ukraine,48.412510,26.342520,,0,3,http://www.yahadmap.org/en/kamianets-podilskyi-kamyanets-podilsky-kamenets-podolski-kamenyeck-podolszk-khmelnytskyi-ukraine/village-107
108,kamyanka-dnipropetrovsk-ukraine,Kamyanka,Ukraine,47.570789,33.463322,,0,1,http://www.yahadmap.org/en/kamyanka-dnipropetrovsk-ukraine/village-108
108,kamyanka-dnipropetrovsk-ukraine,Kamyanka,Ukraine,47.581848,33.463230,,0,1,http://www.yahadmap.org/en/kamyanka-dnipropetrovsk-ukraine/village-108
109,kamyanka-buzka-kamionka-strumilowa-lviv-ukraine,Kamyanka-Buzka (Kamionka Strumilowa),Ukraine,50.062698,24.213301,2004,0,2,http://www.yahadmap.org/en/kamyanka-buzka-kamionka-strumilowa-lviv-ukraine/village-109
110,kamyanky-kamianky-ternopil-ukraine,Kamyanky (Kamianky),Ukraine,49.326389,26.013321,,0,2,http://www.yahadmap.org/en/kamyanky-kamianky-ternopil-ukraine/village-110
111,kamyanske-odesa-ukraine,Kamyanske,Ukraine,45.492008,29.190060,2012,0,1,http://www.yahadmap.org/en/kamyanske-odesa-ukraine/village-111
,,Kazachy Yar,Ukraine,47.427940,30.154680,2011,1,1,
113,kerch-crimea-ukraine,Kerch,Ukraine,45.217609,36.242939,,0,2,http://www.yahadmap.org/en/kerch-crimea-ukraine/village-113
114,kherson-cherson-kherson-ukraine,Kherson (Cherson),Ukraine,46.414841,32.375210,,0,3,http://www.yahadmap.org/en/kherson-cherson-kherson-ukraine/village-114
115,khmelnytske-dnipropetrovsk-ukraine,Khmelnytske,Ukraine,47.506321,34.083488,,0,1,http://www.yahadmap.org/en/khmelnytske-dnipropetrovsk-ukraine/village-115
116,khmelnytskyi-proskurov-proskuriv-khmelnytskyi-ukraine,"Khmelnytskyi (Proskurov, Proskuriv)",Ukraine,49.244919,26.579491,,0,2,http://www.yahadmap.org/en/khmelnytskyi-proskurov-proskuriv-khmelnytskyi-ukraine/village-116
116,khmelnytskyi-proskurov-proskuriv-khmelnytskyi-ukraine,"Khmelnytskyi (Proskurov, Proskuriv)",Ukraine,49.252258,27.037809,,0,2,http://www.yahadmap.org/en/khmelnytskyi-proskurov-proskuriv-khmelnytskyi-ukraine/village-116
117,khodoriv-lviv-ukraine,Khodoriv,Ukraine,49.243252,24.193991,,0,1,http://www.yahadmap.org/en/khodoriv-lviv-ukraine/village-117
,,Khvativ,Ukraine,49.571880,24.569059,2005,1,2,
119,kiblych-vinnytsia-ukraine,Kiblych,Ukraine,48.425449,29.341160,,0,1,http://www.yahadmap.org/en/kiblych-vinnytsia-ukraine/village-119
120,kirove-dnipropetrovsk-ukraine,Kirove,Ukraine,47.498852,34.170631,,0,1,http://www.yahadmap.org/en/kirove-dnipropetrovsk-ukraine/village-120
121,klevan-klewan-rivne-ukraine,Klevan (Klewan),Ukraine,50.446690,25.581631,,0,1,http://www.yahadmap.org/en/klevan-klewan-rivne-ukraine/village-121
121,klevan-klewan-rivne-ukraine,Klevan (Klewan),Ukraine,50.450600,26.026270,,0,2,http://www.yahadmap.org/en/klevan-klewan-rivne-ukraine/village-121
122,klyn-rivne-ukraine,Klyn,Ukraine,50.252239,25.301920,,0,1,http://www.yahadmap.org/en/klyn-rivne-ukraine/village-122
123,kodnya-kodnia-zhytomyr-ukraine,Kodnya (Kodnia),Ukraine,50.063419,28.412100,,0,1,http://www.yahadmap.org/en/kodnya-kodnia-zhytomyr-ukraine/village-123
124,kolky-kolki-volyn-ukraine,Kolky (Kolki),Ukraine,51.063160,25.398689,,0,1,http://www.yahadmap.org/en/kolky-kolki-volyn-ukraine/village-124
124,kolky-kolki-volyn-ukraine,Kolky (Kolki),Ukraine,51.060520,25.424170,,0,3,http://www.yahadmap.org/en/kolky-kolki-volyn-ukraine/village-124
124,kolky-kolki-volyn-ukraine,Kolky (Kolki),Ukraine,51.063869,25.399340,,0,1,http://www.yahadmap.org/en/kolky-kolki-volyn-ukraine/village-124
125,kalnyshivka-vinnytsia-ukraine,Kalnyshivka,Ukraine,49.044319,28.398870,,0,2,http://www.yahadmap.org/en/kalnyshivka-vinnytsia-ukraine/village-125
,,Kolossivka,Ukraine,47.183399,30.550560,2011,1,1,
127,makhnivka-former-komsomolsk-komsomolskoye-vinnytsia-ukraine,"Makhnivka (former Komsomolsk, Komsomolskoye)",Ukraine,49.426300,28.396231,,0,2,http://www.yahadmap.org/en/makhnivka-former-komsomolsk-komsomolskoye-vinnytsia-ukraine/village-127
128,kopychyntsi-kopyczynce-ternopil-ukraine,Kopychyntsi (Kopyczynce),Ukraine,49.056831,25.539261,,0,3,http://www.yahadmap.org/en/kopychyntsi-kopyczynce-ternopil-ukraine/village-128
128,kopychyntsi-kopyczynce-ternopil-ukraine,Kopychyntsi (Kopyczynce),Ukraine,49.058250,25.555260,,0,1,http://www.yahadmap.org/en/kopychyntsi-kopyczynce-ternopil-ukraine/village-128
129,korchivya-korczewie-rivne-ukraine,Korchivya (Korczewie),Ukraine,50.543789,26.249319,,0,2,http://www.yahadmap.org/en/korchivya-korczewie-rivne-ukraine/village-129
130,korosten-iskorosten-iskoro-zhytomyr-ukraine,"Korosten (Iskorosten, Iskorość)",Ukraine,50.567429,28.364901,,0,2,http://www.yahadmap.org/en/korosten-iskorosten-iskoro-zhytomyr-ukraine/village-130
133,kosiv-kossow-kosov-ternopil-ukraine,"Kosiv (Kossów, Kosov)",Ukraine,49.068840,25.374411,,0,1,http://www.yahadmap.org/en/kosiv-kossow-kosov-ternopil-ukraine/village-133
134,kostyantynivka-donetsk-donetsk-ukraine,Kostyantynivka (Donetsk),Ukraine,48.336128,37.389690,2011,0,1,http://www.yahadmap.org/en/kostyantynivka-donetsk-donetsk-ukraine/village-134
,,Kostyantynivka (Zaporizhia),Ukraine,46.508289,35.264240,2006,1,1,
,,Kovel,Ukraine,49.370010,26.311449,2007,1,1,
,,Kozubivka,Ukraine,47.316040,31.108580,2011,1,2,
138,kramatorsk-donetsk-ukraine,Kramatorsk,Ukraine,48.411850,37.336750,2011,0,1,http://www.yahadmap.org/en/kramatorsk-donetsk-ukraine/village-138
138,kramatorsk-donetsk-ukraine,Kramatorsk,Ukraine,48.409279,37.335300,2011,0,1,http://www.yahadmap.org/en/kramatorsk-donetsk-ukraine/village-138
138,kramatorsk-donetsk-ukraine,Kramatorsk,Ukraine,48.443871,37.323990,2011,0,2,http://www.yahadmap.org/en/kramatorsk-donetsk-ukraine/village-138
139,krasne-krasnoye-mykolaiv-ukraine,Krasne (Krasnoye),Ukraine,47.397209,30.481310,,0,1,http://www.yahadmap.org/en/krasne-krasnoye-mykolaiv-ukraine/village-139
140,krasnogorivka-donetsk-ukraine,Krasnogorivka,Ukraine,48.000710,37.308102,,0,1,http://www.yahadmap.org/en/krasnogorivka-donetsk-ukraine/village-140
141,krasnopilka-cherkasy-ukraine,Krasnopilka,Ukraine,48.490589,29.435720,,0,2,http://www.yahadmap.org/en/krasnopilka-cherkasy-ukraine/village-141
,,Krasnosselivka,Ukraine,47.368729,36.338058,2006,1,1,
143,krasnyi-luch-luhansk-ukraine,Krasnyi Luch,Ukraine,48.082329,38.552959,,0,2,http://www.yahadmap.org/en/krasnyi-luch-luhansk-ukraine/village-143
144,kremenets-krzemieniec-ternopil-ukraine,Kremenets (Krzemieniec),Ukraine,50.070549,25.417179,,0,3,http://www.yahadmap.org/en/kremenets-krzemieniec-ternopil-ukraine/village-144
145,krutyi-bereh-shevchenkove-ex-mariendorf-dnipropetrovsk-ukraine,Krutyi Bereh/Shevchenkove (ex.Mariendorf),Ukraine,47.525082,34.087460,,0,1,http://www.yahadmap.org/en/krutyi-bereh-shevchenkove-ex-mariendorf-dnipropetrovsk-ukraine/village-145
,,Kryvyi Rih,Ukraine,47.532219,33.187370,2010,1,2,
,,Kudryavtsivka,Ukraine,47.179550,31.027040,2011,1,2,
148,kupil-kupel-khmelnytskyi-ukraine,Kupil (Kupel),Ukraine,49.370010,26.311449,,0,2,http://www.yahadmap.org/en/kupil-kupel-khmelnytskyi-ukraine/village-148
,,Kutuzivka,Ukraine,47.198509,30.573891,2011,1,1,
,,Kutuzivka,Ukraine,47.198990,30.574221,2011,1,1,
150,kalynivka-former-kuybysheve-kuybyshevo-frailand-mykolaiv-ukraine,"Kalynivka (Former Kuybysheve, Kuybyshevo, Frailand)",Ukraine,47.003132,32.390751,,0,2,http://www.yahadmap.org/en/kalynivka-former-kuybysheve-kuybyshevo-frailand-mykolaiv-ukraine/village-150
151,kysylyn-kiselin-volyn-ukraine,Kysylyn (Kiselin),Ukraine,50.516129,24.473471,,0,2,http://www.yahadmap.org/en/kysylyn-kiselin-volyn-ukraine/village-151
152,lanivtsi-lanovtsy-anowce-ternopil-ukraine,"Lanivtsi (Lanovtsy, Łanowce)",Ukraine,49.515011,26.061199,,0,2,http://www.yahadmap.org/en/lanivtsi-lanovtsy-anowce-ternopil-ukraine/village-152
153,lativka-dnipropetrovsk-ukraine,Lativka,Ukraine,47.463860,33.153301,,0,1,http://www.yahadmap.org/en/lativka-dnipropetrovsk-ukraine/village-153
154,leninske-leninskoye-karabulat-lenindorf-kherson-ukraine,"Leninske (Leninskoye, Karabulat, Lenindorf)",Ukraine,46.188881,32.469681,,0,1,http://www.yahadmap.org/en/leninske-leninskoye-karabulat-lenindorf-kherson-ukraine/village-154
155,letychiv-khmelnytskyi-ukraine,Letychiv,Ukraine,49.234322,27.345900,,0,1,http://www.yahadmap.org/en/letychiv-khmelnytskyi-ukraine/village-155
156,lidiivka-lidievka-mykolaiv-ukraine,Lidiivka (Lidievka),Ukraine,47.318939,31.009470,,0,1,http://www.yahadmap.org/en/lidiivka-lidievka-mykolaiv-ukraine/village-156
156,lidiivka-lidievka-mykolaiv-ukraine,Lidiivka (Lidievka),Ukraine,47.321941,30.579809,,0,1,http://www.yahadmap.org/en/lidiivka-lidievka-mykolaiv-ukraine/village-156
157,lityn-litin-vinnytsia-ukraine,Lityn (Litin),Ukraine,49.198441,28.036631,,0,2,http://www.yahadmap.org/en/lityn-litin-vinnytsia-ukraine/village-157
157,lityn-litin-vinnytsia-ukraine,Lityn (Litin),Ukraine,49.198410,28.036209,,0,1,http://www.yahadmap.org/en/lityn-litin-vinnytsia-ukraine/village-157
157,lityn-litin-vinnytsia-ukraine,Lityn (Litin),Ukraine,49.198959,28.036539,,0,1,http://www.yahadmap.org/en/lityn-litin-vinnytsia-ukraine/village-157
158,lokachi-lokatsh-okacze-volyn-ukraine,"Lokachi (Lokatsh, Łokacze)",Ukraine,50.444191,24.381880,,0,2,http://www.yahadmap.org/en/lokachi-lokatsh-okacze-volyn-ukraine/village-158
158,lokachi-lokatsh-okacze-volyn-ukraine,"Lokachi (Lokatsh, Łokacze)",Ukraine,50.444260,24.381634,,0,1,http://www.yahadmap.org/en/lokachi-lokatsh-okacze-volyn-ukraine/village-158
159,lopushne-leveles-lopu-scaron-ny-lopushnoye-transcarpathia-ukraine,"Lopushne (Leveles, Lopušný, Lopushnoye)",Ukraine,48.386452,23.331240,,0,1,http://www.yahadmap.org/en/lopushne-leveles-lopu-scaron-ny-lopushnoye-transcarpathia-ukraine/village-159
160,lubyanka-lubianka-mykolaiv-ukraine,Lubyanka (Lubianka),Ukraine,47.223160,31.201460,,0,1,http://www.yahadmap.org/en/lubyanka-lubianka-mykolaiv-ukraine/village-160
161,lugova-lugovaya-vinnytsia-ukraine,Lugova (Lugovaya),Ukraine,48.217628,29.458269,,0,2,http://www.yahadmap.org/en/lugova-lugovaya-vinnytsia-ukraine/village-161
162,luhyny-lugyny-luginy-luhin-zhytomyr-ukraine,"Luhyny (Lugyny, Luginy, Luhin)",Ukraine,51.052109,28.245090,,0,2,http://www.yahadmap.org/en/luhyny-lugyny-luginy-luhin-zhytomyr-ukraine/village-162
162,luhyny-lugyny-luginy-luhin-zhytomyr-ukraine,"Luhyny (Lugyny, Luginy, Luhin)",Ukraine,51.021931,28.225849,,0,2,http://www.yahadmap.org/en/luhyny-lugyny-luginy-luhin-zhytomyr-ukraine/village-162
162,luhyny-lugyny-luginy-luhin-zhytomyr-ukraine,"Luhyny (Lugyny, Luginy, Luhin)",Ukraine,51.018269,28.236441,,0,2,http://www.yahadmap.org/en/luhyny-lugyny-luginy-luhin-zhytomyr-ukraine/village-162
163,lukiv-lukov-fomer-matsiov-maciejow-volyn-ukraine,Lukiv (Lukov)/Fomer Matsiov (Maciejów),Ukraine,51.138950,24.212709,,0,2,http://www.yahadmap.org/en/lukiv-lukov-fomer-matsiov-maciejow-volyn-ukraine/village-163
163,lukiv-lukov-fomer-matsiov-maciejow-volyn-ukraine,Lukiv (Lukov)/Fomer Matsiov (Maciejów),Ukraine,51.133461,24.201340,,0,1,http://www.yahadmap.org/en/lukiv-lukov-fomer-matsiov-maciejow-volyn-ukraine/village-163
164,lviv-lvov-lwow-lemberg-lviv-ukraine,"Lviv (Lvov, Lwow, Lemberg)",Ukraine,49.501480,24.054790,,0,3,http://www.yahadmap.org/en/lviv-lvov-lwow-lemberg-lviv-ukraine/village-164
165,lyubymivka-dnipropetrovsk-ukraine,Lyubymivka,Ukraine,48.079121,34.019058,,0,1,http://www.yahadmap.org/en/lyubymivka-dnipropetrovsk-ukraine/village-165
,,Lyubytiv,Ukraine,51.459518,25.307711,2007,1,2,
,,Makiivka,Ukraine,48.027580,37.595051,,1,1,
,,Makiivka,Ukraine,48.029179,37.557541,,1,1,
,,Makiivka,Ukraine,48.023918,37.590919,,1,1,
168,malyn-malin-zhytomyr-ukraine,Malyn  (Malin),Ukraine,50.461250,29.160101,,0,2,http://www.yahadmap.org/en/malyn-malin-zhytomyr-ukraine/village-168
169,manevychi-manevichi-maniewicze-volyn-ukraine,"Manevychi (Manevichi, Maniewicze)",Ukraine,51.171001,25.303480,,0,2,http://www.yahadmap.org/en/manevychi-manevichi-maniewicze-volyn-ukraine/village-169
170,manivtsi-manevtsy-manjewcy-khmelnytskyi-ukraine,"Manivtsi (Manevtsy, Manjewcy)",Ukraine,49.459820,26.599920,,0,2,http://www.yahadmap.org/en/manivtsi-manevtsy-manjewcy-khmelnytskyi-ukraine/village-170
170,manivtsi-manevtsy-manjewcy-khmelnytskyi-ukraine,"Manivtsi (Manevtsy, Manjewcy)",Ukraine,49.459129,26.597530,,0,2,http://www.yahadmap.org/en/manivtsi-manevtsy-manjewcy-khmelnytskyi-ukraine/village-170
170,manivtsi-manevtsy-manjewcy-khmelnytskyi-ukraine,"Manivtsi (Manevtsy, Manjewcy)",Ukraine,49.464661,26.593540,,0,2,http://www.yahadmap.org/en/manivtsi-manevtsy-manjewcy-khmelnytskyi-ukraine/village-170
171,marianivka-marianovka-odesa-ukraine,Marianivka (Marianovka),Ukraine,47.071079,30.584419,,0,2,http://www.yahadmap.org/en/marianivka-marianovka-odesa-ukraine/village-171
172,maryinka-donetsk-ukraine,Maryinka,Ukraine,47.563351,37.299099,,0,1,http://www.yahadmap.org/en/maryinka-donetsk-ukraine/village-172
173,mayske-maifeld-crimea-ukraine,Mayske (Maifeld),Ukraine,45.357769,34.338551,,0,2,http://www.yahadmap.org/en/mayske-maifeld-crimea-ukraine/village-173
174,medzhybizh-medzhibozh-khmelnytskyi-ukraine,Medzhybizh (Medzhibozh),Ukraine,49.258221,27.229170,,0,2,http://www.yahadmap.org/en/medzhybizh-medzhibozh-khmelnytskyi-ukraine/village-174
174,medzhybizh-medzhibozh-khmelnytskyi-ukraine,Medzhybizh (Medzhibozh),Ukraine,49.258308,27.228930,,0,2,http://www.yahadmap.org/en/medzhybizh-medzhibozh-khmelnytskyi-ukraine/village-174
174,medzhybizh-medzhibozh-khmelnytskyi-ukraine,Medzhybizh (Medzhibozh),Ukraine,49.258018,27.229321,,0,2,http://www.yahadmap.org/en/medzhybizh-medzhibozh-khmelnytskyi-ukraine/village-174
175,melnytsya-melnitsa-mielnica-volyn-ukraine,"Melnytsya (Melnitsa, Mielnica)",Ukraine,51.088531,25.046970,,0,2,http://www.yahadmap.org/en/melnytsya-melnitsa-mielnica-volyn-ukraine/village-175
175,melnytsya-melnitsa-mielnica-volyn-ukraine,"Melnytsya (Melnitsa, Mielnica)",Ukraine,51.089481,25.046221,,0,1,http://www.yahadmap.org/en/melnytsya-melnitsa-mielnica-volyn-ukraine/village-175
176,mykhailo-oleksandrivka-zhovtnivka-odesa-ukraine,Mykhailo-Oleksandrivka (Zhovtnivka),Ukraine,47.144371,30.460661,,0,1,http://www.yahadmap.org/en/mykhailo-oleksandrivka-zhovtnivka-odesa-ukraine/village-176
,,Mykulychyn,Ukraine,48.227081,24.355200,,1,1,
178,mizoch-misozc-rivne-ukraine,Mizoch (Misozc),Ukraine,50.234680,26.067810,,0,2,http://www.yahadmap.org/en/mizoch-misozc-rivne-ukraine/village-178
179,mlyniv-mlinov-mlynow-rivne-ukraine,"Mlyniv (Mlinov, Mlynow)",Ukraine,50.309940,25.359980,,0,2,http://www.yahadmap.org/en/mlyniv-mlinov-mlynow-rivne-ukraine/village-179
,,Molochansk,Ukraine,47.160400,35.428131,2007,1,2,
181,monastyryska-monasterzyska-monastyriska-ternopil-ukraine,"Monastyryska (Monasterzyska, Monastyriska)",Ukraine,49.052979,25.107639,,0,2,http://www.yahadmap.org/en/monastyryska-monasterzyska-monastyriska-ternopil-ukraine/village-181
,,Morochne ,Ukraine,51.505718,25.546659,2008,1,2,
,,Mostove,Ukraine,47.254959,30.596750,2011,1,2,
,,Mostove,Ukraine,47.248829,31.005100,2011,1,1,
184,mshanets-ternopil-ukraine,Mshanets,Ukraine,49.132702,25.466450,,0,1,http://www.yahadmap.org/en/mshanets-ternopil-ukraine/village-184
,,Mykhaylivka,Ukraine,47.362370,35.150539,2007,1,2,
186,mykolaiv-mykolaiv-nikolaev-mykolaiv-ukraine,"Mykolaïv (Mykolaiv, Nikolaev)",Ukraine,46.576931,32.023312,,0,1,http://www.yahadmap.org/en/mykolaiv-mykolaiv-nikolaev-mykolaiv-ukraine/village-186
187,mykolaivka-dnipropetrovsk-ukraine,Mykolaivka,Ukraine,47.596142,34.085369,,0,1,http://www.yahadmap.org/en/mykolaivka-dnipropetrovsk-ukraine/village-187
188,mynkivtsi-minkovtsy-khmelnytskyi-ukraine,Mynkivtsi (Minkovtsy),Ukraine,48.512589,27.074900,,0,2,http://www.yahadmap.org/en/mynkivtsi-minkovtsy-khmelnytskyi-ukraine/village-188
189,yahilnytsia-yahilnytsya-jagielnica-ternopil-ukraine,"Yahilnytsia (Yahilnytsya, Jagielnica)",Ukraine,48.560471,25.444090,,0,1,http://www.yahadmap.org/en/yahilnytsia-yahilnytsya-jagielnica-ternopil-ukraine/village-189
190,naraivka-naraewka-narajewka-vinnytsia-ukraine,"Naraivka (Naraewka, Narajewka)",Ukraine,48.536461,29.416321,,0,1,http://www.yahadmap.org/en/naraivka-naraewka-narajewka-vinnytsia-ukraine/village-190
191,nekrasove-former-jo-win-iuzvin-vinnytsia-ukraine,"Nekrasove (former Jóźwin, Iuzvin)",Ukraine,49.121689,28.122610,,0,1,http://www.yahadmap.org/en/nekrasove-former-jo-win-iuzvin-vinnytsia-ukraine/village-191
192,nemyriv-nemirov-vinnytsia-ukraine,Nemyriv (Nemirov),Ukraine,48.584332,28.496941,,0,2,http://www.yahadmap.org/en/nemyriv-nemirov-vinnytsia-ukraine/village-192
192,nemyriv-nemirov-vinnytsia-ukraine,Nemyriv (Nemirov),Ukraine,48.588810,28.505720,,0,2,http://www.yahadmap.org/en/nemyriv-nemirov-vinnytsia-ukraine/village-192
192,nemyriv-nemirov-vinnytsia-ukraine,Nemyriv (Nemirov),Ukraine,48.589249,28.505810,,0,2,http://www.yahadmap.org/en/nemyriv-nemirov-vinnytsia-ukraine/village-192
192,nemyriv-nemirov-vinnytsia-ukraine,Nemyriv (Nemirov),Ukraine,48.589249,28.505810,,0,2,http://www.yahadmap.org/en/nemyriv-nemirov-vinnytsia-ukraine/village-192
192,nemyriv-nemirov-vinnytsia-ukraine,Nemyriv (Nemirov),Ukraine,48.589371,28.506510,,0,2,http://www.yahadmap.org/en/nemyriv-nemirov-vinnytsia-ukraine/village-192
193,netishyn-neteshin-khmelnytskyi-ukraine,Netishyn (Neteshin),Ukraine,50.205898,26.383801,,0,2,http://www.yahadmap.org/en/netishyn-neteshin-khmelnytskyi-ukraine/village-193
194,nova-ilyinka-novaya-illinka-mykolaiv-ukraine,Nova Ilyinka (Novaya Illinka),Ukraine,47.237461,31.118420,,0,1,http://www.yahadmap.org/en/nova-ilyinka-novaya-illinka-mykolaiv-ukraine/village-194
195,novyi-step-novaya-step-chmaltsy-schmaltz-mykolaiv-ukraine,"Novyi Step (Novaya Step, Chmaltsy, Schmaltz)",Ukraine,47.201530,31.260151,,0,1,http://www.yahadmap.org/en/novyi-step-novaya-step-chmaltsy-schmaltz-mykolaiv-ukraine/village-195
196,nova-ushytsia-novaya-ushitsa-khmelnytskyi-ukraine,Nova Ushytsia (Novaya Ushitsa),Ukraine,48.492008,27.152809,,0,2,http://www.yahadmap.org/en/nova-ushytsia-novaya-ushitsa-khmelnytskyi-ukraine/village-196
196,nova-ushytsia-novaya-ushitsa-khmelnytskyi-ukraine,Nova Ushytsia (Novaya Ushitsa),Ukraine,48.490631,27.150820,,0,1,http://www.yahadmap.org/en/nova-ushytsia-novaya-ushitsa-khmelnytskyi-ukraine/village-196
196,nova-ushytsia-novaya-ushitsa-khmelnytskyi-ukraine,Nova Ushytsia (Novaya Ushitsa),Ukraine,48.506321,27.157450,,0,1,http://www.yahadmap.org/en/nova-ushytsia-novaya-ushitsa-khmelnytskyi-ukraine/village-196
,,Nova Zorya,Ukraine,47.490211,33.358551,2010,1,1,
,,Nova Zorya,Ukraine,47.489849,33.349339,2010,1,1,
,,Nove,Ukraine,47.376610,31.031090,2011,1,1,
,,Nove,Ukraine,47.384449,31.046640,2011,1,1,
,,Nove,Ukraine,47.382092,31.057590,2011,1,1,
,,Novogrigorivka,Ukraine,47.162769,31.069901,2011,1,1,
200,novolikarske-mykolaiv-ukraine,Novolikarske,Ukraine,47.408581,31.041040,2012,0,1,http://www.yahadmap.org/en/novolikarske-mykolaiv-ukraine/village-200
201,novomarivka-dnipropetrovsk-ukraine,Novomarivka,Ukraine,48.030621,34.182800,,0,1,http://www.yahadmap.org/en/novomarivka-dnipropetrovsk-ukraine/village-201
202,novomykolaivka-formerly-greki-hreky-mykolaiv-ukraine,"Novomykolaivka (Formerly Greki, Hreky)",Ukraine,47.211651,31.008949,,0,1,http://www.yahadmap.org/en/novomykolaivka-formerly-greki-hreky-mykolaiv-ukraine/village-202
,,Novopavlivka,Ukraine,47.159561,31.039181,2011,1,1,
204,novopetrivka-odesa-ukraine,Novopetrivka,Ukraine,47.271938,30.459070,,0,1,http://www.yahadmap.org/en/novopetrivka-odesa-ukraine/village-204
205,novopetrykivka-donetsk-ukraine,Novopetrykivka,Ukraine,47.378078,36.542332,,0,1,http://www.yahadmap.org/en/novopetrykivka-donetsk-ukraine/village-205
,,Novopodilske,Ukraine,47.549599,33.532589,2010,1,2,
207,novoselivka-vinnytsia-ukraine,Novoselivka,Ukraine,48.451401,29.024500,,0,1,http://www.yahadmap.org/en/novoselivka-vinnytsia-ukraine/village-207
208,novoselivske-novosyolovskoe-former-freidorf-crimea-ukraine,"Novoselivske (Novosyolovskoe,former Freidorf)",Ukraine,45.261169,33.364658,,0,1,http://www.yahadmap.org/en/novoselivske-novosyolovskoe-former-freidorf-crimea-ukraine/village-208
209,novosilka-novoselka-nowosio-ka-ternopil-ukraine,"Novosilka (Novoselka, Nowosiółka)",Ukraine,49.260941,26.001341,,0,2,http://www.yahadmap.org/en/novosilka-novoselka-nowosio-ka-ternopil-ukraine/village-209
210,novovoskresenka-novo-voskresenka-mykolaiv-ukraine,Novovoskresenka (Novo-Voskresenka),Ukraine,47.218761,31.241230,,0,1,http://www.yahadmap.org/en/novovoskresenka-novo-voskresenka-mykolaiv-ukraine/village-210
,,Novozlatopil (Novozlatopol),Ukraine,47.397491,36.338680,2006,1,2,
212,novyi-shliakh-novy-put-former-merezhenfeld-nay-veg-plot-no-10-mykolaiv-ukraine,"Novyi Shliakh (Novy Put, former Merezhenfeld, Nay Veg, Plot No. 10)",Ukraine,46.593151,32.431751,,0,2,http://www.yahadmap.org/en/novyi-shliakh-novy-put-former-merezhenfeld-nay-veg-plot-no-10-mykolaiv-ukraine/village-212
213,novyi-yarychiv-jarytschew-iarychiv-jaryczow-lviv-ukraine,"Novyi Yarychiv (Jarytschew, Iarychiv, Jaryczów)",Ukraine,49.529999,24.180000,,0,2,http://www.yahadmap.org/en/novyi-yarychiv-jarytschew-iarychiv-jaryczow-lviv-ukraine/village-213
214,nyzhcha-kropyvna-kropiwna-ni-sza-vinnytsia-ukraine,Nyzhcha Kropyvna (Kropiwna Niższa),Ukraine,48.517811,29.092319,,0,1,http://www.yahadmap.org/en/nyzhcha-kropyvna-kropiwna-ni-sza-vinnytsia-ukraine/village-214
215,odradna-balka-stadnaya-balka-odesa-ukraine,Odradna Balka (Stadnaya Balka),Ukraine,47.033081,31.009951,,0,1,http://www.yahadmap.org/en/odradna-balka-stadnaya-balka-odesa-ukraine/village-215
216,okunyn-okunin-volyn-ukraine,Okunyn (Okunin),Ukraine,51.115841,24.184589,,0,1,http://www.yahadmap.org/en/okunyn-okunin-volyn-ukraine/village-216
,,"Onorivka (Onorievka, Onorovka)",Ukraine,47.079830,30.393770,,1,1,
218,orynyn-orinin-khmelnytskyi-ukraine,Orynyn (Orinin),Ukraine,48.463020,26.256359,,0,2,http://www.yahadmap.org/en/orynyn-orinin-khmelnytskyi-ukraine/village-218
218,orynyn-orinin-khmelnytskyi-ukraine,Orynyn (Orinin),Ukraine,48.470020,26.200180,,0,2,http://www.yahadmap.org/en/orynyn-orinin-khmelnytskyi-ukraine/village-218
219,ositna-osotnaya-cherkasy-ukraine,Ositna (Osotnaya),Ukraine,48.393070,30.022779,,0,1,http://www.yahadmap.org/en/ositna-osotnaya-cherkasy-ukraine/village-219
219,ositna-osotnaya-cherkasy-ukraine,Ositna (Osotnaya),Ukraine,48.386101,29.592030,,0,1,http://www.yahadmap.org/en/ositna-osotnaya-cherkasy-ukraine/village-219
220,ositna-pogorila-pogorela-vinnytsia-ukraine,Ositna/Pogorila (Pogorela),Ukraine,48.384499,29.593390,,0,1,http://www.yahadmap.org/en/ositna-pogorila-pogorela-vinnytsia-ukraine/village-220
221,osypenko-dnipropetrovsk-ukraine,Osypenko,Ukraine,48.027012,34.220928,,0,1,http://www.yahadmap.org/en/osypenko-dnipropetrovsk-ukraine/village-221
221,osypenko-dnipropetrovsk-ukraine,Osypenko,Ukraine,48.022270,34.225201,,0,1,http://www.yahadmap.org/en/osypenko-dnipropetrovsk-ukraine/village-221
221,osypenko-dnipropetrovsk-ukraine,Osypenko,Ukraine,48.023102,34.225239,,0,1,http://www.yahadmap.org/en/osypenko-dnipropetrovsk-ukraine/village-221
222,ostroh-ostrog-rivne-ukraine,Ostroh (Ostrog),Ukraine,50.184200,26.320200,,0,2,http://www.yahadmap.org/en/ostroh-ostrog-rivne-ukraine/village-222
222,ostroh-ostrog-rivne-ukraine,Ostroh (Ostrog),Ukraine,50.183102,26.320400,,0,2,http://www.yahadmap.org/en/ostroh-ostrog-rivne-ukraine/village-222
222,ostroh-ostrog-rivne-ukraine,Ostroh (Ostrog),Ukraine,50.195499,26.312000,,0,2,http://www.yahadmap.org/en/ostroh-ostrog-rivne-ukraine/village-222
223,ostrozhets-ostrozec-rivne-ukraine,Ostrozhets (Ostrozec),Ukraine,50.396011,25.317381,,0,2,http://www.yahadmap.org/en/ostrozhets-ostrozec-rivne-ukraine/village-223
223,ostrozhets-ostrozec-rivne-ukraine,Ostrozhets (Ostrozec),Ukraine,50.396210,25.317101,,0,2,http://www.yahadmap.org/en/ostrozhets-ostrozec-rivne-ukraine/village-223
224,ozerna-ozernoie-jezierna-ternopil-ukraine,"Ozerna (Ozernoie, Jezierna)",Ukraine,49.374439,25.187321,,0,2,http://www.yahadmap.org/en/ozerna-ozernoie-jezierna-ternopil-ukraine/village-224
225,ozeryany-ozeriany-jezierzany-volyn-ukraine,"Ozeryany (Ozeriany, Jezierzany)",Ukraine,51.013081,24.484980,,0,1,http://www.yahadmap.org/en/ozeryany-ozeriany-jezierzany-volyn-ukraine/village-225
226,pavlykivtsi-khmelnytskyi-ukraine,Pavlykivtsi,Ukraine,49.243790,26.351570,,0,1,http://www.yahadmap.org/en/pavlykivtsi-khmelnytskyi-ukraine/village-226
228,peremyshliany-przemy-lany-peremyshlyany-lviv-ukraine,"Peremyshliany (Przemyślany, Peremyshlyany)",Ukraine,49.402061,24.329250,,0,1,http://www.yahadmap.org/en/peremyshliany-przemy-lany-peremyshlyany-lviv-ukraine/village-228
229,perepelychya-vinnytsia-ukraine,Perepelychya,Ukraine,48.522060,28.533360,,0,1,http://www.yahadmap.org/en/perepelychya-vinnytsia-ukraine/village-229
230,pidvolochysk-podvolochisk-ternopil-ukraine,Pidvolochysk (Podvolochisk),Ukraine,49.321259,26.093861,,0,2,http://www.yahadmap.org/en/pidvolochysk-podvolochisk-ternopil-ukraine/village-230
231,pluhiv-p-uhow-plugov-pluhiw-lviv-ukraine,"Pluhiv (Płuhów, Plugov, Pluhiw)",Ukraine,49.453281,25.017420,,0,2,http://www.yahadmap.org/en/pluhiv-p-uhow-plugov-pluhiw-lviv-ukraine/village-231
232,pokrovka-pokrovskoie-mykolaiv-ukraine,Pokrovka (Pokrovskoïe),Ukraine,47.206879,31.318300,,0,1,http://www.yahadmap.org/en/pokrovka-pokrovskoie-mykolaiv-ukraine/village-232
232,pokrovka-pokrovskoie-mykolaiv-ukraine,Pokrovka (Pokrovskoïe),Ukraine,47.219589,31.311380,,0,1,http://www.yahadmap.org/en/pokrovka-pokrovskoie-mykolaiv-ukraine/village-232
,,Pology,Ukraine,47.285118,36.140430,2007,1,1,
234,horodysche-gorodishche-horodishtch-horodyszcze-horowidisce-lutsk-volyn-ukraine,"Horodysche (Gorodishche, Horodishtch, Horodyszcze, Horowidisce)/Lutsk",Ukraine,50.423920,25.181910,,0,3,http://www.yahadmap.org/en/horodysche-gorodishche-horodishtch-horodyszcze-horowidisce-lutsk-volyn-ukraine/village-234
235,porichchya-formerly-rastadt-rastatt-mykolaiv-ukraine,"Porichchya (formerly Rastadt, Rastatt)",Ukraine,47.236992,31.068300,,0,2,http://www.yahadmap.org/en/porichchya-formerly-rastadt-rastatt-mykolaiv-ukraine/village-235
236,potashnya-potashnia-vinnytsia-ukraine,Potashnya (Potashnia),Ukraine,48.195358,29.362499,,0,2,http://www.yahadmap.org/en/potashnya-potashnia-vinnytsia-ukraine/village-236
237,povorsk-poworsk-volyn-ukraine,Povorsk (Poworsk),Ukraine,51.165520,25.077820,,0,1,http://www.yahadmap.org/en/povorsk-poworsk-volyn-ukraine/village-237
238,prokhid-volyn-ukraine,Prokhid,Ukraine,51.414799,24.306459,,0,2,http://www.yahadmap.org/en/prokhid-volyn-ukraine/village-238
,,Prymorsk,Ukraine,46.436230,36.193420,2007,1,2,
240,putylivka-dnipropetrovsk-ukraine,Putylivka,Ukraine,47.492599,34.125019,,0,1,http://www.yahadmap.org/en/putylivka-dnipropetrovsk-ukraine/village-240
241,pyatydni-volyn-ukraine,Pyatydni,Ukraine,50.522820,24.133450,,0,3,http://www.yahadmap.org/en/pyatydni-volyn-ukraine/village-241
242,ralivka-raliwka-lviv-ukraine,Ralivka (Raliwka),Ukraine,49.290112,23.153540,,0,2,http://www.yahadmap.org/en/ralivka-raliwka-lviv-ukraine/village-242
242,ralivka-raliwka-lviv-ukraine,Ralivka (Raliwka),Ukraine,49.289532,23.152700,,0,2,http://www.yahadmap.org/en/ralivka-raliwka-lviv-ukraine/village-242
,,Ratne,Ukraine,51.402069,24.306520,2007,1,2,
244,rava-ruska-rava-russkaya-rawa-ruska-lviv-ukraine,"Rava-Ruska (Rava Russkaya, Rawa Ruska)",Ukraine,50.130451,23.373449,,0,2,http://www.yahadmap.org/en/rava-ruska-rava-russkaya-rawa-ruska-lviv-ukraine/village-244
244,rava-ruska-rava-russkaya-rawa-ruska-lviv-ukraine,"Rava-Ruska (Rava Russkaya, Rawa Ruska)",Ukraine,50.129951,23.376970,,0,2,http://www.yahadmap.org/en/rava-ruska-rava-russkaya-rawa-ruska-lviv-ukraine/village-244
244,rava-ruska-rava-russkaya-rawa-ruska-lviv-ukraine,"Rava-Ruska (Rava Russkaya, Rawa Ruska)",Ukraine,50.127571,23.380270,,0,2,http://www.yahadmap.org/en/rava-ruska-rava-russkaya-rawa-ruska-lviv-ukraine/village-244
244,rava-ruska-rava-russkaya-rawa-ruska-lviv-ukraine,"Rava-Ruska (Rava Russkaya, Rawa Ruska)",Ukraine,50.139389,23.364300,,0,2,http://www.yahadmap.org/en/rava-ruska-rava-russkaya-rawa-ruska-lviv-ukraine/village-244
244,rava-ruska-rava-russkaya-rawa-ruska-lviv-ukraine,"Rava-Ruska (Rava Russkaya, Rawa Ruska)",Ukraine,50.153309,23.379089,,0,1,http://www.yahadmap.org/en/rava-ruska-rava-russkaya-rawa-ruska-lviv-ukraine/village-244
244,rava-ruska-rava-russkaya-rawa-ruska-lviv-ukraine,"Rava-Ruska (Rava Russkaya, Rawa Ruska)",Ukraine,50.151470,23.379471,,0,1,http://www.yahadmap.org/en/rava-ruska-rava-russkaya-rawa-ruska-lviv-ukraine/village-244
244,rava-ruska-rava-russkaya-rawa-ruska-lviv-ukraine,"Rava-Ruska (Rava Russkaya, Rawa Ruska)",Ukraine,50.148918,23.380171,,0,1,http://www.yahadmap.org/en/rava-ruska-rava-russkaya-rawa-ruska-lviv-ukraine/village-244
245,raygorod-vinnytsia-ukraine,Raygorod,Ukraine,48.528671,29.066401,,0,2,http://www.yahadmap.org/en/raygorod-vinnytsia-ukraine/village-245
245,raygorod-vinnytsia-ukraine,Raygorod,Ukraine,48.528648,29.066759,,0,2,http://www.yahadmap.org/en/raygorod-vinnytsia-ukraine/village-245
246,rivne-rovno-rowne-rivne-ukraine,"Rivne (Rovno, Rowne)",Ukraine,50.376629,26.140881,,0,2,http://www.yahadmap.org/en/rivne-rovno-rowne-rivne-ukraine/village-246
246,rivne-rovno-rowne-rivne-ukraine,"Rivne (Rovno, Rowne)",Ukraine,50.365501,26.184999,,0,3,http://www.yahadmap.org/en/rivne-rovno-rowne-rivne-ukraine/village-246
247,romaniv-romanov-formerly-dzerzhynsk-zhytomyr-ukraine,"Romaniv (Romanov, formerly Dzerzhynsk)",Ukraine,50.084190,27.550961,,0,2,http://www.yahadmap.org/en/romaniv-romanov-formerly-dzerzhynsk-zhytomyr-ukraine/village-247
248,romanivka-zhytomyr-ukraine,Romanivka,Ukraine,50.047050,27.569469,,0,2,http://www.yahadmap.org/en/romanivka-zhytomyr-ukraine/village-248
249,rozdil-rozdo-razdol-rozdul-rosdil-rozdo-rozla-lviv-ukraine,"Rozdil (Rozdół, Razdol, Rozdul, Rosdil, Rozdo, Rozla)",Ukraine,49.278130,24.034420,,0,1,http://www.yahadmap.org/en/rozdil-rozdo-razdol-rozdul-rosdil-rozdo-rozla-lviv-ukraine/village-249
250,rozhysche-rozhische-ro-yszcze-volyn-ukraine,"Rozhysche (Rozhische, Rożyszcze)",Ukraine,50.536331,25.148914,,0,2,http://www.yahadmap.org/en/rozhysche-rozhische-ro-yszcze-volyn-ukraine/village-250
250,rozhysche-rozhische-ro-yszcze-volyn-ukraine,"Rozhysche (Rozhische, Rożyszcze)",Ukraine,50.555538,25.164930,,0,1,http://www.yahadmap.org/en/rozhysche-rozhische-ro-yszcze-volyn-ukraine/village-250
251,rudky-lviv-ukraine,Rudky,Ukraine,49.392262,23.295259,,0,2,http://www.yahadmap.org/en/rudky-lviv-ukraine/village-251
252,sakharove-sakharovka-odesa-ukraine,Sakharove (Sakharovka),Ukraine,47.059319,30.585039,,0,1,http://www.yahadmap.org/en/sakharove-sakharovka-odesa-ukraine/village-252
252,sakharove-sakharovka-odesa-ukraine,Sakharove (Sakharovka),Ukraine,47.059399,30.587990,,0,1,http://www.yahadmap.org/en/sakharove-sakharovka-odesa-ukraine/village-252
253,samary-volyn-ukraine,Samary,Ukraine,51.515381,24.371090,,0,2,http://www.yahadmap.org/en/samary-volyn-ukraine/village-253
254,sambir-sambor-lviv-ukraine,Sambir (Sambor),Ukraine,49.307350,23.116440,,0,2,http://www.yahadmap.org/en/sambir-sambor-lviv-ukraine/village-254
255,sarny-rivne-ukraine,Sarny,Ukraine,51.199669,26.358391,,0,1,http://www.yahadmap.org/en/sarny-rivne-ukraine/village-255
255,sarny-rivne-ukraine,Sarny,Ukraine,51.199638,26.347960,,0,3,http://www.yahadmap.org/en/sarny-rivne-ukraine/village-255
256,sasiv-sasow-sassow-sasov-lviv-ukraine,"Sasiv (Sasów, Sassów, Sasov)",Ukraine,49.514301,24.561501,,0,1,http://www.yahadmap.org/en/sasiv-sasow-sassow-sasov-lviv-ukraine/village-256
257,sataniv-satanov-satanow-khmelnytskyi-ukraine,"Sataniv (Satanov, Satanów)",Ukraine,49.151909,26.148451,,0,2,http://www.yahadmap.org/en/sataniv-satanov-satanow-khmelnytskyi-ukraine/village-257
257,sataniv-satanov-satanow-khmelnytskyi-ukraine,"Sataniv (Satanov, Satanów)",Ukraine,49.151039,26.147869,,0,2,http://www.yahadmap.org/en/sataniv-satanov-satanow-khmelnytskyi-ukraine/village-257
,,Senkevychivka,Ukraine,50.315201,25.030830,2007,1,2,
260,sernyky-rivne-ukraine,Sernyky,Ukraine,51.498932,26.134991,,0,2,http://www.yahadmap.org/en/sernyky-rivne-ukraine/village-260
260,sernyky-rivne-ukraine,Sernyky,Ukraine,51.493450,26.127190,,0,2,http://www.yahadmap.org/en/sernyky-rivne-ukraine/village-260
261,shatsk-volyn-ukraine,Shatsk,Ukraine,51.292381,23.551800,,0,2,http://www.yahadmap.org/en/shatsk-volyn-ukraine/village-261
262,shchyrets-lviv-ukraine,Shchyrets,Ukraine,49.389702,23.520840,,0,2,http://www.yahadmap.org/en/shchyrets-lviv-ukraine/village-262
,,Shevchenko,Ukraine,47.294460,31.063219,2011,1,1,
,,Shiryayevo,Ukraine,47.231331,30.147949,2011,1,1,
265,shyroke-dnipropetrovsk-ukraine,Shyroke,Ukraine,47.411030,33.143730,,0,2,http://www.yahadmap.org/en/shyroke-dnipropetrovsk-ukraine/village-265
266,simferopol-crimea-ukraine,Simferopol,Ukraine,44.554859,34.082878,,0,3,http://www.yahadmap.org/en/simferopol-crimea-ukraine/village-266
267,symoniv-hoscha-goscha-rivne-ukraine,Symoniv/Hoscha (Goscha),Ukraine,50.333462,26.356880,,0,2,http://www.yahadmap.org/en/symoniv-hoscha-goscha-rivne-ukraine/village-267
268,sivka-kaluska-ivano-frankivsk-ukraine,Sivka-Kaluska,Ukraine,49.008808,24.183460,,0,1,http://www.yahadmap.org/en/sivka-kaluska-ivano-frankivsk-ukraine/village-268
269,skalat-ternopil-ukraine,Skalat,Ukraine,49.257839,25.589399,,0,2,http://www.yahadmap.org/en/skalat-ternopil-ukraine/village-269
270,slava-mykolaiv-ukraine,Slava,Ukraine,47.345329,31.086161,,0,1,http://www.yahadmap.org/en/slava-mykolaiv-ukraine/village-270
271,slovyansk-donetsk-ukraine,Slovyansk,Ukraine,48.476662,37.367001,2011,0,2,http://www.yahadmap.org/en/slovyansk-donetsk-ukraine/village-271
271,slovyansk-donetsk-ukraine,Slovyansk,Ukraine,48.488319,37.322689,2011,0,2,http://www.yahadmap.org/en/slovyansk-donetsk-ukraine/village-271
273,smordva-smordwa-rivne-ukraine,Smordva (Smordwa),Ukraine,50.279919,25.323120,,0,1,http://www.yahadmap.org/en/smordva-smordwa-rivne-ukraine/village-273
274,smotrych-smotrich-khmelnytskyi-ukraine,Smotrych (Smotrich),Ukraine,48.577202,26.334000,,0,2,http://www.yahadmap.org/en/smotrych-smotrich-khmelnytskyi-ukraine/village-274
274,smotrych-smotrich-khmelnytskyi-ukraine,Smotrych (Smotrich),Ukraine,48.572048,26.336559,,0,1,http://www.yahadmap.org/en/smotrych-smotrich-khmelnytskyi-ukraine/village-274
,,Smozhe,Ukraine,48.542671,23.119780,2012,1,1,
276,snihurivka-snigirevka-snigerewka-mykolaiv-ukraine,"Snihurivka (Snigirevka, Snigerewka)",Ukraine,47.050838,32.499729,,0,1,http://www.yahadmap.org/en/snihurivka-snigirevka-snigerewka-mykolaiv-ukraine/village-276
277,sobolivka-sobolevka-vinnytsia-ukraine,Sobolivka (Sobolevka),Ukraine,48.373901,29.308319,,0,1,http://www.yahadmap.org/en/sobolivka-sobolevka-vinnytsia-ukraine/village-277
278,sofiivka-sofievka-odesa-ukraine,Sofiivka (Sofievka),Ukraine,47.025848,31.007750,,0,2,http://www.yahadmap.org/en/sofiivka-sofievka-odesa-ukraine/village-278
,,Sokal,Ukraine,50.286991,24.185020,2006,1,2,
280,solobkivtsi-solobkovtsy-khmelnytskyi-ukraine,Solobkivtsi (Solobkovtsy),Ukraine,49.047890,26.566759,,0,2,http://www.yahadmap.org/en/solobkivtsi-solobkovtsy-khmelnytskyi-ukraine/village-280
281,stara-syniava-staraia-syniava-khmelnytskyi-ukraine,Stara Syniava (Staraia Syniava),Ukraine,49.357761,27.394630,,0,1,http://www.yahadmap.org/en/stara-syniava-staraia-syniava-khmelnytskyi-ukraine/village-281
282,stara-ushytsia-staraia-ushitsa-khmelnytskyi-ukraine,Stara Ushytsia (Staraia Ushitsa),Ukraine,48.349899,27.062880,,0,1,http://www.yahadmap.org/en/stara-ushytsia-staraia-ushitsa-khmelnytskyi-ukraine/village-282
282,stara-ushytsia-staraia-ushitsa-khmelnytskyi-ukraine,Stara Ushytsia (Staraia Ushitsa),Ukraine,48.349941,27.062719,,0,2,http://www.yahadmap.org/en/stara-ushytsia-staraia-ushitsa-khmelnytskyi-ukraine/village-282
283,starokostyantyniv-starokostiantyniv-starokonstantinov-khmelnytskyi-ukraine,"Starokostyantyniv (Starokostiantyniv, Starokonstantinov)",Ukraine,49.467930,27.126570,,0,2,http://www.yahadmap.org/en/starokostyantyniv-starokostiantyniv-starokonstantinov-khmelnytskyi-ukraine/village-283
283,starokostyantyniv-starokostiantyniv-starokonstantinov-khmelnytskyi-ukraine,"Starokostyantyniv (Starokostiantyniv, Starokonstantinov)",Ukraine,49.465240,27.127340,,0,2,http://www.yahadmap.org/en/starokostyantyniv-starokostiantyniv-starokonstantinov-khmelnytskyi-ukraine/village-283
284,staromlynivka-donetsk-ukraine,Staromlynivka,Ukraine,47.400780,36.498589,,0,1,http://www.yahadmap.org/en/staromlynivka-donetsk-ukraine/village-284
,,Stavki,Ukraine,47.160831,31.190281,2011,1,2,
286,stepanivka-stepanovka-mykolaiv-ukraine,Stepanivka (Stepanovka),Ukraine,47.243832,31.144030,,0,2,http://www.yahadmap.org/en/stepanivka-stepanovka-mykolaiv-ukraine/village-286
286,stepanivka-stepanovka-mykolaiv-ukraine,Stepanivka (Stepanovka),Ukraine,47.255508,31.150190,,0,1,http://www.yahadmap.org/en/stepanivka-stepanovka-mykolaiv-ukraine/village-286
287,stryzhavka-vinnytsia-ukraine,Stryzhavka,Ukraine,49.184139,28.280001,,0,1,http://www.yahadmap.org/en/stryzhavka-vinnytsia-ukraine/village-287
288,stupky-stupki-ternopil-ukraine,Stupky (Stupki),Ukraine,49.320919,25.454960,,0,2,http://www.yahadmap.org/en/stupky-stupki-ternopil-ukraine/village-288
289,sushybaba-sushibaba-volhyn-ukraine,Sushybaba (Sushibaba),Ukraine,51.012169,24.461439,,0,2,http://www.yahadmap.org/en/sushybaba-sushibaba-volhyn-ukraine/village-289
290,tabaky-odesa-ukraine,Tabaky,Ukraine,45.424740,28.363720,,0,1,http://www.yahadmap.org/en/tabaky-odesa-ukraine/village-290
291,talalaivka-talalayevka-cherkasy-ukraine,Talalaivka (Talalayevka),Ukraine,48.462433,29.565729,,0,1,http://www.yahadmap.org/en/talalaivka-talalayevka-cherkasy-ukraine/village-291
292,tarasivka-tarasowka-vinnytsia-ukraine,Tarasivka (Tarasowka),Ukraine,48.490459,29.291531,,0,2,http://www.yahadmap.org/en/tarasivka-tarasowka-vinnytsia-ukraine/village-292
292,tarasivka-tarasowka-vinnytsia-ukraine,Tarasivka (Tarasowka),Ukraine,48.490459,29.291531,,0,1,http://www.yahadmap.org/en/tarasivka-tarasowka-vinnytsia-ukraine/village-292
292,tarasivka-tarasowka-vinnytsia-ukraine,Tarasivka (Tarasowka),Ukraine,48.495239,29.283279,,0,1,http://www.yahadmap.org/en/tarasivka-tarasowka-vinnytsia-ukraine/village-292
293,tatarbunary-odesa-ukraine,Tatarbunary,Ukraine,45.493778,29.360609,,0,1,http://www.yahadmap.org/en/tatarbunary-odesa-ukraine/village-293
294,tavriyske-dnipropetrovsk-ukraine,Tavriyske,Ukraine,47.450588,34.151821,,0,1,http://www.yahadmap.org/en/tavriyske-dnipropetrovsk-ukraine/village-294
295,teofipol-khmelnytskyi-ukraine,Teofipol,Ukraine,49.481991,26.244370,,0,2,http://www.yahadmap.org/en/teofipol-khmelnytskyi-ukraine/village-295
295,teofipol-khmelnytskyi-ukraine,Teofipol,Ukraine,49.498531,26.249599,,0,2,http://www.yahadmap.org/en/teofipol-khmelnytskyi-ukraine/village-295
296,ternivka-ternovka-vinnytsia-ukraine,Ternivka (Ternovka),Ukraine,48.323662,30.011909,,0,2,http://www.yahadmap.org/en/ternivka-ternovka-vinnytsia-ukraine/village-296
297,ternopil-tarnopol-ternopol-ternopil-ukraine,"Ternopil (Tarnopol, Ternopol)",Ukraine,49.323978,25.344919,,0,3,http://www.yahadmap.org/en/ternopil-tarnopol-ternopol-ternopil-ukraine/village-297
298,toporiv-toporow-toporov-lviv-ukraine,"Toporiv (Toporow, Toporov)",Ukraine,50.064850,24.438780,,0,2,http://www.yahadmap.org/en/toporiv-toporow-toporov-lviv-ukraine/village-298
299,torchyn-volyn-ukraine,Torchyn,Ukraine,50.450310,24.597651,,0,2,http://www.yahadmap.org/en/torchyn-volyn-ukraine/village-299
,,"Torhovytsya (Torgovytsia, Targowica, Trovits, Truvitz)",Ukraine,50.330860,25.241421,2007,1,2,
301,torun-toronya-toro-any-transcarpathia-ukraine,"Torun (Toronya, Toroňany)",Ukraine,48.415890,23.372259,,0,1,http://www.yahadmap.org/en/torun-toronya-toro-any-transcarpathia-ukraine/village-301
302,tovste-tluste-ternopil-ukraine,Tovste (Tluste),Ukraine,48.509659,25.439230,,0,2,http://www.yahadmap.org/en/tovste-tluste-ternopil-ukraine/village-302
303,toykut-former-nesukhoizhe-niesuchoje-e-neskhizh-volyn-ukraine,"Toykut ( former Nesukhoïzhe, Niesuchojeże, Neskhizh)",Ukraine,51.231190,24.498911,,0,1,http://www.yahadmap.org/en/toykut-former-nesukhoizhe-niesuchoje-e-neskhizh-volyn-ukraine/village-303
304,troyaniv-troyanov-trojanow-trayanov-zhytomyr-ukraine,"Troyaniv (Troyanov, Trojanow, Trayanov)",Ukraine,50.069069,28.285000,,0,2,http://www.yahadmap.org/en/troyaniv-troyanov-trojanow-trayanov-zhytomyr-ukraine/village-304
306,tuchyn-tuczin-tuczyn-tutschin-rivne-ukraine,"Tuchyn (Tuczin, Tuczyn, Tutschin)",Ukraine,50.430222,26.331570,,0,2,http://www.yahadmap.org/en/tuchyn-tuczin-tuczyn-tutschin-rivne-ukraine/village-306
306,tuchyn-tuczin-tuczyn-tutschin-rivne-ukraine,"Tuchyn (Tuczin, Tuczyn, Tutschin)",Ukraine,50.420921,26.346130,,0,1,http://www.yahadmap.org/en/tuchyn-tuczin-tuczyn-tutschin-rivne-ukraine/village-306
306,tuchyn-tuczin-tuczyn-tutschin-rivne-ukraine,"Tuchyn (Tuczin, Tuczyn, Tutschin)",Ukraine,50.419579,26.344440,,0,2,http://www.yahadmap.org/en/tuchyn-tuczin-tuczyn-tutschin-rivne-ukraine/village-306
307,turka-lviv-ukraine,Turka,Ukraine,49.093929,23.020889,,0,2,http://www.yahadmap.org/en/turka-lviv-ukraine/village-307
307,turka-lviv-ukraine,Turka,Ukraine,49.096710,23.021870,,0,1,http://www.yahadmap.org/en/turka-lviv-ukraine/village-307
307,turka-lviv-ukraine,Turka,Ukraine,49.083580,23.006630,,0,2,http://www.yahadmap.org/en/turka-lviv-ukraine/village-307
308,turiysk-volyn-ukraine,Turiysk,Ukraine,51.066608,24.324909,,0,2,http://www.yahadmap.org/en/turiysk-volyn-ukraine/village-308
309,tyvriv-vinnytsia-ukraine,Tyvriv,Ukraine,49.013889,28.293221,,0,2,http://www.yahadmap.org/en/tyvriv-vinnytsia-ukraine/village-309
310,udarne-udarnoye-near-former-jewish-colony-yeni-krymchak-crimea-ukraine,"Udarne (Udarnoye, near former Jewish colony Yeni-Krymchak)",Ukraine,45.111408,34.292530,,0,1,http://www.yahadmap.org/en/udarne-udarnoye-near-former-jewish-colony-yeni-krymchak-crimea-ukraine/village-310
311,udych-vinnytsia-ukraine,Udych,Ukraine,48.384579,29.551260,,0,1,http://www.yahadmap.org/en/udych-vinnytsia-ukraine/village-311
311,udych-vinnytsia-ukraine,Udych,Ukraine,48.381920,29.545870,,0,1,http://www.yahadmap.org/en/udych-vinnytsia-ukraine/village-311
312,uhryn-ugryn-ugrin-ternopil-ukraine,"Uhryn (Ugryn, Ugrin)",Ukraine,48.595840,25.505310,,0,1,http://www.yahadmap.org/en/uhryn-ugryn-ugrin-ternopil-ukraine/village-312
313,ulaniv-ulanov-vinnytsia-ukraine,Ulaniv (Ulanov),Ukraine,49.416111,28.078180,,0,1,http://www.yahadmap.org/en/ulaniv-ulanov-vinnytsia-ukraine/village-313
314,uman-huma-cherkasy-ukraine,Uman (Humań),Ukraine,48.461060,30.117439,,0,2,http://www.yahadmap.org/en/uman-huma-cherkasy-ukraine/village-314
315,ustya-ustea-vinnytsia-ukraine,Ustya (Ustea),Ukraine,48.217949,29.412630,,0,2,http://www.yahadmap.org/en/ustya-ustea-vinnytsia-ukraine/village-315
316,varkovychi-varkovichi-warkowicze-rivne-ukraine,"Varkovychi (Varkovichi, Warkowicze)",Ukraine,50.283730,25.590611,,0,2,http://www.yahadmap.org/en/varkovychi-varkovichi-warkowicze-rivne-ukraine/village-316
317,olevsk-zhytomyr-ukraine,Olevsk,Ukraine,51.123230,27.351589,,0,2,http://www.yahadmap.org/en/olevsk-zhytomyr-ukraine/village-317
,,Vasylivka,Ukraine,47.252312,35.150311,2007,1,1,
319,velyka-kyryivka-vinnytsia-ukraine,Velyka Kyryivka,Ukraine,48.224110,29.377460,,0,1,http://www.yahadmap.org/en/velyka-kyryivka-vinnytsia-ukraine/village-319
,,Velyki Mosty,Ukraine,50.147881,24.099230,2006,1,2,
321,velyki-orlyntsi-antoniny-khmelnytskyi-ukraine,Velyki Orlyntsi/Antoniny,Ukraine,49.485592,26.547180,,0,1,http://www.yahadmap.org/en/velyki-orlyntsi-antoniny-khmelnytskyi-ukraine/village-321
322,velykyi-hlybochok-h-uboczek-wielki-ternopil-ukraine,Velykyi Hlybochok (Hłuboczek Wielki),Ukraine,49.373798,25.323620,,0,1,http://www.yahadmap.org/en/velykyi-hlybochok-h-uboczek-wielki-ternopil-ukraine/village-322
323,velykyi-zhvanchyk-khmelnytskyi-ukraine,Velykyi Zhvanchyk,Ukraine,48.458912,26.599449,,0,1,http://www.yahadmap.org/en/velykyi-zhvanchyk-khmelnytskyi-ukraine/village-323
323,velykyi-zhvanchyk-khmelnytskyi-ukraine,Velykyi Zhvanchyk,Ukraine,48.458961,26.599810,,0,1,http://www.yahadmap.org/en/velykyi-zhvanchyk-khmelnytskyi-ukraine/village-323
323,velykyi-zhvanchyk-khmelnytskyi-ukraine,Velykyi Zhvanchyk,Ukraine,48.458031,26.596880,,0,1,http://www.yahadmap.org/en/velykyi-zhvanchyk-khmelnytskyi-ukraine/village-323
,,Mykolaivka,Ukraine,47.231838,30.584890,2011,1,1,
,,Mykolaivka,Ukraine,47.231129,30.582840,2011,1,1,
,,Mykolaivka,Ukraine,47.235062,31.201269,2011,1,1,
325,vilkhivtsi-wilchiwci-olkhovtsi-cucu-owce-lviv-ukraine,"Vilkhivtsi (Wilchiwci, Olkhovtsi, Cucułowce)",Ukraine,49.223011,24.030951,,0,1,http://www.yahadmap.org/en/vilkhivtsi-wilchiwci-olkhovtsi-cucu-owce-lviv-ukraine/village-325
326,vinkivtsi-vonkovtsy-khmelnytskyi-ukraine,Vinkivtsi (Vonkovtsy),Ukraine,49.018810,27.156540,,0,2,http://www.yahadmap.org/en/vinkivtsi-vonkovtsy-khmelnytskyi-ukraine/village-326
327,vinozh-vinnytsia-ukraine,Vinozh,Ukraine,48.414410,27.423441,,0,2,http://www.yahadmap.org/en/vinozh-vinnytsia-ukraine/village-327
328,vyshnivka-former-opalin-volyn-ukraine,Vyshnivka (former Opalin),Ukraine,51.173538,23.426880,,0,2,http://www.yahadmap.org/en/vyshnivka-former-opalin-volyn-ukraine/village-328
329,vyvodove-dnipropetrovsk-ukraine,Vyvodove,Ukraine,47.416981,34.535839,,0,1,http://www.yahadmap.org/en/vyvodove-dnipropetrovsk-ukraine/village-329
331,volochysk-volochisk-khmelnytskyi-ukraine,Volochysk (Volochisk),Ukraine,49.315430,26.138929,,0,2,http://www.yahadmap.org/en/volochysk-volochisk-khmelnytskyi-ukraine/village-331
,,Volodymyrets,Ukraine,51.239170,26.678730,2008,1,1,
333,volove-lviv-ukraine,Volove,Ukraine,49.397148,24.185270,,0,1,http://www.yahadmap.org/en/volove-lviv-ukraine/village-333
,,Volya Lyubytivska,Ukraine,51.451618,25.293711,2007,1,1,
335,vorokhta-ivano-frankivsk-ukraine,Vorokhta,Ukraine,48.158710,24.351650,2005,0,1,http://www.yahadmap.org/en/vorokhta-ivano-frankivsk-ukraine/village-335
336,voronovytsya-vinnytsia-ukraine,Voronovytsya,Ukraine,49.069271,28.429750,,0,2,http://www.yahadmap.org/en/voronovytsya-vinnytsia-ukraine/village-336
338,vygivka-ivano-frankivsk-ukraine,Vygivka,Ukraine,49.153240,24.342010,2005,0,1,http://www.yahadmap.org/en/vygivka-ivano-frankivsk-ukraine/village-338
339,vynogradne-mykolaiv-ukraine,Vynogradne,Ukraine,46.579731,32.405769,2006,0,1,http://www.yahadmap.org/en/vynogradne-mykolaiv-ukraine/village-339
340,vynohradnyi-sad-mykolaiv-ukraine,Vynohradnyi Sad,Ukraine,47.455719,31.034370,,0,1,http://www.yahadmap.org/en/vynohradnyi-sad-mykolaiv-ukraine/village-340
341,vyshkiv-ivano-frankivsk-ukraine,Vyshkiv,Ukraine,48.434971,23.392509,,0,1,http://www.yahadmap.org/en/vyshkiv-ivano-frankivsk-ukraine/village-341
342,vyshneve-dnipropetrovsk-ukraine,Vyshneve,Ukraine,48.017792,33.507610,,0,1,http://www.yahadmap.org/en/vyshneve-dnipropetrovsk-ukraine/village-342
343,vysotsk-wysock-wysotsk-rivne-ukraine,"Vysotsk (Wysock, Wysotsk)",Ukraine,51.418751,26.386709,,0,2,http://www.yahadmap.org/en/vysotsk-wysock-wysotsk-rivne-ukraine/village-343
344,yablunivka-lviv-ukraine,Yablunivka,Ukraine,50.021358,24.358549,2006,0,2,http://www.yahadmap.org/en/yablunivka-lviv-ukraine/village-344
345,yalta-crimea-ukraine,Yalta,Ukraine,44.301331,34.122711,,0,2,http://www.yahadmap.org/en/yalta-crimea-ukraine/village-345
,,Yastrebinove,Ukraine,47.312698,31.228840,2011,1,2,
,,Yastrebinove,Ukraine,47.294151,31.227249,2011,1,2,
347,yavoriv-lviv-ukraine,Yavoriv,Ukraine,49.554859,23.222490,,0,2,http://www.yahadmap.org/en/yavoriv-lviv-ukraine/village-347
347,yavoriv-lviv-ukraine,Yavoriv,Ukraine,49.567669,23.229851,,0,2,http://www.yahadmap.org/en/yavoriv-lviv-ukraine/village-347
348,yelykhovychi-ielykhovychi-jelechowice-elihoviz-lviv-ukraine,"Yelykhovychi (Ielykhovychi, Jelechowice, Elihoviz)",Ukraine,49.499271,24.561769,,0,2,http://www.yahadmap.org/en/yelykhovychi-ielykhovychi-jelechowice-elihoviz-lviv-ukraine/village-348
350,zamyslovychi-zhytomyr-ukraine,Zamyslovychi,Ukraine,51.158871,27.537050,,0,1,http://www.yahadmap.org/en/zamyslovychi-zhytomyr-ukraine/village-350
351,zatyshne-former-jewish-colony-donetsk-ukraine,Zatyshne (Former Jewish colony),Ukraine,47.312752,37.194080,,0,1,http://www.yahadmap.org/en/zatyshne-former-jewish-colony-donetsk-ukraine/village-351
352,zbarazh-zbara-zbarizh-ternopil-ukraine,"Zbarazh (Zbaraż, Zbarizh)",Ukraine,49.408421,25.460279,,0,2,http://www.yahadmap.org/en/zbarazh-zbara-zbarizh-ternopil-ukraine/village-352
353,zboriv-zborov-zborow-ternopil-ukraine,"Zboriv (Zborov, Zborów)",Ukraine,49.398571,25.086720,,0,2,http://www.yahadmap.org/en/zboriv-zborov-zborow-ternopil-ukraine/village-353
353,zboriv-zborov-zborow-ternopil-ukraine,"Zboriv (Zborov, Zborów)",Ukraine,49.399189,25.086720,,0,2,http://www.yahadmap.org/en/zboriv-zborov-zborow-ternopil-ukraine/village-353
353,zboriv-zborov-zborow-ternopil-ukraine,"Zboriv (Zborov, Zborów)",Ukraine,49.403831,25.076990,,0,2,http://www.yahadmap.org/en/zboriv-zborov-zborow-ternopil-ukraine/village-353
354,zhydachiv-ydaczow-jydatchiv-zhydachev-zhydachuv-zhidetshoyv-lviv-ukraine,"Zhydachiv (Żydaczów, Jydatchiv, Zhydachev, Zhydachuv, Zhidetshoyv)",Ukraine,49.236530,24.080450,,0,1,http://www.yahadmap.org/en/zhydachiv-ydaczow-jydatchiv-zhydachev-zhydachuv-zhidetshoyv-lviv-ukraine/village-354
355,tsvitkove-zhovtneve-mykolaiv-ukraine,Tsvitkove (Zhovtneve),Ukraine,47.386082,31.101330,2006,0,2,http://www.yahadmap.org/en/tsvitkove-zhovtneve-mykolaiv-ukraine/village-355
,,Zhovtneve,Ukraine,47.536251,33.571270,2010,1,2,
357,zhuravli-former-jewish-colony-gortenshtot-crimea-ukraine,Zhuravli (Former Jewish colony Gortenshtot),Ukraine,45.154049,33.377048,,0,1,http://www.yahadmap.org/en/zhuravli-former-jewish-colony-gortenshtot-crimea-ukraine/village-357
357,zhuravli-former-jewish-colony-gortenshtot-crimea-ukraine,Zhuravli (Former Jewish colony Gortenshtot),Ukraine,45.154652,33.377048,,0,1,http://www.yahadmap.org/en/zhuravli-former-jewish-colony-gortenshtot-crimea-ukraine/village-357
358,zhytomyr-zhitomir-zhytomyr-ukraine,Zhytomyr (Zhitomir),Ukraine,50.173100,28.340401,,0,3,http://www.yahadmap.org/en/zhytomyr-zhitomir-zhytomyr-ukraine/village-358
359,zinkiv-zenkov-khmelnytskyi-ukraine,Zinkiv (Zenkov),Ukraine,49.055660,27.058189,,0,2,http://www.yahadmap.org/en/zinkiv-zenkov-khmelnytskyi-ukraine/village-359
,,Zlatoustivka,Ukraine,47.539940,33.356400,2010,1,1,
363,zarudyntsi-vinnytsia-ukraine,Zarudyntsi,Ukraine,48.552780,28.554150,,0,1,http://www.yahadmap.org/en/zarudyntsi-vinnytsia-ukraine/village-363
363,zarudyntsi-vinnytsia-ukraine,Zarudyntsi,Ukraine,48.550831,28.552000,,0,1,http://www.yahadmap.org/en/zarudyntsi-vinnytsia-ukraine/village-363
364,zugres-donetsk-ukraine,Zugres,Ukraine,48.013512,38.170330,,0,1,http://www.yahadmap.org/en/zugres-donetsk-ukraine/village-364
,,Zyelyone,Ukraine,47.209381,30.589809,2011,1,1,
366,zymyne-zimino-former-jewish-colony-peretsfeld-crimea-ukraine,"Zymyne (Zimino, former Jewish colony Peretsfeld)",Ukraine,45.292240,33.297482,,0,1,http://www.yahadmap.org/en/zymyne-zimino-former-jewish-colony-peretsfeld-crimea-ukraine/village-366
367,babinovichi-vitebsk-belarus,Babinovichi,Belarus,54.506031,30.342060,,0,1,http://www.yahadmap.org/en/babinovichi-vitebsk-belarus/village-367
368,baran-vitebsk-belarus,Baran,Belarus,54.291660,30.187149,,0,1,http://www.yahadmap.org/en/baran-vitebsk-belarus/village-368
369,baranovichi-baranowicze-brest-belarus,Baranovichi (Baranowicze),Belarus,53.093758,26.030951,,0,3,http://www.yahadmap.org/en/baranovichi-baranowicze-brest-belarus/village-369
371,belynichi-mogilev-belarus,Belynichi,Belarus,53.585930,29.405210,,0,2,http://www.yahadmap.org/en/belynichi-mogilev-belarus/village-371
372,beshenkovichi-vitebsk-belarus,Beshenkovichi,Belarus,55.052299,29.279659,,0,2,http://www.yahadmap.org/en/beshenkovichi-vitebsk-belarus/village-372
373,borovukha-vitebsk-belarus,Borovukha,Belarus,55.358009,28.340111,,0,1,http://www.yahadmap.org/en/borovukha-vitebsk-belarus/village-373
374,braslav-vitebsk-belarus,Braslav,Belarus,55.390041,27.025240,,0,2,http://www.yahadmap.org/en/braslav-vitebsk-belarus/village-374
375,bronnaya-gora-brona-gora-brest-belarus,Bronnaya Gora (Brona Gora),Belarus,52.361858,25.045910,,0,3,http://www.yahadmap.org/en/bronnaya-gora-brona-gora-brest-belarus/village-375
376,byten-brest-belarus,Byten,Belarus,52.526691,25.304319,,0,1,http://www.yahadmap.org/en/byten-brest-belarus/village-376
377,chavusy-chausy-mogilev-belarus,Chavusy (Chausy),Belarus,53.485310,30.576059,,0,2,http://www.yahadmap.org/en/chavusy-chausy-mogilev-belarus/village-377
377,chavusy-chausy-mogilev-belarus,Chavusy (Chausy),Belarus,53.486488,30.576250,,0,2,http://www.yahadmap.org/en/chavusy-chausy-mogilev-belarus/village-377
378,chernavchitsy-arna-ycy-brest-belarus,Chernavchitsy (Čarnaŭčycy),Belarus,52.146530,23.449940,,0,2,http://www.yahadmap.org/en/chernavchitsy-arna-ycy-brest-belarus/village-378
379,chernevka-mogilev-belarus,Chernevka,Belarus,54.047150,30.468941,,0,1,http://www.yahadmap.org/en/chernevka-mogilev-belarus/village-379
379,chernevka-mogilev-belarus,Chernevka,Belarus,54.049751,30.461340,,0,1,http://www.yahadmap.org/en/chernevka-mogilev-belarus/village-379
379,chernevka-mogilev-belarus,Chernevka,Belarus,54.052719,30.465040,,0,1,http://www.yahadmap.org/en/chernevka-mogilev-belarus/village-379
380,cherniany-chernyany-brest-belarus,Cherniany (Chernyany),Belarus,51.595612,24.150570,,0,1,http://www.yahadmap.org/en/cherniany-chernyany-brest-belarus/village-380
380,cherniany-chernyany-brest-belarus,Cherniany (Chernyany),Belarus,51.595612,24.150600,,0,1,http://www.yahadmap.org/en/cherniany-chernyany-brest-belarus/village-380
381,disna-vitebsk-belarus,Disna,Belarus,55.335442,28.131210,,0,2,http://www.yahadmap.org/en/disna-vitebsk-belarus/village-381
382,dobromysli-vitebsk-belarus,Dobromysli,Belarus,54.561081,30.416000,,0,1,http://www.yahadmap.org/en/dobromysli-vitebsk-belarus/village-382
383,dokshitsy-vitebsk-belarus,Dokshitsy,Belarus,54.536282,27.462521,,0,2,http://www.yahadmap.org/en/dokshitsy-vitebsk-belarus/village-383
385,dranukha-mogilev-belarus,Dranukha,Belarus,53.467209,31.011450,,0,2,http://www.yahadmap.org/en/dranukha-mogilev-belarus/village-385
386,druya-vitebsk-belarus,Druya,Belarus,55.474670,27.267639,,0,2,http://www.yahadmap.org/en/druya-vitebsk-belarus/village-386
386,druya-vitebsk-belarus,Druya,Belarus,55.471458,27.258760,,0,2,http://www.yahadmap.org/en/druya-vitebsk-belarus/village-386
387,dvorets-grodno-belarus,Dvorets,Belarus,53.258011,25.348440,,0,2,http://www.yahadmap.org/en/dvorets-grodno-belarus/village-387
387,dvorets-grodno-belarus,Dvorets,Belarus,53.242611,25.344549,,0,2,http://www.yahadmap.org/en/dvorets-grodno-belarus/village-387
387,dvorets-grodno-belarus,Dvorets,Belarus,53.247318,25.347071,,0,2,http://www.yahadmap.org/en/dvorets-grodno-belarus/village-387
387,dvorets-grodno-belarus,Dvorets,Belarus,53.258018,25.348490,,0,2,http://www.yahadmap.org/en/dvorets-grodno-belarus/village-387
388,dyatlovo-dzyatlava-dyatel-grodno-belarus,"Dyatlovo (Dzyatlava, Dyatel)",Belarus,53.277401,25.244020,,0,2,http://www.yahadmap.org/en/dyatlovo-dzyatlava-dyatel-grodno-belarus/village-388
388,dyatlovo-dzyatlava-dyatel-grodno-belarus,"Dyatlovo (Dzyatlava, Dyatel)",Belarus,53.289928,25.251030,,0,2,http://www.yahadmap.org/en/dyatlovo-dzyatlava-dyatel-grodno-belarus/village-388
389,dzerzhinsk-minsk-belarus,Dzerzhinsk,Belarus,53.414108,27.076389,2011,0,2,http://www.yahadmap.org/en/dzerzhinsk-minsk-belarus/village-389
389,dzerzhinsk-minsk-belarus,Dzerzhinsk,Belarus,53.403511,27.104891,2011,0,2,http://www.yahadmap.org/en/dzerzhinsk-minsk-belarus/village-389
390,esmony-mogilev-belarus,Esmony,Belarus,54.011822,29.332479,,0,1,http://www.yahadmap.org/en/esmony-mogilev-belarus/village-390
391,gantsevichi-brest-belarus,Gantsevichi,Belarus,52.454929,26.251841,,0,2,http://www.yahadmap.org/en/gantsevichi-brest-belarus/village-391
391,gantsevichi-brest-belarus,Gantsevichi,Belarus,52.452042,26.260830,,0,2,http://www.yahadmap.org/en/gantsevichi-brest-belarus/village-391
391,gantsevichi-brest-belarus,Gantsevichi,Belarus,52.419281,26.216900,,0,2,http://www.yahadmap.org/en/gantsevichi-brest-belarus/village-391
392,glubokoye-hlybokaye-glebokie-glubokoje-glubok-vitebsk-belarus,"Glubokoye (Hlybokaye, Glebokie, Glubokoje, Glubok)",Belarus,55.092911,27.399759,,0,2,http://www.yahadmap.org/en/glubokoye-hlybokaye-glebokie-glubokoje-glubok-vitebsk-belarus/village-392
392,glubokoye-hlybokaye-glebokie-glubokoje-glubok-vitebsk-belarus,"Glubokoye (Hlybokaye, Glebokie, Glubokoje, Glubok)",Belarus,55.086559,27.405710,,0,2,http://www.yahadmap.org/en/glubokoye-hlybokaye-glebokie-glubokoje-glubok-vitebsk-belarus/village-392
393,golovchin-ho-owczyn-holovchin-mogilev-belarus,"Golovchin (Hołowczyn, Holovchin)",Belarus,54.038551,29.535030,,0,1,http://www.yahadmap.org/en/golovchin-ho-owczyn-holovchin-mogilev-belarus/village-393
394,gomel-vitebsk-belarus,Gomel,Belarus,55.171341,28.465151,,0,1,http://www.yahadmap.org/en/gomel-vitebsk-belarus/village-394
394,gomel-vitebsk-belarus,Gomel,Belarus,55.183979,28.464500,,0,1,http://www.yahadmap.org/en/gomel-vitebsk-belarus/village-394
395,gorodeya-minsk-belarus,Gorodeya,Belarus,53.197830,26.314779,,0,2,http://www.yahadmap.org/en/gorodeya-minsk-belarus/village-395
396,gorodishche-brest-belarus,Gorodishche,Belarus,53.179211,26.023939,,0,2,http://www.yahadmap.org/en/gorodishche-brest-belarus/village-396
396,gorodishche-brest-belarus,Gorodishche,Belarus,53.193722,25.597750,,0,1,http://www.yahadmap.org/en/gorodishche-brest-belarus/village-396
397,gorodok-garadok-harodok-vitebsk-belarus,"Gorodok (Garadok, Harodok)",Belarus,55.269360,29.578100,,0,2,http://www.yahadmap.org/en/gorodok-garadok-harodok-vitebsk-belarus/village-397
397,gorodok-garadok-harodok-vitebsk-belarus,"Gorodok (Garadok, Harodok)",Belarus,55.264599,29.595591,,0,2,http://www.yahadmap.org/en/gorodok-garadok-harodok-vitebsk-belarus/village-397
398,indura-grodno-belarus,Indura,Belarus,53.275108,23.524330,2010,0,1,http://www.yahadmap.org/en/indura-grodno-belarus/village-398
399,ivenets-ivyanets-minsk-belarus,Ivenets (Ivyanets),Belarus,53.541031,26.443180,,0,2,http://www.yahadmap.org/en/ivenets-ivyanets-minsk-belarus/village-399
400,kamen-brest-belarus,Kamen,Belarus,52.199478,26.229370,,0,1,http://www.yahadmap.org/en/kamen-brest-belarus/village-400
401,kamen-vitebsk-belarus,Kamen,Belarus,55.018879,28.538679,,0,1,http://www.yahadmap.org/en/kamen-vitebsk-belarus/village-401
403,kletsk-minsk-belarus,Kletsk,Belarus,53.044189,26.383961,,0,2,http://www.yahadmap.org/en/kletsk-minsk-belarus/village-403
403,kletsk-minsk-belarus,Kletsk,Belarus,53.031460,26.361650,,0,2,http://www.yahadmap.org/en/kletsk-minsk-belarus/village-403
404,kokhanovo-vitebsk-belarus,Kokhanovo,Belarus,54.279499,29.593769,,0,1,http://www.yahadmap.org/en/kokhanovo-vitebsk-belarus/village-404
404,kokhanovo-vitebsk-belarus,Kokhanovo,Belarus,54.279678,29.592180,,0,1,http://www.yahadmap.org/en/kokhanovo-vitebsk-belarus/village-404
405,koldychevo-brest-belarus,Koldychevo,Belarus,53.165123,26.034613,,0,2,http://www.yahadmap.org/en/koldychevo-brest-belarus/village-405
406,kosava-kosovo-brest-belarus,Kosava (Kosovo),Belarus,52.461319,25.070400,,0,2,http://www.yahadmap.org/en/kosava-kosovo-brest-belarus/village-406
407,kozhan-horodok-kazhan-haradok-brest-belarus,Kozhan Horodok (Kazhan-Haradok),Belarus,52.124851,27.011665,,0,1,http://www.yahadmap.org/en/kozhan-horodok-kazhan-haradok-brest-belarus/village-407
408,kozlovshchina-grodno-belarus,Kozlovshchina,Belarus,52.526741,25.304291,,0,2,http://www.yahadmap.org/en/kozlovshchina-grodno-belarus/village-408
409,lakhva-lachwa-achwa-brest-belarus,"Lakhva (Lachwa, Łachwa)",Belarus,52.132801,27.066139,,0,1,http://www.yahadmap.org/en/lakhva-lachwa-achwa-brest-belarus/village-409
409,lakhva-lachwa-achwa-brest-belarus,"Lakhva (Lachwa, Łachwa)",Belarus,52.131050,27.066139,,0,1,http://www.yahadmap.org/en/lakhva-lachwa-achwa-brest-belarus/village-409
410,lepel-vitebsk-belarus,Lepel,Belarus,55.544270,28.401480,2009,0,2,http://www.yahadmap.org/en/lepel-vitebsk-belarus/village-410
411,lesnaia-liasnaja-lesnaya-brest-belarus,"Lesnaia (Liasnaja, Lesnaya)",Belarus,53.271320,25.348789,,0,1,http://www.yahadmap.org/en/lesnaia-liasnaja-lesnaya-brest-belarus/village-411
412,logishin-lahishyn-ohiszyn-lohishin-brest-belarus,"Logishin (Lahishyn, Łohiszyn, Lohishin)",Belarus,51.553951,26.519291,,0,2,http://www.yahadmap.org/en/logishin-lahishyn-ohiszyn-lohishin-brest-belarus/village-412
413,lukoml-vitebsk-belarus,Lukoml,Belarus,54.434669,29.082550,,0,1,http://www.yahadmap.org/en/lukoml-vitebsk-belarus/village-413
414,luninets-luniniec-brest-belarus,Luninets (Luniniec),Belarus,52.156261,26.484779,,0,2,http://www.yahadmap.org/en/luninets-luniniec-brest-belarus/village-414
414,luninets-luniniec-brest-belarus,Luninets (Luniniec),Belarus,52.156288,26.484760,,0,2,http://www.yahadmap.org/en/luninets-luniniec-brest-belarus/village-414
414,luninets-luniniec-brest-belarus,Luninets (Luniniec),Belarus,52.153339,26.492590,,0,1,http://www.yahadmap.org/en/luninets-luniniec-brest-belarus/village-414
416,lyady-vitebsk-belarus,Lyady,Belarus,54.360500,31.109631,,0,2,http://www.yahadmap.org/en/lyady-vitebsk-belarus/village-416
417,lyakhovichi-brest-belarus,Lyakhovichi,Belarus,53.193748,26.597900,,0,2,http://www.yahadmap.org/en/lyakhovichi-brest-belarus/village-417
417,lyakhovichi-brest-belarus,Lyakhovichi,Belarus,53.020859,26.146799,,0,1,http://www.yahadmap.org/en/lyakhovichi-brest-belarus/village-417
417,lyakhovichi-brest-belarus,Lyakhovichi,Belarus,53.020302,26.145350,,0,1,http://www.yahadmap.org/en/lyakhovichi-brest-belarus/village-417
418,lyozno-vitebsk-belarus,Lyozno,Belarus,55.020531,30.477690,,0,2,http://www.yahadmap.org/en/lyozno-vitebsk-belarus/village-418
419,malaia-turna-mala-turna-brest-belarus,Malaia Turna (Mala Turna),Belarus,52.152699,23.451571,,0,1,http://www.yahadmap.org/en/malaia-turna-mala-turna-brest-belarus/village-419
420,malorita-malaryta-ma-oryta-brest-belarus,"Malorita (Malaryta, Małoryta)",Belarus,51.478409,24.039061,,0,2,http://www.yahadmap.org/en/malorita-malaryta-ma-oryta-brest-belarus/village-420
420,malorita-malaryta-ma-oryta-brest-belarus,"Malorita (Malaryta, Małoryta)",Belarus,51.478500,24.039000,,0,1,http://www.yahadmap.org/en/malorita-malaryta-ma-oryta-brest-belarus/village-420
420,malorita-malaryta-ma-oryta-brest-belarus,"Malorita (Malaryta, Małoryta)",Belarus,51.478470,24.038900,,0,1,http://www.yahadmap.org/en/malorita-malaryta-ma-oryta-brest-belarus/village-420
420,malorita-malaryta-ma-oryta-brest-belarus,"Malorita (Malaryta, Małoryta)",Belarus,51.478512,24.038799,,0,1,http://www.yahadmap.org/en/malorita-malaryta-ma-oryta-brest-belarus/village-420
420,malorita-malaryta-ma-oryta-brest-belarus,"Malorita (Malaryta, Małoryta)",Belarus,51.478539,24.038940,,0,1,http://www.yahadmap.org/en/malorita-malaryta-ma-oryta-brest-belarus/village-420
420,malorita-malaryta-ma-oryta-brest-belarus,"Malorita (Malaryta, Małoryta)",Belarus,51.478512,24.038010,,0,1,http://www.yahadmap.org/en/malorita-malaryta-ma-oryta-brest-belarus/village-420
420,malorita-malaryta-ma-oryta-brest-belarus,"Malorita (Malaryta, Małoryta)",Belarus,51.478512,24.039101,,0,1,http://www.yahadmap.org/en/malorita-malaryta-ma-oryta-brest-belarus/village-420
420,malorita-malaryta-ma-oryta-brest-belarus,"Malorita (Malaryta, Małoryta)",Belarus,51.478470,24.039181,,0,1,http://www.yahadmap.org/en/malorita-malaryta-ma-oryta-brest-belarus/village-420
420,malorita-malaryta-ma-oryta-brest-belarus,"Malorita (Malaryta, Małoryta)",Belarus,51.477451,24.046881,,0,1,http://www.yahadmap.org/en/malorita-malaryta-ma-oryta-brest-belarus/village-420
420,malorita-malaryta-ma-oryta-brest-belarus,"Malorita (Malaryta, Małoryta)",Belarus,51.477779,24.045151,,0,1,http://www.yahadmap.org/en/malorita-malaryta-ma-oryta-brest-belarus/village-420
421,medvedichi-brest-belarus,Medvedichi,Belarus,53.175129,25.172041,,0,1,http://www.yahadmap.org/en/medvedichi-brest-belarus/village-421
422,mikashevichi-mikaszewicze-mikshevits-brest-belarus,"Mikashevichi (Mikaszewicze, Mikshevits)",Belarus,52.318371,25.513420,,0,2,http://www.yahadmap.org/en/mikashevichi-mikaszewicze-mikshevits-brest-belarus/village-422
423,minsk-minsk-belarus,Minsk,Belarus,53.545959,27.325491,,0,3,http://www.yahadmap.org/en/minsk-minsk-belarus/village-423
423,minsk-minsk-belarus,Minsk,Belarus,53.541389,27.321501,,0,3,http://www.yahadmap.org/en/minsk-minsk-belarus/village-423
424,mir-grodno-belarus,Mir,Belarus,53.264179,26.284149,,0,2,http://www.yahadmap.org/en/mir-grodno-belarus/village-424
424,mir-grodno-belarus,Mir,Belarus,53.258621,26.281160,,0,1,http://www.yahadmap.org/en/mir-grodno-belarus/village-424
424,mir-grodno-belarus,Mir,Belarus,53.271938,26.285749,,0,2,http://www.yahadmap.org/en/mir-grodno-belarus/village-424
425,mogilev-moguilev-mahilyow-mogilev-belarus,"Mogilev (Moguilev, Mahilyow)",Belarus,53.539532,30.212259,,0,3,http://www.yahadmap.org/en/mogilev-moguilev-mahilyow-mogilev-belarus/village-425
426,pinsk-brest-belarus,Pinsk,Belarus,52.091370,26.078051,,0,3,http://www.yahadmap.org/en/pinsk-brest-belarus/village-426
427,molchad-brest-belarus,Molchad,Belarus,53.187511,25.429110,,0,2,http://www.yahadmap.org/en/molchad-brest-belarus/village-427
428,motol-motal-brest-belarus,Motol (Motal),Belarus,52.184792,25.371740,,0,1,http://www.yahadmap.org/en/motol-motal-brest-belarus/village-428
428,motol-motal-brest-belarus,Motol (Motal),Belarus,52.184792,25.354290,,0,2,http://www.yahadmap.org/en/motol-motal-brest-belarus/village-428
429,mstislavl-mogilev-belarus,Mstislavl,Belarus,54.016491,31.436020,,0,2,http://www.yahadmap.org/en/mstislavl-mogilev-belarus/village-429
430,miory-myory-vitebsk-belarus,Miory (Myory),Belarus,55.376900,27.373940,,0,2,http://www.yahadmap.org/en/miory-myory-vitebsk-belarus/village-430
431,nareshevichi-minsk-belarus,Nareshevichi,Belarus,52.572708,26.271170,,0,2,http://www.yahadmap.org/en/nareshevichi-minsk-belarus/village-431
432,naumovichi-grodno-belarus,Naumovichi,Belarus,53.430672,23.402140,2010,0,2,http://www.yahadmap.org/en/naumovichi-grodno-belarus/village-432
434,nesvizh-minsk-belarus,Nesvizh,Belarus,53.137310,26.389669,,0,2,http://www.yahadmap.org/en/nesvizh-minsk-belarus/village-434
434,nesvizh-minsk-belarus,Nesvizh,Belarus,53.136551,26.417360,,0,2,http://www.yahadmap.org/en/nesvizh-minsk-belarus/village-434
434,nesvizh-minsk-belarus,Nesvizh,Belarus,53.131271,26.406231,,0,2,http://www.yahadmap.org/en/nesvizh-minsk-belarus/village-434
435,novaya-mysh-brest-belarus,Novaya Mysh,Belarus,53.084808,25.537359,,0,2,http://www.yahadmap.org/en/novaya-mysh-brest-belarus/village-435
435,novaya-mysh-brest-belarus,Novaya Mysh,Belarus,53.080791,25.530069,,0,1,http://www.yahadmap.org/en/novaya-mysh-brest-belarus/village-435
436,novoyelnya-grodno-belarus,Novoyelnya,Belarus,53.278511,25.352350,,0,1,http://www.yahadmap.org/en/novoyelnya-grodno-belarus/village-436
437,novy-sverzhen-minsk-belarus,Novy Sverzhen,Belarus,53.265511,26.452009,,0,2,http://www.yahadmap.org/en/novy-sverzhen-minsk-belarus/village-437
438,oboltsy-vitebsk-belarus,Oboltsy,Belarus,54.353958,29.501770,,0,1,http://www.yahadmap.org/en/oboltsy-vitebsk-belarus/village-438
439,odelsk-grodno-belarus,Odelsk,Belarus,53.242710,23.460310,2010,0,1,http://www.yahadmap.org/en/odelsk-grodno-belarus/village-439
440,ogorodniki-brest-belarus,Ogorodniki,Belarus,52.205929,23.203529,2006,0,1,http://www.yahadmap.org/en/ogorodniki-brest-belarus/village-440
440,ogorodniki-brest-belarus,Ogorodniki,Belarus,52.206120,23.203381,2006,0,1,http://www.yahadmap.org/en/ogorodniki-brest-belarus/village-440
441,orekhovsk-vitebsk-belarus,Orekhovsk,Belarus,54.426060,30.324341,2011,0,1,http://www.yahadmap.org/en/orekhovsk-vitebsk-belarus/village-441
441,orekhovsk-vitebsk-belarus,Orekhovsk,Belarus,54.405769,30.297550,2011,0,1,http://www.yahadmap.org/en/orekhovsk-vitebsk-belarus/village-441
442,orkhovo-brest-belarus,Orkhovo,Belarus,51.322540,23.361290,2009,0,2,http://www.yahadmap.org/en/orkhovo-brest-belarus/village-442
444,ostrino-astryna-grodno-belarus,Ostrino (Astryna),Belarus,53.439732,24.313650,2010,0,2,http://www.yahadmap.org/en/ostrino-astryna-grodno-belarus/village-444
445,ostrovno-astrovno-vitebsk-belarus,Ostrovno (Astrovno),Belarus,55.072521,29.528379,,0,1,http://www.yahadmap.org/en/ostrovno-astrovno-vitebsk-belarus/village-445
446,osveya-vitebsk-belarus,Osveya,Belarus,56.008930,28.071930,2008,0,2,http://www.yahadmap.org/en/osveya-vitebsk-belarus/village-446
446,osveya-vitebsk-belarus,Osveya,Belarus,56.003139,28.058519,2008,0,2,http://www.yahadmap.org/en/osveya-vitebsk-belarus/village-446
447,pieski-piaski-piesk-grodno-belarus,"Pieski (Piaski, Piesk)",Belarus,53.212299,24.377190,,0,1,http://www.yahadmap.org/en/pieski-piaski-piesk-grodno-belarus/village-447
448,polykovichi-palykovichi-mogilev-belarus,Polykovichi (Palykovichi),Belarus,53.583351,30.217220,,0,2,http://www.yahadmap.org/en/polykovichi-palykovichi-mogilev-belarus/village-448
449,prozoroki-vitebsk-belarus,Prozoroki,Belarus,55.178341,28.122431,2008,0,1,http://www.yahadmap.org/en/prozoroki-vitebsk-belarus/village-449
450,rosony-rasony-rossony-vitebsk-belarus,"Rosony (Rasony, Rossony)",Belarus,55.547981,28.485359,,0,1,http://www.yahadmap.org/en/rosony-rasony-rossony-vitebsk-belarus/village-450
452,ryasna-mogilev-belarus,Ryasna,Belarus,54.006168,31.134581,,0,1,http://www.yahadmap.org/en/ryasna-mogilev-belarus/village-452
453,senno-vitebsk-belarus,Senno,Belarus,54.487980,29.437811,2011,0,2,http://www.yahadmap.org/en/senno-vitebsk-belarus/village-453
454,shchuchyn-scucyn-szczuczyn-grodno-belarus,"Shchuchyn (Scucyn, Szczuczyn)",Belarus,53.359440,24.454390,,0,2,http://www.yahadmap.org/en/shchuchyn-scucyn-szczuczyn-grodno-belarus/village-454
454,shchuchyn-scucyn-szczuczyn-grodno-belarus,"Shchuchyn (Scucyn, Szczuczyn)",Belarus,53.398701,24.492559,,0,1,http://www.yahadmap.org/en/shchuchyn-scucyn-szczuczyn-grodno-belarus/village-454
455,shumilino-shumilina-vitebsk-belarus,Shumilino (Shumilina),Belarus,55.173599,29.354780,,0,2,http://www.yahadmap.org/en/shumilino-shumilina-vitebsk-belarus/village-455
456,sinyavka-minsk-belarus,Sinyavka,Belarus,52.580471,26.287870,,0,1,http://www.yahadmap.org/en/sinyavka-minsk-belarus/village-456
457,sirotino-vitebsk-belarus,Sirotino,Belarus,55.225311,29.356489,,0,1,http://www.yahadmap.org/en/sirotino-vitebsk-belarus/village-457
458,skidel-grodno-belarus,Skidel,Belarus,53.348412,24.000000,2010,0,1,http://www.yahadmap.org/en/skidel-grodno-belarus/village-458
459,slaveni-vitebsk-belarus,Slaveni,Belarus,54.203960,29.310471,2011,0,1,http://www.yahadmap.org/en/slaveni-vitebsk-belarus/village-459
460,slavnoye-vitebsk-belarus,Slavnoye,Belarus,54.187580,29.276199,2011,0,1,http://www.yahadmap.org/en/slavnoye-vitebsk-belarus/village-460
461,sloboda-vitebsk-belarus,Sloboda,Belarus,55.106392,29.105049,,0,1,http://www.yahadmap.org/en/sloboda-vitebsk-belarus/village-461
462,slonim-grodno-belarus,Slonim,Belarus,53.062180,25.191139,,0,2,http://www.yahadmap.org/en/slonim-grodno-belarus/village-462
462,slonim-grodno-belarus,Slonim,Belarus,53.065708,25.206850,,0,2,http://www.yahadmap.org/en/slonim-grodno-belarus/village-462
462,slonim-grodno-belarus,Slonim,Belarus,53.082951,25.228460,,0,2,http://www.yahadmap.org/en/slonim-grodno-belarus/village-462
463,smolyany-vitebsk-belarus,Smolyany,Belarus,54.350090,30.049629,2011,0,2,http://www.yahadmap.org/en/smolyany-vitebsk-belarus/village-463
464,smolyarka-brest-belarus,Smolyarka,Belarus,52.339569,25.030090,2009,0,2,http://www.yahadmap.org/en/smolyarka-brest-belarus/village-464
465,snov-minsk-belarus,Snov,Belarus,53.131008,26.263990,,0,2,http://www.yahadmap.org/en/snov-minsk-belarus/village-465
466,staroye-pashkovo-mogilev-belarus,Staroye Pashkovo,Belarus,53.566292,30.162930,,0,1,http://www.yahadmap.org/en/staroye-pashkovo-mogilev-belarus/village-466
467,stolbtsy-minsk-belarus,Stolbtsy,Belarus,53.292999,26.431150,,0,2,http://www.yahadmap.org/en/stolbtsy-minsk-belarus/village-467
468,stolin-brest-belarus,Stolin,Belarus,51.552429,26.515249,,0,2,http://www.yahadmap.org/en/stolin-brest-belarus/village-468
469,sukhari-mogilev-belarus,Sukhari,Belarus,53.581341,30.422319,,0,1,http://www.yahadmap.org/en/sukhari-mogilev-belarus/village-469
470,surazh-vitebsk-belarus,Surazh,Belarus,55.238930,30.429020,2011,0,1,http://www.yahadmap.org/en/surazh-vitebsk-belarus/village-470
470,surazh-vitebsk-belarus,Surazh,Belarus,55.244888,30.397400,2011,0,2,http://www.yahadmap.org/en/surazh-vitebsk-belarus/village-470
471,svisloch-grodno-belarus,Svisloch,Belarus,53.014561,24.043859,2010,0,2,http://www.yahadmap.org/en/svisloch-grodno-belarus/village-471
472,telekhany-telechany-brest-belarus,Telekhany (Telechany),Belarus,52.336922,25.336451,,0,2,http://www.yahadmap.org/en/telekhany-telechany-brest-belarus/village-472
473,tolochin-vitebsk-belarus,Tolochin,Belarus,54.249069,29.403740,2011,0,2,http://www.yahadmap.org/en/tolochin-vitebsk-belarus/village-473
474,tomashovka-tamachowka-tomaszowka-brest-belarus,"Tomashovka (Tamachowka, Tomaszówka)",Belarus,51.338581,23.375210,,0,2,http://www.yahadmap.org/en/tomashovka-tamachowka-tomaszowka-brest-belarus/village-474
475,turets-grodno-belarus,Turets,Belarus,53.316071,26.182421,,0,1,http://www.yahadmap.org/en/turets-grodno-belarus/village-475
476,ulla-vitebsk-belarus,Ulla,Belarus,55.128208,29.143471,,0,1,http://www.yahadmap.org/en/ulla-vitebsk-belarus/village-476
477,ushachy-vitebsk-belarus,Ushachy,Belarus,55.103970,28.362270,,0,2,http://www.yahadmap.org/en/ushachy-vitebsk-belarus/village-477
478,uzda-minsk-belarus,Uzda,Belarus,53.268829,27.144011,,0,1,http://www.yahadmap.org/en/uzda-minsk-belarus/village-478
478,uzda-minsk-belarus,Uzda,Belarus,53.277370,27.132071,,0,1,http://www.yahadmap.org/en/uzda-minsk-belarus/village-478
479,velikorita-brest-belarus,Velikorita,Belarus,51.577389,23.593760,2009,0,1,http://www.yahadmap.org/en/velikorita-brest-belarus/village-479
480,verkhnedvinsk-vitebsk-belarus,Verkhnedvinsk,Belarus,55.459919,27.564430,2008,0,2,http://www.yahadmap.org/en/verkhnedvinsk-vitebsk-belarus/village-480
481,verkhovye-ruba-vitebsk-belarus,Verkhovye/Ruba,Belarus,55.173500,30.156670,,0,1,http://www.yahadmap.org/en/verkhovye-ruba-vitebsk-belarus/village-481
482,vetrino-vitebsk-belarus,Vetrino,Belarus,55.247398,28.282650,2008,0,1,http://www.yahadmap.org/en/vetrino-vitebsk-belarus/village-482
483,vitebsk-vitebsk-belarus,Vitebsk,Belarus,55.125401,30.163160,,0,3,http://www.yahadmap.org/en/vitebsk-vitebsk-belarus/village-483
483,vitebsk-vitebsk-belarus,Vitebsk,Belarus,55.115040,30.117041,,0,1,http://www.yahadmap.org/en/vitebsk-vitebsk-belarus/village-483
484,vawkavysk-grodno-belarus,Vawkavysk,Belarus,53.093410,24.261330,2010,0,1,http://www.yahadmap.org/en/vawkavysk-grodno-belarus/village-484
484,vawkavysk-grodno-belarus,Vawkavysk,Belarus,53.091808,24.297850,2010,0,1,http://www.yahadmap.org/en/vawkavysk-grodno-belarus/village-484
485,volpa-grodno-belarus,Volpa,Belarus,53.219780,24.226810,,0,1,http://www.yahadmap.org/en/volpa-grodno-belarus/village-485
486,volyntsy-vitebsk-belarus,Volyntsy,Belarus,55.418152,28.115971,2008,0,1,http://www.yahadmap.org/en/volyntsy-vitebsk-belarus/village-486
487,voronichi-vitebsk-belarus,Voronichi,Belarus,55.196930,28.377831,2008,0,1,http://www.yahadmap.org/en/voronichi-vitebsk-belarus/village-487
488,vyaz-brest-belarus,Vyaz,Belarus,52.188961,26.214451,,0,2,http://www.yahadmap.org/en/vyaz-brest-belarus/village-488
488,vyaz-brest-belarus,Vyaz,Belarus,52.192070,26.209299,,0,1,http://www.yahadmap.org/en/vyaz-brest-belarus/village-488
489,vysokoie-visoke-litovsk-vysokaye-brest-belarus,"Vysokoie (Visoke Litovsk, Vysokaye)",Belarus,52.219791,23.224100,,0,1,http://www.yahadmap.org/en/vysokoie-visoke-litovsk-vysokaye-brest-belarus/village-489
490,yanovichi-vitebsk-belarus,Yanovichi,Belarus,55.186111,30.487860,,0,2,http://www.yahadmap.org/en/yanovichi-vitebsk-belarus/village-490
490,yanovichi-vitebsk-belarus,Yanovichi,Belarus,55.167511,30.431200,,0,1,http://www.yahadmap.org/en/yanovichi-vitebsk-belarus/village-490
490,yanovichi-vitebsk-belarus,Yanovichi,Belarus,55.166229,30.421209,,0,1,http://www.yahadmap.org/en/yanovichi-vitebsk-belarus/village-490
491,yeremichi-grodno-belarus,Yeremichi,Belarus,53.346008,26.204140,,0,1,http://www.yahadmap.org/en/yeremichi-grodno-belarus/village-491
492,yezerishche-vitebsk-belarus,Yezerishche,Belarus,55.509850,29.581539,,0,1,http://www.yahadmap.org/en/yezerishche-vitebsk-belarus/village-492
493,chashniki-vitebsk-belarus,Chashniki,Belarus,54.521271,29.100000,,0,2,http://www.yahadmap.org/en/chashniki-vitebsk-belarus/village-493
494,zaslavl-minsk-belarus,Zaslavl,Belarus,54.012600,27.183290,2011,0,1,http://www.yahadmap.org/en/zaslavl-minsk-belarus/village-494
495,zhirovichi-grodno-belarus,Zhirovichi,Belarus,52.526741,25.304291,,0,1,http://www.yahadmap.org/en/zhirovichi-grodno-belarus/village-495
496,aleksandrovka-rostov-russia,Aleksandrovka,Russia,46.472488,38.576328,,0,1,http://www.yahadmap.org/en/aleksandrovka-rostov-russia/village-496
499,bryansk-bryansk-russia,Bryansk,Russia,531.299011,34.215611,,0,2,http://www.yahadmap.org/en/bryansk-bryansk-russia/village-499
501,demidov-smolensk-russia,Demidov,Russia,55.152439,31.312740,,0,1,http://www.yahadmap.org/en/demidov-smolensk-russia/village-501
502,dondukovskaya-republic-of-adygea-russia,Dondukovskaya,Russia,44.508709,40.215290,,0,1,http://www.yahadmap.org/en/dondukovskaya-republic-of-adygea-russia/village-502
503,dukhovshchina-smolensk-russia,Dukhovshchina,Russia,55.123501,32.241619,,0,1,http://www.yahadmap.org/en/dukhovshchina-smolensk-russia/village-503
503,dukhovshchina-smolensk-russia,Dukhovshchina,Russia,55.123451,32.241402,,0,1,http://www.yahadmap.org/en/dukhovshchina-smolensk-russia/village-503
503,dukhovshchina-smolensk-russia,Dukhovshchina,Russia,55.107651,32.243671,,0,1,http://www.yahadmap.org/en/dukhovshchina-smolensk-russia/village-503
504,glinka-smolensk-russia,Glinka,Russia,54.393108,32.527771,,0,1,http://www.yahadmap.org/en/glinka-smolensk-russia/village-504
505,grigoropoliskaya-stavropol-russia,Grigoropoliskaya,Russia,45.193230,41.183998,,0,2,http://www.yahadmap.org/en/grigoropoliskaya-stavropol-russia/village-505
506,gedeonovka-smolensk-russia,Gedeonovka,Russia,54.501339,32.084980,,0,1,http://www.yahadmap.org/en/gedeonovka-smolensk-russia/village-506
507,gulkevichi-krasnodar-russia,Gulkevichi,Russia,45.228020,40.405819,,0,1,http://www.yahadmap.org/en/gulkevichi-krasnodar-russia/village-507
507,gulkevichi-krasnodar-russia,Gulkevichi,Russia,45.175678,40.368881,,0,1,http://www.yahadmap.org/en/gulkevichi-krasnodar-russia/village-507
508,kagalnitskaya-rostov-russia,Kagalnitskaya,Russia,46.531120,40.079060,,0,1,http://www.yahadmap.org/en/kagalnitskaya-rostov-russia/village-508
509,kapustino-smolensk-russia,Kapustino,Russia,54.570770,31.078569,,0,1,http://www.yahadmap.org/en/kapustino-smolensk-russia/village-509
510,kasplya-smolensk-russia,Kasplya,Russia,54.591702,31.373480,,0,1,http://www.yahadmap.org/en/kasplya-smolensk-russia/village-510
511,khislavichi-smolensk-russia,Khislavichi,Russia,54.436390,32.053680,,0,2,http://www.yahadmap.org/en/khislavichi-smolensk-russia/village-511
512,klimovo-bryansk-russia,Klimovo,Russia,52.224640,32.000000,,0,1,http://www.yahadmap.org/en/klimovo-bryansk-russia/village-512
513,krasnaya-polyana-krasnodar-russia,Krasnaya Polyana,Russia,45.038502,41.044201,2012,0,1,http://www.yahadmap.org/en/krasnaya-polyana-krasnodar-russia/village-513
514,kurganinsk-kurgannaya-krasnodar-russia,Kurganinsk (Kurgannaya),Russia,44.553982,40.353859,,0,2,http://www.yahadmap.org/en/kurganinsk-kurgannaya-krasnodar-russia/village-514
515,labinsk-labinskaya-krasnodar-russia,Labinsk (Labinskaya),Russia,44.389542,40.443249,,0,2,http://www.yahadmap.org/en/labinsk-labinskaya-krasnodar-russia/village-515
515,labinsk-labinskaya-krasnodar-russia,Labinsk (Labinskaya),Russia,44.391270,40.447498,,0,2,http://www.yahadmap.org/en/labinsk-labinskaya-krasnodar-russia/village-515
516,ladozhskaya-krasnodar-russia,Ladozhskaya,Russia,45.167660,39.543201,,0,1,http://www.yahadmap.org/en/ladozhskaya-krasnodar-russia/village-516
516,ladozhskaya-krasnodar-russia,Ladozhskaya,Russia,45.213261,40.166801,,0,1,http://www.yahadmap.org/en/ladozhskaya-krasnodar-russia/village-516
516,ladozhskaya-krasnodar-russia,Ladozhskaya,Russia,45.177212,39.565590,,0,1,http://www.yahadmap.org/en/ladozhskaya-krasnodar-russia/village-516
516,ladozhskaya-krasnodar-russia,Ladozhskaya,Russia,45.214081,40.213501,,0,1,http://www.yahadmap.org/en/ladozhskaya-krasnodar-russia/village-516
517,lyady-bukharino-smolensk-russia,Lyady/Bukharino,Russia,54.360470,31.109570,,0,2,http://www.yahadmap.org/en/lyady-bukharino-smolensk-russia/village-517
518,lyubavichi-smolensk-russia,Lyubavichi,Russia,54.109852,32.087898,2010,0,1,http://www.yahadmap.org/en/lyubavichi-smolensk-russia/village-518
519,mechetinskaya-rostov-russia,Mechetinskaya,Russia,46.457642,40.330029,,0,1,http://www.yahadmap.org/en/mechetinskaya-rostov-russia/village-519
519,mechetinskaya-rostov-russia,Mechetinskaya,Russia,46.454109,40.282509,,0,1,http://www.yahadmap.org/en/mechetinskaya-rostov-russia/village-519
519,mechetinskaya-rostov-russia,Mechetinskaya,Russia,46.469421,40.273540,,0,1,http://www.yahadmap.org/en/mechetinskaya-rostov-russia/village-519
520,mglin-bryansk-russia,Mglin,Russia,53.042110,32.507019,,0,2,http://www.yahadmap.org/en/mglin-bryansk-russia/village-520
521,mikhailovskaya-mikhaylovskaya-krasnodar-russia,Mikhailovskaya (Mikhaylovskaya),Russia,44.594082,40.370930,,0,1,http://www.yahadmap.org/en/mikhailovskaya-mikhaylovskaya-krasnodar-russia/village-521
521,mikhailovskaya-mikhaylovskaya-krasnodar-russia,Mikhailovskaya (Mikhaylovskaya),Russia,44.596191,40.369221,,0,1,http://www.yahadmap.org/en/mikhailovskaya-mikhaylovskaya-krasnodar-russia/village-521
522,mikulino-smolensk-russia,Mikulino,Russia,55.018299,31.067720,,0,1,http://www.yahadmap.org/en/mikulino-smolensk-russia/village-522
523,nevel-pskov-russia,Nevel,Russia,56.021229,29.514549,,0,1,http://www.yahadmap.org/en/nevel-pskov-russia/village-523
523,nevel-pskov-russia,Nevel,Russia,56.021351,29.515770,,0,1,http://www.yahadmap.org/en/nevel-pskov-russia/village-523
524,novonikolayevka-krasnodar-russia,Novonikolayevka,Russia,45.177769,40.116199,2012,0,1,http://www.yahadmap.org/en/novonikolayevka-krasnodar-russia/village-524
525,novozybkov-bryansk-russia,Novozybkov,Russia,52.310478,31.569361,,0,2,http://www.yahadmap.org/en/novozybkov-bryansk-russia/village-525
526,oktyabrsky-krasnodar-russia,Oktyabrsky,Russia,45.298000,40.477509,,0,1,http://www.yahadmap.org/en/oktyabrsky-krasnodar-russia/village-526
527,ostyor-smolensk-russia,Ostyor,Russia,54.016121,32.374619,,0,1,http://www.yahadmap.org/en/ostyor-smolensk-russia/village-527
528,pasovo-smolensk-russia,Pasovo,Russia,54.360489,31.109560,,0,1,http://www.yahadmap.org/en/pasovo-smolensk-russia/village-528
529,petropavlovskaya-krasnodar-russia,Petropavlovskaya,Russia,45.064651,40.256821,,0,2,http://www.yahadmap.org/en/petropavlovskaya-krasnodar-russia/village-529
529,petropavlovskaya-krasnodar-russia,Petropavlovskaya,Russia,45.034061,40.299999,,0,2,http://www.yahadmap.org/en/petropavlovskaya-krasnodar-russia/village-529
530,pochep-bryansk-russia,Pochep,Russia,52.541721,33.287109,,0,2,http://www.yahadmap.org/en/pochep-bryansk-russia/village-530
531,pochinok-smolensk-russia,Pochinok,Russia,54.238670,32.271770,,0,1,http://www.yahadmap.org/en/pochinok-smolensk-russia/village-531
531,pochinok-smolensk-russia,Pochinok,Russia,54.241150,32.274429,,0,1,http://www.yahadmap.org/en/pochinok-smolensk-russia/village-531
532,pustoshka-pskov-russia,Pustoshka,Russia,56.210018,29.207750,,0,2,http://www.yahadmap.org/en/pustoshka-pskov-russia/village-532
533,rostov-on-don-rostov-russia,Rostov-on-Don,Russia,47.147900,39.390560,,0,3,http://www.yahadmap.org/en/rostov-on-don-rostov-russia/village-533
533,rostov-on-don-rostov-russia,Rostov-on-Don,Russia,47.149288,39.390911,,0,2,http://www.yahadmap.org/en/rostov-on-don-rostov-russia/village-533
534,rudnya-rudnia-rudnja-smolensk-russia,"Rudnya (Rudnia, Rudnja)",Russia,55.499649,30.573481,,0,1,http://www.yahadmap.org/en/rudnya-rudnia-rudnja-smolensk-russia/village-534
535,sebezh-pskov-russia,Sebezh,Russia,56.180866,28.300438,,0,1,http://www.yahadmap.org/en/sebezh-pskov-russia/village-535
537,sovetskaya-sovietskaia-krasnodar-russia,Sovetskaya (Sovietskaia),Russia,44.446041,41.126629,,0,1,http://www.yahadmap.org/en/sovetskaya-sovietskaia-krasnodar-russia/village-537
538,stodolishche-smolensk-russia,Stodolishche,Russia,54.109692,32.374619,,0,1,http://www.yahadmap.org/en/stodolishche-smolensk-russia/village-538
538,stodolishche-smolensk-russia,Stodolishche,Russia,54.122559,32.386028,,0,1,http://www.yahadmap.org/en/stodolishche-smolensk-russia/village-538
539,sychyovka-smolensk-russia,Sychyovka,Russia,55.485668,34.145660,,0,1,http://www.yahadmap.org/en/sychyovka-smolensk-russia/village-539
539,sychyovka-smolensk-russia,Sychyovka,Russia,55.483608,34.140732,,0,1,http://www.yahadmap.org/en/sychyovka-smolensk-russia/village-539
540,tatarsk-smolensk-russia,Tatarsk,Russia,54.494160,30.575939,,0,1,http://www.yahadmap.org/en/tatarsk-smolensk-russia/village-540
540,tatarsk-smolensk-russia,Tatarsk,Russia,54.153919,31.335760,,0,1,http://www.yahadmap.org/en/tatarsk-smolensk-russia/village-540
540,tatarsk-smolensk-russia,Tatarsk,Russia,54.152260,31.342251,,0,1,http://www.yahadmap.org/en/tatarsk-smolensk-russia/village-540
541,temirgoyevskaya-krasnodar-russia,Temirgoyevskaya,Russia,45.070728,40.129429,,0,2,http://www.yahadmap.org/en/temirgoyevskaya-krasnodar-russia/village-541
542,udobnaya-krasnodar-russia,Udobnaya,Russia,44.992500,41.314049,,0,2,http://www.yahadmap.org/en/udobnaya-krasnodar-russia/village-542
543,unecha-bryansk-russia,Unecha,Russia,52.501839,32.383949,,0,1,http://www.yahadmap.org/en/unecha-bryansk-russia/village-543
544,usvyaty-pskov-russia,Usvyaty,Russia,55.442169,30.451599,,0,1,http://www.yahadmap.org/en/usvyaty-pskov-russia/village-544
544,usvyaty-pskov-russia,Usvyaty,Russia,55.452690,30.441990,,0,1,http://www.yahadmap.org/en/usvyaty-pskov-russia/village-544
545,velizh-smolensk-russia,Velizh,Russia,55.361290,31.139959,,0,1,http://www.yahadmap.org/en/velizh-smolensk-russia/village-545
545,velizh-smolensk-russia,Velizh,Russia,55.365189,31.123079,,0,1,http://www.yahadmap.org/en/velizh-smolensk-russia/village-545
545,velizh-smolensk-russia,Velizh,Russia,55.361511,31.113609,,0,1,http://www.yahadmap.org/en/velizh-smolensk-russia/village-545
546,vyazma-smolensk-russia,Vyazma,Russia,55.119339,34.169998,,0,2,http://www.yahadmap.org/en/vyazma-smolensk-russia/village-546
547,yelnya-smolensk-russia,Yelnya,Russia,54.344452,33.079250,,0,1,http://www.yahadmap.org/en/yelnya-smolensk-russia/village-547
547,yelnya-smolensk-russia,Yelnya,Russia,54.340130,33.076279,,0,1,http://www.yahadmap.org/en/yelnya-smolensk-russia/village-547
548,zlynka-bryansk-russia,Zlynka,Russia,52.255081,31.427731,,0,1,http://www.yahadmap.org/en/zlynka-bryansk-russia/village-548
,,Biała Podlaska,Poland,52.021671,23.071581,,1,2,
,,Borek/Wysokie,Poland,50.447010,23.137079,2012,1,1,
551,bu-no-lublin-poland,Buśno,Poland,50.577332,23.454611,,0,1,http://www.yahadmap.org/en/bu-no-lublin-poland/village-551
552,che-m-lublin-poland,Chełm,Poland,51.067600,23.296970,2011,0,2,http://www.yahadmap.org/en/che-m-lublin-poland/village-552
552,che-m-lublin-poland,Chełm,Poland,51.076729,23.283159,2011,0,1,http://www.yahadmap.org/en/che-m-lublin-poland/village-552
552,che-m-lublin-poland,Chełm,Poland,51.082981,23.290581,2011,0,1,http://www.yahadmap.org/en/che-m-lublin-poland/village-552
553,cycow-lublin-poland,Cyców,Poland,51.181931,23.087940,,0,1,http://www.yahadmap.org/en/cycow-lublin-poland/village-553
553,cycow-lublin-poland,Cyców,Poland,51.181702,23.080231,,0,1,http://www.yahadmap.org/en/cycow-lublin-poland/village-553
,,Drelow,Poland,51.556278,22.528709,2010,1,1,
,,Drelow,Poland,51.553299,22.522680,2010,1,1,
,,Drelow,Poland,51.554920,22.514259,2010,1,1,
555,dubienka-lublin-poland,Dubienka,Poland,51.027321,23.533470,,0,1,http://www.yahadmap.org/en/dubienka-lublin-poland/village-555
,,Fajslawice,Poland,51.058620,22.583990,2011,1,1,
,,Izbica,Poland,50.537041,23.096540,2012,1,1,
558,janowka-lublin-poland,Janówka,Poland,50.583790,23.295019,2011,0,1,http://www.yahadmap.org/en/janowka-lublin-poland/village-558
558,janowka-lublin-poland,Janówka,Poland,50.585529,23.294649,2011,0,1,http://www.yahadmap.org/en/janowka-lublin-poland/village-558
558,janowka-lublin-poland,Janówka,Poland,50.586109,23.294540,2011,0,1,http://www.yahadmap.org/en/janowka-lublin-poland/village-558
558,janowka-lublin-poland,Janówka,Poland,50.587299,23.294510,2011,0,1,http://www.yahadmap.org/en/janowka-lublin-poland/village-558
558,janowka-lublin-poland,Janówka,Poland,50.587799,23.294439,2011,0,1,http://www.yahadmap.org/en/janowka-lublin-poland/village-558
559,kobylany-lublin-poland,Kobylany,Poland,52.026299,23.332720,,0,2,http://www.yahadmap.org/en/kobylany-lublin-poland/village-559
559,kobylany-lublin-poland,Kobylany,Poland,52.028099,23.332291,,0,1,http://www.yahadmap.org/en/kobylany-lublin-poland/village-559
559,kobylany-lublin-poland,Kobylany,Poland,52.017799,23.302799,,0,1,http://www.yahadmap.org/en/kobylany-lublin-poland/village-559
560,bo-cza-kolonia-lublin-poland,Bończa - Kolonia,Poland,50.565559,23.246691,,0,1,http://www.yahadmap.org/en/bo-cza-kolonia-lublin-poland/village-560
561,staw-lublin-voivodeship-poland,Staw,Poland,51.111740,23.242189,,0,1,http://www.yahadmap.org/en/staw-lublin-voivodeship-poland/village-561
562,strzelce-lublin-poland,Strzelce,Poland,50.583801,23.470119,,0,1,http://www.yahadmap.org/en/strzelce-lublin-poland/village-562
562,strzelce-lublin-poland,Strzelce,Poland,50.580391,23.474600,,0,1,http://www.yahadmap.org/en/strzelce-lublin-poland/village-562
563,komarow-lublin-poland,Komarow,Poland,50.376492,23.284451,2012,0,1,http://www.yahadmap.org/en/komarow-lublin-poland/village-563
563,komarow-lublin-poland,Komarow,Poland,50.377750,23.278561,2012,0,1,http://www.yahadmap.org/en/komarow-lublin-poland/village-563
563,komarow-lublin-poland,Komarow,Poland,50.365780,23.275749,2012,0,1,http://www.yahadmap.org/en/komarow-lublin-poland/village-563
564,abunie-lublin-poland,Łabunie,Poland,50.387581,23.219110,,0,1,http://www.yahadmap.org/en/abunie-lublin-poland/village-564
565,lomazy-lomaz-lublin-poland,Lomazy (Lomaz),Poland,51.546291,23.112030,,0,1,http://www.yahadmap.org/en/lomazy-lomaz-lublin-poland/village-565
565,lomazy-lomaz-lublin-poland,Lomazy (Lomaz),Poland,51.557171,23.098610,,0,2,http://www.yahadmap.org/en/lomazy-lomaz-lublin-poland/village-565
566,luta-lublin-poland,Luta,Poland,51.276871,23.290100,,0,1,http://www.yahadmap.org/en/luta-lublin-poland/village-566
566,luta-lublin-poland,Luta,Poland,51.279690,23.292959,,0,1,http://www.yahadmap.org/en/luta-lublin-poland/village-566
566,luta-lublin-poland,Luta,Poland,51.279709,23.293320,,0,1,http://www.yahadmap.org/en/luta-lublin-poland/village-566
566,luta-lublin-poland,Luta,Poland,51.276852,23.290291,,0,1,http://www.yahadmap.org/en/luta-lublin-poland/village-566
567,michalow-lublin-poland,Michalów,Poland,50.328308,23.358660,2023,0,1,http://www.yahadmap.org/en/michalow-lublin-poland/village-567
,,Międzyrzec Podlaski,Poland,51.592381,22.476021,2010,1,1,
,,Piaski,Poland,51.081032,22.505251,2011,1,1,
,,Piaski,Poland,51.081051,22.504431,2011,1,1,
,,Piaski,Poland,51.081108,22.504320,2011,1,1,
,,Piaski,Poland,51.080971,22.504360,2011,1,1,
572,rudka-lublin-poland,Rudka,Poland,51.084480,23.247200,2011,0,1,http://www.yahadmap.org/en/rudka-lublin-poland/village-572
572,rudka-lublin-poland,Rudka,Poland,51.084591,23.247400,2011,0,1,http://www.yahadmap.org/en/rudka-lublin-poland/village-572
573,sawin-lublin-poland,Sawin,Poland,51.168758,23.253031,,0,1,http://www.yahadmap.org/en/sawin-lublin-poland/village-573
574,siedliszcze-lublin-poland,Siedliszcze,Poland,51.117020,23.095470,,0,1,http://www.yahadmap.org/en/siedliszcze-lublin-poland/village-574
574,siedliszcze-lublin-poland,Siedliszcze,Poland,51.117538,23.094879,,0,1,http://www.yahadmap.org/en/siedliszcze-lublin-poland/village-574
574,siedliszcze-lublin-poland,Siedliszcze,Poland,51.113960,23.097389,,0,1,http://www.yahadmap.org/en/siedliszcze-lublin-poland/village-574
574,siedliszcze-lublin-poland,Siedliszcze,Poland,51.113400,23.097601,,0,1,http://www.yahadmap.org/en/siedliszcze-lublin-poland/village-574
575,sielec-lublin-poland,Sielec,Poland,51.020168,23.304760,2011,0,1,http://www.yahadmap.org/en/sielec-lublin-poland/village-575
576,siemnice-lublin-poland,Siemnice,Poland,50.330189,23.376751,,0,1,http://www.yahadmap.org/en/siemnice-lublin-poland/village-576
,,Sycyna,Poland,52.020378,22.560789,2010,1,1,
,,Szewnia Dolna,Poland,50.376869,23.105400,2012,1,1,
579,trawniki-lublin-poland,Trawniki,Poland,51.083370,22.597481,,0,2,http://www.yahadmap.org/en/trawniki-lublin-poland/village-579
579,trawniki-lublin-poland,Trawniki,Poland,51.082439,22.599600,,0,2,http://www.yahadmap.org/en/trawniki-lublin-poland/village-579
579,trawniki-lublin-poland,Trawniki,Poland,51.083832,23.000000,,0,2,http://www.yahadmap.org/en/trawniki-lublin-poland/village-579
580,tyszowce-tishevitz-tishovts-lublin-poland,"Tyszowce (Tishevitz, Tishovts)",Poland,50.371201,23.416969,,0,2,http://www.yahadmap.org/en/tyszowce-tishevitz-tishovts-lublin-poland/village-580
580,tyszowce-tishevitz-tishovts-lublin-poland,"Tyszowce (Tishevitz, Tishovts)",Poland,50.371281,23.417049,,0,1,http://www.yahadmap.org/en/tyszowce-tishevitz-tishovts-lublin-poland/village-580
581,wojs-awice-lublin-poland,Wojsławice,Poland,50.552299,23.330050,2011,0,1,http://www.yahadmap.org/en/wojs-awice-lublin-poland/village-581
582,wolka-cycowska-lublin-poland,Wólka Cycowska,Poland,51.184799,23.093260,,0,1,http://www.yahadmap.org/en/wolka-cycowska-lublin-poland/village-582
582,wolka-cycowska-lublin-poland,Wólka Cycowska,Poland,51.187408,23.080160,,0,1,http://www.yahadmap.org/en/wolka-cycowska-lublin-poland/village-582
,,Zamosc,Poland,50.489929,23.186449,2012,1,2,
584,mud-lublin-poland,Żmudź,Poland,51.011189,23.403629,2011,0,1,http://www.yahadmap.org/en/mud-lublin-poland/village-584
,,Zwierzyniec,Poland,50.370361,22.582939,2012,1,2,
586,br-viceni-orhei-moldova,Brăviceni,Moldova,47.261532,28.401079,,0,1,http://www.yahadmap.org/en/br-viceni-orhei-moldova/village-586
586,br-viceni-orhei-moldova,Brăviceni,Moldova,47.264740,28.394501,,0,1,http://www.yahadmap.org/en/br-viceni-orhei-moldova/village-586
587,bul-ie-ti-orhei-moldova,Bulăieşti,Moldova,47.279202,28.587660,,0,1,http://www.yahadmap.org/en/bul-ie-ti-orhei-moldova/village-587
588,gura-c-inarului-gura-c-inari-gura-kainar-gura-kainaruluy-flore-ti-moldova,"Gura Căinarului (Gura Căinari, Gura-Kainar, Gura Kainaruluy)",Moldova,47.524429,28.113939,,0,2,http://www.yahadmap.org/en/gura-c-inarului-gura-c-inari-gura-kainar-gura-kainaruluy-flore-ti-moldova/village-588
588,gura-c-inarului-gura-c-inari-gura-kainar-gura-kainaruluy-flore-ti-moldova,"Gura Căinarului (Gura Căinari, Gura-Kainar, Gura Kainaruluy)",Moldova,47.515862,28.109850,,0,1,http://www.yahadmap.org/en/gura-c-inarului-gura-c-inari-gura-kainar-gura-kainaruluy-flore-ti-moldova/village-588
588,gura-c-inarului-gura-c-inari-gura-kainar-gura-kainaruluy-flore-ti-moldova,"Gura Căinarului (Gura Căinari, Gura-Kainar, Gura Kainaruluy)",Moldova,47.516029,28.110291,,0,1,http://www.yahadmap.org/en/gura-c-inarului-gura-c-inari-gura-kainar-gura-kainaruluy-flore-ti-moldova/village-588
,,Pepeni,Moldova,47.384411,28.209049,2012,1,1,
,,Samananca,Moldova,47.160042,28.436470,2012,1,1,
,,Samananca,Moldova,47.168228,28.437740,2012,1,1,
,,Straseni,Moldova,47.080669,28.393120,2012,1,1,
594,ust-labinsk-krasnodar-russia,Ust-Labinsk,Russia,45.122921,39.403980,2012,0,1,http://www.yahadmap.org/en/ust-labinsk-krasnodar-russia/village-594
595,czachulec-nowy-kowalie-panskie-greater-poland-poland,Czachulec Nowy (Kowalie Panskie),Poland,51.555828,18.285780,,0,1,http://www.yahadmap.org/en/czachulec-nowy-kowalie-panskie-greater-poland-poland/village-595
596,bezlesnyy-krasnodar-russia,Bezlesnyy,Russia,45.264191,40.007519,,0,1,http://www.yahadmap.org/en/bezlesnyy-krasnodar-russia/village-596
597,timashevsk-krasnodar-russia,Timashevsk,Russia,45.378551,38.556000,,0,1,http://www.yahadmap.org/en/timashevsk-krasnodar-russia/village-597
599,korenovsk-krasnodar-russia,Korenovsk,Russia,45.273628,39.262089,,0,1,http://www.yahadmap.org/en/korenovsk-krasnodar-russia/village-599
600,vannovskoe-eigenfeld-krasnodar-russia,Vannovskoe (Eigenfeld),Russia,45.202690,40.135441,,0,1,http://www.yahadmap.org/en/vannovskoe-eigenfeld-krasnodar-russia/village-600
601,belaya-glina-krasnodar-russia,Belaya Glina,Russia,46.019402,40.533070,,0,2,http://www.yahadmap.org/en/belaya-glina-krasnodar-russia/village-601
602,ilinskaya-krasnodar-russia,Ilinskaya,Russia,45.428989,40.424839,,0,1,http://www.yahadmap.org/en/ilinskaya-krasnodar-russia/village-602
602,ilinskaya-krasnodar-russia,Ilinskaya,Russia,45.429600,40.412392,,0,1,http://www.yahadmap.org/en/ilinskaya-krasnodar-russia/village-602
602,ilinskaya-krasnodar-russia,Ilinskaya,Russia,45.415730,40.438931,,0,1,http://www.yahadmap.org/en/ilinskaya-krasnodar-russia/village-602
603,arkhangelskaya-krasnodar-russia,Arkhangelskaya,Russia,45.381149,40.144428,,0,1,http://www.yahadmap.org/en/arkhangelskaya-krasnodar-russia/village-603
604,novoshcherbinovskaya-krasnodar-russia,Novoshcherbinovskaya,Russia,46.292049,38.379398,,0,1,http://www.yahadmap.org/en/novoshcherbinovskaya-krasnodar-russia/village-604
605,novorogovskaya-rostov-russia,Novorogovskaya,Russia,46.205070,40.397041,,0,1,http://www.yahadmap.org/en/novorogovskaya-rostov-russia/village-605
606,opyonki-rostov-russia,Opyonki,Russia,46.384510,41.533310,,0,1,http://www.yahadmap.org/en/opyonki-rostov-russia/village-606
606,opyonki-rostov-russia,Opyonki,Russia,46.384441,41.534081,,0,1,http://www.yahadmap.org/en/opyonki-rostov-russia/village-606
607,salsk-rostov-russia,Salsk,Russia,46.287479,41.340900,,0,2,http://www.yahadmap.org/en/salsk-rostov-russia/village-607
620,petreni-drochia-moldova,Petreni,Moldova,47.560410,27.571100,,0,1,http://www.yahadmap.org/en/petreni-drochia-moldova/village-620
612,limbenii-noi-glodeni-moldova,Limbenii Noi,Moldova,47.431770,27.373100,,0,1,http://www.yahadmap.org/en/limbenii-noi-glodeni-moldova/village-612
612,limbenii-noi-glodeni-moldova,Limbenii Noi,Moldova,47.432190,27.372629,,0,3,http://www.yahadmap.org/en/limbenii-noi-glodeni-moldova/village-612
614,hiri-eni-telene-ti-moldova,Hirişeni,Moldova,47.256920,28.189871,,0,1,http://www.yahadmap.org/en/hiri-eni-telene-ti-moldova/village-614
,,Falesti,Moldova,47.340660,27.421289,2012,1,1,
615,bravicea-bravichi-c-l-rasi-moldova,Bravicea (Bravichi),Moldova,47.227879,28.273270,,0,1,http://www.yahadmap.org/en/bravicea-bravichi-c-l-rasi-moldova/village-615
617,orhei-orhei-moldova,Orhei,Moldova,47.211399,28.489960,,0,1,http://www.yahadmap.org/en/orhei-orhei-moldova/village-617
618,r-doaia-singerei-moldova,Rădoaia,Moldova,47.439800,28.091801,,0,1,http://www.yahadmap.org/en/r-doaia-singerei-moldova/village-618
619,r-u-el-b-l-i-f-le-ti-moldova,Răuţel/Bălți,Moldova,47.419640,27.477369,,0,1,http://www.yahadmap.org/en/r-u-el-b-l-i-f-le-ti-moldova/village-619
621,bolekhiv-bolekhov-bolechow-ivano-frankivsk-ukraine,"Bolekhiv (Bolekhov, Bolechow)",Ukraine,49.051601,23.496180,,0,1,http://www.yahadmap.org/en/bolekhiv-bolekhov-bolechow-ivano-frankivsk-ukraine/village-621
621,bolekhiv-bolekhov-bolechow-ivano-frankivsk-ukraine,"Bolekhiv (Bolekhov, Bolechow)",Ukraine,49.034519,23.513769,,0,1,http://www.yahadmap.org/en/bolekhiv-bolekhov-bolechow-ivano-frankivsk-ukraine/village-621
621,bolekhiv-bolekhov-bolechow-ivano-frankivsk-ukraine,"Bolekhiv (Bolekhov, Bolechow)",Ukraine,49.032219,23.506500,,0,1,http://www.yahadmap.org/en/bolekhiv-bolekhov-bolechow-ivano-frankivsk-ukraine/village-621
621,bolekhiv-bolekhov-bolechow-ivano-frankivsk-ukraine,"Bolekhiv (Bolekhov, Bolechow)",Ukraine,49.041698,23.513580,,0,1,http://www.yahadmap.org/en/bolekhiv-bolekhov-bolechow-ivano-frankivsk-ukraine/village-621
621,bolekhiv-bolekhov-bolechow-ivano-frankivsk-ukraine,"Bolekhiv (Bolekhov, Bolechow)",Ukraine,49.041679,23.513590,,0,1,http://www.yahadmap.org/en/bolekhiv-bolekhov-bolechow-ivano-frankivsk-ukraine/village-621
624,boryslav-boryslaw-borislav-lviv-ukraine,"Boryslav (Boryslaw, Borislav)",Ukraine,49.183281,23.254210,,0,2,http://www.yahadmap.org/en/boryslav-boryslaw-borislav-lviv-ukraine/village-624
624,boryslav-boryslaw-borislav-lviv-ukraine,"Boryslav (Boryslaw, Borislav)",Ukraine,49.169910,23.279409,,0,2,http://www.yahadmap.org/en/boryslav-boryslaw-borislav-lviv-ukraine/village-624
622,dolyna-dolina-ivano-frankivsk-ukraine,Dolyna (Dolina),Ukraine,48.577278,23.596901,,0,2,http://www.yahadmap.org/en/dolyna-dolina-ivano-frankivsk-ukraine/village-622
623,shevchenkove-ivano-frankivsk-ukraine,Shevchenkove,Ukraine,48.539799,23.552660,,0,1,http://www.yahadmap.org/en/shevchenkove-ivano-frankivsk-ukraine/village-623
623,shevchenkove-ivano-frankivsk-ukraine,Shevchenkove,Ukraine,48.538239,23.553801,,0,1,http://www.yahadmap.org/en/shevchenkove-ivano-frankivsk-ukraine/village-623
625,medenychi-lviv-ukraine,Medenychi,Ukraine,49.263519,23.453110,,0,1,http://www.yahadmap.org/en/medenychi-lviv-ukraine/village-625
626,klymets-lviv-ukraine,Klymets,Ukraine,48.515770,23.140961,,0,1,http://www.yahadmap.org/en/klymets-lviv-ukraine/village-626
627,skole-lviv-ukraine,Skole,Ukraine,49.011532,23.296570,,0,1,http://www.yahadmap.org/en/skole-lviv-ukraine/village-627
629,nyzhnye-synyovydne-lviv-ukraine,Nyzhnye Synyovydne,Ukraine,49.070011,23.401279,,0,1,http://www.yahadmap.org/en/nyzhnye-synyovydne-lviv-ukraine/village-629
628,hirske-guirske-gorskoe-lviv-ukraine,"Hirske (Guirske, Gorskoe)",Ukraine,49.283981,23.469210,,0,1,http://www.yahadmap.org/en/hirske-guirske-gorskoe-lviv-ukraine/village-628
630,zhuravno-zhurawno-zuravna-lviv-ukraine,"Zhuravno (Zhurawno, Zuravna)",Ukraine,49.156288,24.181040,,0,1,http://www.yahadmap.org/en/zhuravno-zhurawno-zuravna-lviv-ukraine/village-630
631,kalush-ka-usz-ivano-frankivsk-ukraine,Kalush (Kałusz),Ukraine,49.017181,24.213720,,0,2,http://www.yahadmap.org/en/kalush-ka-usz-ivano-frankivsk-ukraine/village-631
632,otyniya-ottynia-otynia-ivano-frankivsk-ukraine,"Otyniya (Ottynia, Otynia)",Ukraine,48.438519,24.517401,,0,1,http://www.yahadmap.org/en/otyniya-ottynia-otynia-ivano-frankivsk-ukraine/village-632
633,tysmenytsya-tishminitza-tysmenica-ivano-frankivsk-ukraine,"Tysmenytsya (Tishminitza, Tysmenica)",Ukraine,48.544369,24.501579,,0,1,http://www.yahadmap.org/en/tysmenytsya-tishminitza-tysmenica-ivano-frankivsk-ukraine/village-633
634,bogorodchany-ivano-frankivsk-ukraine,Bogorodchany,Ukraine,48.487530,24.323580,,0,1,http://www.yahadmap.org/en/bogorodchany-ivano-frankivsk-ukraine/village-634
636,nadvirna-nadwirna-nadvorna-ivano-frankivsk-ukraine,"Nadvirna (Nadwirna, Nadvorna)",Ukraine,48.372108,24.357201,,0,2,http://www.yahadmap.org/en/nadvirna-nadwirna-nadvorna-ivano-frankivsk-ukraine/village-636
637,delyatyn-deliatin-deliatyn-delatyn-ivano-frankivsk-ukraine,"Delyatyn (Deliatin, Deliatyn, Delatyn)",Ukraine,48.325230,24.383341,,0,2,http://www.yahadmap.org/en/delyatyn-deliatin-deliatyn-delatyn-ivano-frankivsk-ukraine/village-637
638,tatariv-tatarow-tatarov-ivano-frankivsk-ukraine,"Tatariv (Tatarow, Tatarov)",Ukraine,48.204922,24.347429,,0,1,http://www.yahadmap.org/en/tatariv-tatarow-tatarov-ivano-frankivsk-ukraine/village-638
639,yablunytsya-jablonica-ivano-frankivsk-ukraine,Yablunytsya (Jablonica),Ukraine,48.187321,24.281099,,0,1,http://www.yahadmap.org/en/yablunytsya-jablonica-ivano-frankivsk-ukraine/village-639
640,lanchyn-anczyn-ivano-frankivsk-ukraine,Lanchyn (Łanczyn),Ukraine,48.333118,24.432501,,0,1,http://www.yahadmap.org/en/lanchyn-anczyn-ivano-frankivsk-ukraine/village-640
641,loyeva-loieva-loyevaya-ivano-frankivsk-ukraine,"Loyeva (Loieva, Loyevaya)",Ukraine,48.349380,24.354429,,0,2,http://www.yahadmap.org/en/loyeva-loieva-loyevaya-ivano-frankivsk-ukraine/village-641
643,tlumach-tlumacz-ivano-frankivsk-ukraine,Tlumach (Tlumacz),Ukraine,48.525951,25.004471,,0,2,http://www.yahadmap.org/en/tlumach-tlumacz-ivano-frankivsk-ukraine/village-643
644,halych-galych-halycz-galycz-galich-ivano-frankivsk-ukraine,"Halych (Galych, Halycz, Galycz, Galich)",Ukraine,49.075031,24.437229,,0,1,http://www.yahadmap.org/en/halych-galych-halycz-galycz-galich-ivano-frankivsk-ukraine/village-644
645,yezupil-iezupil-ivano-frankivsk-ukraine,Yezupil (Iezupil),Ukraine,49.026272,24.475170,,0,1,http://www.yahadmap.org/en/yezupil-iezupil-ivano-frankivsk-ukraine/village-645
646,khotimsk-mogilev-belarus,Khotimsk,Belarus,53.237289,32.351349,,0,1,http://www.yahadmap.org/en/khotimsk-mogilev-belarus/village-646
647,rodnya-mogilev-belarus,Rodnya,Belarus,53.307049,32.080891,,0,1,http://www.yahadmap.org/en/rodnya-mogilev-belarus/village-647
648,konokhovka-mogilev-belarus,Konokhovka,Belarus,53.381531,32.054920,,0,1,http://www.yahadmap.org/en/konokhovka-mogilev-belarus/village-648
652,krasnopolye-krasnopolle-mogilev-belarus,Krasnopolye (Krasnopolle),Belarus,53.192490,31.238741,,0,1,http://www.yahadmap.org/en/krasnopolye-krasnopolle-mogilev-belarus/village-652
653,kostyukovichi-mogilev-belarus,Kostyukovichi,Belarus,53.223839,32.041752,,0,1,http://www.yahadmap.org/en/kostyukovichi-mogilev-belarus/village-653
653,kostyukovichi-mogilev-belarus,Kostyukovichi,Belarus,53.213409,32.021969,,0,1,http://www.yahadmap.org/en/kostyukovichi-mogilev-belarus/village-653
653,kostyukovichi-mogilev-belarus,Kostyukovichi,Belarus,53.206928,32.320301,,0,1,http://www.yahadmap.org/en/kostyukovichi-mogilev-belarus/village-653
654,klimovichi-klimavichi-mogilev-belarus,Klimovichi (Klimavichi),Belarus,53.363449,31.584980,,0,1,http://www.yahadmap.org/en/klimovichi-klimavichi-mogilev-belarus/village-654
656,prudok-mogilev-belarus,Prudok,Belarus,53.418331,31.453489,,0,1,http://www.yahadmap.org/en/prudok-mogilev-belarus/village-656
657,molyatichi-mogilev-belarus,Molyatichi,Belarus,53.506100,31.310200,,0,1,http://www.yahadmap.org/en/molyatichi-mogilev-belarus/village-657
658,shamovo-mogilev-belarus,Shamovo,Belarus,54.114792,31.215820,,0,1,http://www.yahadmap.org/en/shamovo-mogilev-belarus/village-658
659,gory-mogilev-belarus,Gory,Belarus,54.161652,31.127569,,0,1,http://www.yahadmap.org/en/gory-mogilev-belarus/village-659
659,gory-mogilev-belarus,Gory,Belarus,54.160320,31.129160,,0,1,http://www.yahadmap.org/en/gory-mogilev-belarus/village-659
660,lenino-mogilev-belarus,Lenino,Belarus,54.193001,30.367769,,0,1,http://www.yahadmap.org/en/lenino-mogilev-belarus/village-660
661,naprasnovka-mogilev-belarus,Naprasnovka,Belarus,54.193001,30.367769,,0,1,http://www.yahadmap.org/en/naprasnovka-mogilev-belarus/village-661
662,rudkovshchina-mogilev-belarus,Rudkovshchina,Belarus,54.234928,30.419729,,0,1,http://www.yahadmap.org/en/rudkovshchina-mogilev-belarus/village-662
665,shklov-sklou-shklow-mogilev-belarus,"Shklov (Sklou, Shklow)",Belarus,54.134930,30.177839,,0,2,http://www.yahadmap.org/en/shklov-sklou-shklow-mogilev-belarus/village-665
649,miloslavichi-mogilev-belarus,Miloslavichi,Belarus,53.415981,32.150848,,0,1,http://www.yahadmap.org/en/miloslavichi-mogilev-belarus/village-649
650,khotovizh-mogilev-belarus,Khotovizh,Belarus,53.440929,32.004631,,0,1,http://www.yahadmap.org/en/khotovizh-mogilev-belarus/village-650
651,sidorovka-mogilev-belarus,Sidorovka,Belarus,53.209949,31.209169,,0,1,http://www.yahadmap.org/en/sidorovka-mogilev-belarus/village-651
663,vereshchaki-former-jewish-kolkhoz-mogilev-belarus,Vereshchaki (former Jewish kolkhoz),Belarus,54.240002,30.548790,,0,1,http://www.yahadmap.org/en/vereshchaki-former-jewish-kolkhoz-mogilev-belarus/village-663
664,gorki-mogilev-belarus,Gorki,Belarus,54.185539,30.599489,,0,2,http://www.yahadmap.org/en/gorki-mogilev-belarus/village-664
666,putniki-mogilev-belarus,Putniki,Belarus,54.115601,30.218290,,0,1,http://www.yahadmap.org/en/putniki-mogilev-belarus/village-666
668,staroselye-mogilev-belarus,Staroselye,Belarus,54.184731,30.073290,,0,1,http://www.yahadmap.org/en/staroselye-mogilev-belarus/village-668
669,cherikov-mogilev-belarus,Cherikov,Belarus,53.358299,31.246340,,0,1,http://www.yahadmap.org/en/cherikov-mogilev-belarus/village-669
670,slavgorod-slavgrad-slawharad-mogilev-belarus,"Slavgorod (Slavgrad, Slawharad)",Belarus,53.257500,30.594709,,0,1,http://www.yahadmap.org/en/slavgorod-slavgrad-slawharad-mogilev-belarus/village-670
671,voronino-mogilev-belarus,Voronino,Belarus,53.317440,30.198120,,0,2,http://www.yahadmap.org/en/voronino-mogilev-belarus/village-671
672,bykhov-mogilev-belarus,Bykhov,Belarus,53.298012,30.148470,,0,1,http://www.yahadmap.org/en/bykhov-mogilev-belarus/village-672
673,novosolki-minsk-belarus,Novosolki,Belarus,53.508709,29.056801,,0,1,http://www.yahadmap.org/en/novosolki-minsk-belarus/village-673
675,tarashcha-kyiv-ukraine,Tarashcha,Ukraine,49.330002,30.290001,,0,2,http://www.yahadmap.org/en/tarashcha-kyiv-ukraine/village-675
676,radomyshl-zhytomyr-ukraine,Radomyshl,Ukraine,50.302052,29.126249,,0,1,http://www.yahadmap.org/en/radomyshl-zhytomyr-ukraine/village-676
676,radomyshl-zhytomyr-ukraine,Radomyshl,Ukraine,50.288830,29.150490,,0,2,http://www.yahadmap.org/en/radomyshl-zhytomyr-ukraine/village-676
676,radomyshl-zhytomyr-ukraine,Radomyshl,Ukraine,50.288551,29.150921,,0,2,http://www.yahadmap.org/en/radomyshl-zhytomyr-ukraine/village-676
676,radomyshl-zhytomyr-ukraine,Radomyshl,Ukraine,50.288830,29.151030,,0,2,http://www.yahadmap.org/en/radomyshl-zhytomyr-ukraine/village-676
676,radomyshl-zhytomyr-ukraine,Radomyshl,Ukraine,50.288639,29.151011,,0,2,http://www.yahadmap.org/en/radomyshl-zhytomyr-ukraine/village-676
678,vidukl-vidukle-kaunas-lithuania,Viduklė (Vidukle),Lithuania,55.249100,22.509560,,0,1,http://www.yahadmap.org/en/vidukl-vidukle-kaunas-lithuania/village-678
680,agar-zhager-zhagare-scaron-iauliai-lithuania,"Žagarė (Zhager, Zhagare)",Lithuania,56.216862,23.164970,,0,2,http://www.yahadmap.org/en/agar-zhager-zhagare-scaron-iauliai-lithuania/village-680
682,bubiai-scaron-iauliai-lithuania,Bubiai,Lithuania,55.515961,23.078550,,0,2,http://www.yahadmap.org/en/bubiai-scaron-iauliai-lithuania/village-682
683,bazilionai-scaron-iauliai-lithuania,Bazilionai,Lithuania,55.487541,23.076891,,0,1,http://www.yahadmap.org/en/bazilionai-scaron-iauliai-lithuania/village-683
684,kur-scaron-nai-kurshan-kurshany-scaron-iauliai-lithuania,"Kuršėnai (Kurshan, Kurshany)",Lithuania,55.596069,22.598780,,0,1,http://www.yahadmap.org/en/kur-scaron-nai-kurshan-kurshany-scaron-iauliai-lithuania/village-684
685,dvari-kai-scaron-iauliai-lithuania,Dvariūkai,Lithuania,56.051380,24.027491,,0,1,http://www.yahadmap.org/en/dvari-kai-scaron-iauliai-lithuania/village-685
686,kolo-ko-o-greater-poland-poland,Kolo (Koło),Poland,52.116291,18.377729,,0,1,http://www.yahadmap.org/en/kolo-ko-o-greater-poland-poland/village-686
687,ia-i-yas-jassy-iassy-iassi-ia-i-romania,"Iași (Yas, Jassy, Iassy, Iassi)",Romania,47.106319,27.322950,,0,2,http://www.yahadmap.org/en/ia-i-yas-jassy-iassy-iassi-ia-i-romania/village-687
687,ia-i-yas-jassy-iassy-iassi-ia-i-romania,"Iași (Yas, Jassy, Iassy, Iassi)",Romania,47.106300,27.322910,,0,1,http://www.yahadmap.org/en/ia-i-yas-jassy-iassy-iassi-ia-i-romania/village-687
688,t-rgu-frumos-tirgu-frumos-tergu-ia-i-romania,"Tȃrgu Frumos (Tîrgu Frumos, Tergu)",Romania,47.118900,26.599300,,0,2,http://www.yahadmap.org/en/t-rgu-frumos-tirgu-frumos-tergu-ia-i-romania/village-688
689,krucha-mogilev-belarus,Krucha,Belarus,54.142399,29.325520,,0,1,http://www.yahadmap.org/en/krucha-mogilev-belarus/village-689
690,krugloye-krugloe-mogilev-belarus,Krugloye (Krugloe),Belarus,54.140999,29.475760,,0,1,http://www.yahadmap.org/en/krugloye-krugloe-mogilev-belarus/village-690
691,berezino-minsk-belarus,Berezino,Belarus,53.504280,28.588051,,0,2,http://www.yahadmap.org/en/berezino-minsk-belarus/village-691
425,mogilev-moguilev-mahilyow-mogilev-belarus,"Mogilev (Moguilev, Mahilyow)",Belarus,53.529060,30.260229,,0,3,http://www.yahadmap.org/en/mogilev-moguilev-mahilyow-mogilev-belarus/village-425
425,mogilev-moguilev-mahilyow-mogilev-belarus,"Mogilev (Moguilev, Mahilyow)",Belarus,53.531330,30.264851,,0,3,http://www.yahadmap.org/en/mogilev-moguilev-mahilyow-mogilev-belarus/village-425
692,zaverezhye-zaverezhje-zaverezh-je-mogilev-belarus,"Zaverezhye (Zaverezhje, Zaverezh'je)",Belarus,53.494492,30.032930,,0,1,http://www.yahadmap.org/en/zaverezhye-zaverezhje-zaverezh-je-mogilev-belarus/village-692
693,sapezhinka-mogilev-belarus,Sapezhinka,Belarus,53.324669,30.149040,,0,1,http://www.yahadmap.org/en/sapezhinka-mogilev-belarus/village-693
694,poplavy-klichev-mogilev-belarus,Poplavy (Klichev),Belarus,53.298141,29.230000,,0,1,http://www.yahadmap.org/en/poplavy-klichev-mogilev-belarus/village-694
695,osipovichi-asipovichi-mogilev-belarus,Osipovichi (Asipovichi),Belarus,53.172829,28.390280,,0,1,http://www.yahadmap.org/en/osipovichi-asipovichi-mogilev-belarus/village-695
696,krynka-mogilev-belarus,Krynka,Belarus,53.131439,28.231730,,0,1,http://www.yahadmap.org/en/krynka-mogilev-belarus/village-696
696,krynka-mogilev-belarus,Krynka,Belarus,53.138771,28.222281,,0,1,http://www.yahadmap.org/en/krynka-mogilev-belarus/village-696
697,daraganovo-darahanava-mogilev-belarus,Daraganovo (Darahanava ),Belarus,53.107208,28.299339,,0,1,http://www.yahadmap.org/en/daraganovo-darahanava-mogilev-belarus/village-697
698,talka-minsk-belarus,Talka,Belarus,53.218479,28.216869,,0,1,http://www.yahadmap.org/en/talka-minsk-belarus/village-698
699,lapichi-mogilev-belarus,Lapichi,Belarus,53.255840,28.330339,,0,1,http://www.yahadmap.org/en/lapichi-mogilev-belarus/village-699
699,lapichi-mogilev-belarus,Lapichi,Belarus,53.253132,28.293619,,0,1,http://www.yahadmap.org/en/lapichi-mogilev-belarus/village-699
700,bobruisk-babruisk-bobruysk-kamenka-mogilev-belarus,"Bobruisk (Babruisk, Bobruysk, Kamenka)",Belarus,53.101009,29.124411,,0,3,http://www.yahadmap.org/en/bobruisk-babruisk-bobruysk-kamenka-mogilev-belarus/village-700
702,grodzianka-mogilev-belarus,Grodzianka,Belarus,53.320259,28.442101,,0,1,http://www.yahadmap.org/en/grodzianka-mogilev-belarus/village-702
702,grodzianka-mogilev-belarus,Grodzianka,Belarus,53.328400,28.444880,,0,1,http://www.yahadmap.org/en/grodzianka-mogilev-belarus/village-702
703,lipen-former-kholui-mogilev-belarus,Lipen (former Kholui),Belarus,53.247181,28.499121,,0,1,http://www.yahadmap.org/en/lipen-former-kholui-mogilev-belarus/village-703
705,lyubonichi-mogilev-belarus,Lyubonichi,Belarus,53.151348,29.142700,,0,1,http://www.yahadmap.org/en/lyubonichi-mogilev-belarus/village-705
706,batsevichi-mogilev-belarus,Batsevichi,Belarus,53.248699,29.146391,,0,1,http://www.yahadmap.org/en/batsevichi-mogilev-belarus/village-706
132,kortelisy-volyn-ukraine,Kortelisy,Ukraine,51.512508,24.258120,,0,2,http://www.yahadmap.org/en/kortelisy-volyn-ukraine/village-132
193,netishyn-neteshin-khmelnytskyi-ukraine,Netishyn (Neteshin),Ukraine,50.209949,26.386560,,0,2,http://www.yahadmap.org/en/netishyn-neteshin-khmelnytskyi-ukraine/village-193
101,ivanopil-ivanopol-ianushpol-yanushpol-januschpol-zhytomyr-ukraine,"Ivanopil (Ivanopol, Ianushpol, Yanushpol, Januschpol)",Ukraine,49.507839,28.139919,,0,2,http://www.yahadmap.org/en/ivanopil-ivanopol-ianushpol-yanushpol-januschpol-zhytomyr-ukraine/village-101
131,korostyshiv-korostyshev-zhytomyr-ukraine,Korostyshiv (Korostyshev),Ukraine,50.191601,29.040430,,0,1,http://www.yahadmap.org/en/korostyshiv-korostyshev-zhytomyr-ukraine/village-131
131,korostyshiv-korostyshev-zhytomyr-ukraine,Korostyshiv (Korostyshev),Ukraine,50.183281,29.037540,,0,2,http://www.yahadmap.org/en/korostyshiv-korostyshev-zhytomyr-ukraine/village-131
708,mykhailivka-michajlowka-vinnytsia-ukraine,Mykhailivka (Michajlowka),Ukraine,48.501331,29.339809,,0,1,http://www.yahadmap.org/en/mykhailivka-michajlowka-vinnytsia-ukraine/village-708
710,nova-vyzhva-volyn-ukraine,Nova Vyzhva,Ukraine,51.259930,24.231689,,0,1,http://www.yahadmap.org/en/nova-vyzhva-volyn-ukraine/village-710
711,kozlynychi-rivne-ukraine,Kozlynychi,Ukraine,51.124920,25.222799,,0,1,http://www.yahadmap.org/en/kozlynychi-rivne-ukraine/village-711
712,smidyn-volyn-ukraine,Smidyn,Ukraine,51.175758,24.215210,,0,1,http://www.yahadmap.org/en/smidyn-volyn-ukraine/village-712
713,lisnyaky-volyn-ukraine,Lisnyaky,Ukraine,51.211800,24.252199,,0,1,http://www.yahadmap.org/en/lisnyaky-volyn-ukraine/village-713
714,pereslavychi-former-kuchkiv-volyn-ukraine,Pereslavychi (former Kuchkiv),Ukraine,50.356079,24.305679,,0,1,http://www.yahadmap.org/en/pereslavychi-former-kuchkiv-volyn-ukraine/village-714
714,pereslavychi-former-kuchkiv-volyn-ukraine,Pereslavychi (former Kuchkiv),Ukraine,50.363129,24.309990,,0,1,http://www.yahadmap.org/en/pereslavychi-former-kuchkiv-volyn-ukraine/village-714
715,olyka-olika-volyn-ukraine,Olyka (Olika),Ukraine,50.433571,25.476589,,0,2,http://www.yahadmap.org/en/olyka-olika-volyn-ukraine/village-715
715,olyka-olika-volyn-ukraine,Olyka (Olika),Ukraine,50.429970,25.479361,,0,2,http://www.yahadmap.org/en/olyka-olika-volyn-ukraine/village-715
716,zdolbuniv-zdolbunov-zdolbunow-rivne-ukraine,"Zdolbuniv (Zdolbunov, Zdolbunow)",Ukraine,50.310909,26.168030,,0,2,http://www.yahadmap.org/en/zdolbuniv-zdolbunov-zdolbunow-rivne-ukraine/village-716
717,brody-lviv-ukraine,Brody,Ukraine,50.061241,25.084261,,0,2,http://www.yahadmap.org/en/brody-lviv-ukraine/village-717
718,radyvyliv-radzivilov-radziwillow-rivne-ukraine,"Radyvyliv (Radzivilov, Radziwillow)",Ukraine,50.065418,25.150841,,0,2,http://www.yahadmap.org/en/radyvyliv-radzivilov-radziwillow-rivne-ukraine/village-718
718,radyvyliv-radzivilov-radziwillow-rivne-ukraine,"Radyvyliv (Radzivilov, Radziwillow)",Ukraine,50.065529,25.163509,,0,1,http://www.yahadmap.org/en/radyvyliv-radzivilov-radziwillow-rivne-ukraine/village-718
718,radyvyliv-radzivilov-radziwillow-rivne-ukraine,"Radyvyliv (Radzivilov, Radziwillow)",Ukraine,50.076141,25.150080,,0,1,http://www.yahadmap.org/en/radyvyliv-radzivilov-radziwillow-rivne-ukraine/village-718
718,radyvyliv-radzivilov-radziwillow-rivne-ukraine,"Radyvyliv (Radzivilov, Radziwillow)",Ukraine,50.075340,25.151600,,0,1,http://www.yahadmap.org/en/radyvyliv-radzivilov-radziwillow-rivne-ukraine/village-718
719,kostopil-kostopol-rivne-ukraine,Kostopil (Kostopol),Ukraine,50.535938,26.272591,,0,2,http://www.yahadmap.org/en/kostopil-kostopol-rivne-ukraine/village-719
720,shepetivka-shepetovka-khmelnytskyi-ukraine,Shepetivka (Shepetovka),Ukraine,50.119091,27.020241,,0,2,http://www.yahadmap.org/en/shepetivka-shepetovka-khmelnytskyi-ukraine/village-720
721,shumsk-szumsk-ternopil-ukraine,Shumsk (Szumsk),Ukraine,50.068958,26.064100,,0,2,http://www.yahadmap.org/en/shumsk-szumsk-ternopil-ukraine/village-721
723,lisopil-rivne-ukraine,Lisopil,Ukraine,50.498798,26.275299,,0,1,http://www.yahadmap.org/en/lisopil-rivne-ukraine/village-723
724,berezne-berezno-rivne-ukraine,Berezne (Berezno),Ukraine,51.004452,26.446150,,0,2,http://www.yahadmap.org/en/berezne-berezno-rivne-ukraine/village-724
725,rafalivka-rafalovka-rivne-ukraine,Rafalivka (Rafalovka),Ukraine,51.196049,25.588680,,0,2,http://www.yahadmap.org/en/rafalivka-rafalovka-rivne-ukraine/village-725
726,dubrovytsia-dubrovitsa-dombrovitza-dabrowica-rivne-ukraine,"Dubrovytsia (Dubrovitsa, Dombrovitza, Dabrowica)",Ukraine,51.351299,26.332970,,0,2,http://www.yahadmap.org/en/dubrovytsia-dubrovitsa-dombrovitza-dabrowica-rivne-ukraine/village-726
727,lyubar-liubar-zhytomyr-ukraine,Lyubar (Liubar),Ukraine,49.564178,27.483101,,0,1,http://www.yahadmap.org/en/lyubar-liubar-zhytomyr-ukraine/village-727
727,lyubar-liubar-zhytomyr-ukraine,Lyubar (Liubar),Ukraine,49.569511,27.436790,,0,2,http://www.yahadmap.org/en/lyubar-liubar-zhytomyr-ukraine/village-727
729,pyatka-piatka-zhytomyr-ukraine,Pyatka (Piatka),Ukraine,50.016258,28.225361,,0,1,http://www.yahadmap.org/en/pyatka-piatka-zhytomyr-ukraine/village-729
730,krasnopil-zhytomyr-ukraine,Krasnopil,Ukraine,49.496811,28.038231,,0,1,http://www.yahadmap.org/en/krasnopil-zhytomyr-ukraine/village-730
731,chudniv-chudnov-cudnow-tschudnow-zhytomyr-ukraine,"Chudniv (Chudnov, Cudnow, Tschudnow)",Ukraine,50.039169,28.059641,,0,2,http://www.yahadmap.org/en/chudniv-chudnov-cudnow-tschudnow-zhytomyr-ukraine/village-731
731,chudniv-chudnov-cudnow-tschudnow-zhytomyr-ukraine,"Chudniv (Chudnov, Cudnow, Tschudnow)",Ukraine,50.025612,28.068569,,0,2,http://www.yahadmap.org/en/chudniv-chudnov-cudnow-tschudnow-zhytomyr-ukraine/village-731
732,pavoloch-pavalich-povoloch-pawolotsch-zhytomyr-ukraine,"Pavoloch (Pavalich, Povoloch, Pawolotsch)",Ukraine,49.524948,29.269541,,0,2,http://www.yahadmap.org/en/pavoloch-pavalich-povoloch-pawolotsch-zhytomyr-ukraine/village-732
733,vidrodzhennya-zhytomyr-ukraine,Vidrodzhennya,Ukraine,50.038540,29.212151,,0,1,http://www.yahadmap.org/en/vidrodzhennya-zhytomyr-ukraine/village-733
734,khodorkiv-hodorkiv-khodorkov-chodorkov-zhytomyr-ukraine,"Khodorkiv (Hodorkiv, Khodorkov, Chodorkov)",Ukraine,50.045280,29.183140,,0,1,http://www.yahadmap.org/en/khodorkiv-hodorkiv-khodorkov-chodorkov-zhytomyr-ukraine/village-734
735,stara-kotelnya-zhytomyr-ukraine,Stara Kotelnya,Ukraine,50.055660,28.590200,,0,2,http://www.yahadmap.org/en/stara-kotelnya-zhytomyr-ukraine/village-735
736,nova-kotelnya-zhytomyr-ukraine,Nova Kotelnya,Ukraine,50.061890,28.568159,,0,1,http://www.yahadmap.org/en/nova-kotelnya-zhytomyr-ukraine/village-736
737,chervone-chervonnoye-zhytomyr-ukraine,Chervone (Chervonnoye),Ukraine,49.564129,28.512461,,0,1,http://www.yahadmap.org/en/chervone-chervonnoye-zhytomyr-ukraine/village-737
737,chervone-chervonnoye-zhytomyr-ukraine,Chervone (Chervonnoye),Ukraine,49.562099,28.506109,,0,1,http://www.yahadmap.org/en/chervone-chervonnoye-zhytomyr-ukraine/village-737
738,ruzhyn-ruzhin-zhytomyr-ukraine,Ruzhyn (Ruzhin),Ukraine,49.416660,29.133789,,0,2,http://www.yahadmap.org/en/ruzhyn-ruzhin-zhytomyr-ukraine/village-738
738,ruzhyn-ruzhin-zhytomyr-ukraine,Ruzhyn (Ruzhin),Ukraine,49.437302,29.132950,,0,2,http://www.yahadmap.org/en/ruzhyn-ruzhin-zhytomyr-ukraine/village-738
739,bilylivka-belilovka-zhytomyr-ukraine,Bilylivka (Belilovka),Ukraine,49.422920,29.001030,,0,2,http://www.yahadmap.org/en/bilylivka-belilovka-zhytomyr-ukraine/village-739
740,volodarsk-volynskyi-zhytomyr-ukraine,Volodarsk-Volynskyi,Ukraine,50.364792,28.253500,,0,1,http://www.yahadmap.org/en/volodarsk-volynskyi-zhytomyr-ukraine/village-740
740,volodarsk-volynskyi-zhytomyr-ukraine,Volodarsk-Volynskyi,Ukraine,50.364819,28.252939,,0,2,http://www.yahadmap.org/en/volodarsk-volynskyi-zhytomyr-ukraine/village-740
740,volodarsk-volynskyi-zhytomyr-ukraine,Volodarsk-Volynskyi,Ukraine,50.360661,28.260250,,0,1,http://www.yahadmap.org/en/volodarsk-volynskyi-zhytomyr-ukraine/village-740
741,skvyra-kyiv-ukraine,Skvyra,Ukraine,49.445740,29.405830,,0,2,http://www.yahadmap.org/en/skvyra-kyiv-ukraine/village-741
742,pyatyhory-pyatigory-piatogory-piatohor-kyiv-ukraine,"Pyatyhory (Pyatigory, Piatogory, Piatohor)",Ukraine,49.200600,29.555630,,0,1,http://www.yahadmap.org/en/pyatyhory-pyatigory-piatogory-piatohor-kyiv-ukraine/village-742
742,pyatyhory-pyatigory-piatogory-piatohor-kyiv-ukraine,"Pyatyhory (Pyatigory, Piatogory, Piatohor)",Ukraine,49.213860,29.551750,,0,1,http://www.yahadmap.org/en/pyatyhory-pyatigory-piatogory-piatohor-kyiv-ukraine/village-742
743,rozkishna-kyiv-ukraine,Rozkishna,Ukraine,49.219440,30.098080,,0,1,http://www.yahadmap.org/en/rozkishna-kyiv-ukraine/village-743
744,zhashkiv-zhashkov-zaszkow-cherkasy-ukraine,"Zhashkiv (Zhashkov, Zaszkow)",Ukraine,49.160240,30.065580,,0,1,http://www.yahadmap.org/en/zhashkiv-zhashkov-zaszkow-cherkasy-ukraine/village-744
744,zhashkiv-zhashkov-zaszkow-cherkasy-ukraine,"Zhashkiv (Zhashkov, Zaszkow)",Ukraine,49.127110,30.124001,,0,1,http://www.yahadmap.org/en/zhashkiv-zhashkov-zaszkow-cherkasy-ukraine/village-744
744,zhashkiv-zhashkov-zaszkow-cherkasy-ukraine,"Zhashkiv (Zhashkov, Zaszkow)",Ukraine,49.160809,30.068649,,0,1,http://www.yahadmap.org/en/zhashkiv-zhashkov-zaszkow-cherkasy-ukraine/village-744
745,kivshovata-kovshevatoe-kovshevata-kyiv-ukraine,"Kivshovata (Kovshevatoe, Kovshevata)",Ukraine,49.287510,30.371990,,0,1,http://www.yahadmap.org/en/kivshovata-kovshevatoe-kovshevata-kyiv-ukraine/village-745
746,nyzhnyohirskyi-former-seytler-crimea-ukraine,Nyzhnyohirskyi (Former Seytler),Ukraine,45.258831,34.444050,,0,1,http://www.yahadmap.org/en/nyzhnyohirskyi-former-seytler-crimea-ukraine/village-746
746,nyzhnyohirskyi-former-seytler-crimea-ukraine,Nyzhnyohirskyi (Former Seytler),Ukraine,45.266048,34.446388,,0,2,http://www.yahadmap.org/en/nyzhnyohirskyi-former-seytler-crimea-ukraine/village-746
747,dzhankoy-crimea-ukraine,Dzhankoy,Ukraine,45.434319,34.243038,,0,1,http://www.yahadmap.org/en/dzhankoy-crimea-ukraine/village-747
750,staryi-krym-crimea-ukraine,Staryi Krym,Ukraine,45.019421,35.049728,,0,1,http://www.yahadmap.org/en/staryi-krym-crimea-ukraine/village-750
751,lysnivka-lesnovka-former-jewish-colony-gorepashnik-crimea-ukraine,Lysnivka (Lesnovka)/Former Jewish colony Gorepashnik,Ukraine,45.094460,33.382561,,0,1,http://www.yahadmap.org/en/lysnivka-lesnovka-former-jewish-colony-gorepashnik-crimea-ukraine/village-751
752,serebryanka-munus-yevreyskiy-former-jewish-colony-crimea-ukraine,"Serebryanka (Munus Yevreyskiy, former Jewish colony)",Ukraine,45.374142,33.306919,,0,1,http://www.yahadmap.org/en/serebryanka-munus-yevreyskiy-former-jewish-colony-crimea-ukraine/village-752
753,bakhchysaray-bakhchisaray-crimea-ukraine,Bakhchysaray (Bakhchisaray),Ukraine,44.457031,33.507309,,0,2,http://www.yahadmap.org/en/bakhchysaray-bakhchisaray-crimea-ukraine/village-753
753,bakhchysaray-bakhchisaray-crimea-ukraine,Bakhchysaray (Bakhchisaray),Ukraine,44.446041,33.515579,,0,2,http://www.yahadmap.org/en/bakhchysaray-bakhchisaray-crimea-ukraine/village-753
755,krasne-krasnoe-former-jewish-colony-ldquo-maksim-gorki-rdquo-crimea-ukraine,Krasne (Krasnoe)/ Former Jewish colony “Maksim Gorki”,Ukraine,45.081749,34.045872,,0,1,http://www.yahadmap.org/en/krasne-krasnoe-former-jewish-colony-ldquo-maksim-gorki-rdquo-crimea-ukraine/village-755
756,sverdlovske-sverdslovskoye-sverdlovka-crimea-ukraine,"Sverdlovske (Sverdslovskoye, Sverdlovka)",Ukraine,45.290810,33.562630,,0,1,http://www.yahadmap.org/en/sverdlovske-sverdslovskoye-sverdlovka-crimea-ukraine/village-756
757,sevastopol-sebastopol-crimea-ukraine,Sevastopol (Sebastopol),Ukraine,44.362598,33.286079,,0,2,http://www.yahadmap.org/en/sevastopol-sebastopol-crimea-ukraine/village-757
758,slovechne-slovechno-slaveshna-claweczno-zhytomyr-ukraine,"Slovechne (Slovechno, Slaveshna, Claweczno)",Ukraine,51.225990,28.217649,,0,1,http://www.yahadmap.org/en/slovechne-slovechno-slaveshna-claweczno-zhytomyr-ukraine/village-758
759,novi-velidnyky-vlednik-novyye-veledniki-wieledniki-zhytomyr-ukraine,"Novi Velidnyky (Vlednik, Novyye Veledniki, Wieledniki)",Ukraine,51.194752,28.280390,,0,1,http://www.yahadmap.org/en/novi-velidnyky-vlednik-novyye-veledniki-wieledniki-zhytomyr-ukraine/village-759
760,ovruch-owrucz-ovrutch-owrutsch-zhytomyr-ukraine,"Ovruch (Owrucz, Ovrutch Owrutsch)",Ukraine,51.199039,28.478180,,0,1,http://www.yahadmap.org/en/ovruch-owrucz-ovrutch-owrutsch-zhytomyr-ukraine/village-760
760,ovruch-owrucz-ovrutch-owrutsch-zhytomyr-ukraine,"Ovruch (Owrucz, Ovrutch Owrutsch)",Ukraine,51.188881,28.480360,,0,2,http://www.yahadmap.org/en/ovruch-owrucz-ovrutch-owrutsch-zhytomyr-ukraine/village-760
761,meleni-zhytomyr-ukraine,Meleni,Ukraine,50.497051,28.513309,,0,1,http://www.yahadmap.org/en/meleni-zhytomyr-ukraine/village-761
761,meleni-zhytomyr-ukraine,Meleni,Ukraine,50.491001,28.507441,,0,1,http://www.yahadmap.org/en/meleni-zhytomyr-ukraine/village-761
762,chopovychi-chepovychi-chopovichi-czopowicze-zhytomyr-ukraine,"Chopovychi (Chepovychi, Chopovichi, Czopowicze)",Ukraine,50.496880,28.572519,,0,1,http://www.yahadmap.org/en/chopovychi-chepovychi-chopovichi-czopowicze-zhytomyr-ukraine/village-762
763,ushomyr-ushomir-uszomierz-zhytomyr-ukraine,"Ushomyr (Ushomir, Uszomierz)",Ukraine,50.516159,28.277519,,0,1,http://www.yahadmap.org/en/ushomyr-ushomir-uszomierz-zhytomyr-ukraine/village-763
764,kupysche-zhytomyr-ukraine,Kupysche,Ukraine,50.585999,28.299959,,0,2,http://www.yahadmap.org/en/kupysche-zhytomyr-ukraine/village-764
765,barashi-barasze-zhytomyr-ukraine,Barashi (Barasze),Ukraine,50.438278,27.581760,,0,1,http://www.yahadmap.org/en/barashi-barasze-zhytomyr-ukraine/village-765
766,yemilchyne-zhytomyr-ukraine,Yemilchyne,Ukraine,50.520679,27.482630,,0,1,http://www.yahadmap.org/en/yemilchyne-zhytomyr-ukraine/village-766
767,serby-zhytomyr-ukraine,Serby,Ukraine,50.480751,27.441830,,0,1,http://www.yahadmap.org/en/serby-zhytomyr-ukraine/village-767
768,kozak-kazak-rivne-ukraine,Kozak (Kazak),Ukraine,50.414211,27.080400,,0,2,http://www.yahadmap.org/en/kozak-kazak-rivne-ukraine/village-768
769,yarun-zhytomyr-ukraine,Yarun,Ukraine,50.333790,27.284849,,0,2,http://www.yahadmap.org/en/yarun-zhytomyr-ukraine/village-769
770,rohachiv-rogachiv-rogachev-rohaczow-zhytomyr-ukraine,"Rohachiv (Rogachiv, Rogachev, Rohaczów)",Ukraine,50.250351,27.439260,,0,1,http://www.yahadmap.org/en/rohachiv-rogachiv-rogachev-rohaczow-zhytomyr-ukraine/village-770
770,rohachiv-rogachiv-rogachev-rohaczow-zhytomyr-ukraine,"Rohachiv (Rogachiv, Rogachev, Rohaczów)",Ukraine,50.243591,27.472759,,0,1,http://www.yahadmap.org/en/rohachiv-rogachiv-rogachev-rohaczow-zhytomyr-ukraine/village-770
771,kolodyanka-kolodianka-zhytomyr-ukraine,Kolodyanka (Kolodianka),Ukraine,50.255322,27.300261,,0,1,http://www.yahadmap.org/en/kolodyanka-kolodianka-zhytomyr-ukraine/village-771
771,kolodyanka-kolodianka-zhytomyr-ukraine,Kolodyanka (Kolodianka),Ukraine,50.256699,27.298691,,0,1,http://www.yahadmap.org/en/kolodyanka-kolodianka-zhytomyr-ukraine/village-771
772,baranivka-baranovka-zhytomyr-ukraine,Baranivka (Baranovka),Ukraine,50.190910,27.409470,,0,1,http://www.yahadmap.org/en/baranivka-baranovka-zhytomyr-ukraine/village-772
773,yosypivka-zhytomyr-ukraine,Yosypivka,Ukraine,50.194569,27.346069,,0,1,http://www.yahadmap.org/en/yosypivka-zhytomyr-ukraine/village-773
774,dubrivka-zhytomyr-ukraine,Dubrivka,Ukraine,50.207668,27.241631,,0,1,http://www.yahadmap.org/en/dubrivka-zhytomyr-ukraine/village-774
775,hlybochok-glybochok-glubochek-zhytomyr-ukraine,"Hlybochok (Glybochok, Glubochek)",Ukraine,50.128891,27.383829,,0,1,http://www.yahadmap.org/en/hlybochok-glybochok-glubochek-zhytomyr-ukraine/village-775
775,hlybochok-glybochok-glubochek-zhytomyr-ukraine,"Hlybochok (Glybochok, Glubochek)",Ukraine,50.126469,27.372120,,0,1,http://www.yahadmap.org/en/hlybochok-glybochok-glubochek-zhytomyr-ukraine/village-775
776,poninka-paninka-khmelnytskyi-ukraine,Poninka (Paninka),Ukraine,50.103409,27.336479,,0,2,http://www.yahadmap.org/en/poninka-paninka-khmelnytskyi-ukraine/village-776
776,poninka-paninka-khmelnytskyi-ukraine,Poninka (Paninka),Ukraine,50.102371,27.327169,,0,2,http://www.yahadmap.org/en/poninka-paninka-khmelnytskyi-ukraine/village-776
778,povchyne-korets-rivne-ukraine,Povchyne (Korets),Ukraine,50.375160,27.120480,,0,1,http://www.yahadmap.org/en/povchyne-korets-rivne-ukraine/village-778
779,sosnove-former-ludvipol-ludwipol-ljudwipol-rivne-ukraine,"Sosnove (former Ludvipol, Ludwipol, Ljudwipol)",Ukraine,50.501801,27.008829,,0,2,http://www.yahadmap.org/en/sosnove-former-ludvipol-ludwipol-ljudwipol-rivne-ukraine/village-779
779,sosnove-former-ludvipol-ludwipol-ljudwipol-rivne-ukraine,"Sosnove (former Ludvipol, Ludwipol, Ljudwipol)",Ukraine,50.495628,26.598949,,0,1,http://www.yahadmap.org/en/sosnove-former-ludvipol-ludwipol-ljudwipol-rivne-ukraine/village-779
779,sosnove-former-ludvipol-ludwipol-ljudwipol-rivne-ukraine,"Sosnove (former Ludvipol, Ludwipol, Ljudwipol)",Ukraine,50.496559,26.597281,,0,1,http://www.yahadmap.org/en/sosnove-former-ludvipol-ludwipol-ljudwipol-rivne-ukraine/village-779
780,horodnytsya-gorodnytsya-gorodnitsa-horodnitza-horodnica-zhytomyr-ukraine,"Horodnytsya (Gorodnytsya, Gorodnitsa, Horodnitza, Horodnica)",Ukraine,50.482368,27.183990,,0,1,http://www.yahadmap.org/en/horodnytsya-gorodnytsya-gorodnitsa-horodnitza-horodnica-zhytomyr-ukraine/village-780
780,horodnytsya-gorodnytsya-gorodnitsa-horodnitza-horodnica-zhytomyr-ukraine,"Horodnytsya (Gorodnytsya, Gorodnitsa, Horodnitza, Horodnica)",Ukraine,50.477959,27.202150,,0,1,http://www.yahadmap.org/en/horodnytsya-gorodnytsya-gorodnitsa-horodnitza-horodnica-zhytomyr-ukraine/village-780
782,kamyanyi-brid-kamennyy-brod-kameny-brod-kamennobrod-zhytomyr-ukraine,"Kamyanyi Brid (Kamennyy Brod, Kameny Brod, Kamennobrod)",Ukraine,50.251308,27.511530,,0,1,http://www.yahadmap.org/en/kamyanyi-brid-kamennyy-brod-kameny-brod-kamennobrod-zhytomyr-ukraine/village-782
782,kamyanyi-brid-kamennyy-brod-kameny-brod-kamennobrod-zhytomyr-ukraine,"Kamyanyi Brid (Kamennyy Brod, Kameny Brod, Kamennobrod)",Ukraine,50.250702,27.509621,,0,1,http://www.yahadmap.org/en/kamyanyi-brid-kamennyy-brod-kameny-brod-kamennobrod-zhytomyr-ukraine/village-782
783,pravieni-scaron-k-s-praveniskiu-prawienischken-kaunas-lithuania,"Pravieniškės (Praveniskiu, Prawienischken)",Lithuania,54.555050,24.125681,,0,1,http://www.yahadmap.org/en/pravieni-scaron-k-s-praveniskiu-prawienischken-kaunas-lithuania/village-783
784,semeli-scaron-k-s-vilnius-lithuania,Semeliškės,Lithuania,54.401829,24.402349,,0,2,http://www.yahadmap.org/en/semeli-scaron-k-s-vilnius-lithuania/village-784
785,trakai-troki-trok-vilnius-lithuania,"Trakai (Troki, Trok)",Lithuania,54.385971,24.574051,,0,2,http://www.yahadmap.org/en/trakai-troki-trok-vilnius-lithuania/village-785
,,Žiuriai,Lithuania,56.212311,23.113897,,1,1,
,,Menčiai,Lithuania,56.156551,22.546940,,1,1,
789,padubysis-scaron-iauliai-lithuania,Padubysis,Lithuania,55.339920,23.040030,,0,1,http://www.yahadmap.org/en/padubysis-scaron-iauliai-lithuania/village-789
790,u-ventis-scaron-iauliai-lithuania,Užventis,Lithuania,55.462509,22.403629,,0,1,http://www.yahadmap.org/en/u-ventis-scaron-iauliai-lithuania/village-790
791,paneriai-ponary-vilnius-vilnius-lithuania,Paneriai (Ponary)/Vilnius,Lithuania,54.375259,25.098150,,0,3,http://www.yahadmap.org/en/paneriai-ponary-vilnius-vilnius-lithuania/village-791
791,paneriai-ponary-vilnius-vilnius-lithuania,Paneriai (Ponary)/Vilnius,Lithuania,54.375019,25.097521,,0,3,http://www.yahadmap.org/en/paneriai-ponary-vilnius-vilnius-lithuania/village-791
791,paneriai-ponary-vilnius-vilnius-lithuania,Paneriai (Ponary)/Vilnius,Lithuania,54.375301,25.096560,,0,3,http://www.yahadmap.org/en/paneriai-ponary-vilnius-vilnius-lithuania/village-791
793,kleczew-greater-poland-voivodeship-poland,Kleczew,Poland,52.211231,18.100269,,0,2,http://www.yahadmap.org/en/kleczew-greater-poland-voivodeship-poland/village-793
794,biecz-baych-baytsh-beitsch-lesser-poland-voivodeship-poland,"Biecz (Baych, Baytsh, Beitsch)",Poland,49.441429,21.150110,,0,1,http://www.yahadmap.org/en/biecz-baych-baytsh-beitsch-lesser-poland-voivodeship-poland/village-794
795,bobowa-lesser-poland-voivodeship-poland,Bobowa,Poland,49.420269,20.563761,,0,1,http://www.yahadmap.org/en/bobowa-lesser-poland-voivodeship-poland/village-795
796,stro-owka-lesser-poland-voivodeship-poland,Stróżowka,Poland,49.411110,21.080730,,0,2,http://www.yahadmap.org/en/stro-owka-lesser-poland-voivodeship-poland/village-796
797,gorlice-lesser-poland-voivodeship-poland,Gorlice,Poland,49.397530,21.088848,,0,1,http://www.yahadmap.org/en/gorlice-lesser-poland-voivodeship-poland/village-797
798,bia-a-ni-na-biala-nizna-lesser-poland-poland,Biała Niżna (Biala Nizna),Poland,49.364399,20.587420,,0,1,http://www.yahadmap.org/en/bia-a-ni-na-biala-nizna-lesser-poland-poland/village-798
799,warzyce-subcarpathian-voivodeship-poland,Warzyce,Poland,49.465019,21.331209,,0,2,http://www.yahadmap.org/en/warzyce-subcarpathian-voivodeship-poland/village-799
,,Szebnie,Poland,49.393169,20.403990,,1,1,
801,rdziostow-lesser-poland-voivodeship-poland,Rdziostów,Poland,49.393211,20.403521,,0,2,http://www.yahadmap.org/en/rdziostow-lesser-poland-voivodeship-poland/village-801
802,limanowa-lesser-poland-voivodeship-poland,Limanowa,Poland,49.427341,20.255270,,0,1,http://www.yahadmap.org/en/limanowa-lesser-poland-voivodeship-poland/village-802
803,d-browa-tarnowska-lesser-poland-voivodeship-poland,Dąbrowa Tarnowska,Poland,50.105949,20.592840,,0,1,http://www.yahadmap.org/en/d-browa-tarnowska-lesser-poland-voivodeship-poland/village-803
804,abno-lesser-poland-poland,Żabno,Poland,50.084301,20.534281,,0,1,http://www.yahadmap.org/en/abno-lesser-poland-poland/village-804
805,tuchow-tuchow-lesser-poland-poland,Tuchów (Tuchow),Poland,49.540352,21.023340,,0,1,http://www.yahadmap.org/en/tuchow-tuchow-lesser-poland-poland/village-805
806,zbylitowska-gora-little-poland-poland,Zbylitowska Góra,Poland,49.590900,20.539789,,0,1,http://www.yahadmap.org/en/zbylitowska-gora-little-poland-poland/village-806
807,bochnia-lesser-poland-voivodeship-poland,Bochnia,Poland,49.582748,20.262569,,0,1,http://www.yahadmap.org/en/bochnia-lesser-poland-voivodeship-poland/village-807
808,brzesko-lesser-poland-voivodeship-poland,Brzesko,Poland,49.584770,20.363609,,0,1,http://www.yahadmap.org/en/brzesko-lesser-poland-voivodeship-poland/village-808
809,wieliczka-lesser-poland-voivodeship-poland,Wieliczka,Poland,49.586220,20.024830,,0,2,http://www.yahadmap.org/en/wieliczka-lesser-poland-voivodeship-poland/village-809
810,skawina-lesser-poland-poland,Skawina,Poland,49.581219,19.480379,,0,1,http://www.yahadmap.org/en/skawina-lesser-poland-poland/village-810
811,paw-ow-lublin-voivodeship-poland,Pawłów,Poland,51.084850,23.127331,,0,1,http://www.yahadmap.org/en/paw-ow-lublin-voivodeship-poland/village-811
812,orchowek-lublin-poland,Orchówek,Poland,51.312370,23.353001,,0,1,http://www.yahadmap.org/en/orchowek-lublin-poland/village-812
813,d-bow-lublin-poland,Dębów,Poland,51.393089,23.199551,,0,1,http://www.yahadmap.org/en/d-bow-lublin-poland/village-813
814,s-awatycze-lublin-poland,Sławatycze,Poland,51.458630,23.329990,,0,1,http://www.yahadmap.org/en/s-awatycze-lublin-poland/village-814
815,dubica-wisznice-lublin-poland,Dubica (Wisznice),Poland,51.479820,23.113350,,0,1,http://www.yahadmap.org/en/dubica-wisznice-lublin-poland/village-815
816,rozwadowka-lublin-poland,Rozwadówka,Poland,51.454430,23.167940,,0,1,http://www.yahadmap.org/en/rozwadowka-lublin-poland/village-816
817,yniew-lublin-poland,Łyniew,Poland,51.455608,23.138950,,0,1,http://www.yahadmap.org/en/yniew-lublin-poland/village-817
818,andrzejow-lublin-poland,Andrzejów,Poland,51.231178,23.139879,,0,1,http://www.yahadmap.org/en/andrzejow-lublin-poland/village-818
819,wereszczyn-lublin-poland,Wereszczyn,Poland,51.216660,23.135420,,0,1,http://www.yahadmap.org/en/wereszczyn-lublin-poland/village-819
820,wierszczow-lublin-poland,Świerszczów,Poland,51.198059,23.119789,,0,1,http://www.yahadmap.org/en/wierszczow-lublin-poland/village-820
821,adampol-adampol-kolonia-lublin-voivodeship-poland,Adampol (Adampol Kolonia),Poland,51.332878,23.275431,,0,1,http://www.yahadmap.org/en/adampol-adampol-kolonia-lublin-voivodeship-poland/village-821
821,adampol-adampol-kolonia-lublin-voivodeship-poland,Adampol (Adampol Kolonia),Poland,51.329491,23.279160,,0,1,http://www.yahadmap.org/en/adampol-adampol-kolonia-lublin-voivodeship-poland/village-821
821,adampol-adampol-kolonia-lublin-voivodeship-poland,Adampol (Adampol Kolonia),Poland,51.326591,23.275330,,0,1,http://www.yahadmap.org/en/adampol-adampol-kolonia-lublin-voivodeship-poland/village-821
822,d-bowiec-urszulin-lublin-poland,Dębowiec/Urszulin,Poland,51.237991,23.108870,,0,1,http://www.yahadmap.org/en/d-bowiec-urszulin-lublin-poland/village-822
823,urszulin-lublin-poland,Urszulin,Poland,51.235519,23.118160,,0,1,http://www.yahadmap.org/en/urszulin-lublin-poland/village-823
824,ocho-a-lublin-poland,Ochoża,Poland,51.325249,22.567051,,0,1,http://www.yahadmap.org/en/ocho-a-lublin-poland/village-824
825,czna-leczna-lublin-voivodship-poland,Łęczna (Leczna),Poland,51.167278,22.519501,,0,1,http://www.yahadmap.org/en/czna-leczna-lublin-voivodship-poland/village-825
825,czna-leczna-lublin-voivodship-poland,Łęczna (Leczna),Poland,51.184292,22.527330,,0,1,http://www.yahadmap.org/en/czna-leczna-lublin-voivodship-poland/village-825
825,czna-leczna-lublin-voivodship-poland,Łęczna (Leczna),Poland,51.184219,22.530109,,0,2,http://www.yahadmap.org/en/czna-leczna-lublin-voivodship-poland/village-825
826,ostrow-lubelski-lublin-poland,Ostrów Lubelski,Poland,51.301392,22.512489,,0,1,http://www.yahadmap.org/en/ostrow-lubelski-lublin-poland/village-826
,,Pałęcznica Kolonia,Poland,51.299141,22.391150,,1,1,
828,ukow-lukov-lublin-voivodeship-poland,Łuków (Lukov),Poland,51.542549,22.230101,,0,1,http://www.yahadmap.org/en/ukow-lukov-lublin-voivodeship-poland/village-828
829,corjova-korzhevo-korzhovo-korzheva-dub-sari-moldova,"Corjova (Korzhevo, Korzhovo, Korzheva)",Moldova,47.174290,29.090450,,0,1,http://www.yahadmap.org/en/corjova-korzhevo-korzhovo-korzheva-dub-sari-moldova/village-829
830,dub-sari-dubasari-dubossar-dub-sari-moldova,"Dubăsari (Dubasari, Dubossar)",Moldova,47.162811,29.094391,,0,3,http://www.yahadmap.org/en/dub-sari-dubasari-dubossar-dub-sari-moldova/village-830
831,bender-tighina-tighina-moldova,Bender (Tighina),Moldova,46.500191,29.290154,,0,1,http://www.yahadmap.org/en/bender-tighina-tighina-moldova/village-831
832,ra-cov-rashkov-rashkovo-camenca-moldova,"Rașcov (Rashkov, Rashkovo)",Moldova,47.564919,28.501720,,0,2,http://www.yahadmap.org/en/ra-cov-rashkov-rashkovo-camenca-moldova/village-832
833,ol-ne-ti-olneshty-oleneshty-oleneshti-tefan-vod-moldova,"Olăneşti (Olneshty, Oleneshty, Oleneshti)",Moldova,46.283958,29.572050,,0,1,http://www.yahadmap.org/en/ol-ne-ti-olneshty-oleneshty-oleneshti-tefan-vod-moldova/village-833
834,ermoclia-yermoclia-tefan-vod-moldova,Ermoclia (Yermoclia),Moldova,46.351318,29.328779,,0,1,http://www.yahadmap.org/en/ermoclia-yermoclia-tefan-vod-moldova/village-834
835,marianca-de-sus-verkhniya-marianovka-c-u-eni-moldova,Marianca de Sus (Verkhniya Marianovka),Moldova,46.388821,29.188259,,0,1,http://www.yahadmap.org/en/marianca-de-sus-verkhniya-marianovka-c-u-eni-moldova/village-835
836,c-u-eni-causeni-kaushany-koshany-kaushen-c-u-eni-moldova,"Căuşeni (Causeni, Kaushany, Koshany, Kaushen)",Moldova,46.388939,29.245140,,0,1,http://www.yahadmap.org/en/c-u-eni-causeni-kaushany-koshany-kaushen-c-u-eni-moldova/village-836
837,hince-ti-hancesti-ganchesty-gincheshty-hince-ti-moldova,"Hîncești (Hancesti, Ganchesty, Gincheshty)",Moldova,46.500889,28.357969,,0,1,http://www.yahadmap.org/en/hince-ti-hancesti-ganchesty-gincheshty-hince-ti-moldova/village-837
838,ghidighici-chi-in-u-moldova,Ghidighici,Moldova,47.074699,28.463430,,0,1,http://www.yahadmap.org/en/ghidighici-chi-in-u-moldova/village-838
839,hinc-u-i-ginkautsi-ginkautsy-ghinc-u-i-edine-moldova,"Hîncăuţi (Ginkautsi, Ginkautsy, Ghincăuţi)",Moldova,48.170212,27.186609,,0,1,http://www.yahadmap.org/en/hinc-u-i-ginkautsi-ginkautsy-ghinc-u-i-edine-moldova/village-839
840,cepeleu-i-edine-moldova,Cepeleuţi,Moldova,48.188061,27.185730,,0,1,http://www.yahadmap.org/en/cepeleu-i-edine-moldova/village-840
840,cepeleu-i-edine-moldova,Cepeleuţi,Moldova,48.182968,27.192820,,0,1,http://www.yahadmap.org/en/cepeleu-i-edine-moldova/village-840
841,fintina-alb-fantana-alba-fyntyna-alba-edine-moldova,"Fîntîna Albă (Fantana Alba, Fyntyna Alba)",Moldova,48.097221,27.263870,,0,1,http://www.yahadmap.org/en/fintina-alb-fantana-alba-fyntyna-alba-edine-moldova/village-841
842,edine-edinitz-yedinetz-edinet-edine-moldova,"Edineț (Edinitz,Yedinetz, Edinet)",Moldova,48.092602,27.186359,,0,2,http://www.yahadmap.org/en/edine-edinitz-yedinetz-edinet-edine-moldova/village-842
843,sc-ieni-skayany-edine-moldova,Scăieni (Skayany),Moldova,48.101501,27.371309,,0,1,http://www.yahadmap.org/en/sc-ieni-skayany-edine-moldova/village-843
843,sc-ieni-skayany-edine-moldova,Scăieni (Skayany),Moldova,48.101379,27.371090,,0,1,http://www.yahadmap.org/en/sc-ieni-skayany-edine-moldova/village-843
844,z-briceni-zabrichany-edine-moldova,Zăbriceni (Zabrichany),Moldova,48.051029,27.139219,,0,1,http://www.yahadmap.org/en/z-briceni-zabrichany-edine-moldova/village-844
845,burl-ne-ti-edine-moldova,Burlăneşti,Moldova,48.051048,27.139231,,0,1,http://www.yahadmap.org/en/burl-ne-ti-edine-moldova/village-845
846,verejeni-ocni-a-moldova,Verejeni,Moldova,48.259201,27.366690,,0,1,http://www.yahadmap.org/en/verejeni-ocni-a-moldova/village-846
846,verejeni-ocni-a-moldova,Verejeni,Moldova,48.248501,27.368629,,0,1,http://www.yahadmap.org/en/verejeni-ocni-a-moldova/village-846
847,z-icani-ri-cani-moldova,Zăicani,Moldova,47.594330,27.214220,,0,1,http://www.yahadmap.org/en/z-icani-ri-cani-moldova/village-847
847,z-icani-ri-cani-moldova,Zăicani,Moldova,47.594711,27.210569,,0,1,http://www.yahadmap.org/en/z-icani-ri-cani-moldova/village-847
848,tirgul-vertiujeni-tergul-vertiujeni-flore-ti-moldova,Tîrgul-Vertiujeni (Tergul-Vertiujeni),Moldova,48.021870,28.324530,,0,1,http://www.yahadmap.org/en/tirgul-vertiujeni-tergul-vertiujeni-flore-ti-moldova/village-848
848,tirgul-vertiujeni-tergul-vertiujeni-flore-ti-moldova,Tîrgul-Vertiujeni (Tergul-Vertiujeni),Moldova,48.014542,28.318590,,0,1,http://www.yahadmap.org/en/tirgul-vertiujeni-tergul-vertiujeni-flore-ti-moldova/village-848
848,tirgul-vertiujeni-tergul-vertiujeni-flore-ti-moldova,Tîrgul-Vertiujeni (Tergul-Vertiujeni),Moldova,48.013840,28.317579,,0,1,http://www.yahadmap.org/en/tirgul-vertiujeni-tergul-vertiujeni-flore-ti-moldova/village-848
849,hirtop-flore-ti-moldova,Hirtop,Moldova,47.535740,28.270420,,0,1,http://www.yahadmap.org/en/hirtop-flore-ti-moldova/village-849
849,hirtop-flore-ti-moldova,Hirtop,Moldova,47.586048,28.272421,,0,1,http://www.yahadmap.org/en/hirtop-flore-ti-moldova/village-849
850,echim-u-i-yekimautsy-rezina-moldova,Echimăuţi (Yekimautsy),Moldova,47.410671,28.535500,,0,1,http://www.yahadmap.org/en/echim-u-i-yekimautsy-rezina-moldova/village-850
851,vadul-ra-cov-vad-rashkov-soldanesti-moldova,Vadul Raşcov (Vad-Rashkov),Moldova,47.563889,28.500080,,0,1,http://www.yahadmap.org/en/vadul-ra-cov-vad-rashkov-soldanesti-moldova/village-851
852,stolniceni-edine-moldova,Stolniceni,Moldova,48.019932,27.223459,,0,1,http://www.yahadmap.org/en/stolniceni-edine-moldova/village-852
852,stolniceni-edine-moldova,Stolniceni,Moldova,48.022961,27.243120,,0,1,http://www.yahadmap.org/en/stolniceni-edine-moldova/village-852
853,epilova-tepilova-soroca-moldova,Țepilova (Tepilova),Moldova,48.071011,28.142509,,0,1,http://www.yahadmap.org/en/epilova-tepilova-soroca-moldova/village-853
854,zguri-a-zguritsa-zgaritza-drochia-moldova,"Zgurița (Zguritsa, Zgaritza)",Moldova,48.076038,28.003220,,0,1,http://www.yahadmap.org/en/zguri-a-zguritsa-zgaritza-drochia-moldova/village-854
854,zguri-a-zguritsa-zgaritza-drochia-moldova,"Zgurița (Zguritsa, Zgaritza)",Moldova,48.074848,28.001751,,0,1,http://www.yahadmap.org/en/zguri-a-zguritsa-zgaritza-drochia-moldova/village-854
855,tarigrad-drochia-moldova,Tarigrad,Moldova,48.023560,27.449350,,0,1,http://www.yahadmap.org/en/tarigrad-drochia-moldova/village-855
856,porkhov-zapolyanye-pskov-russia,Porkhov (Zapolyanye),Russia,57.491039,29.398701,,0,2,http://www.yahadmap.org/en/porkhov-zapolyanye-pskov-russia/village-856
857,opochka-pskov-russia,Opochka,Russia,56.434639,28.384859,,0,1,http://www.yahadmap.org/en/opochka-pskov-russia/village-857
858,loknya-pskov-russia,Loknya,Russia,56.499851,30.081100,,0,1,http://www.yahadmap.org/en/loknya-pskov-russia/village-858
860,joni-scaron-kis-utena-lithuania,Joniškis,Lithuania,55.044220,25.400801,,0,1,http://www.yahadmap.org/en/joni-scaron-kis-utena-lithuania/village-860
861,pabrad-vilnius-lithuania,Pabradė,Lithuania,54.596191,25.460449,,0,1,http://www.yahadmap.org/en/pabrad-vilnius-lithuania/village-861
862,scaron-ven-ion-liai-vilnius-lithuania,Švenčionėliai,Lithuania,55.100079,25.585150,,0,2,http://www.yahadmap.org/en/scaron-ven-ion-liai-vilnius-lithuania/village-862
863,ja-scaron-i-nai-vilnius-lithuania,Jašiūnai,Lithuania,54.254292,25.183840,,0,1,http://www.yahadmap.org/en/ja-scaron-i-nai-vilnius-lithuania/village-863
864,kalveliai-vilnius-lithuania,Kalveliai,Lithuania,54.396580,25.421169,,0,1,http://www.yahadmap.org/en/kalveliai-vilnius-lithuania/village-864
,,Bezdonys ,Lithuania,54.473450,25.343420,,1,1,
,,Nemenčinė,Lithuania,54.499062,25.261490,,1,1,
867,cirkli-scaron-kis-cerkliszki-vilnius-lithuania,Cirkliškis (Cerkliszki),Lithuania,55.071339,26.076929,,0,1,http://www.yahadmap.org/en/cirkli-scaron-kis-cerkliszki-vilnius-lithuania/village-867
868,aduti-scaron-kis-formerly-goduti-scaron-ki-hoduciszki-goduzischki-vilnius-lithuania,"Adutiškis (formerly Godutiški, Hoduciszki, Goduzischki)",Lithuania,55.096611,26.359381,,0,1,http://www.yahadmap.org/en/aduti-scaron-kis-formerly-goduti-scaron-ki-hoduciszki-goduzischki-vilnius-lithuania/village-868
868,aduti-scaron-kis-formerly-goduti-scaron-ki-hoduciszki-goduzischki-vilnius-lithuania,"Adutiškis (formerly Godutiški, Hoduciszki, Goduzischki)",Lithuania,55.095871,26.367540,,0,1,http://www.yahadmap.org/en/aduti-scaron-kis-formerly-goduti-scaron-ki-hoduciszki-goduzischki-vilnius-lithuania/village-868
869,staj-ti-scaron-kis-stajeti-scaron-k-stojaciszki-shatayatsishok-vilnius-lithuania,"Stajėtiškis (Stajetiškė, Stojaciszki, Shatayatsishok)",Lithuania,55.107929,26.316860,,0,1,http://www.yahadmap.org/en/staj-ti-scaron-kis-stajeti-scaron-k-stojaciszki-shatayatsishok-vilnius-lithuania/village-869
869,staj-ti-scaron-kis-stajeti-scaron-k-stojaciszki-shatayatsishok-vilnius-lithuania,"Stajėtiškis (Stajetiškė, Stojaciszki, Shatayatsishok)",Lithuania,55.107269,26.315910,,0,1,http://www.yahadmap.org/en/staj-ti-scaron-kis-stajeti-scaron-k-stojaciszki-shatayatsishok-vilnius-lithuania/village-869
870,kaltan-nai-ko-tyniany-vilnius-lithuania,Kaltanėnai (Kołtyniany),Lithuania,55.156540,25.592030,,0,1,http://www.yahadmap.org/en/kaltan-nai-ko-tyniany-vilnius-lithuania/village-870
870,kaltan-nai-ko-tyniany-vilnius-lithuania,Kaltanėnai (Kołtyniany),Lithuania,55.143978,25.592119,,0,1,http://www.yahadmap.org/en/kaltan-nai-ko-tyniany-vilnius-lithuania/village-870
870,kaltan-nai-ko-tyniany-vilnius-lithuania,Kaltanėnai (Kołtyniany),Lithuania,55.142300,25.592760,,0,1,http://www.yahadmap.org/en/kaltan-nai-ko-tyniany-vilnius-lithuania/village-870
871,v-liu-ionys-vilnius-lithuania,Vėliučionys,Lithuania,54.399971,25.268801,,0,2,http://www.yahadmap.org/en/v-liu-ionys-vilnius-lithuania/village-871
,,Riešė,Lithuania,54.488029,25.205790,,1,2,
253,samary-volyn-ukraine,Samary,Ukraine,51.515442,24.371361,,0,1,http://www.yahadmap.org/en/samary-volyn-ukraine/village-253
305,tsuman-cuman-volyn-ukraine,Tsuman (Cuman),Ukraine,50.496021,25.527740,,0,1,http://www.yahadmap.org/en/tsuman-cuman-volyn-ukraine/village-305
305,tsuman-cuman-volyn-ukraine,Tsuman (Cuman),Ukraine,0.000000,0.000000,,0,1,http://www.yahadmap.org/en/tsuman-cuman-volyn-ukraine/village-305
,,Telenești,Moldova,47.307381,28.231260,,1,1,
876,ofrincani-shofrincani-edine-moldova,Șofrîncani (Shofrincani),Moldova,48.022961,27.243120,,0,1,http://www.yahadmap.org/en/ofrincani-shofrincani-edine-moldova/village-876
878,lyubcha-lubcza-lubtsh-grodno-belarus,"Lyubcha (Lubcza, Lubtsh)",Belarus,53.455669,26.022230,,0,1,http://www.yahadmap.org/en/lyubcha-lubcza-lubtsh-grodno-belarus/village-878
880,novogrudok-nowogrodek-novaredok-grodno-belarus,"Novogrudok (Nowogrodek, Novaredok)",Belarus,53.357052,25.499390,,0,1,http://www.yahadmap.org/en/novogrudok-nowogrodek-novaredok-grodno-belarus/village-880
881,slukhovichi-grodno-belarus,Slukhovichi,Belarus,53.372028,25.492430,,0,2,http://www.yahadmap.org/en/slukhovichi-grodno-belarus/village-881
882,belitsa-grodno-belarus,Belitsa,Belarus,53.389610,25.192070,,0,1,http://www.yahadmap.org/en/belitsa-grodno-belarus/village-882
883,voronovo-voronava-woronow-grodno-belarus,"Voronovo (Voronava, Woronów)",Belarus,54.093410,25.182100,,0,2,http://www.yahadmap.org/en/voronovo-voronava-woronow-grodno-belarus/village-883
883,voronovo-voronava-woronow-grodno-belarus,"Voronovo (Voronava, Woronów)",Belarus,54.084209,25.186510,,0,2,http://www.yahadmap.org/en/voronovo-voronava-woronow-grodno-belarus/village-883
884,radun-grodno-belarus,Radun,Belarus,54.027382,24.587761,,0,2,http://www.yahadmap.org/en/radun-grodno-belarus/village-884
885,zheludok-zaludok-o-udek-zholudok-grodno-belarus,"Zheludok (Zaludok, Żołudek, Zholudok)",Belarus,53.360222,24.595909,,0,2,http://www.yahadmap.org/en/zheludok-zaludok-o-udek-zholudok-grodno-belarus/village-885
886,vasilishki-vasilishok-wasiliszki-grodno-belarus,"Vasilishki (Vasilishok, Wasiliszki)",Belarus,53.471020,24.509939,,0,2,http://www.yahadmap.org/en/vasilishki-vasilishok-wasiliszki-grodno-belarus/village-886
887,lida-lyda-grodno-belarus,Lida (Lyda),Belarus,53.534698,25.150080,,0,2,http://www.yahadmap.org/en/lida-lyda-grodno-belarus/village-887
888,stanevichi-ivye-grodno-belarus,Stanevichi (Ivye),Belarus,53.556961,25.486759,,0,2,http://www.yahadmap.org/en/stanevichi-ivye-grodno-belarus/village-888
889,valozhyn-volozhin-valozhyn-wolozyn-minsk-belarus,"Valozhyn  (Volozhin, Valozhyn, Wolozyn)",Belarus,54.056644,26.319559,,0,1,http://www.yahadmap.org/en/valozhyn-volozhin-valozhyn-wolozyn-minsk-belarus/village-889
889,valozhyn-volozhin-valozhyn-wolozyn-minsk-belarus,"Valozhyn  (Volozhin, Valozhyn, Wolozyn)",Belarus,54.051418,26.316660,,0,1,http://www.yahadmap.org/en/valozhyn-volozhin-valozhyn-wolozyn-minsk-belarus/village-889
890,vishnevo-wiszniew-vishneva-minsk-belarus,"Vishnevo (Wiszniew, Vishneva)",Belarus,54.087711,26.123610,,0,2,http://www.yahadmap.org/en/vishnevo-wiszniew-vishneva-minsk-belarus/village-890
890,vishnevo-wiszniew-vishneva-minsk-belarus,"Vishnevo (Wiszniew, Vishneva)",Belarus,54.086620,26.136610,,0,2,http://www.yahadmap.org/en/vishnevo-wiszniew-vishneva-minsk-belarus/village-890
891,tolminovo-grodno-belarus,Tolminovo,Belarus,54.277611,25.502510,,0,2,http://www.yahadmap.org/en/tolminovo-grodno-belarus/village-891
893,stantsiya-yasen-gomel-belarus,Stantsiya Yasen,Belarus,53.132771,28.557501,,0,1,http://www.yahadmap.org/en/stantsiya-yasen-gomel-belarus/village-893
894,shchedrin-shchadryn-scadryn-gomel-belarus,"Shchedrin (Shchadryn, Scadryn)",Belarus,52.530739,29.340139,,0,2,http://www.yahadmap.org/en/shchedrin-shchadryn-scadryn-gomel-belarus/village-894
895,parichi-gomel-belarus,Parichi,Belarus,52.495300,29.240690,,0,2,http://www.yahadmap.org/en/parichi-gomel-belarus/village-895
896,kovchitsy-ii-kowczyce-gomel-belarus,Kovchitsy II (Kowczyce),Belarus,52.496849,29.108589,,0,1,http://www.yahadmap.org/en/kovchitsy-ii-kowczyce-gomel-belarus/village-896
897,rechitsa-gomel-belarus,Rechitsa,Belarus,52.230289,30.203960,,0,1,http://www.yahadmap.org/en/rechitsa-gomel-belarus/village-897
897,rechitsa-gomel-belarus,Rechitsa,Belarus,52.219101,30.246679,,0,1,http://www.yahadmap.org/en/rechitsa-gomel-belarus/village-897
899,vetka-gomel-belarus,Vetka,Belarus,52.326469,31.105900,,0,1,http://www.yahadmap.org/en/vetka-gomel-belarus/village-899
900,dobrush-gomel-belarus,Dobrush,Belarus,52.229321,31.204720,,0,1,http://www.yahadmap.org/en/dobrush-gomel-belarus/village-900
901,uvarovichi-gomel-belarus,Uvarovichi,Belarus,52.355438,30.429110,,0,1,http://www.yahadmap.org/en/uvarovichi-gomel-belarus/village-901
902,sverzhen-gomel-belarus,Sverzhen,Belarus,53.074081,30.194660,,0,1,http://www.yahadmap.org/en/sverzhen-gomel-belarus/village-902
903,zhuravichi-gomel-belarus,Zhuravichi,Belarus,52.545891,30.444811,,0,1,http://www.yahadmap.org/en/zhuravichi-gomel-belarus/village-903
904,chechersk-chachersk-czeczersk-gomel-belarus,"Chechersk (Chachersk, Czeczersk)",Belarus,52.538071,30.545130,,0,2,http://www.yahadmap.org/en/chechersk-chachersk-czeczersk-gomel-belarus/village-904
905,korma-gomel-belarus,Korma,Belarus,53.078381,30.489269,,0,1,http://www.yahadmap.org/en/korma-gomel-belarus/village-905
905,korma-gomel-belarus,Korma,Belarus,53.079102,30.490801,,0,2,http://www.yahadmap.org/en/korma-gomel-belarus/village-905
906,rudensk-rudzensk-minsk-belarus,Rudensk (Rudzensk),Belarus,53.359619,27.512341,,0,1,http://www.yahadmap.org/en/rudensk-rudzensk-minsk-belarus/village-906
907,shatsk-minsk-belarus,Shatsk,Belarus,53.255268,27.416691,,0,1,http://www.yahadmap.org/en/shatsk-minsk-belarus/village-907
907,shatsk-minsk-belarus,Shatsk,Belarus,53.249050,27.421970,,0,1,http://www.yahadmap.org/en/shatsk-minsk-belarus/village-907
908,glusk-mogilev-belarus,Glusk,Belarus,52.542370,28.385990,,0,2,http://www.yahadmap.org/en/glusk-mogilev-belarus/village-908
909,urechye-minsk-belarus,Urechye,Belarus,52.579521,27.522301,,0,2,http://www.yahadmap.org/en/urechye-minsk-belarus/village-909
909,urechye-minsk-belarus,Urechye,Belarus,52.565601,27.529079,,0,1,http://www.yahadmap.org/en/urechye-minsk-belarus/village-909
911,krasnaya-sloboda-popovtsy-minsk-belarus,Krasnaya Sloboda/Popovtsy,Belarus,52.514019,27.120220,,0,2,http://www.yahadmap.org/en/krasnaya-sloboda-popovtsy-minsk-belarus/village-911
913,ivan-minsk-belarus,Ivan,Belarus,52.597210,27.257980,,0,2,http://www.yahadmap.org/en/ivan-minsk-belarus/village-913
914,slutsk-slutzk-minsk-belarus,Slutsk (Slutzk),Belarus,53.020031,27.325840,,0,2,http://www.yahadmap.org/en/slutsk-slutzk-minsk-belarus/village-914
915,sloboda-minsk-minsk-belarus,Sloboda (Minsk),Belarus,53.029690,27.390791,,0,1,http://www.yahadmap.org/en/sloboda-minsk-minsk-belarus/village-915
916,staryye-dorogi-minsk-belarus,Staryye Dorogi,Belarus,53.021439,28.129930,,0,1,http://www.yahadmap.org/en/staryye-dorogi-minsk-belarus/village-916
917,lyuban-minsk-belarus,Lyuban,Belarus,52.482700,28.001961,,0,2,http://www.yahadmap.org/en/lyuban-minsk-belarus/village-917
918,dubniki-minsk-belarus,Dubniki,Belarus,52.486259,27.544750,,0,1,http://www.yahadmap.org/en/dubniki-minsk-belarus/village-918
919,lenin-gomel-belarus,Lenin,Belarus,52.206089,27.287920,,0,2,http://www.yahadmap.org/en/lenin-gomel-belarus/village-919
920,zaostrovechye-minsk-belarus,Zaostrovechye,Belarus,52.536671,26.466261,,0,1,http://www.yahadmap.org/en/zaostrovechye-minsk-belarus/village-920
921,lenino-minsk-minsk-belarus,Lenino (Minsk),Belarus,53.038231,27.131250,,0,1,http://www.yahadmap.org/en/lenino-minsk-minsk-belarus/village-921
922,kopyl-kapyl-minsk-belarus,Kopyl (Kapyl),Belarus,53.090210,27.064171,,0,2,http://www.yahadmap.org/en/kopyl-kapyl-minsk-belarus/village-922
923,malyye-prusy-minsk-belarus,Malyye Prusy,Belarus,53.053181,27.007681,,0,2,http://www.yahadmap.org/en/malyye-prusy-minsk-belarus/village-923
924,konyukhi-kanyukhi-minsk-belarus,Konyukhi (Kanyukhi),Belarus,52.095909,27.214380,,0,1,http://www.yahadmap.org/en/konyukhi-kanyukhi-minsk-belarus/village-924
925,starobin-minsk-belarus,Starobin,Belarus,52.431019,27.271200,,0,2,http://www.yahadmap.org/en/starobin-minsk-belarus/village-925
925,starobin-minsk-belarus,Starobin,Belarus,52.444279,27.280260,,0,2,http://www.yahadmap.org/en/starobin-minsk-belarus/village-925
925,starobin-minsk-belarus,Starobin,Belarus,52.441730,27.280100,,0,2,http://www.yahadmap.org/en/starobin-minsk-belarus/village-925
498,belovschina-starodub-bryansk-russia,Belovschina (Starodub),Russia,52.342499,32.449989,,0,2,http://www.yahadmap.org/en/belovschina-starodub-bryansk-russia/village-498
498,belovschina-starodub-bryansk-russia,Belovschina (Starodub),Russia,52.337570,32.445351,,0,2,http://www.yahadmap.org/en/belovschina-starodub-bryansk-russia/village-498
926,gie-czyn-om-a-podlaskie-voivodeship-poland,Giełczyn (Łomża),Poland,53.067631,22.056999,,0,3,http://www.yahadmap.org/en/gie-czyn-om-a-podlaskie-voivodeship-poland/village-926
,,Jedwabne,Poland,53.173302,22.185730,,1,2,
,,Jedwabne,Poland,53.173328,22.184971,,1,2,
929,maly-plock-msciwuje-bialystok-poland,Maly Plock/ Msciwuje,Poland,53.176880,21.587879,,0,2,http://www.yahadmap.org/en/maly-plock-msciwuje-bialystok-poland/village-929
,,Piliki,Poland,52.446308,23.102510,,1,2,
931,rz-nik-lubotynski-rzasnik-lubotynski-masovian-voivodeship-poland,Rząśnik Lubotynski (Rzasnik Lubotynski),Poland,52.564430,22.012091,,0,2,http://www.yahadmap.org/en/rz-nik-lubotynski-rzasnik-lubotynski-masovian-voivodeship-poland/village-931
931,rz-nik-lubotynski-rzasnik-lubotynski-masovian-voivodeship-poland,Rząśnik Lubotynski (Rzasnik Lubotynski),Poland,52.563721,22.014370,,0,2,http://www.yahadmap.org/en/rz-nik-lubotynski-rzasnik-lubotynski-masovian-voivodeship-poland/village-931
932,niadowo-sniadowo-podlaskie-voivodeship-poland,Śniadowo (Sniadowo),Poland,53.023102,21.588591,,0,1,http://www.yahadmap.org/en/niadowo-sniadowo-podlaskie-voivodeship-poland/village-932
932,niadowo-sniadowo-podlaskie-voivodeship-poland,Śniadowo (Sniadowo),Poland,53.022991,21.587111,,0,1,http://www.yahadmap.org/en/niadowo-sniadowo-podlaskie-voivodeship-poland/village-932
933,wizna-podlaskie-voivodeship-poland,Wizna,Poland,53.116180,22.230671,,0,1,http://www.yahadmap.org/en/wizna-podlaskie-voivodeship-poland/village-933
934,zubole-trzcianne-bialystok-poland,Zubole-Trzcianne,Poland,53.205971,22.403379,,0,2,http://www.yahadmap.org/en/zubole-trzcianne-bialystok-poland/village-934
935,bia-owie-a-belavezha-bialowies-podlaskie-voivodeship-poland,"Białowieża (Belavezha, Bialowies)",Poland,52.406319,23.514950,,0,1,http://www.yahadmap.org/en/bia-owie-a-belavezha-bialowies-podlaskie-voivodeship-poland/village-935
,,Grabowka,Poland,53.076050,23.174049,,1,3,
937,jasionowka-podlaskie-voivodeship-poland,Jasionówka,Poland,53.241901,23.025110,,0,1,http://www.yahadmap.org/en/jasionowka-podlaskie-voivodeship-poland/village-937
938,lopuchowo-bialystok-poland,Lopuchowo,Poland,53.107552,22.417089,,0,2,http://www.yahadmap.org/en/lopuchowo-bialystok-poland/village-938
939,narewka-podlaskie-voivodeship-poland,Narewka,Poland,52.502140,23.441099,,0,1,http://www.yahadmap.org/en/narewka-podlaskie-voivodeship-poland/village-939
,,Białystok,Poland,53.102020,23.098909,,1,2,
941,bircza-berch-subcarpathian-voivodeship-poland,Bircza (Berch),Poland,49.412621,22.281160,,0,1,http://www.yahadmap.org/en/bircza-berch-subcarpathian-voivodeship-poland/village-941
942,brzostek-subcarpathian-voivodeship-poland,Brzostek,Poland,49.531368,21.243191,,0,1,http://www.yahadmap.org/en/brzostek-subcarpathian-voivodeship-poland/village-942
,,Debica,Poland,50.017139,21.242531,,1,1,
944,dobrucowa-subcarpathian-voivodeship-poland,Dobrucowa,Poland,49.444111,21.356150,,0,2,http://www.yahadmap.org/en/dobrucowa-subcarpathian-voivodeship-poland/village-944
,,Dynow,Poland,49.488152,22.132690,,1,1,
946,grochowce-subcarpathian-voivodship-poland,Grochowce,Poland,49.453930,22.440241,,0,2,http://www.yahadmap.org/en/grochowce-subcarpathian-voivodship-poland/village-946
947,jasienica-rosielna-subcarpathian-voivodeship-poland,Jasienica Rosielna,Poland,49.454559,21.560350,,0,2,http://www.yahadmap.org/en/jasienica-rosielna-subcarpathian-voivodeship-poland/village-947
948,jas-o-subcarpathian-voivodeship-poland,Jasło,Poland,49.466862,21.269911,,0,1,http://www.yahadmap.org/en/jas-o-subcarpathian-voivodeship-poland/village-948
948,jas-o-subcarpathian-voivodeship-poland,Jasło,Poland,49.444180,21.289850,,0,1,http://www.yahadmap.org/en/jas-o-subcarpathian-voivodeship-poland/village-948
,,Krempna,Poland,49.318748,21.298220,,1,1,
951,kro-cienko-kroscienko-subcarpathian-voivodship-poland,Krościenko (Kroscienko),Poland,49.283581,22.397560,,0,1,http://www.yahadmap.org/en/kro-cienko-kroscienko-subcarpathian-voivodship-poland/village-951
952,lesko-subcarpathian-voivodeship-poland,Lesko,Poland,49.282478,22.199610,,0,1,http://www.yahadmap.org/en/lesko-subcarpathian-voivodeship-poland/village-952
,,Olszanica,Poland,49.270489,22.287630,,1,1,
,,Przeczyca,Poland,49.536011,21.209030,,1,1,
,,Ropienka,Poland,49.317360,22.294630,,1,1,
956,tylawa-podkarpackie-voivedeship-poland,Tylawa,Poland,49.266682,21.409479,,0,1,http://www.yahadmap.org/en/tylawa-podkarpackie-voivedeship-poland/village-956
957,zagorz-subcarpathian-poland,Zagorz,Poland,49.311520,22.165331,,0,1,http://www.yahadmap.org/en/zagorz-subcarpathian-poland/village-957
957,zagorz-subcarpathian-poland,Zagorz,Poland,49.311790,22.166380,,0,1,http://www.yahadmap.org/en/zagorz-subcarpathian-poland/village-957
,,Zahutyn,Poland,49.318409,22.137671,,1,1,
,,Niesusz/Rudzica,Poland,52.152390,18.177010,,1,2,
580,tyszowce-tishevitz-tishovts-lublin-poland,"Tyszowce (Tishevitz, Tishovts)",Poland,50.349190,23.435431,,0,1,http://www.yahadmap.org/en/tyszowce-tishevitz-tishovts-lublin-poland/village-580
966,garg-dai-klaip-da-lithuania,Gargždai,Lithuania,55.427181,21.232630,,0,1,http://www.yahadmap.org/en/garg-dai-klaip-da-lithuania/village-966
967,dimitravas-klaip-da-lithuania,Dimitravas,Lithuania,55.586658,21.126591,,0,2,http://www.yahadmap.org/en/dimitravas-klaip-da-lithuania/village-967
969,kretinga-kretinge-kretingen-klaip-da-lithuania,"Kretinga (Kretinge, Kretingen)",Lithuania,55.536469,21.125530,,0,1,http://www.yahadmap.org/en/kretinga-kretinge-kretingen-klaip-da-lithuania/village-969
969,kretinga-kretinge-kretingen-klaip-da-lithuania,"Kretinga (Kretinge, Kretingen)",Lithuania,55.530239,21.142220,,0,1,http://www.yahadmap.org/en/kretinga-kretinge-kretingen-klaip-da-lithuania/village-969
970,palanga-polangen-klaip-da-lithuania,Palanga (Polangen),Lithuania,55.540310,21.032360,,0,1,http://www.yahadmap.org/en/palanga-polangen-klaip-da-lithuania/village-970
970,palanga-polangen-klaip-da-lithuania,Palanga (Polangen),Lithuania,55.575829,21.060989,,0,1,http://www.yahadmap.org/en/palanga-polangen-klaip-da-lithuania/village-970
971,plung-tel-scaron-iai-lithuania,Plungė,Lithuania,55.553028,21.471411,,0,2,http://www.yahadmap.org/en/plung-tel-scaron-iai-lithuania/village-971
972,skuodas-klaip-da-lithuania,Skuodas,Lithuania,56.160728,21.312799,,0,1,http://www.yahadmap.org/en/skuodas-klaip-da-lithuania/village-972
975,ylakiai-yelok-klaip-da-lithuania,Ylakiai (Yelok),Lithuania,56.162411,21.512951,,0,1,http://www.yahadmap.org/en/ylakiai-yelok-klaip-da-lithuania/village-975
,,Mažeikiai,Lithuania,56.172531,22.202009,,1,2,
977,plateliai-tel-scaron-iai-lithuania,Plateliai,Lithuania,56.007519,21.507589,,0,1,http://www.yahadmap.org/en/plateliai-tel-scaron-iai-lithuania/village-977
978,rainiai-tel-scaron-iai-lithuania,Rainiai,Lithuania,55.576328,22.174400,,0,1,http://www.yahadmap.org/en/rainiai-tel-scaron-iai-lithuania/village-978
978,rainiai-tel-scaron-iai-lithuania,Rainiai,Lithuania,55.573650,22.179010,,0,2,http://www.yahadmap.org/en/rainiai-tel-scaron-iai-lithuania/village-978
979,try-scaron-kiai-trishik-tel-scaron-iai-lithuania,Tryškiai (Trishik),Lithuania,56.032429,22.342899,,0,1,http://www.yahadmap.org/en/try-scaron-kiai-trishik-tel-scaron-iai-lithuania/village-979
980,kra-iai-scaron-iauliai-lithuania,Kražiai,Lithuania,55.366940,22.414721,,0,1,http://www.yahadmap.org/en/kra-iai-scaron-iauliai-lithuania/village-980
977,plateliai-tel-scaron-iai-lithuania,Plateliai,Lithuania,56.024399,21.483290,,0,1,http://www.yahadmap.org/en/plateliai-tel-scaron-iai-lithuania/village-977
981,als-d-iai-alsedziai-alsyad-tel-scaron-iai-lithuania,"Alsėdžiai (Alsedziai, (Alsyad)",Lithuania,56.012989,22.029030,,0,1,http://www.yahadmap.org/en/als-d-iai-alsedziai-alsyad-tel-scaron-iai-lithuania/village-981
982,azarychy-gomel-belarus,Azarychy,Belarus,52.277481,29.165199,,0,2,http://www.yahadmap.org/en/azarychy-gomel-belarus/village-982
983,pechishchi-gomel-belarus,Pechishchi,Belarus,52.350052,29.383070,,0,1,http://www.yahadmap.org/en/pechishchi-gomel-belarus/village-983
984,davydovka-gomel-belarus,Davydovka,Belarus,52.322639,29.311001,,0,1,http://www.yahadmap.org/en/davydovka-gomel-belarus/village-984
985,kalinkavichy-kalinkowitschi-gomel-belarus,Kalinkavichy (Kalinkowitschi),Belarus,52.084419,29.205601,,0,2,http://www.yahadmap.org/en/kalinkavichy-kalinkowitschi-gomel-belarus/village-985
986,yelsk-gomel-belarus,Yelsk,Belarus,51.477070,29.082020,,0,1,http://www.yahadmap.org/en/yelsk-gomel-belarus/village-986
987,kopatkevichi-gomel-belarus,Kopatkevichi,Belarus,52.192001,28.491060,,0,1,http://www.yahadmap.org/en/kopatkevichi-gomel-belarus/village-987
988,skrygalov-skryhalow-skrigalow-gomel-belarus,"Skrygalov (Skryhalow, Skrigalow)",Belarus,52.063541,28.495119,,0,1,http://www.yahadmap.org/en/skrygalov-skryhalow-skrigalow-gomel-belarus/village-988
989,lelchitsy-lelchytsy-gomel-belarus,Lelchitsy (Lelchytsy),Belarus,51.469460,28.193350,,0,2,http://www.yahadmap.org/en/lelchitsy-lelchytsy-gomel-belarus/village-989
989,lelchitsy-lelchytsy-gomel-belarus,Lelchitsy (Lelchytsy),Belarus,51.475780,28.199680,,0,2,http://www.yahadmap.org/en/lelchitsy-lelchytsy-gomel-belarus/village-989
990,petrikov-gomel-belarus,Petrikov,Belarus,52.071980,28.295389,,0,1,http://www.yahadmap.org/en/petrikov-gomel-belarus/village-990
990,petrikov-gomel-belarus,Petrikov,Belarus,52.083809,28.300449,,0,1,http://www.yahadmap.org/en/petrikov-gomel-belarus/village-990
990,petrikov-gomel-belarus,Petrikov,Belarus,52.116360,28.260241,,0,1,http://www.yahadmap.org/en/petrikov-gomel-belarus/village-990
991,khoyniki-khoiniki-choinik-gomel-belarus,"Khoyniki (Khoiniki,Choinik)",Belarus,51.537781,29.584061,,0,1,http://www.yahadmap.org/en/khoyniki-khoiniki-choinik-gomel-belarus/village-991
992,mozyr-mosyr-mazyr-gomel-belarus,"Mozyr (Mosyr, Mazyr)",Belarus,52.023190,29.144239,,0,2,http://www.yahadmap.org/en/mozyr-mosyr-mazyr-gomel-belarus/village-992
993,chernovshchina-gomel-belarus,Chernovshchina,Belarus,51.540722,29.342680,,0,1,http://www.yahadmap.org/en/chernovshchina-gomel-belarus/village-993
993,chernovshchina-gomel-belarus,Chernovshchina,Belarus,51.540779,29.344891,,0,1,http://www.yahadmap.org/en/chernovshchina-gomel-belarus/village-993
994,yurovichi-iurevichi-iurovichi-gomel-belarus,"Yurovichi (Iurevichi, Iurovichi)",Belarus,51.566711,29.318470,,0,1,http://www.yahadmap.org/en/yurovichi-iurevichi-iurovichi-gomel-belarus/village-994
994,yurovichi-iurevichi-iurovichi-gomel-belarus,"Yurovichi (Iurevichi, Iurovichi)",Belarus,51.557259,29.304390,,0,1,http://www.yahadmap.org/en/yurovichi-iurevichi-iurovichi-gomel-belarus/village-994
995,sitnya-gomel-belarus,Sitnya,Belarus,52.063690,29.171070,,0,1,http://www.yahadmap.org/en/sitnya-gomel-belarus/village-995
996,zhlobin-gomel-belarus,Zhlobin,Belarus,52.537842,30.012070,,0,1,http://www.yahadmap.org/en/zhlobin-gomel-belarus/village-996
,,Streshin,Belarus,52.547680,30.012341,,1,1,
998,rogachev-rohaczow-rahachow-gomel-belarus,"Rogachev (Rohaczów, Rahachow)",Belarus,53.061371,30.021061,,0,2,http://www.yahadmap.org/en/rogachev-rohaczow-rahachow-gomel-belarus/village-998
999,pushkin-leningrad-russia,Pushkin,Russia,59.433411,30.238279,,0,1,http://www.yahadmap.org/en/pushkin-leningrad-russia/village-999
1000,seli-te-leova-moldova,Seliște,Moldova,46.315731,28.267639,,0,1,http://www.yahadmap.org/en/seli-te-leova-moldova/village-1000
1001,s-r-teni-leova-moldova,Sărăteni,Moldova,46.359600,28.285730,,0,1,http://www.yahadmap.org/en/s-r-teni-leova-moldova/village-1001
1002,baimaclia-cantemir-moldova,Baimaclia,Moldova,46.112659,28.240173,,0,1,http://www.yahadmap.org/en/baimaclia-cantemir-moldova/village-1002
1002,baimaclia-cantemir-moldova,Baimaclia,Moldova,46.100552,28.229219,,0,1,http://www.yahadmap.org/en/baimaclia-cantemir-moldova/village-1002
1003,alex-ndreni-singerei-moldova,Alexăndreni,Moldova,47.487202,28.047939,,0,1,http://www.yahadmap.org/en/alex-ndreni-singerei-moldova/village-1003
1004,volovi-a-soroca-moldova,Voloviţa,Moldova,48.067249,28.198950,,0,1,http://www.yahadmap.org/en/volovi-a-soroca-moldova/village-1004
1004,volovi-a-soroca-moldova,Voloviţa,Moldova,48.059052,28.196659,,0,1,http://www.yahadmap.org/en/volovi-a-soroca-moldova/village-1004
1005,petre-ti-petresht-petreshty-ungheni-ungheni-moldova,"Petreşti (Petresht, Petreshty) / Ungheni",Moldova,47.185081,27.436569,,0,1,http://www.yahadmap.org/en/petre-ti-petresht-petreshty-ungheni-ungheni-moldova/village-1005
1006,pirli-a-ungheni-moldova,Pîrlița,Moldova,47.196110,27.529329,,0,1,http://www.yahadmap.org/en/pirli-a-ungheni-moldova/village-1006
619,r-u-el-b-l-i-f-le-ti-moldova,Răuţel/Bălți,Moldova,47.419529,27.475380,,0,2,http://www.yahadmap.org/en/r-u-el-b-l-i-f-le-ti-moldova/village-619
1007,doltu-f-le-ti-f-le-ti-moldova,Doltu (Fălești),Moldova,47.330132,27.486191,,0,1,http://www.yahadmap.org/en/doltu-f-le-ti-f-le-ti-moldova/village-1007
1008,m-r-ndeni-f-le-ti-moldova,Mărăndeni,Moldova,47.399792,27.494270,,0,1,http://www.yahadmap.org/en/m-r-ndeni-f-le-ti-moldova/village-1008
1009,isacova-orhei-moldova,Isacova,Moldova,47.221401,28.434660,,0,1,http://www.yahadmap.org/en/isacova-orhei-moldova/village-1009
,,Ceadir-Lunga,Moldova,46.029930,28.508144,,1,1,
,,Beşghioz,Moldova,46.071930,28.523430,,1,1,
788,tytuv-nai-scaron-iauliai-lithuania,Tytuvėnai,Lithuania,55.360729,23.112341,,0,1,http://www.yahadmap.org/en/tytuv-nai-scaron-iauliai-lithuania/village-788
860,joni-scaron-kis-utena-lithuania,Joniškis,Lithuania,55.041271,25.397900,,0,1,http://www.yahadmap.org/en/joni-scaron-kis-utena-lithuania/village-860
862,scaron-ven-ion-liai-vilnius-lithuania,Švenčionėliai,Lithuania,55.100750,25.563360,,0,1,http://www.yahadmap.org/en/scaron-ven-ion-liai-vilnius-lithuania/village-862
655,krichev-krychaw-mogilev-belarus,Krichev (Krychaw),Belarus,53.443699,31.431700,,0,1,http://www.yahadmap.org/en/krichev-krychaw-mogilev-belarus/village-655
655,krichev-krychaw-mogilev-belarus,Krichev (Krychaw),Belarus,53.434021,31.431549,,0,1,http://www.yahadmap.org/en/krichev-krychaw-mogilev-belarus/village-655
655,krichev-krychaw-mogilev-belarus,Krichev (Krychaw),Belarus,53.414509,31.432119,,0,1,http://www.yahadmap.org/en/krichev-krychaw-mogilev-belarus/village-655
451,rudsk-brest-belarus,Rudsk,Belarus,52.060928,25.322371,,0,2,http://www.yahadmap.org/en/rudsk-brest-belarus/village-451
370,polotsk-polatsk-vitebsk-belarus,Polotsk (Polatsk),Belarus,55.316231,28.495840,,0,2,http://www.yahadmap.org/en/polotsk-polatsk-vitebsk-belarus/village-370
,,Dubiecko,Poland,49.496441,22.236629,,1,1,
,,Jasionów,Poland,49.413120,21.590521,,1,1,
1016,wielkie-oczy-subcarpathian-voivodeship-poland,Wielkie Oczy,Poland,50.019699,23.094870,,0,1,http://www.yahadmap.org/en/wielkie-oczy-subcarpathian-voivodeship-poland/village-1016
1016,wielkie-oczy-subcarpathian-voivodeship-poland,Wielkie Oczy,Poland,50.012821,23.098240,,0,1,http://www.yahadmap.org/en/wielkie-oczy-subcarpathian-voivodeship-poland/village-1016
1017,oleszyce-subcarpathian-voivodeship-poland,Oleszyce,Poland,50.099529,23.018909,,0,1,http://www.yahadmap.org/en/oleszyce-subcarpathian-voivodeship-poland/village-1017
,,Mała Jagiełła,Poland,50.062550,22.355240,,1,1,
,,Mała Jagiełła,Poland,50.062721,22.355280,,1,1,
,,Dachnów,Poland,50.112400,23.069920,,1,1,
,,Siedleczka,Poland,49.578251,22.234631,,1,1,
,,Horyniec-Zdrój,Poland,50.115559,23.214550,,1,1,
,,Horyniec-Zdrój,Poland,50.116631,23.214680,,1,1,
,,Horyniec-Zdrój,Poland,50.110451,23.132389,,1,1,
,,Brzóza Królewska,Poland,50.151299,22.209120,,1,1,
,,Brzóza Królewska,Poland,50.150372,22.184990,,1,1,
,,Lubaczów,Poland,50.095051,23.077551,,1,1,
,,Przeworsk,Poland,50.035740,22.296930,,1,1,
1026,przemy-l-subcarpathian-voivodeship-poland,Przemyśl,Poland,49.461010,22.470819,,0,2,http://www.yahadmap.org/en/przemy-l-subcarpathian-voivodeship-poland/village-1026
1027,cr-sn-eni-krasnasheny-telene-ti-moldova,Crăsnășeni (Krasnasheny),Moldova,47.264679,28.237740,,0,1,http://www.yahadmap.org/en/cr-sn-eni-krasnasheny-telene-ti-moldova/village-1027
1028,hirova-guirovo-c-l-ra-i-moldova,Hirova (Guirovo),Moldova,47.239632,28.165939,,0,1,http://www.yahadmap.org/en/hirova-guirovo-c-l-ra-i-moldova/village-1028
1029,lipcani-briceni-moldova,Lipcani,Moldova,48.168060,26.485279,,0,1,http://www.yahadmap.org/en/lipcani-briceni-moldova/village-1029
1030,colosova-former-german-colony-bergdorf-transnistria-moldova,Colosova (Former German colony Bergdorf),Moldova,47.201698,29.342300,,0,1,http://www.yahadmap.org/en/colosova-former-german-colony-bergdorf-transnistria-moldova/village-1030
110,kamyanky-kamianky-ternopil-ukraine,Kamyanky (Kamianky),Ukraine,49.327316,26.009899,,0,2,http://www.yahadmap.org/en/kamyanky-kamianky-ternopil-ukraine/village-110
1031,darb-nai-klaip-da-lithuania,Darbėnai,Lithuania,56.010681,21.145929,,0,1,http://www.yahadmap.org/en/darb-nai-klaip-da-lithuania/village-1031
1031,darb-nai-klaip-da-lithuania,Darbėnai,Lithuania,56.009430,21.168240,,0,1,http://www.yahadmap.org/en/darb-nai-klaip-da-lithuania/village-1031
1031,darb-nai-klaip-da-lithuania,Darbėnai,Lithuania,56.010250,21.166361,,0,1,http://www.yahadmap.org/en/darb-nai-klaip-da-lithuania/village-1031
678,vidukl-vidukle-kaunas-lithuania,Viduklė (Vidukle),Lithuania,55.238831,22.534809,,0,1,http://www.yahadmap.org/en/vidukl-vidukle-kaunas-lithuania/village-678
1032,nemak-scaron-iai-nemoksht-niemokszty-kaunas-lithuania,"Nemakščiai (Nemoksht, Niemokszty)",Lithuania,55.254601,22.482161,,0,2,http://www.yahadmap.org/en/nemak-scaron-iai-nemoksht-niemokszty-kaunas-lithuania/village-1032
,,Lyduvėnai,Lithuania,55.303780,23.057310,,1,1,
1034,raseiniai-rasein-kaunas-lithuania,Raseiniai (Rasein),Lithuania,55.202099,23.051630,,0,2,http://www.yahadmap.org/en/raseiniai-rasein-kaunas-lithuania/village-1034
1035,girkalnis-kurpi-scaron-k-forest-kaunas-lithuania,Girkalnis (Kurpiškė Forest),Lithuania,55.178249,23.131130,,0,2,http://www.yahadmap.org/en/girkalnis-kurpi-scaron-k-forest-kaunas-lithuania/village-1035
1036,ariogala-kaunas-lithuania,Ariogala,Lithuania,55.153019,23.288830,,0,2,http://www.yahadmap.org/en/ariogala-kaunas-lithuania/village-1036
1037,k-dainiai-keidan-kaunas-lithuania,Kėdainiai (Keidan),Lithuania,55.179390,23.575859,,0,2,http://www.yahadmap.org/en/k-dainiai-keidan-kaunas-lithuania/village-1037
1037,k-dainiai-keidan-kaunas-lithuania,Kėdainiai (Keidan),Lithuania,55.197430,23.584890,,0,1,http://www.yahadmap.org/en/k-dainiai-keidan-kaunas-lithuania/village-1037
1038,krak-s-krok-kaunas-lithuania,Krakės (Krok),Lithuania,55.237289,23.435631,,0,1,http://www.yahadmap.org/en/krak-s-krok-kaunas-lithuania/village-1038
1038,krak-s-krok-kaunas-lithuania,Krakės (Krok),Lithuania,55.242821,23.423540,,0,2,http://www.yahadmap.org/en/krak-s-krok-kaunas-lithuania/village-1038
1039,stakiai-taurag-lithuania,Stakiai,Lithuania,55.108528,23.034220,,0,1,http://www.yahadmap.org/en/stakiai-taurag-lithuania/village-1039
1040,vilkija-vilki-kaunas-lithuania,Vilkija  (Vilki),Lithuania,55.023571,23.357920,,0,2,http://www.yahadmap.org/en/vilkija-vilki-kaunas-lithuania/village-1040
1041,sered-ius-shrednik-taurag-lithuania,Seredžius (Shrednik),Lithuania,55.036572,23.278980,,0,1,http://www.yahadmap.org/en/sered-ius-shrednik-taurag-lithuania/village-1041
1043,uchanie-lublin-poland,Uchanie,Poland,50.541901,23.388399,,0,1,http://www.yahadmap.org/en/uchanie-lublin-poland/village-1043
1044,janki-lublin-poland,Janki,Poland,50.519619,23.491989,,0,1,http://www.yahadmap.org/en/janki-lublin-poland/village-1044
1045,iwanki-lublin-poland,Iwanki,Poland,50.511791,23.486441,,0,1,http://www.yahadmap.org/en/iwanki-lublin-poland/village-1045
1046,mojs-awice-lublin-poland,Mojsławice,Poland,50.527592,23.471029,,0,1,http://www.yahadmap.org/en/mojs-awice-lublin-poland/village-1046
1047,niewirkow-lublin-poland,Niewirków,Poland,50.423931,23.298330,,0,1,http://www.yahadmap.org/en/niewirkow-lublin-poland/village-1047
1049,kra-niczyn-lublin-poland,Kraśniczyn,Poland,50.558048,23.212009,,0,1,http://www.yahadmap.org/en/kra-niczyn-lublin-poland/village-1049
1050,surhow-lublin-poland,Surhów,Poland,50.569561,23.148710,2015,0,1,http://www.yahadmap.org/en/surhow-lublin-poland/village-1050
1051,terebi-lublin-poland,Terebiń,Poland,50.424412,23.498140,,0,1,http://www.yahadmap.org/en/terebi-lublin-poland/village-1051
1052,tomaszow-lubelski-lublin-poland,Tomaszów Lubelski,Poland,50.269310,23.258970,,0,1,http://www.yahadmap.org/en/tomaszow-lubelski-lublin-poland/village-1052
1052,tomaszow-lubelski-lublin-poland,Tomaszów Lubelski,Poland,50.272598,23.248619,,0,1,http://www.yahadmap.org/en/tomaszow-lubelski-lublin-poland/village-1052
1052,tomaszow-lubelski-lublin-poland,Tomaszów Lubelski,Poland,50.272720,23.254860,,0,1,http://www.yahadmap.org/en/tomaszow-lubelski-lublin-poland/village-1052
,,Krasnobród,Poland,50.322800,23.124460,,1,1,
1054,szczebrzeszyn-lublin-voivodeship-poland,Szczebrzeszyn,Poland,50.415749,22.583790,,0,2,http://www.yahadmap.org/en/szczebrzeszyn-lublin-voivodeship-poland/village-1054
1055,dorbozy-lublin-poland,Dorbozy,Poland,50.207512,22.581560,,0,1,http://www.yahadmap.org/en/dorbozy-lublin-poland/village-1055
1056,su-ow-lublin-poland,Sułów,Poland,50.467072,22.569981,2015,0,1,http://www.yahadmap.org/en/su-ow-lublin-poland/village-1056
1057,ko-skowola-lublin-poland,Końskowola,Poland,51.249321,22.034620,,0,1,http://www.yahadmap.org/en/ko-skowola-lublin-poland/village-1057
1058,vozhovo-orel-russia,Vozhovo,Russia,52.411129,35.492249,,0,1,http://www.yahadmap.org/en/vozhovo-orel-russia/village-1058
1060,kletnya-bryansk-russia,Kletnya,Russia,53.240101,33.131149,,0,1,http://www.yahadmap.org/en/kletnya-bryansk-russia/village-1060
1061,trubchevsk-bryansk-russia,Trubchevsk,Russia,52.351341,33.467430,,0,1,http://www.yahadmap.org/en/trubchevsk-bryansk-russia/village-1061
1062,pogar-bryansk-russia,Pogar,Russia,52.339520,33.152142,,0,1,http://www.yahadmap.org/en/pogar-bryansk-russia/village-1062
1063,svyatsk-this-village-doesn-t-exist-anymore-bryansk-russia,Svyatsk (this village doesn’t exist anymore),Russia,52.411442,31.334900,,0,1,http://www.yahadmap.org/en/svyatsk-this-village-doesn-t-exist-anymore-bryansk-russia/village-1063
1063,svyatsk-this-village-doesn-t-exist-anymore-bryansk-russia,Svyatsk (this village doesn’t exist anymore),Russia,52.386398,31.361462,,0,1,http://www.yahadmap.org/en/svyatsk-this-village-doesn-t-exist-anymore-bryansk-russia/village-1063
1064,klintsy-bryansk-russia,Klintsy,Russia,52.445122,32.151649,,0,2,http://www.yahadmap.org/en/klintsy-bryansk-russia/village-1064
1064,klintsy-bryansk-russia,Klintsy,Russia,52.444908,32.152451,,0,2,http://www.yahadmap.org/en/klintsy-bryansk-russia/village-1064
1065,shablykino-pogoreltsevo-orel-russia,Shablykino/Pogoreltsevo,Russia,52.520981,35.149689,,0,1,http://www.yahadmap.org/en/shablykino-pogoreltsevo-orel-russia/village-1065
1066,sokyriany-secureni-sokiryany-chernivtsi-ukraine,"Sokyriany (Secureni, Sokiryany)",Ukraine,48.264400,27.268391,,0,2,http://www.yahadmap.org/en/sokyriany-secureni-sokiryany-chernivtsi-ukraine/village-1066
1066,sokyriany-secureni-sokiryany-chernivtsi-ukraine,"Sokyriany (Secureni, Sokiryany)",Ukraine,48.262379,27.250330,,0,1,http://www.yahadmap.org/en/sokyriany-secureni-sokiryany-chernivtsi-ukraine/village-1066
1067,kolinkivtsi-chernivtsi-ukraine,Kolinkivtsi,Ukraine,48.256180,26.035009,,0,1,http://www.yahadmap.org/en/kolinkivtsi-chernivtsi-ukraine/village-1067
1068,vaslovivtsi-vasl-u-i-wasloutz-chernivtsi-ukraine,"Vaslovivtsi (Vaslăuți, Wasloutz)",Ukraine,48.271431,25.563931,,0,1,http://www.yahadmap.org/en/vaslovivtsi-vasl-u-i-wasloutz-chernivtsi-ukraine/village-1068
1069,khotyn-chocim-chotyn-hotin-chernivtsi-ukraine,"Khotyn (Chocim, Chotyn, Hotin)",Ukraine,48.294590,26.283340,,0,1,http://www.yahadmap.org/en/khotyn-chocim-chotyn-hotin-chernivtsi-ukraine/village-1069
1069,khotyn-chocim-chotyn-hotin-chernivtsi-ukraine,"Khotyn (Chocim, Chotyn, Hotin)",Ukraine,48.307720,26.300011,,0,1,http://www.yahadmap.org/en/khotyn-chocim-chotyn-hotin-chernivtsi-ukraine/village-1069
1070,boyany-boian-bojan-boyan-chernivtsi-ukraine,"Boyany (Boian, Bojan, Boyan)",Ukraine,48.159000,26.075899,,0,1,http://www.yahadmap.org/en/boyany-boian-bojan-boyan-chernivtsi-ukraine/village-1070
1071,dankivtsi-dankowce-dankotsy-d-nc-u-i-chernivtsi-ukraine,"Dankivtsi (Dankowce, Dankotsy, Dăncăuți)",Ukraine,48.251450,26.303980,,0,1,http://www.yahadmap.org/en/dankivtsi-dankowce-dankotsy-d-nc-u-i-chernivtsi-ukraine/village-1071
1072,mamalyha-mamalyga-chernivtsi-ukraine,Mamalyha (Mamalyga),Ukraine,48.148548,26.343809,,0,1,http://www.yahadmap.org/en/mamalyha-mamalyga-chernivtsi-ukraine/village-1072
1073,zelena-zelionoye-chernivtsi-ukraine,Zelena (Zelionoye),Ukraine,48.210430,26.437691,,0,1,http://www.yahadmap.org/en/zelena-zelionoye-chernivtsi-ukraine/village-1073
,,Strointsi,Ukraine,48.145489,26.161070,,1,1,
1075,novoselytsya-novoselitsa-noua-sulita-chernivtsi-ukraine,"Novoselytsya (Novoselitsa, Noua Sulita)",Ukraine,48.125950,26.183519,,0,2,http://www.yahadmap.org/en/novoselytsya-novoselitsa-noua-sulita-chernivtsi-ukraine/village-1075
1076,velykyi-kuchuriv-we-ykyj-kuczuriw-kuczurmare-chernivtsi-ukraine,"Velykyi Kuchuriv (Wełykyj Kuczuriw, Kuczurmare)",Ukraine,48.137520,25.550619,,0,1,http://www.yahadmap.org/en/velykyi-kuchuriv-we-ykyj-kuczuriw-kuczurmare-chernivtsi-ukraine/village-1076
1076,velykyi-kuchuriv-we-ykyj-kuczuriw-kuczurmare-chernivtsi-ukraine,"Velykyi Kuchuriv (Wełykyj Kuczuriw, Kuczurmare)",Ukraine,48.126961,25.546061,,0,1,http://www.yahadmap.org/en/velykyi-kuchuriv-we-ykyj-kuczuriw-kuczurmare-chernivtsi-ukraine/village-1076
1077,drachyntsi-dr-cine-draczynetz-drachintsi-draczy-ce-chernivtsi-ukraine,"Drachyntsi (Drăcineț, Draczynetz, Drachintsi, Draczyńce)",Ukraine,48.182652,25.409510,,0,1,http://www.yahadmap.org/en/drachyntsi-dr-cine-draczynetz-drachintsi-draczy-ce-chernivtsi-ukraine/village-1077
1078,bobivtsi-bobovtsy-chernivtsi-ukraine,Bobivtsi (Bobovtsy),Ukraine,48.149731,25.387630,,0,1,http://www.yahadmap.org/en/bobivtsi-bobovtsy-chernivtsi-ukraine/village-1078
1079,yurkivtsi-chernivtsi-ukraine,Yurkivtsi,Ukraine,48.295559,25.562210,,0,1,http://www.yahadmap.org/en/yurkivtsi-chernivtsi-ukraine/village-1079
1080,boyanchuk-boianchuk-chernivtsi-ukraine,Boyanchuk (Boianchuk),Ukraine,48.286751,25.576469,,0,1,http://www.yahadmap.org/en/boyanchuk-boianchuk-chernivtsi-ukraine/village-1080
1081,troitskoye-kalmykia-russia,Troitskoye,Russia,46.255489,44.166161,,0,1,http://www.yahadmap.org/en/troitskoye-kalmykia-russia/village-1081
882,belitsa-grodno-belarus,Belitsa,Belarus,0.000000,0.000000,,0,1,http://www.yahadmap.org/en/belitsa-grodno-belarus/village-882
1082,krekenava-krakinove-krakinow-panev-ys-lithuania,"Krekenava (Krakinove, Krakinów)",Lithuania,55.328011,24.061251,,0,1,http://www.yahadmap.org/en/krekenava-krakinove-krakinow-panev-ys-lithuania/village-1082
1082,krekenava-krakinove-krakinow-panev-ys-lithuania,"Krekenava (Krakinove, Krakinów)",Lithuania,55.319962,24.053200,,0,1,http://www.yahadmap.org/en/krekenava-krakinove-krakinow-panev-ys-lithuania/village-1082
,,Žeimelis (Zeimelis),Lithuania,56.173561,24.006300,,1,1,
1084,linkuva-linkowo-linkeve-scaron-iauliai-lithuania,"Linkuva (Linkowo, Linkeve)",Lithuania,56.037739,23.590300,,0,1,http://www.yahadmap.org/en/linkuva-linkowo-linkeve-scaron-iauliai-lithuania/village-1084
,,Vaškai,Lithuania,56.101391,24.132250,,1,1,
,,Kalneliškiai,Lithuania,56.059299,24.139240,,1,1,
,,Kalneliškiai,Lithuania,56.058868,24.130199,,1,1,
1087,pump-nai-pumpyan-pumpen-panev-ys-lithuania,"Pumpėnai (Pumpyan, Pumpenų)",Lithuania,55.562279,24.202250,,0,1,http://www.yahadmap.org/en/pump-nai-pumpyan-pumpen-panev-ys-lithuania/village-1087
1088,pasvalys-posvol-posvohl-panev-ys-lithuania,"Pasvalys (Posvol, Posvohl)",Lithuania,56.014889,24.266560,,0,1,http://www.yahadmap.org/en/pasvalys-posvol-posvohl-panev-ys-lithuania/village-1088
1088,pasvalys-posvol-posvohl-panev-ys-lithuania,"Pasvalys (Posvol, Posvohl)",Lithuania,56.016102,24.267960,,0,2,http://www.yahadmap.org/en/pasvalys-posvol-posvohl-panev-ys-lithuania/village-1088
1089,pakruojis-pokrai-pakruois-scaron-iauliai-lithuania,"Pakruojis (Pokrai, Pakruois)",Lithuania,55.584030,23.530010,,0,1,http://www.yahadmap.org/en/pakruojis-pokrai-pakruois-scaron-iauliai-lithuania/village-1089
1090,pu-scaron-alotas-pushelot-pusholaty-panev-ys-lithuania,"Pušalotas (Pushelot, Pusholaty)",Lithuania,55.546089,24.125641,,0,1,http://www.yahadmap.org/en/pu-scaron-alotas-pushelot-pusholaty-panev-ys-lithuania/village-1090
,,Baisogala,Lithuania,55.382900,23.423450,,1,1,
,,Liaudiškiai,Lithuania,55.415340,23.396339,,1,1,
,,Liaudiškiai,Lithuania,55.417519,23.392530,,1,1,
,,Pakuteniai,Lithuania,55.415440,23.468439,,1,1,
,,Ilčiūnai,Lithuania,55.443432,24.437889,,1,1,
,,Staniūnai,Lithuania,55.432121,24.241119,,1,1,
,,Pajuostės (near Trakiškis village),Lithuania,55.440250,24.286249,,1,2,
,,Nemunėlio Radviliškis,Lithuania,56.237419,24.476549,,1,1,
,,Paliūniškis,Lithuania,55.492161,24.273911,,1,2,
1099,astravas-bir-ai-panev-ys-lithuania,Astravas (Biržai),Lithuania,56.134602,24.468460,,0,2,http://www.yahadmap.org/en/astravas-bir-ai-panev-ys-lithuania/village-1099
1100,bir-ai-birzh-birsen-panev-ys-lithuania,"Biržai (Birzh, Birsen)",Lithuania,56.125912,24.459009,,0,1,http://www.yahadmap.org/en/bir-ai-birzh-birsen-panev-ys-lithuania/village-1100
1101,s-rma-u-sarmasel-gara-judet-mures-romania,Sărmașu (Sarmasel Gara),Romania,46.478901,24.109921,,0,1,http://www.yahadmap.org/en/s-rma-u-sarmasel-gara-judet-mures-romania/village-1101
1102,plodovitoye-kalmykia-russia,Plodovitoye,Russia,48.079979,44.245331,,0,1,http://www.yahadmap.org/en/plodovitoye-kalmykia-russia/village-1102
1103,arzguir-stavropol-russia,Arzguir,Russia,45.227169,44.148239,,0,2,http://www.yahadmap.org/en/arzguir-stavropol-russia/village-1103
1104,zunda-tolga-kalmykia-russia,Zunda Tolga,Russia,45.390572,44.140388,,0,1,http://www.yahadmap.org/en/zunda-tolga-kalmykia-russia/village-1104
1105,serafimovskoye-stavropol-russia,Serafimovskoye,Russia,45.138432,43.545170,,0,1,http://www.yahadmap.org/en/serafimovskoye-stavropol-russia/village-1105
1106,levokumskoye-stavropol-russia,Levokumskoye,Russia,44.497059,44.375881,,0,1,http://www.yahadmap.org/en/levokumskoye-stavropol-russia/village-1106
1107,starodubskoye-stavropol-russia,Starodubskoye,Russia,44.335239,44.023220,,0,1,http://www.yahadmap.org/en/starodubskoye-stavropol-russia/village-1107
1108,arkhangelskoye-stavropol-russia,Arkhangelskoye,Russia,44.371471,44.048111,,0,1,http://www.yahadmap.org/en/arkhangelskoye-stavropol-russia/village-1108
1109,solomenskoye-stavropol-russia,Solomenskoye,Russia,44.128330,44.199879,,0,1,http://www.yahadmap.org/en/solomenskoye-stavropol-russia/village-1109
1110,niny-stavropol-russia,Niny,Russia,44.276218,43.341019,,0,1,http://www.yahadmap.org/en/niny-stavropol-russia/village-1110
1111,pravokumskoye-novo-krestyanovka-stavropol-russia,Pravokumskoye (Novo-Krestyanovka),Russia,44.214371,44.026482,,0,1,http://www.yahadmap.org/en/pravokumskoye-novo-krestyanovka-stavropol-russia/village-1111
1112,gorkaya-balka-stavropol-russia,Gorkaya Balka,Russia,44.153740,44.002640,,0,1,http://www.yahadmap.org/en/gorkaya-balka-stavropol-russia/village-1112
1113,chernolesskoye-stavropol-russia,Chernolesskoye,Russia,44.424332,43.420219,,0,1,http://www.yahadmap.org/en/chernolesskoye-stavropol-russia/village-1113
1114,spasskoye-stavropol-russia,Spasskoye,Russia,45.050228,43.438160,,0,1,http://www.yahadmap.org/en/spasskoye-stavropol-russia/village-1114
1114,spasskoye-stavropol-russia,Spasskoye,Russia,45.044102,43.400372,,0,1,http://www.yahadmap.org/en/spasskoye-stavropol-russia/village-1114
,,Klydžionys,Lithuania,54.291840,24.151310,,1,2,
,,Butrimonys,Lithuania,54.300812,24.146120,,1,1,
1117,var-na-aran-alytus-lithuania,Varėna (Aran),Lithuania,54.159081,24.311041,,0,2,http://www.yahadmap.org/en/var-na-aran-alytus-lithuania/village-1117
,,Eišiškės,Lithuania,54.109959,24.594780,,1,2,
,,Eišiškės,Lithuania,54.099510,25.000401,,1,2,
,,Merkinė,Lithuania,54.094910,24.115820,,1,2,
,,Marcinkonys,Lithuania,54.032681,24.252041,,1,2,
,,Darželiai,Lithuania,54.013710,24.203091,,1,1,
1122,seirijai-serey-alytus-lithuania,Seirijai (Serey),Lithuania,54.138672,23.494820,,0,1,http://www.yahadmap.org/en/seirijai-serey-alytus-lithuania/village-1122
1122,seirijai-serey-alytus-lithuania,Seirijai (Serey),Lithuania,54.141129,23.484600,,0,1,http://www.yahadmap.org/en/seirijai-serey-alytus-lithuania/village-1122
1122,seirijai-serey-alytus-lithuania,Seirijai (Serey),Lithuania,54.137711,23.495291,,0,1,http://www.yahadmap.org/en/seirijai-serey-alytus-lithuania/village-1122
,,Leipalingis,Lithuania,54.047951,23.512131,,1,1,
,,Alytus,Lithuania,54.226761,24.023701,,1,2,
,,Simnas,Lithuania,54.212891,23.382330,,1,2,
,,Lazdijai,Lithuania,54.130001,23.311991,,1,2,
,,Smalninkai,Lithuania,54.232632,23.131269,,1,1,
1129,virbalis-marijampole-lithuania,Virbalis,Lithuania,54.383411,22.491541,,0,2,http://www.yahadmap.org/en/virbalis-marijampole-lithuania/village-1129
,,Vištytis,Lithuania,54.273060,22.444019,,1,1,
,,Vilkaviškis,Lithuania,54.396660,23.022181,,1,2,
,,Pilviškiai,Lithuania,54.442322,23.132170,,1,1,
,,Pilviškiai,Lithuania,54.442848,23.131359,,1,1,
1134,mordy-masovian-voidodeship-poland,Mordy,Poland,52.127022,22.317551,,0,1,http://www.yahadmap.org/en/mordy-masovian-voidodeship-poland/village-1134
1135,klimonty-masovian-voivodeship-poland,Klimonty,Poland,52.111080,22.300480,,0,1,http://www.yahadmap.org/en/klimonty-masovian-voivodeship-poland/village-1135
,,Łosice,Poland,52.127811,22.428289,,1,1,
,,Zawady,Poland,52.127991,22.371080,,1,1,
,,Zawady,Poland,52.127281,22.371611,,1,1,
1138,w-grow-vengrov-masovian-voivodeship-poland,Węgrów (Vengrov),Poland,52.237919,22.006470,,0,2,http://www.yahadmap.org/en/w-grow-vengrov-masovian-voivodeship-poland/village-1138
,,Wola Orzeszowska,Poland,52.262032,22.088610,,1,1,
1140,kostki-masovian-voivodeship-poland,Kostki,Poland,52.291618,22.109871,,0,1,http://www.yahadmap.org/en/kostki-masovian-voivodeship-poland/village-1140
,,Jarnice,Poland,52.211960,21.591600,,1,1,
1143,miedzna-masovian-voivodeship-poland,Miedzna,Poland,52.283352,22.042139,,0,1,http://www.yahadmap.org/en/miedzna-masovian-voivodeship-poland/village-1143
1143,miedzna-masovian-voivodeship-poland,Miedzna,Poland,52.286129,22.040091,,0,1,http://www.yahadmap.org/en/miedzna-masovian-voivodeship-poland/village-1143
,,Sokołów Podlaski,Poland,52.243328,22.154140,,1,2,
1146,nowy-bartkow-mazovian-voivodeship-poland,Nowy Bartków,Poland,52.208530,22.343950,,0,1,http://www.yahadmap.org/en/nowy-bartkow-mazovian-voivodeship-poland/village-1146
1147,samotrzask-masovian-voivodeship-poland,Samotrzask,Poland,52.329380,21.434210,,0,1,http://www.yahadmap.org/en/samotrzask-masovian-voivodeship-poland/village-1147
1147,samotrzask-masovian-voivodeship-poland,Samotrzask,Poland,52.329102,21.433571,,0,1,http://www.yahadmap.org/en/samotrzask-masovian-voivodeship-poland/village-1147
1147,samotrzask-masovian-voivodeship-poland,Samotrzask,Poland,52.328819,21.432890,,0,1,http://www.yahadmap.org/en/samotrzask-masovian-voivodeship-poland/village-1147
1147,samotrzask-masovian-voivodeship-poland,Samotrzask,Poland,52.335072,21.443001,,0,1,http://www.yahadmap.org/en/samotrzask-masovian-voivodeship-poland/village-1147
1147,samotrzask-masovian-voivodeship-poland,Samotrzask,Poland,52.333611,21.437790,,0,1,http://www.yahadmap.org/en/samotrzask-masovian-voivodeship-poland/village-1147
1147,samotrzask-masovian-voivodeship-poland,Samotrzask,Poland,52.350170,21.442751,,0,1,http://www.yahadmap.org/en/samotrzask-masovian-voivodeship-poland/village-1147
1147,samotrzask-masovian-voivodeship-poland,Samotrzask,Poland,52.332779,21.427389,,0,1,http://www.yahadmap.org/en/samotrzask-masovian-voivodeship-poland/village-1147
1147,samotrzask-masovian-voivodeship-poland,Samotrzask,Poland,52.329922,21.427561,,0,1,http://www.yahadmap.org/en/samotrzask-masovian-voivodeship-poland/village-1147
1147,samotrzask-masovian-voivodeship-poland,Samotrzask,Poland,52.329922,21.427561,,0,1,http://www.yahadmap.org/en/samotrzask-masovian-voivodeship-poland/village-1147
1147,samotrzask-masovian-voivodeship-poland,Samotrzask,Poland,52.330292,21.430140,,0,1,http://www.yahadmap.org/en/samotrzask-masovian-voivodeship-poland/village-1147
1147,samotrzask-masovian-voivodeship-poland,Samotrzask,Poland,52.326511,21.426960,,0,1,http://www.yahadmap.org/en/samotrzask-masovian-voivodeship-poland/village-1147
1147,samotrzask-masovian-voivodeship-poland,Samotrzask,Poland,52.333229,21.432600,,0,1,http://www.yahadmap.org/en/samotrzask-masovian-voivodeship-poland/village-1147
,,Łojki,Poland,52.342209,21.417971,,1,1,
1150,opianka-lopianka-masovian-voivodeship-poland,Łopianka (Lopianka),Poland,52.325439,21.444799,,0,1,http://www.yahadmap.org/en/opianka-lopianka-masovian-voivodeship-poland/village-1150
1150,opianka-lopianka-masovian-voivodeship-poland,Łopianka (Lopianka),Poland,52.324558,21.446051,,0,1,http://www.yahadmap.org/en/opianka-lopianka-masovian-voivodeship-poland/village-1150
1151,ka-uszyn-masovian-voivodeship-poland,Kałuszyn,Poland,52.126598,21.492910,,0,2,http://www.yahadmap.org/en/ka-uszyn-masovian-voivodeship-poland/village-1151
,,Mrozy,Poland,52.102230,21.485241,,1,1,
,,Dobre,Poland,52.187302,21.405939,,1,2,
1061,trubchevsk-bryansk-russia,Trubchevsk,Russia,52.360600,33.471882,,0,1,http://www.yahadmap.org/en/trubchevsk-bryansk-russia/village-1061
117,khodoriv-lviv-ukraine,Khodoriv,Ukraine,49.234501,24.177010,,0,1,http://www.yahadmap.org/en/khodoriv-lviv-ukraine/village-117
1147,samotrzask-masovian-voivodeship-poland,Samotrzask,Poland,52.329887,21.427971,,0,1,http://www.yahadmap.org/en/samotrzask-masovian-voivodeship-poland/village-1147
391,gantsevichi-brest-belarus,Gantsevichi,Belarus,52.454990,26.251740,,0,2,http://www.yahadmap.org/en/gantsevichi-brest-belarus/village-391
1154,borgustanskaya-stavropol-russia,Borgustanskaya,Russia,44.019230,42.314178,,0,1,http://www.yahadmap.org/en/borgustanskaya-stavropol-russia/village-1154
1155,stepnoye-stavropol-russia,Stepnoye,Russia,44.150921,44.365311,,0,2,http://www.yahadmap.org/en/stepnoye-stavropol-russia/village-1155
1156,soldato-aleksandrovskoye-stavropol-russia,Soldato-Aleksandrovskoye,Russia,44.167141,43.434681,,0,1,http://www.yahadmap.org/en/soldato-aleksandrovskoye-stavropol-russia/village-1156
1157,nezlobnaya-stavropol-russia,Nezlobnaya,Russia,44.070530,43.256771,,0,1,http://www.yahadmap.org/en/nezlobnaya-stavropol-russia/village-1157
1158,podgornaya-stavropol-russia,Podgornaya,Russia,44.108730,43.267971,,0,1,http://www.yahadmap.org/en/podgornaya-stavropol-russia/village-1158
1159,novozavedennoye-stavropol-russia,Novozavedennoye,Russia,44.160660,43.390018,,0,1,http://www.yahadmap.org/en/novozavedennoye-stavropol-russia/village-1159
1160,mineralnye-vody-stavropol-russia,Mineralnye Vody,Russia,44.138741,43.049671,,0,2,http://www.yahadmap.org/en/mineralnye-vody-stavropol-russia/village-1160
1161,obilnoye-stavropol-russia,Obilnoye,Russia,44.129608,43.309399,,0,1,http://www.yahadmap.org/en/obilnoye-stavropol-russia/village-1161
1162,ochow-lochov-mazovian-poland,Łochów (Lochov),Poland,52.322899,21.443399,,0,1,http://www.yahadmap.org/en/ochow-lochov-mazovian-poland/village-1162
1162,ochow-lochov-mazovian-poland,Łochów (Lochov),Poland,52.323002,21.443300,,0,1,http://www.yahadmap.org/en/ochow-lochov-mazovian-poland/village-1162
1163,siedlce-shedlits-masovian-voivodeship-poland,Siedlce (Shedlits),Poland,52.099998,22.155279,,0,2,http://www.yahadmap.org/en/siedlce-shedlits-masovian-voivodeship-poland/village-1163
1164,mianowek-masovian-voivodeship-poland,Mianówek,Poland,52.449100,22.127100,,0,2,http://www.yahadmap.org/en/mianowek-masovian-voivodeship-poland/village-1164
1164,mianowek-masovian-voivodeship-poland,Mianówek,Poland,52.452141,22.123770,,0,1,http://www.yahadmap.org/en/mianowek-masovian-voivodeship-poland/village-1164
1164,mianowek-masovian-voivodeship-poland,Mianówek,Poland,52.449841,22.124981,,0,2,http://www.yahadmap.org/en/mianowek-masovian-voivodeship-poland/village-1164
1165,olszew-mazovian-poland,Olszew,Poland,52.372768,22.126829,,0,1,http://www.yahadmap.org/en/olszew-mazovian-poland/village-1165
1166,sterdy-sterdin-esterdin-mazovian-poland,"Sterdyń (Sterdin, Esterdin)",Poland,52.340580,22.182119,,0,1,http://www.yahadmap.org/en/sterdy-sterdin-esterdin-mazovian-poland/village-1166
1167,stoczek-stoczek-wegrowski-stok-mazovian-poland,"Stoczek (Stoczek Wegrowski, Stok)",Poland,52.325359,21.537750,,0,1,http://www.yahadmap.org/en/stoczek-stoczek-wegrowski-stok-mazovian-poland/village-1167
1168,jadow-yadov-mazovian-poland,Jadów (Yadov),Poland,52.285400,21.364180,,0,1,http://www.yahadmap.org/en/jadow-yadov-mazovian-poland/village-1168
,,Brańszczyk,Poland,52.376991,21.351419,,1,1,
1170,kamie-czyk-mazovian-poland,Kamieńczyk,Poland,52.355881,21.322760,,0,1,http://www.yahadmap.org/en/kamie-czyk-mazovian-poland/village-1170
1171,wo-omin-mazovian-poland,Wołomin,Poland,52.205040,21.138639,,0,2,http://www.yahadmap.org/en/wo-omin-mazovian-poland/village-1171
1172,mi-sk-mazowiecki-mazovian-poland,Mińsk Mazowiecki,Poland,52.104900,21.341619,,0,1,http://www.yahadmap.org/en/mi-sk-mazowiecki-mazovian-poland/village-1172
1172,mi-sk-mazowiecki-mazovian-poland,Mińsk Mazowiecki,Poland,52.104160,21.339069,,0,1,http://www.yahadmap.org/en/mi-sk-mazowiecki-mazovian-poland/village-1172
1172,mi-sk-mazowiecki-mazovian-poland,Mińsk Mazowiecki,Poland,52.105438,21.340071,,0,1,http://www.yahadmap.org/en/mi-sk-mazowiecki-mazovian-poland/village-1172
1174,izabelin-mazovian-poland,Izabelin,Poland,52.236851,21.050650,,0,1,http://www.yahadmap.org/en/izabelin-mazovian-poland/village-1174
1175,zegrze-po-udniowe-mazovian-poland,Zegrze Południowe,Poland,52.272148,21.008249,,0,1,http://www.yahadmap.org/en/zegrze-po-udniowe-mazovian-poland/village-1175
1176,askarzew-laskerov-mazovian-poland,Łaskarzew (Laskerov),Poland,51.475319,21.352961,,0,1,http://www.yahadmap.org/en/askarzew-laskerov-mazovian-poland/village-1176
1177,leokadia-mazovian-poland,Leokadia,Poland,51.459641,21.377831,,0,1,http://www.yahadmap.org/en/leokadia-mazovian-poland/village-1177
1177,leokadia-mazovian-poland,Leokadia,Poland,51.461620,21.377439,,0,1,http://www.yahadmap.org/en/leokadia-mazovian-poland/village-1177
1177,leokadia-mazovian-poland,Leokadia,Poland,51.461510,21.377970,,0,1,http://www.yahadmap.org/en/leokadia-mazovian-poland/village-1177
1178,pilawa-mazovian-poland,Pilawa,Poland,51.576439,21.319330,,0,1,http://www.yahadmap.org/en/pilawa-mazovian-poland/village-1178
1178,pilawa-mazovian-poland,Pilawa,Poland,51.576839,21.319059,,0,1,http://www.yahadmap.org/en/pilawa-mazovian-poland/village-1178
,,Parysów,Poland,51.587101,21.405630,,1,1,
1180,d-bowka-debowka-masovian-voivodeship-poland,Dębówka (Debowka),Poland,51.577919,21.102190,,0,1,http://www.yahadmap.org/en/d-bowka-debowka-masovian-voivodeship-poland/village-1180
1181,sobienie-jeziory-mazovian-poland,Sobienie-Jeziory,Poland,51.564789,21.182581,,0,1,http://www.yahadmap.org/en/sobienie-jeziory-mazovian-poland/village-1181
1183,pyriatyn-pyryatyn-piriatin-poltava-ukraine,"Pyriatyn (Pyryatyn, Piriatin)",Ukraine,50.129929,32.289890,,0,2,http://www.yahadmap.org/en/pyriatyn-pyryatyn-piriatin-poltava-ukraine/village-1183
1184,cherevani-hlobyne-globyne-globin-poltava-ukraine,"Cherevani (Hlobyne, Globyne, Globin)",Ukraine,49.222408,33.154491,,0,1,http://www.yahadmap.org/en/cherevani-hlobyne-globyne-globin-poltava-ukraine/village-1184
1185,semenivka-semenovka-semionovka-semianovka-semenowka-poltava-ukraine,"Semenivka (Semenovka, Semionovka, Semianovka, Semenowka)",Ukraine,49.364540,33.118542,,0,1,http://www.yahadmap.org/en/semenivka-semenovka-semionovka-semianovka-semenowka-poltava-ukraine/village-1185
1186,lubny-luben-lubin-ubny-poltava-ukraine,"Lubny (Luben, Lubin, Łubny)",Ukraine,49.599411,33.027828,,0,1,http://www.yahadmap.org/en/lubny-luben-lubin-ubny-poltava-ukraine/village-1186
1187,khorol-poltava-ukraine,Khorol,Ukraine,49.482868,33.151711,,0,1,http://www.yahadmap.org/en/khorol-poltava-ukraine/village-1187
1188,myrhorod-myrgorod-mirgorod-poltava-ukraine,"Myrhorod (Myrgorod, Mirgorod)",Ukraine,49.596748,33.359501,,0,1,http://www.yahadmap.org/en/myrhorod-myrgorod-mirgorod-poltava-ukraine/village-1188
1187,khorol-poltava-ukraine,Khorol,Ukraine,49.481468,33.155628,,0,1,http://www.yahadmap.org/en/khorol-poltava-ukraine/village-1187
1189,mlyny-poltava-ukraine,Mlyny,Ukraine,50.223358,33.181381,,0,1,http://www.yahadmap.org/en/mlyny-poltava-ukraine/village-1189
1190,poltava-poltava-ukraine,Poltava,Ukraine,49.347301,34.319580,,0,2,http://www.yahadmap.org/en/poltava-poltava-ukraine/village-1190
1191,kobeliaky-kobeliaki-kobelyaki-kobielaki-poltava-ukraine,"Kobeliaky (Kobeliaki, Kobelyaki, Kobielaki)",Ukraine,49.082272,34.133820,,0,1,http://www.yahadmap.org/en/kobeliaky-kobeliaki-kobelyaki-kobielaki-poltava-ukraine/village-1191
1192,hadiach-gadyach-gadiach-hadziacz-haditch-poltava-ukraine,"Hadiach (Gadyach, Gadiach, Hadziacz, Haditch)",Ukraine,50.235699,33.589939,,0,1,http://www.yahadmap.org/en/hadiach-gadyach-gadiach-hadziacz-haditch-poltava-ukraine/village-1192
1193,mena-chernihiv-ukraine,Mena,Ukraine,51.318508,32.134159,,0,1,http://www.yahadmap.org/en/mena-chernihiv-ukraine/village-1193
1194,makoshyne-makoshyno-chernihiv-ukraine,Makoshyne (Makoshyno),Ukraine,51.270409,32.211651,,0,1,http://www.yahadmap.org/en/makoshyne-makoshyno-chernihiv-ukraine/village-1194
1195,sosnytsia-sostintsa-sosnica-sosnitza-chernihiv-ukraine,"Sosnytsia (Sostintsa, Sosnica, Sosnitza)",Ukraine,51.310360,32.286011,,0,1,http://www.yahadmap.org/en/sosnytsia-sostintsa-sosnica-sosnitza-chernihiv-ukraine/village-1195
1196,dobrianka-dodryanka-chernihiv-ukraine,Dobrianka (Dodryanka),Ukraine,52.037708,31.110960,,0,1,http://www.yahadmap.org/en/dobrianka-dodryanka-chernihiv-ukraine/village-1196
1196,dobrianka-dodryanka-chernihiv-ukraine,Dobrianka (Dodryanka),Ukraine,52.032261,31.088409,,0,1,http://www.yahadmap.org/en/dobrianka-dodryanka-chernihiv-ukraine/village-1196
1197,kozelets-chernihiv-ukraine,Kozelets,Ukraine,50.541039,31.076981,,0,1,http://www.yahadmap.org/en/kozelets-chernihiv-ukraine/village-1197
1198,pryluky-priluki-chernihiv-ukraine,Pryluky (Priluki),Ukraine,50.351219,32.262852,,0,2,http://www.yahadmap.org/en/pryluky-priluki-chernihiv-ukraine/village-1198
1199,shchors-snovsk-chernihiv-ukraine,Shchors (Snovsk),Ukraine,51.485432,31.575411,,0,2,http://www.yahadmap.org/en/shchors-snovsk-chernihiv-ukraine/village-1199
1200,chernihiv-chernigiv-chernigov-czernihow-tshernigov-chernihiv-ukraine,"Chernihiv (Chernigiv, Chernigov, Czernihów, Tshernigov)",Ukraine,51.319672,31.163059,,0,2,http://www.yahadmap.org/en/chernihiv-chernigiv-chernigov-czernihow-tshernigov-chernihiv-ukraine/village-1200
1201,ostroushky-novgorod-siverskyi-sumy-ukraine,Ostroushky (Novgorod-Siverskyi),Ukraine,52.006439,33.198132,,0,1,http://www.yahadmap.org/en/ostroushky-novgorod-siverskyi-sumy-ukraine/village-1201
1202,shapovalivka-borzna-chernihiv-ukraine,Shapovalivka (Borzna),Ukraine,51.160511,32.321419,,0,1,http://www.yahadmap.org/en/shapovalivka-borzna-chernihiv-ukraine/village-1202
880,novogrudok-nowogrodek-novaredok-grodno-belarus,"Novogrudok (Nowogrodek, Novaredok)",Belarus,53.347351,25.471939,,0,2,http://www.yahadmap.org/en/novogrudok-nowogrodek-novaredok-grodno-belarus/village-880
877,lyugovshchina-grodno-belarus,Lyugovshchina,Belarus,54.271252,25.560921,,0,1,http://www.yahadmap.org/en/lyugovshchina-grodno-belarus/village-877
877,lyugovshchina-grodno-belarus,Lyugovshchina,Belarus,54.277451,25.562429,,0,1,http://www.yahadmap.org/en/lyugovshchina-grodno-belarus/village-877
1203,goncharovka-vodino-volgograd-russia,Goncharovka (Vodino),Russia,48.003502,44.043900,,0,1,http://www.yahadmap.org/en/goncharovka-vodino-volgograd-russia/village-1203
1204,kamenka-zhutovo-i-volgograd-russia,Kamenka (Zhutovo I),Russia,47.580750,43.492908,,0,1,http://www.yahadmap.org/en/kamenka-zhutovo-i-volgograd-russia/village-1204
1205,pimeno-cherni-volgograd-russia,Pimeno-Cherni,Russia,47.423031,43.284012,,0,1,http://www.yahadmap.org/en/pimeno-cherni-volgograd-russia/village-1205
1206,nizhniye-cherni-volgograd-russia,Nizhniye Cherni,Russia,47.391121,43.231789,,0,1,http://www.yahadmap.org/en/nizhniye-cherni-volgograd-russia/village-1206
1207,siverski-siverska-siverskyi-leningrad-russia,"Siverski (Siverska, Siverskyi)",Russia,59.205799,30.031780,,0,2,http://www.yahadmap.org/en/siverski-siverska-siverskyi-leningrad-russia/village-1207
1208,luga-leningrad-russia,Luga,Russia,58.442402,29.513149,,0,2,http://www.yahadmap.org/en/luga-leningrad-russia/village-1208
1208,luga-leningrad-russia,Luga,Russia,58.440201,29.512390,,0,2,http://www.yahadmap.org/en/luga-leningrad-russia/village-1208
911,krasnaya-sloboda-popovtsy-minsk-belarus,Krasnaya Sloboda/Popovtsy,Belarus,52.511219,27.128460,,0,1,http://www.yahadmap.org/en/krasnaya-sloboda-popovtsy-minsk-belarus/village-911
,,Zaharești (Zaharesti),Romania,47.356491,26.094339,,1,1,
1213,bobrynets-bobrinets-kirovohrad-ukraine,Bobrynets (Bobrinets),Ukraine,48.035130,32.082870,,0,1,http://www.yahadmap.org/en/bobrynets-bobrinets-kirovohrad-ukraine/village-1213
1214,bereslavka-former-jewish-colony-gromokley-kirovohrad-ukraine,Bereslavka (former Jewish colony Gromokley),Ukraine,47.535110,32.191669,,0,1,http://www.yahadmap.org/en/bereslavka-former-jewish-colony-gromokley-kirovohrad-ukraine/village-1214
1215,ustynivka-ustynovka-ustinovka-kirovohrad-ukraine,"Ustynivka (Ustynovka, Ustinovka)",Ukraine,47.580997,32.329002,,0,1,http://www.yahadmap.org/en/ustynivka-ustynovka-ustinovka-kirovohrad-ukraine/village-1215
1216,novohlynyane-novoglynyane-kirovohrad-ukraine,Novohlynyane (Novoglynyane),Ukraine,48.104950,31.184870,,0,1,http://www.yahadmap.org/en/novohlynyane-novoglynyane-kirovohrad-ukraine/village-1216
1217,maryivka-maryevka-kirovohrad-ukraine,Maryivka (Maryevka),Ukraine,48.235989,31.121679,,0,1,http://www.yahadmap.org/en/maryivka-maryevka-kirovohrad-ukraine/village-1217
1218,khmelyove-khmelovoye-kirovohrad-ukraine,Khmelyove (Khmelovoye),Ukraine,48.334000,31.238291,,0,1,http://www.yahadmap.org/en/khmelyove-khmelovoye-kirovohrad-ukraine/village-1218
1219,novomyrhorod-zlatopil-novomirhorod-novomirgorod-zlatopol-kirovohrad-ukraine,"Novomyrhorod/ Zlatopil (Novomirhorod, Novomirgorod/Zlatopol)",Ukraine,48.488178,31.395290,,0,1,http://www.yahadmap.org/en/novomyrhorod-zlatopil-novomirhorod-novomirgorod-zlatopol-kirovohrad-ukraine/village-1219
1219,novomyrhorod-zlatopil-novomirhorod-novomirgorod-zlatopol-kirovohrad-ukraine,"Novomyrhorod/ Zlatopil (Novomirhorod, Novomirgorod/Zlatopol)",Ukraine,48.490120,31.397150,,0,1,http://www.yahadmap.org/en/novomyrhorod-zlatopil-novomirhorod-novomirgorod-zlatopol-kirovohrad-ukraine/village-1219
1220,lystopadove-listopadovo-kirovohrad-ukraine,Lystopadove ( Listopadovo),Ukraine,48.502110,31.349630,,0,1,http://www.yahadmap.org/en/lystopadove-listopadovo-kirovohrad-ukraine/village-1220
1221,martonosha-martanosha-kirovohrad-ukraine,Martonosha (Martanosha),Ukraine,48.455391,31.457951,,0,1,http://www.yahadmap.org/en/martonosha-martanosha-kirovohrad-ukraine/village-1221
1222,oleksandriya-aleksandria-kirovohrad-ukraine,Oleksandriya (Aleksandria),Ukraine,48.400101,33.074230,,0,2,http://www.yahadmap.org/en/oleksandriya-aleksandria-kirovohrad-ukraine/village-1222
,,Turya,Ukraine,48.519329,31.349260,,1,1,
1224,torhovytsya-torgovytsia-torgovitsa-kirovohrad-ukraine,"Torhovytsya (Torgovytsia, Torgovitsa)",Ukraine,48.390659,30.460970,,0,1,http://www.yahadmap.org/en/torhovytsya-torgovytsia-torgovitsa-kirovohrad-ukraine/village-1224
1225,oleksandrivka-aleksandrovka-kirovohrad-ukraine,Oleksandrivka (Aleksandrovka),Ukraine,48.571548,32.127022,,0,1,http://www.yahadmap.org/en/oleksandrivka-aleksandrovka-kirovohrad-ukraine/village-1225
1226,pidvysoke-podvysokoye-kirovohrad-ukraine,Pidvysoke (Podvysokoye),Ukraine,48.343971,30.392799,,0,1,http://www.yahadmap.org/en/pidvysoke-podvysokoye-kirovohrad-ukraine/village-1226
1227,wodzis-aw-wodzislaw-swietokrzyskie-voivodeship-poland,Wodzisław (Wodzislaw),Poland,50.303410,20.117340,,0,2,http://www.yahadmap.org/en/wodzis-aw-wodzislaw-swietokrzyskie-voivodeship-poland/village-1227
1228,dzia-oszyce-swietokrzyskie-voivodship-poland,Działoszyce,Poland,50.217449,20.214861,,0,2,http://www.yahadmap.org/en/dzia-oszyce-swietokrzyskie-voivodship-poland/village-1228
1229,sprowa-swietokrzyskie-voivodeship-poland,Sprowa,Poland,50.356098,19.534149,,0,1,http://www.yahadmap.org/en/sprowa-swietokrzyskie-voivodeship-poland/village-1229
1230,j-drzejow-jedrzejow-holly-cross-voivodeship-poland,Jędrzejów (Jedrzejow),Poland,50.377750,20.190821,,0,1,http://www.yahadmap.org/en/j-drzejow-jedrzejow-holly-cross-voivodeship-poland/village-1230
1231,s-onowice-slonowice-swietokrzyskie-voivodeship-poland,Słonowice (Slonowice),Poland,50.163898,20.266359,,0,1,http://www.yahadmap.org/en/s-onowice-slonowice-swietokrzyskie-voivodeship-poland/village-1231
1232,kazimierza-wielka-swietokrzyskie-voivodeship-poland,Kazimierza Wielka,Poland,50.162491,20.290100,,0,1,http://www.yahadmap.org/en/kazimierza-wielka-swietokrzyskie-voivodeship-poland/village-1232
1233,mistrzowice-swietokrzyskie-voivodeship-poland,Mistrzowice,Poland,50.154202,20.402109,,0,1,http://www.yahadmap.org/en/mistrzowice-swietokrzyskie-voivodeship-poland/village-1233
1234,skalbmierz-swietokrzyskie-voivodeship-poland,Skalbmierz,Poland,50.190762,20.230261,,0,1,http://www.yahadmap.org/en/skalbmierz-swietokrzyskie-voivodeship-poland/village-1234
1235,chroberz-swietokrzyskie-voivodeship-poland,Chroberz,Poland,50.256180,20.332741,,0,1,http://www.yahadmap.org/en/chroberz-swietokrzyskie-voivodeship-poland/village-1235
1236,nawarzyce-swietokrzyskie-voivodeship-poland,Nawarzyce,Poland,50.309311,20.190941,,0,1,http://www.yahadmap.org/en/nawarzyce-swietokrzyskie-voivodeship-poland/village-1236
1236,nawarzyce-swietokrzyskie-voivodeship-poland,Nawarzyce,Poland,50.306351,20.180700,,0,1,http://www.yahadmap.org/en/nawarzyce-swietokrzyskie-voivodeship-poland/village-1236
1237,stopnica-swietokrzyskie-voivodeship-poland,Stopnica,Poland,50.262241,20.575050,,0,1,http://www.yahadmap.org/en/stopnica-swietokrzyskie-voivodeship-poland/village-1237
1237,stopnica-swietokrzyskie-voivodeship-poland,Stopnica,Poland,50.263321,20.570240,,0,1,http://www.yahadmap.org/en/stopnica-swietokrzyskie-voivodeship-poland/village-1237
1238,chmielnik-swietokrzyskie-voivodeship-poland,Chmielnik,Poland,50.370762,20.451599,,0,1,http://www.yahadmap.org/en/chmielnik-swietokrzyskie-voivodeship-poland/village-1238
1239,szczucin-lesser-poland-voivodeship-poland,Szczucin,Poland,50.180538,21.042810,,0,1,http://www.yahadmap.org/en/szczucin-lesser-poland-voivodeship-poland/village-1239
1240,po-aniec-polaniec-or-planch-swietokrzyskie-voivodeship-poland,"Połaniec (Polaniec, or Planch)",Poland,50.259781,21.170710,,0,1,http://www.yahadmap.org/en/po-aniec-polaniec-or-planch-swietokrzyskie-voivodeship-poland/village-1240
1241,pacanow-pacanow-swietokrzyskie-voivodeship-poland,Pacanów (Pacanow),Poland,50.240669,21.022949,,0,1,http://www.yahadmap.org/en/pacanow-pacanow-swietokrzyskie-voivodeship-poland/village-1241
1242,klimontow-swietokrzyskie-voivodship-poland,Klimontów,Poland,50.393440,21.271259,,0,1,http://www.yahadmap.org/en/klimontow-swietokrzyskie-voivodship-poland/village-1242
1242,klimontow-swietokrzyskie-voivodship-poland,Klimontów,Poland,50.397530,21.266041,,0,1,http://www.yahadmap.org/en/klimontow-swietokrzyskie-voivodship-poland/village-1242
1243,osiek-swietokrzyskie-voivodeship-poland,Osiek,Poland,50.307770,21.259411,,0,1,http://www.yahadmap.org/en/osiek-swietokrzyskie-voivodeship-poland/village-1243
1244,staszow-swietokrzyskie-voivodeship-poland,Staszów,Poland,50.333309,21.101400,,0,1,http://www.yahadmap.org/en/staszow-swietokrzyskie-voivodeship-poland/village-1244
1245,busko-zdroj-busko-swietokrzyskie-voivodeship-poland,Busko-Zdrój (Busko),Poland,50.282421,20.441200,,0,1,http://www.yahadmap.org/en/busko-zdroj-busko-swietokrzyskie-voivodeship-poland/village-1245
,,Troškūnai,Lithuania,55.345390,24.544140,,1,1,
,,Kavarskas,Lithuania,55.261780,24.548140,,1,1,
,,Pumpučiai,Lithuania,55.252979,24.558729,,1,1,
1249,anyk-scaron-iai-utena-lithuania,Anykščiai,Lithuania,55.311951,25.063601,,0,1,http://www.yahadmap.org/en/anyk-scaron-iai-utena-lithuania/village-1249
1249,anyk-scaron-iai-utena-lithuania,Anykščiai,Lithuania,55.307320,25.075460,,0,2,http://www.yahadmap.org/en/anyk-scaron-iai-utena-lithuania/village-1249
1249,anyk-scaron-iai-utena-lithuania,Anykščiai,Lithuania,55.314270,25.063049,,0,1,http://www.yahadmap.org/en/anyk-scaron-iai-utena-lithuania/village-1249
1250,obeliai-abel-abele-panev-ys-lithuania,"Obeliai (Abel, Abele)",Lithuania,55.553989,25.503941,,0,2,http://www.yahadmap.org/en/obeliai-abel-abele-panev-ys-lithuania/village-1250
1251,keblonys-utena-lithuania,Keblonys,Lithuania,55.308479,25.085751,,0,1,http://www.yahadmap.org/en/keblonys-utena-lithuania/village-1251
1252,antana-scaron-panev-ys-lithuania,Antanašė,Lithuania,55.553089,25.487659,,0,1,http://www.yahadmap.org/en/antana-scaron-panev-ys-lithuania/village-1252
1253,steponiai-steponys-panev-ys-lithuania,Steponiai (Steponys),Lithuania,56.002590,25.336531,,0,2,http://www.yahadmap.org/en/steponiai-steponys-panev-ys-lithuania/village-1253
1254,bajorai-roki-scaron-kis-rokishok-panev-ys-lithuania,"Bajorai (Rokiškis, Rokishok)",Lithuania,55.597519,25.378731,,0,2,http://www.yahadmap.org/en/bajorai-roki-scaron-kis-rokishok-panev-ys-lithuania/village-1254
1255,vy-uonos-vizhun-panev-ys-lithuania,Vyžuonos (Vizhun),Lithuania,56.017731,25.376101,,0,1,http://www.yahadmap.org/en/vy-uonos-vizhun-panev-ys-lithuania/village-1255
1256,sv-dasai-svadushch-wiado-cie-svedas-utena-lithuania,"Svėdasai (Svadushch, Świadoście, Svedasų)",Lithuania,55.405182,25.231171,,0,1,http://www.yahadmap.org/en/sv-dasai-svadushch-wiado-cie-svedas-utena-lithuania/village-1256
1256,sv-dasai-svadushch-wiado-cie-svedas-utena-lithuania,"Svėdasai (Svadushch, Świadoście, Svedasų)",Lithuania,55.410801,25.209261,,0,1,http://www.yahadmap.org/en/sv-dasai-svadushch-wiado-cie-svedas-utena-lithuania/village-1256
1257,degu-iai-diagu-iai-utena-lithuania,Degučiai (Diagučiai),Lithuania,55.412170,25.596849,,0,2,http://www.yahadmap.org/en/degu-iai-diagu-iai-utena-lithuania/village-1257
1258,salakas-salok-utena-lithuania,Salakas (Salok),Lithuania,55.301609,26.075689,,0,1,http://www.yahadmap.org/en/salakas-salok-utena-lithuania/village-1258
1259,linkmenys-lingmyan-lingmian-yngmiany-utena-lithuania,"Linkmenys (Lingmyan, Lingmian, Łyngmiany)",Lithuania,55.187431,25.573400,,0,1,http://www.yahadmap.org/en/linkmenys-lingmyan-lingmian-yngmiany-utena-lithuania/village-1259
1260,epuki-scaron-k-utena-lithuania,Čepukìškė,Lithuania,55.407661,26.232710,,0,1,http://www.yahadmap.org/en/epuki-scaron-k-utena-lithuania/village-1260
1260,epuki-scaron-k-utena-lithuania,Čepukìškė,Lithuania,55.409458,26.232450,,0,1,http://www.yahadmap.org/en/epuki-scaron-k-utena-lithuania/village-1260
,,Utena,Lithuania,55.311970,25.360430,,1,2,
971,plung-tel-scaron-iai-lithuania,Plungė,Lithuania,55.518028,21.528990,,0,2,http://www.yahadmap.org/en/plung-tel-scaron-iai-lithuania/village-971
966,garg-dai-klaip-da-lithuania,Gargždai,Lithuania,55.452728,21.327049,,0,1,http://www.yahadmap.org/en/garg-dai-klaip-da-lithuania/village-966
966,garg-dai-klaip-da-lithuania,Gargždai,Lithuania,55.446602,21.318729,,0,1,http://www.yahadmap.org/en/garg-dai-klaip-da-lithuania/village-966
972,skuodas-klaip-da-lithuania,Skuodas,Lithuania,56.156342,21.296610,,0,1,http://www.yahadmap.org/en/skuodas-klaip-da-lithuania/village-972
,,Ocnița (Ocnita),Moldova,48.253891,27.278820,,1,1,
1263,zahnitkiv-zagnitkiv-zagnitkov-zahnitkow-odesa-ukraine,"Zahnitkiv (Zagnitkiv, Zagnitkov, Zahnitków)",Ukraine,48.023258,28.524071,,0,1,http://www.yahadmap.org/en/zahnitkiv-zagnitkiv-zagnitkov-zahnitkow-odesa-ukraine/village-1263
1264,kodyma-kodima-codima-odesa-ukraine,"Kodyma (Kodima, Codima)",Ukraine,48.061100,29.076309,,0,1,http://www.yahadmap.org/en/kodyma-kodima-codima-odesa-ukraine/village-1264
1264,kodyma-kodima-codima-odesa-ukraine,"Kodyma (Kodima, Codima)",Ukraine,48.065632,29.079769,,0,1,http://www.yahadmap.org/en/kodyma-kodima-codima-odesa-ukraine/village-1264
1264,kodyma-kodima-codima-odesa-ukraine,"Kodyma (Kodima, Codima)",Ukraine,48.065681,29.079870,,0,1,http://www.yahadmap.org/en/kodyma-kodima-codima-odesa-ukraine/village-1264
1265,shershentsi-odesa-ukraine,Shershentsi,Ukraine,47.586006,29.033722,,0,1,http://www.yahadmap.org/en/shershentsi-odesa-ukraine/village-1265
1266,hrabove-grabove-grabovo-odesa-ukraine,"Hrabove (Grabove, Grabovo)",Ukraine,48.017250,29.025440,,0,1,http://www.yahadmap.org/en/hrabove-grabove-grabovo-odesa-ukraine/village-1266
1266,hrabove-grabove-grabovo-odesa-ukraine,"Hrabove (Grabove, Grabovo)",Ukraine,48.017551,29.034670,,0,1,http://www.yahadmap.org/en/hrabove-grabove-grabovo-odesa-ukraine/village-1266
1267,kruti-krutoye-krute-krutyye-odesa-ukraine,"Kruti (Krutoye, Krute, Krutyye)",Ukraine,47.570808,29.129829,,0,1,http://www.yahadmap.org/en/kruti-krutoye-krute-krutyye-odesa-ukraine/village-1267
1267,kruti-krutoye-krute-krutyye-odesa-ukraine,"Kruti (Krutoye, Krute, Krutyye)",Ukraine,47.572830,29.120871,,0,1,http://www.yahadmap.org/en/kruti-krutoye-krute-krutyye-odesa-ukraine/village-1267
1268,lypetske-lipetske-odesa-ukraine,Lypetske (Lipetske),Ukraine,47.451130,29.411860,,0,1,http://www.yahadmap.org/en/lypetske-lipetske-odesa-ukraine/village-1268
1269,borshchi-odesa-ukraine,Borshchi,Ukraine,47.485210,29.296881,,0,1,http://www.yahadmap.org/en/borshchi-odesa-ukraine/village-1269
1270,balta-odesa-ukraine,Balta,Ukraine,47.548450,29.375719,,0,1,http://www.yahadmap.org/en/balta-odesa-ukraine/village-1270
1270,balta-odesa-ukraine,Balta,Ukraine,47.576870,29.373911,,0,1,http://www.yahadmap.org/en/balta-odesa-ukraine/village-1270
1271,dolynske-dolinskoe-dolinskoye-formerly-valegotsulovo-odesa-ukraine,"Dolynske (Dolinskoe, Dolinskoye)
Formerly Valegotsulovo",Ukraine,47.321049,29.557070,,0,1,http://www.yahadmap.org/en/dolynske-dolinskoe-dolinskoye-formerly-valegotsulovo-odesa-ukraine/village-1271
1272,krasni-okny-krasnyye-okny-okny-ocna-rosie-okna-odesa-ukraine,"Krasni Okny (Krasnyye Okny, Okny, Ocna Rosie, Okna)",Ukraine,47.322979,29.271669,,0,1,http://www.yahadmap.org/en/krasni-okny-krasnyye-okny-okny-ocna-rosie-okna-odesa-ukraine/village-1272
1273,troitske-troitskoye-odesa-ukraine,Troitske (Troitskoye),Ukraine,47.388439,30.166389,,0,1,http://www.yahadmap.org/en/troitske-troitskoye-odesa-ukraine/village-1273
1274,ananyiv-ananyev-ananiev-odesa-ukraine,"Ananyiv (Ananyev, Ananiev)",Ukraine,47.458431,29.565729,,0,2,http://www.yahadmap.org/en/ananyiv-ananyev-ananiev-odesa-ukraine/village-1274
1275,petrivka-korniyivka-odesa-ukraine,Petrivka (Korniyivka),Ukraine,47.213970,30.368370,,0,1,http://www.yahadmap.org/en/petrivka-korniyivka-odesa-ukraine/village-1275
1276,andrievo-ivanivka-former-jewish-colony-shtern-odesa-ukraine,Andrievo-Ivanivka (Former Jewish colony Shtern),Ukraine,47.300980,30.271730,,0,1,http://www.yahadmap.org/en/andrievo-ivanivka-former-jewish-colony-shtern-odesa-ukraine/village-1276
1277,pavlynka-pavlinka-odesa-ukraine,Pavlynka (Pavlinka),Ukraine,46.488350,30.398230,,0,1,http://www.yahadmap.org/en/pavlynka-pavlinka-odesa-ukraine/village-1277
1277,pavlynka-pavlinka-odesa-ukraine,Pavlynka (Pavlinka),Ukraine,46.488178,30.408550,,0,1,http://www.yahadmap.org/en/pavlynka-pavlinka-odesa-ukraine/village-1277
1278,bukachivtsi-bukaczowce-bukaczovce-bukotchovitz-bukshevitz-ivano-frankivsk-ukraine,"Bukachivtsi (Bukaczowce, Bukaczovce, Bukotchovitz, Bukshevitz)",Ukraine,49.149609,24.294621,,0,1,http://www.yahadmap.org/en/bukachivtsi-bukaczowce-bukaczovce-bukotchovitz-bukshevitz-ivano-frankivsk-ukraine/village-1278
1278,bukachivtsi-bukaczowce-bukaczovce-bukotchovitz-bukshevitz-ivano-frankivsk-ukraine,"Bukachivtsi (Bukaczowce, Bukaczovce, Bukotchovitz, Bukshevitz)",Ukraine,49.149620,24.289370,,0,1,http://www.yahadmap.org/en/bukachivtsi-bukaczowce-bukaczovce-bukotchovitz-bukshevitz-ivano-frankivsk-ukraine/village-1278
1279,rohatyn-rogatyn-rogatin-ivano-frankivsk-ukraine,"Rohatyn (Rogatyn, Rogatin)",Ukraine,49.242069,24.376650,,0,2,http://www.yahadmap.org/en/rohatyn-rogatyn-rogatin-ivano-frankivsk-ukraine/village-1279
1279,rohatyn-rogatyn-rogatin-ivano-frankivsk-ukraine,"Rohatyn (Rogatyn, Rogatin)",Ukraine,49.250469,24.364849,,0,2,http://www.yahadmap.org/en/rohatyn-rogatyn-rogatin-ivano-frankivsk-ukraine/village-1279
1280,demyaniv-demianov-ivano-frankivsk-ukraine,Demyaniv (Demianov),Ukraine,49.139702,24.379330,,0,1,http://www.yahadmap.org/en/demyaniv-demianov-ivano-frankivsk-ukraine/village-1280
1281,pechenizhyn-peczeni-yn-petchinizhin-ivano-frankivsk-ukraine,"Pechenizhyn (Peczeniżyn, Petchinizhin)",Ukraine,48.305771,24.530910,,0,1,http://www.yahadmap.org/en/pechenizhyn-peczeni-yn-petchinizhin-ivano-frankivsk-ukraine/village-1281
1282,chernelytsia-czernelica-ivano-frankivsk-ukraine,Chernelytsia (Czernelica),Ukraine,48.482101,25.258249,,0,1,http://www.yahadmap.org/en/chernelytsia-czernelica-ivano-frankivsk-ukraine/village-1282
99,ivano-frankivsk-stanis-awow-stanislav-ivano-frankivsk-ukraine,"Ivano-Frankivsk (Stanisławów, Stanislav)",Ukraine,48.551060,24.433241,,0,3,http://www.yahadmap.org/en/ivano-frankivsk-stanis-awow-stanislav-ivano-frankivsk-ukraine/village-99
1283,tenetnyky-ivano-frankivsk-ukraine,Tenetnyky,Ukraine,49.146309,24.319340,,0,1,http://www.yahadmap.org/en/tenetnyky-ivano-frankivsk-ukraine/village-1283
1284,zolochiv-zolochev-zloczow-lviv-ukraine,"Zolochiv (Zolochev, Zloczow)",Ukraine,49.485069,24.533260,,0,2,http://www.yahadmap.org/en/zolochiv-zolochev-zloczow-lviv-ukraine/village-1284
1285,limbenii-vechi-staryye-limbeny-glodeni-moldova,Limbenii Vechi (Staryye Limbeny),Moldova,47.432201,27.362499,,0,1,http://www.yahadmap.org/en/limbenii-vechi-staryye-limbeny-glodeni-moldova/village-1285
1286,frasin-dondu-eni-moldova,Frasin,Moldova,48.086781,27.323839,,0,1,http://www.yahadmap.org/en/frasin-dondu-eni-moldova/village-1286
1287,codrenii-noi-dondu-eni-moldova,Codrenii Noi,Moldova,48.092381,27.340950,,0,1,http://www.yahadmap.org/en/codrenii-noi-dondu-eni-moldova/village-1287
,,Chetroșica Veche,Moldova,48.072262,27.233601,,1,1,
,,Țipletești,Moldova,47.486599,28.074110,,1,1,
1290,grim-nc-u-i-briceni-moldova,Grimăncăuți,Moldova,48.234482,27.054859,,0,1,http://www.yahadmap.org/en/grim-nc-u-i-briceni-moldova/village-1290
,,Siemiatycze,Poland,52.253799,22.523199,,1,1,
,,Tonkiele,Poland,52.243801,22.341261,,1,3,
1293,pobikry-podlaskie-voivodeship-poland,Pobikry,Poland,52.376549,22.385281,,0,1,http://www.yahadmap.org/en/pobikry-podlaskie-voivodeship-poland/village-1293
,,Ciechanowiec,Poland,52.407230,22.290461,,1,1,
,,Oleksin,Poland,52.413979,22.520370,,1,1,
1296,bra-sk-podlaskie-voivodeship-poland,Brańsk,Poland,52.440159,22.494850,,0,1,http://www.yahadmap.org/en/bra-sk-podlaskie-voivodeship-poland/village-1296
,,Zdrody Nowe,Poland,52.573132,22.465071,,1,1,
,,Zdrody Nowe,Poland,52.573372,22.471560,,1,1,
,,Zdrody Nowe,Poland,52.569401,22.459690,,1,1,
,,Zdrody Nowe,Poland,52.571159,22.465160,,1,1,
,,Koce-Basie,Poland,52.421589,22.362940,,1,1,
,,Koce-Basie,Poland,52.450100,22.354521,,1,1,
,,Michałowo,Poland,53.027409,23.343950,,1,1,
,,Szepietowo-Janówka,Poland,52.516441,22.309460,,1,1,
,,Szepietowo-Janówka,Poland,52.516979,22.310690,,1,1,
,,Średnica-Jakubowięta,Poland,52.528568,22.343309,,1,1,
,,Wąsosz,Poland,53.317638,22.200729,,1,1,
,,Radziłów,Poland,53.242828,22.249550,,1,2,
,,Stawiski,Poland,53.210739,22.092930,,1,2,
1305,szczuczyn-podlaskie-voivodeship-poland,Szczuczyn,Poland,53.344791,22.166901,,0,2,http://www.yahadmap.org/en/szczuczyn-podlaskie-voivodeship-poland/village-1305
1306,myropil-miropol-zhytomyr-ukraine,Myropil (Miropol),Ukraine,50.054379,27.413139,,0,2,http://www.yahadmap.org/en/myropil-miropol-zhytomyr-ukraine/village-1306
1307,polonne-polna-polona-polonnoye-khmelnytsky-ukraine,"Polonne (Polna, Polona, Polonnoye)",Ukraine,50.084702,27.313980,,0,2,http://www.yahadmap.org/en/polonne-polna-polona-polonnoye-khmelnytsky-ukraine/village-1307
1307,polonne-polna-polona-polonnoye-khmelnytsky-ukraine,"Polonne (Polna, Polona, Polonnoye)",Ukraine,50.090271,27.301620,,0,2,http://www.yahadmap.org/en/polonne-polna-polona-polonnoye-khmelnytsky-ukraine/village-1307
1309,buda-koshelevo-gomel-belarus,Buda-Koshelevo,Belarus,52.443150,30.332979,,0,1,http://www.yahadmap.org/en/buda-koshelevo-gomel-belarus/village-1309
1122,seirijai-serey-alytus-lithuania,Seirijai (Serey),Lithuania,54.128078,23.508829,,0,2,http://www.yahadmap.org/en/seirijai-serey-alytus-lithuania/village-1122
1040,vilkija-vilki-kaunas-lithuania,Vilkija  (Vilki),Lithuania,55.012249,23.363070,,0,2,http://www.yahadmap.org/en/vilkija-vilki-kaunas-lithuania/village-1040
1312,vakhnivka-vakhnovka-vachnivka-vachnovka-wachnowka-vichnifka-vinnytsia-ukraine,"Vakhnivka (Vakhnovka, Vachnivka, Vachnovka, Wachnowka, Vichnifka)",Ukraine,49.185532,28.486950,,0,1,http://www.yahadmap.org/en/vakhnivka-vakhnovka-vachnivka-vachnovka-wachnowka-vichnifka-vinnytsia-ukraine/village-1312
1312,vakhnivka-vakhnovka-vachnivka-vachnovka-wachnowka-vichnifka-vinnytsia-ukraine,"Vakhnivka (Vakhnovka, Vachnivka, Vachnovka, Wachnowka, Vichnifka)",Ukraine,49.187859,28.514370,,0,1,http://www.yahadmap.org/en/vakhnivka-vakhnovka-vachnivka-vachnovka-wachnowka-vichnifka-vinnytsia-ukraine/village-1312
1313,berestivka-berestovka-vinnytsia-ukraine,Berestivka (Berestovka),Ukraine,49.137871,28.579460,,0,1,http://www.yahadmap.org/en/berestivka-berestovka-vinnytsia-ukraine/village-1313
1314,vikentiyivka-vikentiivka-vikentovka-vinnytsia-ukraine,"Vikentiyivka (Vikentiivka, Vikentovka)",Ukraine,49.139118,29.062429,,0,2,http://www.yahadmap.org/en/vikentiyivka-vikentiivka-vikentovka-vinnytsia-ukraine/village-1314
1314,vikentiyivka-vikentiivka-vikentovka-vinnytsia-ukraine,"Vikentiyivka (Vikentiivka, Vikentovka)",Ukraine,49.137272,29.064310,,0,2,http://www.yahadmap.org/en/vikentiyivka-vikentiivka-vikentovka-vinnytsia-ukraine/village-1314
1315,lypovets-lipovets-lipovetz-lipowiec-lipovec-lypovec-vinnytsia-ukraine,"Lypovets (Lipovets, Lipovetz, Lipowiec, Lipovec, Lypovec)",Ukraine,49.129421,29.025620,,0,1,http://www.yahadmap.org/en/lypovets-lipovets-lipovetz-lipowiec-lipovec-lypovec-vinnytsia-ukraine/village-1315
1316,samhorodok-samgorodok-samhorodek-vinnytsia-ukraine,"Samhorodok (Samgorodok, Samhorodek)",Ukraine,49.308022,28.500719,,0,1,http://www.yahadmap.org/en/samhorodok-samgorodok-samhorodek-vinnytsia-ukraine/village-1316
1317,chapayevka-spychyntsi-vinnytsia-ukraine,Chapayevka (Spychyntsi),Ukraine,49.247910,29.044081,,0,1,http://www.yahadmap.org/en/chapayevka-spychyntsi-vinnytsia-ukraine/village-1317
1318,plyskiv-pliskiv-pliskov-vinnytsia-ukraine,"Plyskiv (Pliskiv, Pliskov)",Ukraine,49.236031,29.152950,,0,2,http://www.yahadmap.org/en/plyskiv-pliskiv-pliskov-vinnytsia-ukraine/village-1318
1318,plyskiv-pliskiv-pliskov-vinnytsia-ukraine,"Plyskiv (Pliskiv, Pliskov)",Ukraine,49.226231,29.171740,,0,1,http://www.yahadmap.org/en/plyskiv-pliskiv-pliskov-vinnytsia-ukraine/village-1318
92,illintsi-ilintsy-linitz-vinnytsia-ukraine,"Illintsi (Ilintsy, Linitz)",Ukraine,49.059891,29.123260,,0,1,http://www.yahadmap.org/en/illintsi-ilintsy-linitz-vinnytsia-ukraine/village-92
92,illintsi-ilintsy-linitz-vinnytsia-ukraine,"Illintsi (Ilintsy, Linitz)",Ukraine,49.065300,29.145390,,0,1,http://www.yahadmap.org/en/illintsi-ilintsy-linitz-vinnytsia-ukraine/village-92
1319,pohrebyshche-pogrebyshche-pogrebishche-vinnytsia-ukraine,"Pohrebyshche (Pogrebyshche, Pogrebishche)",Ukraine,49.294270,29.173800,,0,2,http://www.yahadmap.org/en/pohrebyshche-pogrebyshche-pogrebishche-vinnytsia-ukraine/village-1319
1319,pohrebyshche-pogrebyshche-pogrebishche-vinnytsia-ukraine,"Pohrebyshche (Pogrebyshche, Pogrebishche)",Ukraine,49.290668,29.184090,,0,1,http://www.yahadmap.org/en/pohrebyshche-pogrebyshche-pogrebishche-vinnytsia-ukraine/village-1319
1319,pohrebyshche-pogrebyshche-pogrebishche-vinnytsia-ukraine,"Pohrebyshche (Pogrebyshche, Pogrebishche)",Ukraine,49.288132,29.150471,,0,1,http://www.yahadmap.org/en/pohrebyshche-pogrebyshche-pogrebishche-vinnytsia-ukraine/village-1319
1319,pohrebyshche-pogrebyshche-pogrebishche-vinnytsia-ukraine,"Pohrebyshche (Pogrebyshche, Pogrebishche)",Ukraine,49.293758,29.147650,,0,2,http://www.yahadmap.org/en/pohrebyshche-pogrebyshche-pogrebishche-vinnytsia-ukraine/village-1319
1319,pohrebyshche-pogrebyshche-pogrebishche-vinnytsia-ukraine,"Pohrebyshche (Pogrebyshche, Pogrebishche)",Ukraine,49.292831,29.150021,,0,1,http://www.yahadmap.org/en/pohrebyshche-pogrebyshche-pogrebishche-vinnytsia-ukraine/village-1319
1320,balabanivka-vinnytsia-ukraine,Balabanivka,Ukraine,49.072151,29.365431,,0,1,http://www.yahadmap.org/en/balabanivka-vinnytsia-ukraine/village-1320
1322,ivaniv-ianov-yanov-yanoff-vinnytsia-ukraine,"Ivaniv (Ianov, Yanov, Yanoff)",Ukraine,49.296490,28.197990,,0,2,http://www.yahadmap.org/en/ivaniv-ianov-yanov-yanoff-vinnytsia-ukraine/village-1322
1322,ivaniv-ianov-yanov-yanoff-vinnytsia-ukraine,"Ivaniv (Ianov, Yanov, Yanoff)",Ukraine,49.297421,28.201160,,0,1,http://www.yahadmap.org/en/ivaniv-ianov-yanov-yanoff-vinnytsia-ukraine/village-1322
1323,guty-bujno-masovian-voivodeship-poland,Guty-Bujno,Poland,52.510529,22.010309,,0,2,http://www.yahadmap.org/en/guty-bujno-masovian-voivodeship-poland/village-1323
1323,guty-bujno-masovian-voivodeship-poland,Guty-Bujno,Poland,52.511909,22.007000,,0,2,http://www.yahadmap.org/en/guty-bujno-masovian-voivodeship-poland/village-1323
1323,guty-bujno-masovian-voivodeship-poland,Guty-Bujno,Poland,52.510551,21.598351,,0,1,http://www.yahadmap.org/en/guty-bujno-masovian-voivodeship-poland/village-1323
1324,ostrow-mazowiecka-ostrowa-masovian-voivodeship-poland,Ostrów Mazowiecka (Ostrowa),Poland,52.473862,21.521950,,0,1,http://www.yahadmap.org/en/ostrow-mazowiecka-ostrowa-masovian-voivodeship-poland/village-1324
1324,ostrow-mazowiecka-ostrowa-masovian-voivodeship-poland,Ostrów Mazowiecka (Ostrowa),Poland,52.474499,21.520741,,0,1,http://www.yahadmap.org/en/ostrow-mazowiecka-ostrowa-masovian-voivodeship-poland/village-1324
1325,krasnosielc-krasnoshelets-krasnoshelts-sielc-silc-masovian-voivodeship-poland,"Krasnosielc (Krasnoshelets, Krasnoshelts, Sielc, Silc)",Poland,53.020439,21.089939,,0,1,http://www.yahadmap.org/en/krasnosielc-krasnoshelets-krasnoshelts-sielc-silc-masovian-voivodeship-poland/village-1325
1325,krasnosielc-krasnoshelets-krasnoshelts-sielc-silc-masovian-voivodeship-poland,"Krasnosielc (Krasnoshelets, Krasnoshelts, Sielc, Silc)",Poland,53.020489,21.095181,,0,1,http://www.yahadmap.org/en/krasnosielc-krasnoshelets-krasnoshelts-sielc-silc-masovian-voivodeship-poland/village-1325
1326,ebry-chudek-masovian-voivodeship-poland,Żebry-Chudek,Poland,53.049358,21.272320,,0,2,http://www.yahadmap.org/en/ebry-chudek-masovian-voivodeship-poland/village-1326
1327,makow-mazowiecki-masovian-voivodeship-poland,Maków Mazowiecki,Poland,52.521179,21.130510,,0,2,http://www.yahadmap.org/en/makow-mazowiecki-masovian-voivodeship-poland/village-1327
1328,bia-uty-bialuty-warmian-masurian-voivodeship-poland,Białuty (Bialuty),Poland,53.122490,20.208410,,0,3,http://www.yahadmap.org/en/bia-uty-bialuty-warmian-masurian-voivodeship-poland/village-1328
1329,pomiechowek-ponikhove-masovian-voivodeship-poland,Pomiechówek (Ponikhove),Poland,52.280670,20.434259,,0,3,http://www.yahadmap.org/en/pomiechowek-ponikhove-masovian-voivodeship-poland/village-1329
1330,strzegowo-masovian-voivodeship-poland,Strzegowo,Poland,52.528820,20.163071,,0,1,http://www.yahadmap.org/en/strzegowo-masovian-voivodeship-poland/village-1330
,,Palmiry,Poland,52.199581,20.447060,,1,2,
1332,kudirkos-naumiestis-marijampol-lithuania,Kudirkos Naumiestis,Lithuania,54.462849,22.510229,,0,1,http://www.yahadmap.org/en/kudirkos-naumiestis-marijampol-lithuania/village-1332
1333,uol-b-da-dembove-bude-boid-marijampol-lithuania,"Ąžuolų Būda (Dembove Bude, Boid)",Lithuania,54.422642,23.323790,,0,1,http://www.yahadmap.org/en/uol-b-da-dembove-bude-boid-marijampol-lithuania/village-1333
1334,para-niai-marijampole-lithuania,Paražniai,Lithuania,54.437229,22.522360,,0,2,http://www.yahadmap.org/en/para-niai-marijampole-lithuania/village-1334
1335,kybartai-marijampole-lithuania,Kybartai,Lithuania,54.390179,22.465231,,0,1,http://www.yahadmap.org/en/kybartai-marijampole-lithuania/village-1335
,,Šakiai (Sakiai),Lithuania,54.581501,23.024910,,1,1,
,,Rudžiai (Marijampolė),Lithuania,54.349152,23.166080,,1,1,
,,Svirnaviečiai (Marijampolė),Lithuania,54.362461,23.191919,,1,1,
,,Marijampole,Lithuania,54.327351,23.200371,,1,2,
,,Pervazninkai,Lithuania,55.029690,22.432510,,1,1,
,,Pervazninkai,Lithuania,55.029888,22.429380,,1,1,
,,Pašventys,Lithuania,55.048679,22.394600,,1,1,
,,Skirsnemunė,Lithuania,55.054668,22.569559,,1,1,
,,Jurbarkas,Lithuania,55.048450,22.474939,,1,1,
1344,jieznas-jezne-kaunas-lithuania,Jieznas (Jezne),Lithuania,54.355659,24.114380,,0,1,http://www.yahadmap.org/en/jieznas-jezne-kaunas-lithuania/village-1344
,,Kazlų Rūda,Lithuania,54.498810,23.296410,,1,1,
1346,yniai-zyniai-marijampole-lithuania,Žyniai (Zyniai),Lithuania,54.443371,22.590851,,0,2,http://www.yahadmap.org/en/yniai-zyniai-marijampole-lithuania/village-1346
,,Zapyškis,Lithuania,54.556870,23.390120,,1,1,
,,Zapyškis,Lithuania,54.555771,23.407940,,1,1,
,,Garliava,Lithuania,54.491192,23.541611,,1,1,
,,Kaišiadorys,Lithuania,54.494091,24.276581,,1,2,
,,Kaišiadorys,Lithuania,54.487579,24.285030,,1,2,
,,Jonava,Lithuania,55.046661,24.161850,,1,1,
996,zhlobin-gomel-belarus,Zhlobin,Belarus,52.547680,30.012341,,0,2,http://www.yahadmap.org/en/zhlobin-gomel-belarus/village-996
,,Jonava,Lithuania,55.052509,24.176399,,1,2,
1352,koriukivka-koryukovka-korukovka-kariukovka-kariukowka-chernihiv-ukraine,"Koriukivka (Koryukovka,Korukovka, Kariukovka, Kariukówka)",Ukraine,51.465561,32.151482,,0,1,http://www.yahadmap.org/en/koriukivka-koryukovka-korukovka-kariukovka-kariukowka-chernihiv-ukraine/village-1352
1193,mena-chernihiv-ukraine,Mena,Ukraine,51.307091,32.133450,,0,1,http://www.yahadmap.org/en/mena-chernihiv-ukraine/village-1193
1200,chernihiv-chernigiv-chernigov-czernihow-tshernigov-chernihiv-ukraine,"Chernihiv (Chernigiv, Chernigov, Czernihów, Tshernigov)",Ukraine,51.310001,31.161921,,0,2,http://www.yahadmap.org/en/chernihiv-chernigiv-chernigov-czernihow-tshernigov-chernihiv-ukraine/village-1200
597,timashevsk-krasnodar-russia,Timashevsk,Russia,45.376228,38.507519,,0,1,http://www.yahadmap.org/en/timashevsk-krasnodar-russia/village-597
65,dunayivtsi-dunaivtsi-khmelnytskyi-ukraine,Dunayivtsi (Dunaivtsi),Ukraine,48.529209,26.548479,,0,2,http://www.yahadmap.org/en/dunayivtsi-dunaivtsi-khmelnytskyi-ukraine/village-65
1354,sharkovshchina-szarkowszczyzna-sharkaushchyna-vitebsk-belarus,"Sharkovshchina (Szarkowszczyzna, Sharkaushchyna)",Belarus,55.217812,27.286570,,0,2,http://www.yahadmap.org/en/sharkovshchina-szarkowszczyzna-sharkaushchyna-vitebsk-belarus/village-1354
1356,postavy-postawy-pastavy-vitebsk-belarus,"Postavy (Postawy, Pastavy)",Belarus,55.076630,26.495510,,0,1,http://www.yahadmap.org/en/postavy-postawy-pastavy-vitebsk-belarus/village-1356
1356,postavy-postawy-pastavy-vitebsk-belarus,"Postavy (Postawy, Pastavy)",Belarus,55.071960,26.503210,,0,2,http://www.yahadmap.org/en/postavy-postawy-pastavy-vitebsk-belarus/village-1356
1357,dunilovichi-dunilowicze-dunilowichy-vitebsk-belarus,"Dunilovichi (Dunilowicze, Dunilowichy)",Belarus,55.044079,27.132010,,0,2,http://www.yahadmap.org/en/dunilovichi-dunilowicze-dunilowichy-vitebsk-belarus/village-1357
1357,dunilovichi-dunilowicze-dunilowichy-vitebsk-belarus,"Dunilovichi (Dunilowicze, Dunilowichy)",Belarus,55.044891,27.133570,,0,1,http://www.yahadmap.org/en/dunilovichi-dunilowicze-dunilowichy-vitebsk-belarus/village-1357
1358,yody-jody-vitebsk-belarus,Yody (Jody),Belarus,55.273399,27.143089,,0,1,http://www.yahadmap.org/en/yody-jody-vitebsk-belarus/village-1358
1359,myadel-stary-myadel-and-nowy-myadel-myadzyel-miadel-minsk-belarus,"Myadel (Stary Myadel and Nowy Myadel, Myadzyel, Miadel)",Belarus,54.517109,26.558611,,0,1,http://www.yahadmap.org/en/myadel-stary-myadel-and-nowy-myadel-myadzyel-miadel-minsk-belarus/village-1359
1359,myadel-stary-myadel-and-nowy-myadel-myadzyel-miadel-minsk-belarus,"Myadel (Stary Myadel and Nowy Myadel, Myadzyel, Miadel)",Belarus,54.510880,26.556160,,0,1,http://www.yahadmap.org/en/myadel-stary-myadel-and-nowy-myadel-myadzyel-miadel-minsk-belarus/village-1359
1360,budslav-budslaw-budslau-minsk-belarus,"Budslav (Budslaw, Budslau)",Belarus,54.471630,27.270571,,0,1,http://www.yahadmap.org/en/budslav-budslaw-budslau-minsk-belarus/village-1360
1360,budslav-budslaw-budslau-minsk-belarus,"Budslav (Budslaw, Budslau)",Belarus,54.475182,27.275120,,0,1,http://www.yahadmap.org/en/budslav-budslaw-budslau-minsk-belarus/village-1360
1361,naroch-kobylnik-narach-narocz-minsk-belarus,"Naroch/Kobylnik (Narach, Narocz)",Belarus,54.566719,26.409060,,0,1,http://www.yahadmap.org/en/naroch-kobylnik-narach-narocz-minsk-belarus/village-1361
1362,krivichi-krzywicze-minsk-belarus,Krivichi (Krzywicze),Belarus,54.427158,27.181681,,0,1,http://www.yahadmap.org/en/krivichi-krzywicze-minsk-belarus/village-1362
1362,krivichi-krzywicze-minsk-belarus,Krivichi (Krzywicze),Belarus,54.421829,27.171190,,0,1,http://www.yahadmap.org/en/krivichi-krzywicze-minsk-belarus/village-1362
1363,dolginovo-dolhinov-dolguinovo-dolhinow-dolne-minsk-belarus,Dolginovo (Dolhinov / Dolguinovo / Dolhinow /Dolne),Belarus,54.384071,27.290840,,0,2,http://www.yahadmap.org/en/dolginovo-dolhinov-dolguinovo-dolhinow-dolne-minsk-belarus/village-1363
1363,dolginovo-dolhinov-dolguinovo-dolhinow-dolne-minsk-belarus,Dolginovo (Dolhinov / Dolguinovo / Dolhinow /Dolne),Belarus,54.383339,27.290960,,0,2,http://www.yahadmap.org/en/dolginovo-dolhinov-dolguinovo-dolhinow-dolne-minsk-belarus/village-1363
1364,kurenets-kurenitz-kureniec-minsk-belarus,"Kurenets (Kurenitz,Kureniec)",Belarus,54.337959,26.573589,,0,2,http://www.yahadmap.org/en/kurenets-kurenitz-kureniec-minsk-belarus/village-1364
1364,kurenets-kurenitz-kureniec-minsk-belarus,"Kurenets (Kurenitz,Kureniec)",Belarus,54.330528,26.585131,,0,1,http://www.yahadmap.org/en/kurenets-kurenitz-kureniec-minsk-belarus/village-1364
1365,vileyka-wilejka-vileika-minsk-belarus,"Vileyka (Wilejka, Vileika)",Belarus,54.290520,26.563089,,0,2,http://www.yahadmap.org/en/vileyka-wilejka-vileika-minsk-belarus/village-1365
1366,berezuvatka-berezovatka-former-jewish-colony-izrailevka-kirovohrad-ukraine,"Berezuvatka (Berezovatka, former Jewish colony Izrailevka)",Ukraine,47.599079,32.340790,,0,1,http://www.yahadmap.org/en/berezuvatka-berezovatka-former-jewish-colony-izrailevka-kirovohrad-ukraine/village-1366
1356,postavy-postawy-pastavy-vitebsk-belarus,"Postavy (Postawy, Pastavy)",Belarus,55.037552,26.514280,,0,1,http://www.yahadmap.org/en/postavy-postawy-pastavy-vitebsk-belarus/village-1356
1367,turiya-novomyrhorod-novomyrgorod-kirovohrad-ukraine,"Turiya (Novomyrhorod, Novomyrgorod)",Ukraine,48.519329,31.349260,,0,1,http://www.yahadmap.org/en/turiya-novomyrhorod-novomyrgorod-kirovohrad-ukraine/village-1367
,,Comănești (Comanesti),Romania,47.396729,26.000401,,1,1,
,,Probota,Romania,47.234501,26.381479,,1,1,
1370,arkhyz-karachay-cherkessia-russia,Arkhyz,Russia,43.334171,41.165470,,0,1,http://www.yahadmap.org/en/arkhyz-karachay-cherkessia-russia/village-1370
1371,volchin-wo-czyn-brest-belarus,Volchin (Wołczyn),Belarus,52.173519,23.182100,,0,1,http://www.yahadmap.org/en/volchin-wo-czyn-brest-belarus/village-1371
719,kostopil-kostopol-rivne-ukraine,Kostopil (Kostopol),Ukraine,50.529121,26.273781,,0,1,http://www.yahadmap.org/en/kostopil-kostopol-rivne-ukraine/village-719
719,kostopil-kostopol-rivne-ukraine,Kostopil (Kostopol),Ukraine,50.531170,26.274410,,0,2,http://www.yahadmap.org/en/kostopil-kostopol-rivne-ukraine/village-719
1365,vileyka-wilejka-vileika-minsk-belarus,"Vileyka (Wilejka, Vileika)",Belarus,54.307819,26.530050,,0,1,http://www.yahadmap.org/en/vileyka-wilejka-vileika-minsk-belarus/village-1365
,,Zеlenchukskaya,Russia,43.533321,41.360538,,1,1,
1373,teberda-karachayevo-cherkessia-russia,Teberda,Russia,43.401001,41.534359,,0,1,http://www.yahadmap.org/en/teberda-karachayevo-cherkessia-russia/village-1373
1374,cherkessk-karachay-cherkessia-russia,Cherkessk,Russia,44.151402,42.052929,,0,1,http://www.yahadmap.org/en/cherkessk-karachay-cherkessia-russia/village-1374
1374,cherkessk-karachay-cherkessia-russia,Cherkessk,Russia,44.153511,42.025711,,0,2,http://www.yahadmap.org/en/cherkessk-karachay-cherkessia-russia/village-1374
1375,spitsevka-stavropol-russia,Spitsevka,Russia,45.072182,42.303730,,0,1,http://www.yahadmap.org/en/spitsevka-stavropol-russia/village-1375
1376,kizilov-staromarievka-stavropol-russia,Kizilov (Staromarievka),Russia,45.081043,42.110008,,0,1,http://www.yahadmap.org/en/kizilov-staromarievka-stavropol-russia/village-1376
1377,donskoye-stavropol-russia,Donskoye,Russia,45.291821,41.582661,,0,1,http://www.yahadmap.org/en/donskoye-stavropol-russia/village-1377
1378,bezopasnoye-stavropol-russia,Bezopasnoye,Russia,45.388088,41.570679,,0,1,http://www.yahadmap.org/en/bezopasnoye-stavropol-russia/village-1378
1378,bezopasnoye-stavropol-russia,Bezopasnoye,Russia,45.364719,41.566319,,0,1,http://www.yahadmap.org/en/bezopasnoye-stavropol-russia/village-1378
1379,blagodatnoye-stavropol-russia,Blagodatnoye,Russia,45.232868,42.342369,,0,1,http://www.yahadmap.org/en/blagodatnoye-stavropol-russia/village-1379
1380,dmitriyevskoye-stavropol-russia,Dmitriyevskoye,Russia,45.496861,41.519428,,0,1,http://www.yahadmap.org/en/dmitriyevskoye-stavropol-russia/village-1380
1381,krasnogvardeyskoye-stavropol-russia,Krasnogvardeyskoye,Russia,45.499241,41.301289,,0,1,http://www.yahadmap.org/en/krasnogvardeyskoye-stavropol-russia/village-1381
1382,svetlograd-stavropol-russia,Svetlograd,Russia,45.211441,42.521240,,0,2,http://www.yahadmap.org/en/svetlograd-stavropol-russia/village-1382
1383,mikhaylovsk-stavropol-russia,Mikhaylovsk,Russia,45.074699,42.023060,,0,1,http://www.yahadmap.org/en/mikhaylovsk-stavropol-russia/village-1383
1384,kugulta-stavropol-russia,Kugulta,Russia,45.207378,42.229599,,0,1,http://www.yahadmap.org/en/kugulta-stavropol-russia/village-1384
1324,ostrow-mazowiecka-ostrowa-masovian-voivodeship-poland,Ostrów Mazowiecka (Ostrowa),Poland,52.480900,21.535641,,0,1,http://www.yahadmap.org/en/ostrow-mazowiecka-ostrowa-masovian-voivodeship-poland/village-1324
,,Żelechów,Poland,51.483582,21.534210,,1,1,
1386,bia-obrzegi-bialobrzegi-masovian-voivodeship-poland,Białobrzegi (Bialobrzegi),Poland,51.390240,20.598021,,0,1,http://www.yahadmap.org/en/bia-obrzegi-bialobrzegi-masovian-voivodeship-poland/village-1386
1386,bia-obrzegi-bialobrzegi-masovian-voivodeship-poland,Białobrzegi (Bialobrzegi),Poland,51.389252,20.574129,,0,1,http://www.yahadmap.org/en/bia-obrzegi-bialobrzegi-masovian-voivodeship-poland/village-1386
1386,bia-obrzegi-bialobrzegi-masovian-voivodeship-poland,Białobrzegi (Bialobrzegi),Poland,51.390461,20.569540,,0,1,http://www.yahadmap.org/en/bia-obrzegi-bialobrzegi-masovian-voivodeship-poland/village-1386
1386,bia-obrzegi-bialobrzegi-masovian-voivodeship-poland,Białobrzegi (Bialobrzegi),Poland,51.390450,20.569700,,0,1,http://www.yahadmap.org/en/bia-obrzegi-bialobrzegi-masovian-voivodeship-poland/village-1386
1387,nowe-miasto-nad-pilic-nowe-miasto-masovian-voivodeship-poland,Nowe Miasto nad Pilicą (Nowe Miasto),Poland,51.372089,20.348471,,0,1,http://www.yahadmap.org/en/nowe-miasto-nad-pilic-nowe-miasto-masovian-voivodeship-poland/village-1387
1388,podzamcze-mazovian-voivodeship-poland,Podzamcze,Poland,51.423359,21.348190,,0,1,http://www.yahadmap.org/en/podzamcze-mazovian-voivodeship-poland/village-1388
1389,wolska-d-browa-masovian-voivodeship-poland,Wolska Dąbrowa,Poland,51.331982,21.132490,,0,1,http://www.yahadmap.org/en/wolska-d-browa-masovian-voivodeship-poland/village-1389
1390,zagroby-mazovian-voivodeship-poland,Zagroby,Poland,51.489868,21.180969,,0,1,http://www.yahadmap.org/en/zagroby-mazovian-voivodeship-poland/village-1390
1390,zagroby-mazovian-voivodeship-poland,Zagroby,Poland,51.484509,21.176750,,0,1,http://www.yahadmap.org/en/zagroby-mazovian-voivodeship-poland/village-1390
1391,d-browa-koz-owska-masovian-voivodeship-poland,Dąbrowa Kozłowska,Poland,51.274632,21.156260,,0,1,http://www.yahadmap.org/en/d-browa-koz-owska-masovian-voivodeship-poland/village-1391
1391,d-browa-koz-owska-masovian-voivodeship-poland,Dąbrowa Kozłowska,Poland,51.272171,21.162170,,0,2,http://www.yahadmap.org/en/d-browa-koz-owska-masovian-voivodeship-poland/village-1391
1392,jedli-sk-mazovian-poland,Jedlińsk,Poland,51.309212,21.074080,,0,1,http://www.yahadmap.org/en/jedli-sk-mazovian-poland/village-1392
1392,jedli-sk-mazovian-poland,Jedlińsk,Poland,51.310097,21.074249,,0,1,http://www.yahadmap.org/en/jedli-sk-mazovian-poland/village-1392
1393,tarasa-shevchenka-kherson-ukraine,Tarasa Shevchenka,Ukraine,46.582531,33.152229,,0,1,http://www.yahadmap.org/en/tarasa-shevchenka-kherson-ukraine/village-1393
1394,vysoke-vysokoye-kherson-ukraine,Vysoke (Vysokoye),Ukraine,46.559761,33.088421,,0,2,http://www.yahadmap.org/en/vysoke-vysokoye-kherson-ukraine/village-1394
1395,beryslav-berislaw-beryslaw-berislav-kherson-ukraine,"Beryslav (Berislaw, Beryslaw, Berislav)",Ukraine,46.507690,33.253670,,0,1,http://www.yahadmap.org/en/beryslav-berislaw-beryslaw-berislav-kherson-ukraine/village-1395
1395,beryslav-berislaw-beryslaw-berislav-kherson-ukraine,"Beryslav (Berislaw, Beryslaw, Berislav)",Ukraine,46.508400,33.252468,,0,1,http://www.yahadmap.org/en/beryslav-berislaw-beryslaw-berislav-kherson-ukraine/village-1395
1396,novoberyslav-novy-beryslav-novy-berislav-kherson-ukraine,"Novoberyslav (Novy-Beryslav, Novy-Berislav)",Ukraine,46.515511,33.302830,,0,1,http://www.yahadmap.org/en/novoberyslav-novy-beryslav-novy-berislav-kherson-ukraine/village-1396
1397,zamozhne-zamojne-zamozhnoye-kherson-ukraine,"Zamozhne (Zamojne, Zamozhnoye)",Ukraine,47.019321,33.316921,,0,1,http://www.yahadmap.org/en/zamozhne-zamojne-zamozhnoye-kherson-ukraine/village-1397
1398,lvove-lvovo-lwovo-kherson-ukraine,"Lvove (Lvovo, Lwovo)",Ukraine,46.473869,33.084000,,0,1,http://www.yahadmap.org/en/lvove-lvovo-lwovo-kherson-ukraine/village-1398
1398,lvove-lvovo-lwovo-kherson-ukraine,"Lvove (Lvovo, Lwovo)",Ukraine,46.486301,33.098122,,0,1,http://www.yahadmap.org/en/lvove-lvovo-lwovo-kherson-ukraine/village-1398
1399,nadezhdivka-nadejdivka-nadezhdovka-kherson-ukraine,"Nadezhdivka (Nadejdivka, Nadezhdovka)",Ukraine,46.410568,32.221642,,0,1,http://www.yahadmap.org/en/nadezhdivka-nadejdivka-nadezhdovka-kherson-ukraine/village-1399
1400,oleshky-aleshki-former-tsyurupinsk-kherson-ukraine,Oleshky (Aleshki)/Former Tsyurupinsk,Ukraine,46.376419,32.455769,,0,2,http://www.yahadmap.org/en/oleshky-aleshki-former-tsyurupinsk-kherson-ukraine/village-1400
1401,hola-prystan-golaya-pristan-holia-pristan-kherson-ukraine,"Hola Prystan (Golaya Pristan, Holia Pristan)",Ukraine,46.302521,32.311630,,0,1,http://www.yahadmap.org/en/hola-prystan-golaya-pristan-holia-pristan-kherson-ukraine/village-1401
1402,darivka-kherson-ukraine,Darivka,Ukraine,46.135281,33.127441,,0,1,http://www.yahadmap.org/en/darivka-kherson-ukraine/village-1402
1403,henichesk-genichesk-genitzshek-heniszesk-kherson-ukraine,"Henichesk (Genichesk, Genitzshek, Heniszesk)",Ukraine,46.114750,34.491009,,0,2,http://www.yahadmap.org/en/henichesk-genichesk-genitzshek-heniszesk-kherson-ukraine/village-1403
1404,askania-nova-askaniya-nova-neu-askanien-askanija-nowo-kherson-ukraine,"Askania-Nova (Askaniya Nova, Neu-Askanien, Askanija-Nowo)",Ukraine,46.267521,33.510571,,0,1,http://www.yahadmap.org/en/askania-nova-askaniya-nova-neu-askanien-askanija-nowo-kherson-ukraine/village-1404
1405,malokakhovka-malokahovka-malokachovka-kherson-ukraine,"Malokakhovka (Malokahovka, Malokachovka)",Ukraine,46.459942,33.269241,,0,2,http://www.yahadmap.org/en/malokakhovka-malokahovka-malokachovka-kherson-ukraine/village-1405
1406,kakhovka-kahovka-kakhofke-kachovka-kherson-ukraine,"Kakhovka (Kahovka, Kakhofke, Kachovka)",Ukraine,46.486519,33.276932,,0,2,http://www.yahadmap.org/en/kakhovka-kahovka-kakhofke-kachovka-kherson-ukraine/village-1406
1407,kozienice-masovian-voivodeship-poland,Kozienice,Poland,51.358730,21.316959,,0,1,http://www.yahadmap.org/en/kozienice-masovian-voivodeship-poland/village-1407
1408,ilya-ilja-ilia-ilyah-ilye-minsk-belarus,"Ilya (Ilja, Ilia, Ilyah, Ilye)",Belarus,54.248112,27.177050,,0,2,http://www.yahadmap.org/en/ilya-ilja-ilia-ilyah-ilye-minsk-belarus/village-1408
1409,rechki-minsk-belarus,Rechki,Belarus,54.350101,27.057199,,0,1,http://www.yahadmap.org/en/rechki-minsk-belarus/village-1409
1409,rechki-minsk-belarus,Rechki,Belarus,54.350170,27.057970,,0,1,http://www.yahadmap.org/en/rechki-minsk-belarus/village-1409
1410,khotenchitsy-chocienczyce-minsk-belarus,Khotenchitsy (Chocienczyce),Belarus,54.189301,27.226210,,0,1,http://www.yahadmap.org/en/khotenchitsy-chocienczyce-minsk-belarus/village-1410
1411,vyazyn-wiazy-viazin-viazy-minsk-belarus,"Vyazyn (Wiazyń, Viazin, Viazyń)",Belarus,54.251942,27.100510,,0,1,http://www.yahadmap.org/en/vyazyn-wiazy-viazin-viazy-minsk-belarus/village-1411
1412,lebedevo-liebiedzieva-lebedeve-lebiedziew-minsk-belarus,"Lebedevo (Liebiedzieva, Lebedeve, Lebiedziew)",Belarus,54.184830,26.418480,,0,2,http://www.yahadmap.org/en/lebedevo-liebiedzieva-lebedeve-lebiedziew-minsk-belarus/village-1412
1412,lebedevo-liebiedzieva-lebedeve-lebiedziew-minsk-belarus,"Lebedevo (Liebiedzieva, Lebedeve, Lebiedziew)",Belarus,54.188519,26.407700,,0,2,http://www.yahadmap.org/en/lebedevo-liebiedzieva-lebedeve-lebiedziew-minsk-belarus/village-1412
1413,zaskovichi-za-kiewicze-zaskavi-y-zaskovitz-minsk-belarus,"Zaskovichi (Zaśkiewicze, Zaskavičy, Zaskovitz)",Belarus,54.238491,26.371120,,0,1,http://www.yahadmap.org/en/zaskovichi-za-kiewicze-zaskavi-y-zaskovitz-minsk-belarus/village-1413
1414,krasnoye-krasnae-krasnei-minsk-belarus,"Krasnoye (Krasnae, Krasnei)",Belarus,54.147518,27.044941,,0,2,http://www.yahadmap.org/en/krasnoye-krasnae-krasnei-minsk-belarus/village-1414
1415,gorodok-haradok-grodek-horodok-grudek-minsk-belarus,"Gorodok (Haradok, Gródek, Horodok, Grudek)",Belarus,54.096870,26.568939,,0,2,http://www.yahadmap.org/en/gorodok-haradok-grodek-horodok-grudek-minsk-belarus/village-1415
1415,gorodok-haradok-grodek-horodok-grudek-minsk-belarus,"Gorodok (Haradok, Gródek, Horodok, Grudek)",Belarus,54.091251,26.553650,,0,2,http://www.yahadmap.org/en/gorodok-haradok-grodek-horodok-grudek-minsk-belarus/village-1415
1416,smolevichi-smalyavichy-smolewicze-smolewitsch-minsk-belarus,"Smolevichi (Smalyavichy, Smolewicze, Smolewitsch)",Belarus,54.001709,28.060471,,0,2,http://www.yahadmap.org/en/smolevichi-smalyavichy-smolewicze-smolewitsch-minsk-belarus/village-1416
1416,smolevichi-smalyavichy-smolewicze-smolewitsch-minsk-belarus,"Smolevichi (Smalyavichy, Smolewicze, Smolewitsch)",Belarus,54.015808,28.077841,,0,1,http://www.yahadmap.org/en/smolevichi-smalyavichy-smolewicze-smolewitsch-minsk-belarus/village-1416
1417,rakov-rakow-rakovi-rakuv-rakaw-minsk-belarus,"Rakov (Raków, Rakovi, Rakuv, Rakaw)",Belarus,53.580971,27.035801,,0,2,http://www.yahadmap.org/en/rakov-rakow-rakovi-rakuv-rakaw-minsk-belarus/village-1417
1417,rakov-rakow-rakovi-rakuv-rakaw-minsk-belarus,"Rakov (Raków, Rakovi, Rakuv, Rakaw)",Belarus,53.579102,27.036840,,0,1,http://www.yahadmap.org/en/rakov-rakow-rakovi-rakuv-rakaw-minsk-belarus/village-1417
1418,radoshkovichi-radoszkowicze-radoshkovits-rada-scaron-kovi-y-minsk-belarus,"Radoshkovichi (Radoszkowicze, Radoshkovits, Radaškovičy)",Belarus,54.096218,27.147711,,0,2,http://www.yahadmap.org/en/radoshkovichi-radoszkowicze-radoshkovits-rada-scaron-kovi-y-minsk-belarus/village-1418
1419,krupki-krupka-minsk-belarus,Krupki (Krupka),Belarus,54.203350,29.095381,,0,2,http://www.yahadmap.org/en/krupki-krupka-minsk-belarus/village-1419
1420,cherven-igumen-eihumen-czerwie-tscherwen-cerven-minsk-belarus,"Cherven (Igumen , Eihumen,  Czerwień, Tscherwen, Cerven)",Belarus,53.429409,28.266569,,0,2,http://www.yahadmap.org/en/cherven-igumen-eihumen-czerwie-tscherwen-cerven-minsk-belarus/village-1420
1420,cherven-igumen-eihumen-czerwie-tscherwen-cerven-minsk-belarus,"Cherven (Igumen , Eihumen,  Czerwień, Tscherwen, Cerven)",Belarus,53.430630,28.241871,,0,2,http://www.yahadmap.org/en/cherven-igumen-eihumen-czerwie-tscherwen-cerven-minsk-belarus/village-1420
1421,dukora-dukor-minsk-belarus,Dukora (Dukor),Belarus,53.397610,27.572371,,0,1,http://www.yahadmap.org/en/dukora-dukor-minsk-belarus/village-1421
1423,hlukhiv-glukhov-hluchov-glukhoff-sumy-ukraine,"Hlukhiv (Glukhov, Hluchov, Glukhoff)",Ukraine,51.390511,33.548031,,0,1,http://www.yahadmap.org/en/hlukhiv-glukhov-hluchov-glukhoff-sumy-ukraine/village-1423
1424,krolevets-krolovets-krolewiec-krolowez-sumy-ukraine,"Krolevets (Krolovets, Krolewiec, Krolowez)",Ukraine,51.321049,33.222569,,0,1,http://www.yahadmap.org/en/krolevets-krolovets-krolewiec-krolowez-sumy-ukraine/village-1424
1425,pisky-sumy-ukraine,Pisky,Ukraine,50.433899,33.282280,,0,1,http://www.yahadmap.org/en/pisky-sumy-ukraine/village-1425
1425,pisky-sumy-ukraine,Pisky,Ukraine,50.431469,33.281738,,0,2,http://www.yahadmap.org/en/pisky-sumy-ukraine/village-1425
1426,sumy-sumy-ukraine,Sumy,Ukraine,50.535728,34.465073,,0,2,http://www.yahadmap.org/en/sumy-sumy-ukraine/village-1426
1427,vedmezhe-sumy-ukraine,Vedmezhe,Ukraine,50.534920,33.163269,,0,1,http://www.yahadmap.org/en/vedmezhe-sumy-ukraine/village-1427
1428,tarnogrod-lublin-voivodeship-poland,Tarnogród,Poland,50.221451,22.438259,,0,2,http://www.yahadmap.org/en/tarnogrod-lublin-voivodeship-poland/village-1428
1428,tarnogrod-lublin-voivodeship-poland,Tarnogród,Poland,50.221088,22.438749,,0,1,http://www.yahadmap.org/en/tarnogrod-lublin-voivodeship-poland/village-1428
1428,tarnogrod-lublin-voivodeship-poland,Tarnogród,Poland,50.214790,22.445629,,0,1,http://www.yahadmap.org/en/tarnogrod-lublin-voivodeship-poland/village-1428
1428,tarnogrod-lublin-voivodeship-poland,Tarnogród,Poland,50.216282,22.445280,,0,1,http://www.yahadmap.org/en/tarnogrod-lublin-voivodeship-poland/village-1428
1428,tarnogrod-lublin-voivodeship-poland,Tarnogród,Poland,50.213718,22.445190,,0,1,http://www.yahadmap.org/en/tarnogrod-lublin-voivodeship-poland/village-1428
1429,jozefow-lublin-voivodeship-poland,Józefów,Poland,50.284271,23.032110,,0,1,http://www.yahadmap.org/en/jozefow-lublin-voivodeship-poland/village-1429
1429,jozefow-lublin-voivodeship-poland,Józefów,Poland,50.283642,23.020000,,0,1,http://www.yahadmap.org/en/jozefow-lublin-voivodeship-poland/village-1429
1429,jozefow-lublin-voivodeship-poland,Józefów,Poland,50.290001,23.020550,,0,2,http://www.yahadmap.org/en/jozefow-lublin-voivodeship-poland/village-1429
1429,jozefow-lublin-voivodeship-poland,Józefów,Poland,50.289959,23.020760,,0,2,http://www.yahadmap.org/en/jozefow-lublin-voivodeship-poland/village-1429
1429,jozefow-lublin-voivodeship-poland,Józefów,Poland,50.287670,23.022810,,0,1,http://www.yahadmap.org/en/jozefow-lublin-voivodeship-poland/village-1429
1429,jozefow-lublin-voivodeship-poland,Józefów,Poland,50.287170,23.034901,,0,1,http://www.yahadmap.org/en/jozefow-lublin-voivodeship-poland/village-1429
1429,jozefow-lublin-voivodeship-poland,Józefów,Poland,50.288738,23.038111,,0,1,http://www.yahadmap.org/en/jozefow-lublin-voivodeship-poland/village-1429
1430,stare-krole-lublin-poland,Stare Króle,Poland,50.260101,22.447050,,0,1,http://www.yahadmap.org/en/stare-krole-lublin-poland/village-1430
1430,stare-krole-lublin-poland,Stare Króle,Poland,50.246769,22.448000,,0,1,http://www.yahadmap.org/en/stare-krole-lublin-poland/village-1430
1430,stare-krole-lublin-poland,Stare Króle,Poland,50.261021,22.447302,,0,1,http://www.yahadmap.org/en/stare-krole-lublin-poland/village-1430
1431,stanis-awow-lublin-poland,Stanisławów,Poland,50.305450,23.079090,,0,2,http://www.yahadmap.org/en/stanis-awow-lublin-poland/village-1431
1432,aleksandrow-lublin-poland,Aleksandrów,Poland,50.282890,22.563919,,0,1,http://www.yahadmap.org/en/aleksandrow-lublin-poland/village-1432
1433,frampol-lublin-voivodeship-poland,Frampol,Poland,50.404221,22.399900,,0,1,http://www.yahadmap.org/en/frampol-lublin-voivodeship-poland/village-1433
1434,dyle-lublin-poland,Dyle,Poland,50.365150,22.478991,,0,1,http://www.yahadmap.org/en/dyle-lublin-poland/village-1434
1434,dyle-lublin-poland,Dyle,Poland,50.360828,22.480631,,0,1,http://www.yahadmap.org/en/dyle-lublin-poland/village-1434
,,Bełżec,Poland,50.222160,23.270340,,1,2,
1437,paw-owka-lublin-poland,Pawłówka,Poland,50.305790,23.328199,,0,1,http://www.yahadmap.org/en/paw-owka-lublin-poland/village-1437
,,Radecznica,Poland,50.451981,22.496981,,1,1,
,,Radecznica,Poland,50.452251,22.496389,,1,1,
,,Radecznica,Poland,50.453018,22.494631,,1,1,
,,Radecznica,Poland,50.452202,22.492149,,1,1,
,,Radecznica,Poland,50.452179,22.491791,,1,1,
1439,gorajec-zagroble-lublin-poland,Gorajec-Zagroble,Poland,50.406792,22.510851,,0,1,http://www.yahadmap.org/en/gorajec-zagroble-lublin-poland/village-1439
,,Chrzanów,Poland,50.468719,22.362789,,1,1,
,,Chrzanów,Poland,50.464581,22.361799,,1,1,
1441,be-yce-lublin-poland,Bełżyce,Poland,51.104149,22.169230,,0,2,http://www.yahadmap.org/en/be-yce-lublin-poland/village-1441
1441,be-yce-lublin-poland,Bełżyce,Poland,51.097881,22.168779,,0,1,http://www.yahadmap.org/en/be-yce-lublin-poland/village-1441
1442,annopol-lublin-poland,Annopol,Poland,50.536121,21.514111,,0,1,http://www.yahadmap.org/en/annopol-lublin-poland/village-1442
700,bobruisk-babruisk-bobruysk-kamenka-mogilev-belarus,"Bobruisk (Babruisk, Bobruysk, Kamenka)",Belarus,53.070271,29.058790,,0,3,http://www.yahadmap.org/en/bobruisk-babruisk-bobruysk-kamenka-mogilev-belarus/village-700
425,mogilev-moguilev-mahilyow-mogilev-belarus,"Mogilev (Moguilev, Mahilyow)",Belarus,53.558319,30.164270,,0,3,http://www.yahadmap.org/en/mogilev-moguilev-mahilyow-mogilev-belarus/village-425
704,yelizovo-yalizovo-mogilev-belarus,Yelizovo (Yalizovo),Belarus,53.244122,28.599899,,0,1,http://www.yahadmap.org/en/yelizovo-yalizovo-mogilev-belarus/village-704
,,Satu Mare,Romania,47.476311,22.535570,,1,1,
1445,kuzhorskaya-adyguea-russia,Kuzhorskaya,Russia,44.402340,40.171589,,0,1,http://www.yahadmap.org/en/kuzhorskaya-adyguea-russia/village-1445
1446,sergievskoye-adyguea-russia,Sergievskoye,Russia,44.474651,40.209702,,0,1,http://www.yahadmap.org/en/sergievskoye-adyguea-russia/village-1446
1447,natyrbovo-adyguea-russia,Natyrbovo,Russia,44.432560,40.361229,,0,1,http://www.yahadmap.org/en/natyrbovo-adyguea-russia/village-1447
1448,kropotkin-krasnodar-russia,Kropotkin,Russia,45.269798,40.337952,,0,1,http://www.yahadmap.org/en/kropotkin-krasnodar-russia/village-1448
1448,kropotkin-krasnodar-russia,Kropotkin,Russia,45.270859,40.345261,,0,1,http://www.yahadmap.org/en/kropotkin-krasnodar-russia/village-1448
1449,losevo-krasnodar-russia,Losevo,Russia,45.331989,40.346279,,0,1,http://www.yahadmap.org/en/losevo-krasnodar-russia/village-1449
1450,kalnibolotskaya-krasnodar-russia,Kalnibolotskaya,Russia,45.589458,40.271339,,0,1,http://www.yahadmap.org/en/kalnibolotskaya-krasnodar-russia/village-1450
1451,konokovo-krasnodar-russia,Konokovo,Russia,44.508469,41.221039,,0,1,http://www.yahadmap.org/en/konokovo-krasnodar-russia/village-1451
1452,mostovskoy-krasnodar-russia,Mostovskoy,Russia,44.260571,40.471939,,0,1,http://www.yahadmap.org/en/mostovskoy-krasnodar-russia/village-1452
1453,poltavskaya-krasnodar-russia,Poltavskaya,Russia,45.219711,38.143730,,0,1,http://www.yahadmap.org/en/poltavskaya-krasnodar-russia/village-1453
1454,temriuk-krasnodar-russia,Temriuk,Russia,45.142361,37.258759,,0,1,http://www.yahadmap.org/en/temriuk-krasnodar-russia/village-1454
1454,temriuk-krasnodar-russia,Temriuk,Russia,45.143871,37.257030,,0,1,http://www.yahadmap.org/en/temriuk-krasnodar-russia/village-1454
782,kamyanyi-brid-kamennyy-brod-kameny-brod-kamennobrod-zhytomyr-ukraine,"Kamyanyi Brid (Kamennyy Brod, Kameny Brod, Kamennobrod)",Ukraine,50.254028,27.518120,,0,1,http://www.yahadmap.org/en/kamyanyi-brid-kamennyy-brod-kameny-brod-kamennobrod-zhytomyr-ukraine/village-782
1456,horodenka-gorodenka-ivano-frankivsk-ukraine,Horodenka (Gorodenka),Ukraine,48.400509,25.309160,,0,1,http://www.yahadmap.org/en/horodenka-gorodenka-ivano-frankivsk-ukraine/village-1456
1457,obertyn-obertin-ivano-frankivsk-ukraine,Obertyn (Obertin),Ukraine,48.419788,25.104271,,0,1,http://www.yahadmap.org/en/obertyn-obertin-ivano-frankivsk-ukraine/village-1457
1458,kosiv-kosov-kosow-ivano-frankivsk-ukraine,"Kosiv (Kosov, Kosow)",Ukraine,48.193649,25.053720,,0,1,http://www.yahadmap.org/en/kosiv-kosov-kosow-ivano-frankivsk-ukraine/village-1458
1458,kosiv-kosov-kosow-ivano-frankivsk-ukraine,"Kosiv (Kosov, Kosow)",Ukraine,48.193039,25.055849,,0,1,http://www.yahadmap.org/en/kosiv-kosov-kosow-ivano-frankivsk-ukraine/village-1458
1459,kolomyia-kolomyya-ko-omyja-kolomea-ivano-frankivsk-ukraine,"Kolomyia (Kolomyya, Kołomyja, Kolomea)",Ukraine,48.333618,24.594490,,0,3,http://www.yahadmap.org/en/kolomyia-kolomyya-ko-omyja-kolomea-ivano-frankivsk-ukraine/village-1459
1460,nepolokivtsi-nepolokovtsy-nepoloc-u-i-nepolakivtsi-chernivtsi-ukraine,"Nepolokivtsi (Nepolokovtsy, Nepolocăuţi, Nepolakivtsi)",Ukraine,48.234638,25.387480,,0,1,http://www.yahadmap.org/en/nepolokivtsi-nepolokovtsy-nepoloc-u-i-nepolakivtsi-chernivtsi-ukraine/village-1460
1460,nepolokivtsi-nepolokovtsy-nepoloc-u-i-nepolakivtsi-chernivtsi-ukraine,"Nepolokivtsi (Nepolokovtsy, Nepolocăuţi, Nepolakivtsi)",Ukraine,48.225410,25.379370,,0,1,http://www.yahadmap.org/en/nepolokivtsi-nepolokovtsy-nepoloc-u-i-nepolakivtsi-chernivtsi-ukraine/village-1460
1461,vashkivtsi-vashkovts-v-c-u-i-vashkovitz-chernivtsi-ukraine,"Vashkivtsi (Vashkovts, Vășcăuţi, Vashkovitz)",Ukraine,48.221210,25.310699,,0,1,http://www.yahadmap.org/en/vashkivtsi-vashkovts-v-c-u-i-vashkovitz-chernivtsi-ukraine/village-1461
1462,banyliv-banelo-ruski-ruski-banilov-chernivtsi-ukraine,"Banyliv (Banelo-Ruski, Ruski Banilov)",Ukraine,48.216499,25.211830,,0,1,http://www.yahadmap.org/en/banyliv-banelo-ruski-ruski-banilov-chernivtsi-ukraine/village-1462
1463,milieve-miliyeve-milijeve-chernivtsi-ukraine,"Milieve (Miliyeve, Milijeve)",Ukraine,48.197750,25.182159,,0,1,http://www.yahadmap.org/en/milieve-miliyeve-milijeve-chernivtsi-ukraine/village-1463
1464,zozulyntsi-ternopil-ukraine,Zozulyntsi,Ukraine,48.353729,25.540819,,0,1,http://www.yahadmap.org/en/zozulyntsi-ternopil-ukraine/village-1464
1464,zozulyntsi-ternopil-ukraine,Zozulyntsi,Ukraine,48.355019,25.538010,,0,1,http://www.yahadmap.org/en/zozulyntsi-ternopil-ukraine/village-1464
1465,nyzhni-stanivtsi-nizhniye-stanovtsy-staneshti-chernivtsi-ukraine,"Nyzhni Stanivtsi (Nizhniye Stanovtsy, Staneshti)",Ukraine,48.189659,25.344959,,0,1,http://www.yahadmap.org/en/nyzhni-stanivtsi-nizhniye-stanovtsy-staneshti-chernivtsi-ukraine/village-1465
1465,nyzhni-stanivtsi-nizhniye-stanovtsy-staneshti-chernivtsi-ukraine,"Nyzhni Stanivtsi (Nizhniye Stanovtsy, Staneshti)",Ukraine,48.189140,25.345751,,0,1,http://www.yahadmap.org/en/nyzhni-stanivtsi-nizhniye-stanovtsy-staneshti-chernivtsi-ukraine/village-1465
1466,kostyntsi-kostintsy-costesti-chernivtsi-ukraine,"Kostyntsi (Kostintsy, Costesti)",Ukraine,48.175961,25.388821,,0,1,http://www.yahadmap.org/en/kostyntsi-kostintsy-costesti-chernivtsi-ukraine/village-1466
1467,babyn-babino-chernivtsi-ukraine,Babyn (Babino),Ukraine,48.393059,25.366220,,0,1,http://www.yahadmap.org/en/babyn-babino-chernivtsi-ukraine/village-1467
1468,vasyliv-chernivtsi-ukraine,Vasyliv,Ukraine,48.358082,25.510031,,0,1,http://www.yahadmap.org/en/vasyliv-chernivtsi-ukraine/village-1468
1470,zalishchyky-zaleshchiki-zaleszczyki-zalischyky-ternopil-ukraine,"Zalishchyky (Zaleshchiki, Zaleszczyki, Zalischyky)",Ukraine,48.384701,25.436331,,0,1,http://www.yahadmap.org/en/zalishchyky-zaleshchiki-zaleszczyki-zalischyky-ternopil-ukraine/village-1470
1471,borivtsi-burevtsy-borowce-chernivtsi-ukraine,"Borivtsi (Burevtsy, Borowce)",Ukraine,48.353531,25.401590,,0,1,http://www.yahadmap.org/en/borivtsi-burevtsy-borowce-chernivtsi-ukraine/village-1471
1472,kyseliv-kiselevo-kisielow-chernivtsi-ukraine,"Kyseliv (Kiselevo, Kisielów)",Ukraine,48.352741,25.396030,,0,1,http://www.yahadmap.org/en/kyseliv-kiselevo-kisielow-chernivtsi-ukraine/village-1472
1473,zabolotiv-ivano-frankivsk-ukraine,Zabolotiv,Ukraine,48.272549,25.161560,,0,1,http://www.yahadmap.org/en/zabolotiv-ivano-frankivsk-ukraine/village-1473
1473,zabolotiv-ivano-frankivsk-ukraine,Zabolotiv,Ukraine,48.272202,25.160460,,0,1,http://www.yahadmap.org/en/zabolotiv-ivano-frankivsk-ukraine/village-1473
1474,sniatyn-snetin-sniatin-snitin-snyatin-ivano-frankivsk-ukraine,"Sniatyn (Snetin, Sniatin, Snitin, Snyatin)",Ukraine,48.267841,25.325911,,0,1,http://www.yahadmap.org/en/sniatyn-snetin-sniatin-snitin-snyatin-ivano-frankivsk-ukraine/village-1474
1475,potichok-ivano-frankivsk-ukraine,Potichok,Ukraine,48.287571,25.339899,,0,2,http://www.yahadmap.org/en/potichok-ivano-frankivsk-ukraine/village-1475
1476,mykhalche-mykhalcze-ivano-frankivsk-ukraine,Mykhalche (Mykhalcze),Ukraine,48.469841,25.345100,,0,3,http://www.yahadmap.org/en/mykhalche-mykhalcze-ivano-frankivsk-ukraine/village-1476
159,lopushne-leveles-lopu-scaron-ny-lopushnoye-transcarpathia-ukraine,"Lopushne (Leveles, Lopušný, Lopushnoye)",Ukraine,48.392052,23.339161,,0,1,http://www.yahadmap.org/en/lopushne-leveles-lopu-scaron-ny-lopushnoye-transcarpathia-ukraine/village-159
1477,kalynivka-kalinovka-kolenivka-kalyniwka-korets-zhytomyr-ukraine,"Kalynivka (Kalinovka, Kolenivka, Kalyniwka)/ Korets",Ukraine,50.382851,27.155319,,0,1,http://www.yahadmap.org/en/kalynivka-kalinovka-kolenivka-kalyniwka-korets-zhytomyr-ukraine/village-1477
1478,bi-goraj-bilgoraj-lublin-voivodeship-poland,Biłgoraj (Bilgoraj),Poland,50.316601,22.433550,,0,1,http://www.yahadmap.org/en/bi-goraj-bilgoraj-lublin-voivodeship-poland/village-1478
1478,bi-goraj-bilgoraj-lublin-voivodeship-poland,Biłgoraj (Bilgoraj),Poland,50.316238,22.433439,,0,1,http://www.yahadmap.org/en/bi-goraj-bilgoraj-lublin-voivodeship-poland/village-1478
1429,jozefow-lublin-voivodeship-poland,Józefów,Poland,50.286171,23.020081,,0,1,http://www.yahadmap.org/en/jozefow-lublin-voivodeship-poland/village-1429
1479,polichna-lublin-voivodeship-poland,Polichna,Poland,50.507542,22.175739,,0,1,http://www.yahadmap.org/en/polichna-lublin-voivodeship-poland/village-1479
1479,polichna-lublin-voivodeship-poland,Polichna,Poland,50.508831,22.175200,,0,1,http://www.yahadmap.org/en/polichna-lublin-voivodeship-poland/village-1479
1479,polichna-lublin-voivodeship-poland,Polichna,Poland,50.499191,10000.000000,,0,1,http://www.yahadmap.org/en/polichna-lublin-voivodeship-poland/village-1479
1479,polichna-lublin-voivodeship-poland,Polichna,Poland,50.499451,22.185671,,0,1,http://www.yahadmap.org/en/polichna-lublin-voivodeship-poland/village-1479
1480,zdzi-owice-lublin-voivodeship-poland,Zdziłowice,Poland,50.488880,22.321989,,0,1,http://www.yahadmap.org/en/zdzi-owice-lublin-voivodeship-poland/village-1480
1481,b-a-ek-blazek-lublin-voivodeship-poland,Błażek (Blazek),Poland,50.508850,22.260929,,0,1,http://www.yahadmap.org/en/b-a-ek-blazek-lublin-voivodeship-poland/village-1481
1482,krasnystaw-lublin-voivodeship-poland,Krasnystaw,Poland,50.598969,23.112249,,0,1,http://www.yahadmap.org/en/krasnystaw-lublin-voivodeship-poland/village-1482
1483,bzite-lublin-voivodeship-poland,Bzite,Poland,51.026360,23.108980,,0,1,http://www.yahadmap.org/en/bzite-lublin-voivodeship-poland/village-1483
1483,bzite-lublin-voivodeship-poland,Bzite,Poland,51.023071,23.110189,,0,1,http://www.yahadmap.org/en/bzite-lublin-voivodeship-poland/village-1483
1483,bzite-lublin-voivodeship-poland,Bzite,Poland,51.029709,23.107330,,0,1,http://www.yahadmap.org/en/bzite-lublin-voivodeship-poland/village-1483
1484,me-giew-lublin-voivodeship-poland,Mełgiew,Poland,51.137501,22.467300,,0,1,http://www.yahadmap.org/en/me-giew-lublin-voivodeship-poland/village-1484
1485,kr-piec-lublin-voivodeship-poland,Krępiec,Poland,51.111439,22.417601,,0,2,http://www.yahadmap.org/en/kr-piec-lublin-voivodeship-poland/village-1485
1485,kr-piec-lublin-voivodeship-poland,Krępiec,Poland,51.111290,22.418150,,0,1,http://www.yahadmap.org/en/kr-piec-lublin-voivodeship-poland/village-1485
1485,kr-piec-lublin-voivodeship-poland,Krępiec,Poland,51.110840,22.417431,,0,1,http://www.yahadmap.org/en/kr-piec-lublin-voivodeship-poland/village-1485
1485,kr-piec-lublin-voivodeship-poland,Krępiec,Poland,51.111229,22.418890,,0,1,http://www.yahadmap.org/en/kr-piec-lublin-voivodeship-poland/village-1485
1486,kazimierz-dolny-lublin-voivodeship-poland,Kazimierz Dolny,Poland,51.188320,21.571560,,0,1,http://www.yahadmap.org/en/kazimierz-dolny-lublin-voivodeship-poland/village-1486
1486,kazimierz-dolny-lublin-voivodeship-poland,Kazimierz Dolny,Poland,51.192169,21.572350,,0,1,http://www.yahadmap.org/en/kazimierz-dolny-lublin-voivodeship-poland/village-1486
1487,poniatowa-lublin-voivodeship-poland,Poniatowa,Poland,51.105671,22.043110,,0,3,http://www.yahadmap.org/en/poniatowa-lublin-voivodeship-poland/village-1487
1487,poniatowa-lublin-voivodeship-poland,Poniatowa,Poland,51.105469,22.043659,,0,3,http://www.yahadmap.org/en/poniatowa-lublin-voivodeship-poland/village-1487
1488,sadurki-lublin-voivodeship-poland,Sadurki,Poland,51.170879,22.173809,,0,1,http://www.yahadmap.org/en/sadurki-lublin-voivodeship-poland/village-1488
1489,wola-przybys-awska-lublin-voivodeship-poland,Wola Przybysławska,Poland,51.252159,22.214130,,0,1,http://www.yahadmap.org/en/wola-przybys-awska-lublin-voivodeship-poland/village-1489
1490,opoka-lublin-voivodeship-poland,Opoka,Poland,51.246681,22.045630,,0,1,http://www.yahadmap.org/en/opoka-lublin-voivodeship-poland/village-1490
1057,ko-skowola-lublin-poland,Końskowola,Poland,51.249908,22.032539,,0,1,http://www.yahadmap.org/en/ko-skowola-lublin-poland/village-1057
1491,husiny-lublin-voivodeship-poland,Husiny,Poland,50.296669,23.115419,,0,1,http://www.yahadmap.org/en/husiny-lublin-voivodeship-poland/village-1491
1492,aleksandrovka-smolensk-russia,Aleksandrovka,Russia,54.493130,32.048981,,0,1,http://www.yahadmap.org/en/aleksandrovka-smolensk-russia/village-1492
1493,toropetz-tver-russia,Toropetz,Russia,56.297749,31.402330,,0,1,http://www.yahadmap.org/en/toropetz-tver-russia/village-1493
1284,zolochiv-zolochev-zloczow-lviv-ukraine,"Zolochiv (Zolochev, Zloczow)",Ukraine,49.480499,24.542601,,0,2,http://www.yahadmap.org/en/zolochiv-zolochev-zloczow-lviv-ukraine/village-1284
1075,novoselytsya-novoselitsa-noua-sulita-chernivtsi-ukraine,"Novoselytsya (Novoselitsa, Noua Sulita)",Ukraine,48.145489,26.161070,,0,1,http://www.yahadmap.org/en/novoselytsya-novoselitsa-noua-sulita-chernivtsi-ukraine/village-1075
1494,zelenchukskaya-karachay-cherkessia-russia,Zelenchukskaya,Russia,43.533321,41.360538,,0,1,http://www.yahadmap.org/en/zelenchukskaya-karachay-cherkessia-russia/village-1494
,,Dej,Romania,47.072971,23.533381,,1,1,
1496,rozhanivka-roszanowka-rozhanovka-ternopil-ukraine,"Rozhanivka (Roszanowka, Rozhanovka)",Ukraine,48.506210,25.418530,,0,1,http://www.yahadmap.org/en/rozhanivka-roszanowka-rozhanovka-ternopil-ukraine/village-1496
1497,mukhavka-ternopil-ukraine,Mukhavka,Ukraine,48.538181,25.437260,,0,1,http://www.yahadmap.org/en/mukhavka-ternopil-ukraine/village-1497
1498,ulashkhivtsi-ulashkhovtsy-ulaszkowce-ternopil-ukraine,"Ulashkhivtsi (Ulashkhovtsy, Ulaszkowce)",Ukraine,48.541660,25.493690,,0,1,http://www.yahadmap.org/en/ulashkhivtsi-ulashkhovtsy-ulaszkowce-ternopil-ukraine/village-1498
1499,mylivtsi-milovtse-ternopil-ukraine,Mylivtsi (Milovtse),Ukraine,48.531052,25.489090,,0,1,http://www.yahadmap.org/en/mylivtsi-milovtse-ternopil-ukraine/village-1499
1499,mylivtsi-milovtse-ternopil-ukraine,Mylivtsi (Milovtse),Ukraine,48.531151,25.489349,,0,1,http://www.yahadmap.org/en/mylivtsi-milovtse-ternopil-ukraine/village-1499
1499,mylivtsi-milovtse-ternopil-ukraine,Mylivtsi (Milovtse),Ukraine,48.530941,25.488091,,0,1,http://www.yahadmap.org/en/mylivtsi-milovtse-ternopil-ukraine/village-1499
1470,zalishchyky-zaleshchiki-zaleszczyki-zalischyky-ternopil-ukraine,"Zalishchyky (Zaleshchiki, Zaleszczyki, Zalischyky)",Ukraine,48.393631,25.440781,,0,2,http://www.yahadmap.org/en/zalishchyky-zaleshchiki-zaleszczyki-zalischyky-ternopil-ukraine/village-1470
1500,rosokhach-ternopil-ukraine,Rosokhach,Ukraine,48.563648,25.486231,,0,1,http://www.yahadmap.org/en/rosokhach-ternopil-ukraine/village-1500
1501,ozeriany-jezierzany-ternopil-ukraine,Ozeriany (Jezierzany),Ukraine,48.523769,25.571171,,0,1,http://www.yahadmap.org/en/ozeriany-jezierzany-ternopil-ukraine/village-1501
1502,pomirtsi-ternopil-ukraine,Pomirtsi,Ukraine,49.002930,25.259081,,0,1,http://www.yahadmap.org/en/pomirtsi-ternopil-ukraine/village-1502
1503,melnytsia-podilska-melnitsa-podolskaya-mielnica-ternopil-ukraine,"Melnytsia Podilska (Melnitsa-Podolskaya, Mielnica)",Ukraine,48.367531,26.100109,,0,1,http://www.yahadmap.org/en/melnytsia-podilska-melnitsa-podolskaya-mielnica-ternopil-ukraine/village-1503
76,holovchyntsi-golovchyntsy-ternopil-ukraine,Holovchyntsi (Golovchyntsy),Ukraine,48.493660,25.441950,,0,1,http://www.yahadmap.org/en/holovchyntsi-golovchyntsy-ternopil-ukraine/village-76
1504,szczawnica-lesser-poland-voivodeship-poland,Szczawnica,Poland,49.251629,20.293409,,0,1,http://www.yahadmap.org/en/szczawnica-lesser-poland-voivodeship-poland/village-1504
1505,kro-nica-lesser-poland-poland,Krośnica,Poland,49.264721,20.211189,,0,1,http://www.yahadmap.org/en/kro-nica-lesser-poland-poland/village-1505
1505,kro-nica-lesser-poland-poland,Krośnica,Poland,49.265968,20.210020,,0,1,http://www.yahadmap.org/en/kro-nica-lesser-poland-poland/village-1505
1506,nowy-targ-lesser-poland-voivodeship-poland,Nowy Targ,Poland,49.286640,20.029100,,0,2,http://www.yahadmap.org/en/nowy-targ-lesser-poland-voivodeship-poland/village-1506
1507,jordanow-jordanow-lesser-poland-voivodeship-poland,Jordanów (Jordanow),Poland,49.391022,19.494761,,0,1,http://www.yahadmap.org/en/jordanow-jordanow-lesser-poland-voivodeship-poland/village-1507
1508,rabka-zdroj-lesser-poland-voivodeship-poland,Rabka-Zdrój,Poland,49.367432,19.584761,,0,2,http://www.yahadmap.org/en/rabka-zdroj-lesser-poland-voivodeship-poland/village-1508
1508,rabka-zdroj-lesser-poland-voivodeship-poland,Rabka-Zdrój,Poland,49.363449,19.587749,,0,1,http://www.yahadmap.org/en/rabka-zdroj-lesser-poland-voivodeship-poland/village-1508
1509,mszana-dolna-lesser-poland-voivodeship-poland,Mszana Dolna,Poland,49.400730,20.043650,,0,2,http://www.yahadmap.org/en/mszana-dolna-lesser-poland-voivodeship-poland/village-1509
1510,makow-podhala-ski-makow-lesser-poland-voivodeship-poland,Maków Podhalański(Makow),Poland,49.439651,19.404881,,0,1,http://www.yahadmap.org/en/makow-podhala-ski-makow-lesser-poland-voivodeship-poland/village-1510
1510,makow-podhala-ski-makow-lesser-poland-voivodeship-poland,Maków Podhalański(Makow),Poland,49.440861,19.402281,,0,1,http://www.yahadmap.org/en/makow-podhala-ski-makow-lesser-poland-voivodeship-poland/village-1510
,,Sławków (Slawkow),Poland,50.185371,19.209230,,1,1,
,,Sławków (Slawkow),Poland,50.183300,19.243860,,1,1,
,,Łazy,Poland,50.260361,19.231150,,1,1,
1513,ska-a-lesser-poland-voivodeship-poland,Skała,Poland,50.132622,19.511560,,0,2,http://www.yahadmap.org/en/ska-a-lesser-poland-voivodeship-poland/village-1513
,,Kraków (Krakow),Poland,50.017422,19.576750,,1,1,
,,Kraków (Krakow),Poland,50.018059,19.579309,,1,1,
,,Kraków (Krakow),Poland,50.028519,19.571461,,1,1,
,,Kraków (Krakow),Poland,50.028790,19.572330,,1,1,
1515,gosie-zambrow-podlaskie-voivodeship-poland,Gosie (Zambrów),Poland,53.030190,22.220381,,0,2,http://www.yahadmap.org/en/gosie-zambrow-podlaskie-voivodeship-poland/village-1515
,,Baraučiškė,Lithuania,54.128078,23.508829,,1,2,
1436,kra-nik-lublin-voivodeship-poland,Kraśnik,Poland,50.576279,22.101030,,0,1,http://www.yahadmap.org/en/kra-nik-lublin-voivodeship-poland/village-1436
1436,kra-nik-lublin-voivodeship-poland,Kraśnik,Poland,50.549141,22.133169,,0,1,http://www.yahadmap.org/en/kra-nik-lublin-voivodeship-poland/village-1436
1436,kra-nik-lublin-voivodeship-poland,Kraśnik,Poland,50.577419,22.099840,,0,1,http://www.yahadmap.org/en/kra-nik-lublin-voivodeship-poland/village-1436
34,buchach-buczacz-ternopil-ukraine,Buchach (Buczacz),Ukraine,49.033382,25.240709,,0,1,http://www.yahadmap.org/en/buchach-buczacz-ternopil-ukraine/village-34
244,rava-ruska-rava-russkaya-rawa-ruska-lviv-ukraine,"Rava-Ruska (Rava Russkaya, Rawa Ruska)",Ukraine,50.148891,23.380280,,0,1,http://www.yahadmap.org/en/rava-ruska-rava-russkaya-rawa-ruska-lviv-ukraine/village-244
1517,dobromyl-dobromil-lviv-ukraine,Dobromyl (Dobromil),Ukraine,49.345039,22.484200,,0,2,http://www.yahadmap.org/en/dobromyl-dobromil-lviv-ukraine/village-1517
1517,dobromyl-dobromil-lviv-ukraine,Dobromyl (Dobromil),Ukraine,49.345009,22.470100,,0,1,http://www.yahadmap.org/en/dobromyl-dobromil-lviv-ukraine/village-1517
1518,nyzhankovychi-nizhankovichi-ni-ankowice-lviv-ukraine,"Nyzhankovychi (Nizhankovichi, Niżankowice)",Ukraine,49.404072,22.477909,,0,1,http://www.yahadmap.org/en/nyzhankovychi-nizhankovichi-ni-ankowice-lviv-ukraine/village-1518
1519,staryi-sambir-staryi-sambor-lviv-ukraine,Staryi Sambir (Staryi Sambor),Ukraine,49.256130,22.596149,,0,1,http://www.yahadmap.org/en/staryi-sambir-staryi-sambor-lviv-ukraine/village-1519
1520,skala-podilska-ternopil-ukraine,Skala-Podilska,Ukraine,48.509869,26.118231,,0,1,http://www.yahadmap.org/en/skala-podilska-ternopil-ukraine/village-1520
21,bilohirsk-bilogorsk-belogorsk-karasubazar-autonomic-republic-of-crimea-ukraine,"Bilohirsk (Bilogorsk, Belogorsk, Karasubazar)",Ukraine,45.024342,34.363152,,0,1,http://www.yahadmap.org/en/bilohirsk-bilogorsk-belogorsk-karasubazar-autonomic-republic-of-crimea-ukraine/village-21
113,kerch-crimea-ukraine,Kerch,Ukraine,45.238171,36.305698,,0,2,http://www.yahadmap.org/en/kerch-crimea-ukraine/village-113
113,kerch-crimea-ukraine,Kerch,Ukraine,45.225750,36.301140,,0,1,http://www.yahadmap.org/en/kerch-crimea-ukraine/village-113
1521,khokhol-voronezh-russia,Khokhol,Russia,51.303070,38.446232,,0,1,http://www.yahadmap.org/en/khokhol-voronezh-russia/village-1521
1522,orlovka-voronezh-russia,Orlovka,Russia,51.362431,38.598591,,0,1,http://www.yahadmap.org/en/orlovka-voronezh-russia/village-1522
1523,novyi-oskol-novy-oskol-belgorod-russia,Novyi Oskol (Novy Oskol),Russia,50.456619,37.513481,,0,1,http://www.yahadmap.org/en/novyi-oskol-novy-oskol-belgorod-russia/village-1523
1455,hladkovychi-gladkovychi-zhytomyr-ukraine,Hladkovychi (Gladkovychi),Ukraine,51.191502,28.526011,,0,1,http://www.yahadmap.org/en/hladkovychi-gladkovychi-zhytomyr-ukraine/village-1455
266,simferopol-crimea-ukraine,Simferopol,Ukraine,45.007740,34.124008,,0,3,http://www.yahadmap.org/en/simferopol-crimea-ukraine/village-266
1524,kyiv-kiev-kiew-kyiv-ukraine,"Kyiv (Kiev, Kiew)",Ukraine,50.281719,30.265751,,0,3,http://www.yahadmap.org/en/kyiv-kiev-kiew-kyiv-ukraine/village-1524
99,ivano-frankivsk-stanis-awow-stanislav-ivano-frankivsk-ukraine,"Ivano-Frankivsk (Stanisławów, Stanislav)",Ukraine,48.575378,24.380329,,0,2,http://www.yahadmap.org/en/ivano-frankivsk-stanis-awow-stanislav-ivano-frankivsk-ukraine/village-99
624,boryslav-boryslaw-borislav-lviv-ukraine,"Boryslav (Boryslaw, Borislav)",Ukraine,49.149319,23.219049,,0,2,http://www.yahadmap.org/en/boryslav-boryslaw-borislav-lviv-ukraine/village-624
1458,kosiv-kosov-kosow-ivano-frankivsk-ukraine,"Kosiv (Kosov, Kosow)",Ukraine,48.200649,25.043230,,0,1,http://www.yahadmap.org/en/kosiv-kosov-kosow-ivano-frankivsk-ukraine/village-1458
1525,kuty-kutow-kitev-kittev-ivano-frankivsk-ukraine,"Kuty (Kutow, Kitev, Kittev)",Ukraine,48.155491,25.103800,,0,2,http://www.yahadmap.org/en/kuty-kutow-kitev-kittev-ivano-frankivsk-ukraine/village-1525
,,Border between Ukraine and Romania,Romania,47.564579,24.374491,,1,1,
1527,yablunytsya-chernivtsi-chernivtsi-ukraine,Yablunytsya (Chernivtsi),Ukraine,48.016720,24.546841,,0,1,http://www.yahadmap.org/en/yablunytsya-chernivtsi-chernivtsi-ukraine/village-1527
1528,bila-richka-ivano-frankivsk-ukraine,Bila Richka,Ukraine,47.589130,24.547430,,0,1,http://www.yahadmap.org/en/bila-richka-ivano-frankivsk-ukraine/village-1528
1529,kulachkivtsi-kulochkovtsy-kolaczkowczi-ivano-frankivsk-ukraine,"Kulachkivtsi (Kulochkovtsy, Kolaczkowczi)",Ukraine,48.336739,25.170170,,0,1,http://www.yahadmap.org/en/kulachkivtsi-kulochkovtsy-kolaczkowczi-ivano-frankivsk-ukraine/village-1529
1530,pistyn-pistin-pisty-ivano-frankivsk-ukraine,"Pistyn (Pistin, Pistyń)",Ukraine,48.220451,25.019430,,0,1,http://www.yahadmap.org/en/pistyn-pistin-pisty-ivano-frankivsk-ukraine/village-1530
1531,iabluniv-yabluniv-yablonov-jab-onow-ivano-frankivsk-ukraine,"Iabluniv (Yabluniv, Yablonov, Jabłonów)",Ukraine,48.243240,24.571096,,0,1,http://www.yahadmap.org/en/iabluniv-yabluniv-yablonov-jab-onow-ivano-frankivsk-ukraine/village-1531
1532,pidhorodtsi-pidgorodtsi-podgorodtsy-lviv-ukraine,"Pidhorodtsi (Pidgorodtsi, Podgorodtsy)",Ukraine,49.093159,23.255779,,0,1,http://www.yahadmap.org/en/pidhorodtsi-pidgorodtsi-podgorodtsy-lviv-ukraine/village-1532
1533,limna-lviv-ukraine,Limna,Ukraine,49.149929,22.502460,,0,1,http://www.yahadmap.org/en/limna-lviv-ukraine/village-1533
1534,mostyska-mo-ciska-mostiska-lviv-ukraine,"Mostyska (Mościska, Mostiska)",Ukraine,49.480309,23.094469,,0,1,http://www.yahadmap.org/en/mostyska-mo-ciska-mostiska-lviv-ukraine/village-1534
1422,pukhovichi-pukhavichy-puchavi-y-puchowicze-minsk-belarus,"Pukhovichi (Pukhavichy, Puchavičy, Puchowicze)",Belarus,53.314812,28.115568,,0,2,http://www.yahadmap.org/en/pukhovichi-pukhavichy-puchavi-y-puchowicze-minsk-belarus/village-1422
1422,pukhovichi-pukhavichy-puchavi-y-puchowicze-minsk-belarus,"Pukhovichi (Pukhavichy, Puchavičy, Puchowicze)",Belarus,53.313179,28.154016,,0,1,http://www.yahadmap.org/en/pukhovichi-pukhavichy-puchavi-y-puchowicze-minsk-belarus/village-1422
1436,kra-nik-lublin-voivodeship-poland,Kraśnik,Poland,50.576439,22.098221,,0,1,http://www.yahadmap.org/en/kra-nik-lublin-voivodeship-poland/village-1436
1536,goraj-lublin-poland,Goraj,Poland,50.431759,22.398560,,0,1,http://www.yahadmap.org/en/goraj-lublin-poland/village-1536
1536,goraj-lublin-poland,Goraj,Poland,50.431889,22.398331,,0,1,http://www.yahadmap.org/en/goraj-lublin-poland/village-1536
1537,turobin-lublin-poland,Turobin,Poland,50.498032,22.438471,,0,1,http://www.yahadmap.org/en/turobin-lublin-poland/village-1537
1538,olbi-cin-lublin-poland,Olbięcin,Poland,50.544979,22.083269,,0,1,http://www.yahadmap.org/en/olbi-cin-lublin-poland/village-1538
1539,w-wolnica-lublin-poland,Wąwolnica,Poland,51.177181,22.089230,,0,1,http://www.yahadmap.org/en/w-wolnica-lublin-poland/village-1539
1540,markuszow-lublin-poland,Markuszów,Poland,51.222939,22.160259,,0,1,http://www.yahadmap.org/en/markuszow-lublin-poland/village-1540
1541,serokomla-lublin-poland,Serokomla,Poland,51.420319,22.204050,,0,1,http://www.yahadmap.org/en/serokomla-lublin-poland/village-1541
1542,bobrowniki-lublin-poland,Bobrowniki,Poland,51.329861,21.554670,,0,1,http://www.yahadmap.org/en/bobrowniki-lublin-poland/village-1542
,,Kurów,Poland,51.233269,22.106150,,1,1,
1544,wojcieszkow-lublin-poland,Wojcieszków,Poland,51.462608,22.187550,,0,1,http://www.yahadmap.org/en/wojcieszkow-lublin-poland/village-1544
1544,wojcieszkow-lublin-poland,Wojcieszków,Poland,51.462440,22.187580,,0,1,http://www.yahadmap.org/en/wojcieszkow-lublin-poland/village-1544
,,Kock,Poland,51.382751,22.271070,,1,1,
1546,wola-okrzejska-lublin-poland,Wola Okrzejska,Poland,51.449532,22.074400,,0,1,http://www.yahadmap.org/en/wola-okrzejska-lublin-poland/village-1546
1546,wola-okrzejska-lublin-poland,Wola Okrzejska,Poland,51.448532,22.072399,,0,1,http://www.yahadmap.org/en/wola-okrzejska-lublin-poland/village-1546
1546,wola-okrzejska-lublin-poland,Wola Okrzejska,Poland,51.459389,22.081450,,0,1,http://www.yahadmap.org/en/wola-okrzejska-lublin-poland/village-1546
1547,klementowice-lublin-poland,Klementowice,Poland,51.221241,22.058390,2018,0,1,http://www.yahadmap.org/en/klementowice-lublin-poland/village-1547
1548,pu-awy-lublin-poland,Puławy,Poland,51.263020,21.568501,,0,1,http://www.yahadmap.org/en/pu-awy-lublin-poland/village-1548
1549,rawa-mazowiecka-od-voivodeship-poland,Rawa Mazowiecka,Poland,51.459251,20.153151,,0,1,http://www.yahadmap.org/en/rawa-mazowiecka-od-voivodeship-poland/village-1549
1549,rawa-mazowiecka-od-voivodeship-poland,Rawa Mazowiecka,Poland,51.465542,20.155710,,0,1,http://www.yahadmap.org/en/rawa-mazowiecka-od-voivodeship-poland/village-1549
,,Biała Rawska,Poland,51.485352,20.277180,,1,1,
,,Biała Rawska,Poland,51.485649,20.278021,,1,1,
1551,nowy-redze-od-voivodeship-poland,Nowy Redzeń,Poland,51.454819,19.519810,,0,1,http://www.yahadmap.org/en/nowy-redze-od-voivodeship-poland/village-1551
1552,felicjanow-felicjanow-koluszki-od-voivodeship-poland,Felicjanów (Felicjanow)/Koluszki,Poland,51.454819,19.497490,,0,1,http://www.yahadmap.org/en/felicjanow-felicjanow-koluszki-od-voivodeship-poland/village-1552
1553,jozefow-wiktorow-jozefow-wiktorow-od-voivodeship-poland,Józefów-Wiktorów (Jozefow-Wiktorow),Poland,51.419418,18.436640,,0,1,http://www.yahadmap.org/en/jozefow-wiktorow-jozefow-wiktorow-od-voivodeship-poland/village-1553
1553,jozefow-wiktorow-jozefow-wiktorow-od-voivodeship-poland,Józefów-Wiktorów (Jozefow-Wiktorow),Poland,51.419441,18.435089,,0,1,http://www.yahadmap.org/en/jozefow-wiktorow-jozefow-wiktorow-od-voivodeship-poland/village-1553
,,Zduńska Wola,Poland,51.361408,18.550421,,1,1,
,,Opoczno,Poland,51.225121,20.174761,,1,1,
,,Opoczno,Poland,51.223209,20.168680,,1,1,
,,Piotrków Trybunalski,Poland,51.255329,19.435188,,1,1,
,,Piotrków Trybunalski,Poland,51.255951,19.431030,,1,1,
,,Tomaszów Mazowiecki,Poland,51.323410,20.011410,,1,1,
,,Tomaszów Mazowiecki,Poland,51.320580,19.588381,,1,1,
1558,radomsko-od-voivodeship-poland,Radomsko,Poland,51.047588,19.283680,,0,2,http://www.yahadmap.org/en/radomsko-od-voivodeship-poland/village-1558
1559,belgorod-belgorod-russia,Belgorod,Russia,50.352402,36.367668,,0,1,http://www.yahadmap.org/en/belgorod-belgorod-russia/village-1559
,,Krosno,Poland,49.422428,21.459150,,1,1,
1561,chodel-lublin-poland,Chodel,Poland,51.069469,22.081730,,0,1,http://www.yahadmap.org/en/chodel-lublin-poland/village-1561
1561,chodel-lublin-poland,Chodel,Poland,51.038620,22.122080,,0,1,http://www.yahadmap.org/en/chodel-lublin-poland/village-1561
1562,ryki-lublin-poland,Ryki,Poland,51.376369,21.565380,,0,1,http://www.yahadmap.org/en/ryki-lublin-poland/village-1562
1563,st-yca-lublin-poland,Stężyca,Poland,51.354080,21.455280,,0,1,http://www.yahadmap.org/en/st-yca-lublin-poland/village-1563
1563,st-yca-lublin-poland,Stężyca,Poland,51.350620,21.464140,,0,1,http://www.yahadmap.org/en/st-yca-lublin-poland/village-1563
1564,na-czow-lublin-poland,Nałęczów,Poland,51.173409,22.129169,,0,1,http://www.yahadmap.org/en/na-czow-lublin-poland/village-1564
1565,kamionka-lublin-poland,Kamionka,Poland,51.287029,22.291410,,0,1,http://www.yahadmap.org/en/kamionka-lublin-poland/village-1565
1566,rossosz-lublin-poland,Rossosz,Poland,51.510078,23.086309,,0,1,http://www.yahadmap.org/en/rossosz-lublin-poland/village-1566
1567,ossowa-lublin-poland,Ossowa,Poland,51.487110,22.506220,,0,1,http://www.yahadmap.org/en/ossowa-lublin-poland/village-1567
1567,ossowa-lublin-poland,Ossowa,Poland,51.487270,22.506660,,0,1,http://www.yahadmap.org/en/ossowa-lublin-poland/village-1567
1567,ossowa-lublin-poland,Ossowa,Poland,51.486019,22.508631,,0,1,http://www.yahadmap.org/en/ossowa-lublin-poland/village-1567
1568,komarowka-podlaska-lublin-poland,Komarówka Podlaska,Poland,51.491539,22.568390,,0,1,http://www.yahadmap.org/en/komarowka-podlaska-lublin-poland/village-1568
1568,komarowka-podlaska-lublin-poland,Komarówka Podlaska,Poland,51.480968,22.567080,,0,1,http://www.yahadmap.org/en/komarowka-podlaska-lublin-poland/village-1568
1568,komarowka-podlaska-lublin-poland,Komarówka Podlaska,Poland,51.492722,22.551950,,0,1,http://www.yahadmap.org/en/komarowka-podlaska-lublin-poland/village-1568
1569,antopol-lublin-poland,Antopol,Poland,51.166931,22.153521,,0,1,http://www.yahadmap.org/en/antopol-lublin-poland/village-1569
1570,bronice-lublin-poland,Bronice,Poland,51.210960,22.129919,,0,1,http://www.yahadmap.org/en/bronice-lublin-poland/village-1570
1571,nalchik-kabardino-balkar-republic-russia,Nalchik,Russia,43.317039,43.399700,,0,2,http://www.yahadmap.org/en/nalchik-kabardino-balkar-republic-russia/village-1571
428,motol-motal-brest-belarus,Motol (Motal),Belarus,52.180470,25.392799,,0,2,http://www.yahadmap.org/en/motol-motal-brest-belarus/village-428
428,motol-motal-brest-belarus,Motol (Motal),Belarus,52.178921,25.388809,,0,2,http://www.yahadmap.org/en/motol-motal-brest-belarus/village-428
1572,odesa-odessa-odesa-ukraine,Odesa (Odessa),Ukraine,46.256500,30.436729,,0,3,http://www.yahadmap.org/en/odesa-odessa-odesa-ukraine/village-1572
1573,velykyi-dalnyk-odesa-ukraine,Velykyi Dalnyk,Ukraine,46.310600,30.328279,,0,3,http://www.yahadmap.org/en/velykyi-dalnyk-odesa-ukraine/village-1573
1574,shabo-odesa-ukraine,Shabo,Ukraine,46.072041,30.229401,,0,1,http://www.yahadmap.org/en/shabo-odesa-ukraine/village-1574
1575,lukanivka-former-jewish-colony-manshurovo-odesa-ukraine,Lukanivka (Former Jewish colony Manshurovo),Ukraine,47.544701,30.287350,,0,1,http://www.yahadmap.org/en/lukanivka-former-jewish-colony-manshurovo-odesa-ukraine/village-1575
18,berizky-berizki-vradiivka-mykolaiv-ukraine,Berizky (Berizki)/Vradiivka,Ukraine,47.545799,30.330330,,0,1,http://www.yahadmap.org/en/berizky-berizki-vradiivka-mykolaiv-ukraine/village-18
18,berizky-berizki-vradiivka-mykolaiv-ukraine,Berizky (Berizki)/Vradiivka,Ukraine,47.544209,30.328239,,0,1,http://www.yahadmap.org/en/berizky-berizki-vradiivka-mykolaiv-ukraine/village-18
1576,kateryno-platonivka-khoroshylivka-former-jewish-colony-net-gedaiget-odesa-ukraine,Kateryno-Platonivka (Khoroshylivka)/(Former Jewish colony Net Gedaiget),Ukraine,47.117760,30.287300,,0,1,http://www.yahadmap.org/en/kateryno-platonivka-khoroshylivka-former-jewish-colony-net-gedaiget-odesa-ukraine/village-1576
1577,novoselivka-nayfeld-odesa-ukraine,Novoselivka (Nayfeld),Ukraine,47.113369,30.547569,,0,2,http://www.yahadmap.org/en/novoselivka-nayfeld-odesa-ukraine/village-1577
1578,holoskove-goloskove-goloskovo-mykolaiv-ukraine,"Holoskove (Goloskove, Goloskovo)",Ukraine,48.097580,30.274620,,0,1,http://www.yahadmap.org/en/holoskove-goloskove-goloskovo-mykolaiv-ukraine/village-1578
1579,sekretarka-mala-bahachivka-mykolaiv-ukraine,Sekretarka (Mala Bahachivka),Ukraine,48.027802,30.317230,,0,1,http://www.yahadmap.org/en/sekretarka-mala-bahachivka-mykolaiv-ukraine/village-1579
1580,pervomaisk-golta-mykolaiv-ukraine,Pervomaisk/Golta,Ukraine,48.037769,30.482071,,0,1,http://www.yahadmap.org/en/pervomaisk-golta-mykolaiv-ukraine/village-1580
1580,pervomaisk-golta-mykolaiv-ukraine,Pervomaisk/Golta,Ukraine,48.040630,30.484289,,0,1,http://www.yahadmap.org/en/pervomaisk-golta-mykolaiv-ukraine/village-1580
391,gantsevichi-brest-belarus,Gantsevichi,Belarus,52.457691,26.247999,,0,1,http://www.yahadmap.org/en/gantsevichi-brest-belarus/village-391
391,gantsevichi-brest-belarus,Gantsevichi,Belarus,52.457088,26.254339,,0,1,http://www.yahadmap.org/en/gantsevichi-brest-belarus/village-391
1582,auce-zemgale-latvia,Auce,Latvia,56.299690,22.523420,,0,1,http://www.yahadmap.org/en/auce-zemgale-latvia/village-1582
1583,riga-riga-latvia,Riga,Latvia,56.531349,24.147499,,0,3,http://www.yahadmap.org/en/riga-riga-latvia/village-1583
1584,s-rene-zemgale-latvia,Sērene,Latvia,56.353199,25.110840,,0,1,http://www.yahadmap.org/en/s-rene-zemgale-latvia/village-1584
1584,s-rene-zemgale-latvia,Sērene,Latvia,56.357231,25.098970,,0,1,http://www.yahadmap.org/en/s-rene-zemgale-latvia/village-1584
1585,koknese-kokenhusen-vidzeme-latvia,Koknese (Kokenhusen),Latvia,56.383171,25.307650,,0,1,http://www.yahadmap.org/en/koknese-kokenhusen-vidzeme-latvia/village-1585
1586,jaunjelgava-friedrichstadt-zemgale-latvia,Jaunjelgava (Friedrichstadt),Latvia,56.363071,25.060909,,0,2,http://www.yahadmap.org/en/jaunjelgava-friedrichstadt-zemgale-latvia/village-1586
1587,l-dezers-vidzeme-latvia,Lādezers,Latvia,57.253391,24.423420,,0,1,http://www.yahadmap.org/en/l-dezers-vidzeme-latvia/village-1587
1588,vidri-i-vidzeme-latvia,Vidriži,Latvia,57.212391,24.400120,,0,1,http://www.yahadmap.org/en/vidri-i-vidzeme-latvia/village-1588
1589,veivir-nai-klaip-da-lithuania,Veiviržėnai,Lithuania,55.372280,21.360620,,0,1,http://www.yahadmap.org/en/veivir-nai-klaip-da-lithuania/village-1589
,,Inkakliai,Lithuania,55.285099,21.340290,,1,1,
,,Švėkšna,Lithuania,55.313438,21.373421,,1,1,
,,Šiaudviečiai,Lithuania,55.217960,21.455099,,1,1,
1593,dargi-scaron-k-klaip-da-lithuania,Dargiškė,Lithuania,55.234310,21.528509,,0,1,http://www.yahadmap.org/en/dargi-scaron-k-klaip-da-lithuania/village-1593
1594,teneniai-taurag-lithuania,Teneniai,Lithuania,55.281441,21.542660,,0,1,http://www.yahadmap.org/en/teneniai-taurag-lithuania/village-1594
1595,kv-darna-taurag-lithuania,Kvėdarna,Lithuania,55.335381,21.595310,,0,1,http://www.yahadmap.org/en/kv-darna-taurag-lithuania/village-1595
,,Tūbinės I,Lithuania,55.314060,22.149950,,1,1,
,,Tūbinės I,Lithuania,55.312851,22.155190,,1,1,
,,Šilalė,Lithuania,55.291580,22.103430,,1,1,
,,Upyna,Lithuania,55.267429,22.273800,,1,1,
,,Gryblaukis (Batakiai),Lithuania,55.223919,22.319380,,1,2,
,,Gryblaukis (Batakiai),Lithuania,55.223511,22.314770,,1,1,
,,Pužai,Lithuania,55.242748,22.323410,,1,1,
,,Antšunijai,Lithuania,55.179760,22.180441,,1,1,
,,Visbutai (Tauragė),Lithuania,55.157822,22.160669,,1,1,
1603,olshany-alshany-olszany-brest-belarus,"Olshany (Alshany, Olszany)",Belarus,52.046928,27.170240,,0,2,http://www.yahadmap.org/en/olshany-alshany-olszany-brest-belarus/village-1603
1604,david-horodok-david-haradok-dawidgrodek-davidgrudek-davidgrodek-brest-belarus,"David-Horodok (David-Haradok, Dawidgrodek, Davidgrudek, Davidgrodek)",Belarus,52.030811,27.125900,,0,1,http://www.yahadmap.org/en/david-horodok-david-haradok-dawidgrodek-davidgrudek-davidgrodek-brest-belarus/village-1604
1605,drohichyn-drogichin-drohiczyn-drohitchin-drahitschyn-drahichyn-brest-belarus,"Drohichyn (Drogichin, Drohiczyn, Drohitchin, Drahitschyn, Drahichyn)",Belarus,52.108398,25.089439,,0,2,http://www.yahadmap.org/en/drohichyn-drogichin-drohiczyn-drohitchin-drahitschyn-drahichyn-brest-belarus/village-1605
1605,drohichyn-drogichin-drohiczyn-drohitchin-drahitschyn-drahichyn-brest-belarus,"Drohichyn (Drogichin, Drohiczyn, Drohitchin, Drahitschyn, Drahichyn)",Belarus,52.111591,25.103439,,0,1,http://www.yahadmap.org/en/drohichyn-drogichin-drohiczyn-drohitchin-drahitschyn-drahichyn-brest-belarus/village-1605
1605,drohichyn-drogichin-drohiczyn-drohitchin-drahitschyn-drahichyn-brest-belarus,"Drohichyn (Drogichin, Drohiczyn, Drohitchin, Drahitschyn, Drahichyn)",Belarus,52.110790,25.097670,,0,1,http://www.yahadmap.org/en/drohichyn-drogichin-drohiczyn-drohitchin-drahitschyn-drahichyn-brest-belarus/village-1605
426,pinsk-brest-belarus,Pinsk,Belarus,52.064209,26.032120,,0,2,http://www.yahadmap.org/en/pinsk-brest-belarus/village-426
426,pinsk-brest-belarus,Pinsk,Belarus,52.073441,26.067551,,0,1,http://www.yahadmap.org/en/pinsk-brest-belarus/village-426
1606,posenichi-pasianichy-brest-belarus,Posenichi (Pasianichy),Belarus,52.101711,26.054680,,0,2,http://www.yahadmap.org/en/posenichi-pasianichy-brest-belarus/village-1606
1607,khomsk-chomsk-brest-belarus,Khomsk (Chomsk),Belarus,52.203159,25.136909,,0,2,http://www.yahadmap.org/en/khomsk-chomsk-brest-belarus/village-1607
1607,khomsk-chomsk-brest-belarus,Khomsk (Chomsk),Belarus,52.202492,25.134781,,0,2,http://www.yahadmap.org/en/khomsk-chomsk-brest-belarus/village-1607
1608,antopol-antopal-brest-belarus,Antopol (Antopal),Belarus,52.122330,24.484119,,0,1,http://www.yahadmap.org/en/antopol-antopal-brest-belarus/village-1608
1609,sviataia-volia-svyataya-volya-brest-belarus,Sviataia Volia (Svyataya Volya),Belarus,52.324429,25.408020,,0,1,http://www.yahadmap.org/en/sviataia-volia-svyataya-volya-brest-belarus/village-1609
1610,gorodets-horodec-brest-belarus,Gorodets (Horodec),Belarus,52.118641,24.393740,,0,1,http://www.yahadmap.org/en/gorodets-horodec-brest-belarus/village-1610
1611,kobryn-kobrin-brest-belarus,Kobryn (Kobrin),Belarus,52.139359,24.208139,,0,2,http://www.yahadmap.org/en/kobryn-kobrin-brest-belarus/village-1611
1611,kobryn-kobrin-brest-belarus,Kobryn (Kobrin),Belarus,52.113239,24.214090,,0,2,http://www.yahadmap.org/en/kobryn-kobrin-brest-belarus/village-1611
1612,zhabinka-brest-belarus,Zhabinka,Belarus,52.120701,24.016130,,0,1,http://www.yahadmap.org/en/zhabinka-brest-belarus/village-1612
1613,pruzhany-pruzana-brest-belarus,Pruzhany (Pruzana),Belarus,52.308022,24.321800,,0,1,http://www.yahadmap.org/en/pruzhany-pruzana-brest-belarus/village-1613
1614,derechin-dereczyn-hrodno-belarus,Derechin (Dereczyn),Belarus,53.151451,24.554070,,0,1,http://www.yahadmap.org/en/derechin-dereczyn-hrodno-belarus/village-1614
1614,derechin-dereczyn-hrodno-belarus,Derechin (Dereczyn),Belarus,53.147350,24.551170,,0,1,http://www.yahadmap.org/en/derechin-dereczyn-hrodno-belarus/village-1614
423,minsk-minsk-belarus,Minsk,Belarus,53.501930,27.424339,,0,3,http://www.yahadmap.org/en/minsk-minsk-belarus/village-423
423,minsk-minsk-belarus,Minsk,Belarus,53.505241,27.444090,,0,3,http://www.yahadmap.org/en/minsk-minsk-belarus/village-423
1616,storozhynets-storozhinest-storjinet-starozhinets-chernivtsi-ukraine,"Storozhynets (Storozhinest, Storjinet, Starozhinets)",Ukraine,48.097038,25.372009,,0,1,http://www.yahadmap.org/en/storozhynets-storozhinest-storjinet-starozhinets-chernivtsi-ukraine/village-1616
1617,chudei-chudey-ciudei-chudyn-mezhyrichchya-chernivtsi-ukraine,"Chudei (Chudey, Ciudei, Chudyn, Mezhyrichchya)",Ukraine,48.029861,25.373650,,0,2,http://www.yahadmap.org/en/chudei-chudey-ciudei-chudyn-mezhyrichchya-chernivtsi-ukraine/village-1617
1617,chudei-chudey-ciudei-chudyn-mezhyrichchya-chernivtsi-ukraine,"Chudei (Chudey, Ciudei, Chudyn, Mezhyrichchya)",Ukraine,48.038719,25.377800,,0,1,http://www.yahadmap.org/en/chudei-chudey-ciudei-chudyn-mezhyrichchya-chernivtsi-ukraine/village-1617
1618,yablunytsia-yablunytsya-yablonitsa-jablonica-ivano-frankivsk-ukraine,"Yablunytsia (Yablunytsya, Yablonitsa, Jablonica)",Ukraine,48.010159,24.547070,,0,1,http://www.yahadmap.org/en/yablunytsia-yablunytsya-yablonitsa-jablonica-ivano-frankivsk-ukraine/village-1618
1619,banyliv-pidhirnyi-banilov-banila-on-siret-chernivtsi-ukraine,"Banyliv-Pidhirnyi (Banilov, Banila on Siret)",Ukraine,48.054359,25.296190,,0,1,http://www.yahadmap.org/en/banyliv-pidhirnyi-banilov-banila-on-siret-chernivtsi-ukraine/village-1619
1620,krasnoyilsk-krasnoilsk-crasna-ilschi-chernivtsi-ukraine,"Krasnoyilsk (Krasnoilsk, Crasna-Ilschi)",Ukraine,48.007992,25.363520,,0,1,http://www.yahadmap.org/en/krasnoyilsk-krasnoilsk-crasna-ilschi-chernivtsi-ukraine/village-1620
1621,hertsa-guertsa-herta-chernivtsi-ukraine,"Hertsa (Guertsa, Herta)",Ukraine,48.085701,26.155830,,0,1,http://www.yahadmap.org/en/hertsa-guertsa-herta-chernivtsi-ukraine/village-1621
1622,mykhalcha-mihalcze-mihalcea-chernivtsi-ukraine,"Mykhalcha (Mihalcze, Mihalcea)",Ukraine,48.149910,25.497049,,0,1,http://www.yahadmap.org/en/mykhalcha-mihalcze-mihalcea-chernivtsi-ukraine/village-1622
1623,ropcha-chernivtsi-ukraine,Ropcha,Ukraine,48.067829,25.461769,,0,1,http://www.yahadmap.org/en/ropcha-chernivtsi-ukraine/village-1623
1624,olkhovy-rog-former-name-balobanovka-rostov-russia,Olkhovy Rog (Former name Balobanovka),Russia,49.034359,40.431431,,0,1,http://www.yahadmap.org/en/olkhovy-rog-former-name-balobanovka-rostov-russia/village-1624
1625,semikarakorsk-rostov-russia,Semikarakorsk,Russia,47.308998,40.462299,,0,1,http://www.yahadmap.org/en/semikarakorsk-rostov-russia/village-1625
1625,semikarakorsk-rostov-russia,Semikarakorsk,Russia,47.309731,40.494110,,0,1,http://www.yahadmap.org/en/semikarakorsk-rostov-russia/village-1625
1626,salski-kagalnik-rostov-russia,Salski Kagalnik,Russia,47.182091,41.207001,,0,1,http://www.yahadmap.org/en/salski-kagalnik-rostov-russia/village-1626
1627,konstantinovsk-rostov-russia,Konstantinovsk,Russia,47.356121,41.060631,,0,1,http://www.yahadmap.org/en/konstantinovsk-rostov-russia/village-1627
1628,dubovskoye-rostov-russia,Dubovskoye,Russia,47.249908,42.455009,,0,1,http://www.yahadmap.org/en/dubovskoye-rostov-russia/village-1628
1629,zimovniki-rostov-russia,Zimovniki,Russia,47.061020,42.254311,,0,2,http://www.yahadmap.org/en/zimovniki-rostov-russia/village-1629
1630,yekaterinovka-rostov-russia,Yekaterinovka,Russia,46.335190,41.425388,,0,1,http://www.yahadmap.org/en/yekaterinovka-rostov-russia/village-1630
1631,veselyy-vesyolyy-rostov-russia,Veselyy (Vesyolyy),Russia,47.057838,40.445229,,0,1,http://www.yahadmap.org/en/veselyy-vesyolyy-rostov-russia/village-1631
1632,leningradskaya-krasnodar-russia,Leningradskaya ,Russia,46.192902,39.235298,,0,1,http://www.yahadmap.org/en/leningradskaya-krasnodar-russia/village-1632
1633,novominskaya-krasnodar-russia,Novominskaya,Russia,46.180790,38.581470,,0,1,http://www.yahadmap.org/en/novominskaya-krasnodar-russia/village-1633
1634,pavlovskaya-krasnodar-russia,Pavlovskaya,Russia,46.072281,39.473469,,0,1,http://www.yahadmap.org/en/pavlovskaya-krasnodar-russia/village-1634
15,berezhany-brzezany-ternopil-ukraine,Berezhany (Brzezany),Ukraine,49.265388,24.557230,,0,1,http://www.yahadmap.org/en/berezhany-brzezany-ternopil-ukraine/village-15
15,berezhany-brzezany-ternopil-ukraine,Berezhany (Brzezany),Ukraine,49.254189,24.534941,,0,1,http://www.yahadmap.org/en/berezhany-brzezany-ternopil-ukraine/village-15
128,kopychyntsi-kopyczynce-ternopil-ukraine,Kopychyntsi (Kopyczynce),Ukraine,49.059052,25.556311,,0,1,http://www.yahadmap.org/en/kopychyntsi-kopyczynce-ternopil-ukraine/village-128
1635,probizhna-probezhna-probu-na-ternopil-ukraine,"Probizhna (Probezhna, Probużna)",Ukraine,49.016190,25.587210,,0,1,http://www.yahadmap.org/en/probizhna-probezhna-probu-na-ternopil-ukraine/village-1635
1636,koropets-ternopil-ukraine,Koropets,Ukraine,48.560242,25.111300,,0,1,http://www.yahadmap.org/en/koropets-ternopil-ukraine/village-1636
1637,pidhaitsi-podgaitsy-podhajce-ternopil-ukraine,"Pidhaitsi (Podgaitsy, Podhajce)",Ukraine,49.159039,25.079720,,0,1,http://www.yahadmap.org/en/pidhaitsi-podgaitsy-podhajce-ternopil-ukraine/village-1637
1638,kozova-ternopil-ukraine,Kozova,Ukraine,49.253830,25.087400,,0,2,http://www.yahadmap.org/en/kozova-ternopil-ukraine/village-1638
1639,terebovlia-trembowla-ternopil-ukraine,Terebovlia (Trembowla),Ukraine,49.172600,25.431721,,0,2,http://www.yahadmap.org/en/terebovlia-trembowla-ternopil-ukraine/village-1639
1640,lityatyn-ternopil-ukraine,Lityatyn,Ukraine,49.230419,25.013380,,0,1,http://www.yahadmap.org/en/lityatyn-ternopil-ukraine/village-1640
,,Kremnička,Slovakia,48.420448,19.076490,,1,1,
,,Kováčová,Slovakia,48.364300,19.058580,,1,1,
,,Nemecká,Slovakia,48.486118,19.242290,,1,1,
,,Nemčice,Slovakia,48.334332,18.078621,,1,1,
1645,pysznica-subcarpathian-voivodeship-poland,Pysznica,Poland,50.343842,22.076429,,0,1,http://www.yahadmap.org/en/pysznica-subcarpathian-voivodeship-poland/village-1645
1646,zarzecze-nisko-subcarpatian-voivodeship-poland,Zarzecze (Nisko),Poland,50.311131,22.119949,,0,1,http://www.yahadmap.org/en/zarzecze-nisko-subcarpatian-voivodeship-poland/village-1646
1647,zaklikow-zaklikow-subcarpathian-voivodeship-poland,Zaklików  (Zaklikow),Poland,50.449692,22.059780,,0,1,http://www.yahadmap.org/en/zaklikow-zaklikow-subcarpathian-voivodeship-poland/village-1647
1648,jarocin-subcarpathian-voivodeship-poland,Jarocin,Poland,50.340111,22.188620,,0,1,http://www.yahadmap.org/en/jarocin-subcarpathian-voivodeship-poland/village-1648
1649,krzeszow-subcarparthian-voivodeship-poland,Krzeszów,Poland,50.247150,22.203329,,0,2,http://www.yahadmap.org/en/krzeszow-subcarparthian-voivodeship-poland/village-1649
1650,stare-miasto-subcarpathian-voivodeship-poland,Stare Miasto,Poland,50.172729,22.256559,,0,1,http://www.yahadmap.org/en/stare-miasto-subcarpathian-voivodeship-poland/village-1650
1651,budy-a-cuckie-budy-lancuckie-subcarpathian-voivodeship-poland,Budy Łańcuckie (Budy Lancuckie),Poland,50.066959,22.256760,,0,1,http://www.yahadmap.org/en/budy-a-cuckie-budy-lancuckie-subcarpathian-voivodeship-poland/village-1651
1651,budy-a-cuckie-budy-lancuckie-subcarpathian-voivodeship-poland,Budy Łańcuckie (Budy Lancuckie),Poland,50.073761,22.242149,,0,1,http://www.yahadmap.org/en/budy-a-cuckie-budy-lancuckie-subcarpathian-voivodeship-poland/village-1651
1652,grodzisko-dolne-subcarpathian-voivodeship-poland,Grodzisko Dolne,Poland,50.105099,22.267250,,0,1,http://www.yahadmap.org/en/grodzisko-dolne-subcarpathian-voivodeship-poland/village-1652
1653,ulanow-ulanow-subcarpathian-voivodeship-poland,Ulanów (Ulanow),Poland,50.295830,22.165819,,0,1,http://www.yahadmap.org/en/ulanow-ulanow-subcarpathian-voivodeship-poland/village-1653
,,Sieniawa,Poland,50.110371,22.362659,,1,1,
889,valozhyn-volozhin-valozhyn-wolozyn-minsk-belarus,"Valozhyn  (Volozhin, Valozhyn, Wolozyn)",Belarus,54.056160,26.318439,,0,2,http://www.yahadmap.org/en/valozhyn-volozhin-valozhyn-wolozyn-minsk-belarus/village-889
668,staroselye-mogilev-belarus,Staroselye,Belarus,54.190590,30.042471,,0,1,http://www.yahadmap.org/en/staroselye-mogilev-belarus/village-668
912,pohost-pogost-pagost-minsk-belarus,"Pohost (Pogost, Pagost)",Belarus,52.510029,27.391920,,0,1,http://www.yahadmap.org/en/pohost-pogost-pagost-minsk-belarus/village-912
1656,kobylanka-lesser-poland-voivodeship-poland,Kobylanka,Poland,49.406391,21.116600,,0,1,http://www.yahadmap.org/en/kobylanka-lesser-poland-voivodeship-poland/village-1656
1657,zawadka-brzostecka-podkarpackie-voivodeship-poland,Zawadka Brzostecka,Poland,49.541000,21.224899,,0,1,http://www.yahadmap.org/en/zawadka-brzostecka-podkarpackie-voivodeship-poland/village-1657
677,borz-cin-lesser-poland-voivodeship-poland,Borzęcin,Poland,50.059120,20.442560,,0,1,http://www.yahadmap.org/en/borz-cin-lesser-poland-voivodeship-poland/village-677
68,yevpatroia-eupatoria-crimea-ukraine,Yevpatroia (Eupatoria),Ukraine,45.121979,33.206459,,0,2,http://www.yahadmap.org/en/yevpatroia-eupatoria-crimea-ukraine/village-68
758,slovechne-slovechno-slaveshna-claweczno-zhytomyr-ukraine,"Slovechne (Slovechno, Slaveshna, Claweczno)",Ukraine,51.231110,28.205090,,0,1,http://www.yahadmap.org/en/slovechne-slovechno-slaveshna-claweczno-zhytomyr-ukraine/village-758
1658,bazar-zhytomyr-ukraine,Bazar,Ukraine,50.565639,29.024570,,0,1,http://www.yahadmap.org/en/bazar-zhytomyr-ukraine/village-1658
1659,viazivka-zhytomyr-ukraine,Viazivka,Ukraine,51.095650,28.524830,,0,1,http://www.yahadmap.org/en/viazivka-zhytomyr-ukraine/village-1659
1660,narodychi-naroditch-narodichi-zhytomyr-ukraine,"Narodychi (Naroditch, Narodichi)",Ukraine,51.126671,29.034950,,0,2,http://www.yahadmap.org/en/narodychi-naroditch-narodichi-zhytomyr-ukraine/village-1660
1660,narodychi-naroditch-narodichi-zhytomyr-ukraine,"Narodychi (Naroditch, Narodichi)",Ukraine,51.124641,29.036900,,0,1,http://www.yahadmap.org/en/narodychi-naroditch-narodichi-zhytomyr-ukraine/village-1660
1661,latashi-zhytomyr-ukraine,Latashi,Ukraine,51.165520,29.023020,,0,1,http://www.yahadmap.org/en/latashi-zhytomyr-ukraine/village-1661
1662,tkhoryn-tkhorin-zhytomyr-ukraine,Tkhoryn (Tkhorin),Ukraine,51.241562,28.197411,,0,1,http://www.yahadmap.org/en/tkhoryn-tkhorin-zhytomyr-ukraine/village-1662
1663,mala-hlumcha-malaya-glumcha-zhytomyr-ukraine,Mala Hlumcha (Malaya Glumcha),Ukraine,50.563931,27.372141,,0,1,http://www.yahadmap.org/en/mala-hlumcha-malaya-glumcha-zhytomyr-ukraine/village-1663
1664,korolivka-zhytomyr-ukraine,Korolivka,Ukraine,50.542439,27.578260,,0,1,http://www.yahadmap.org/en/korolivka-zhytomyr-ukraine/village-1664
1664,korolivka-zhytomyr-ukraine,Korolivka,Ukraine,50.541931,27.586700,,0,1,http://www.yahadmap.org/en/korolivka-zhytomyr-ukraine/village-1664
1665,novohrad-volynsky-zviahel-zvil-novograd-volynskiy-zhytomyr-ukraine,"Novohrad-Volynsky (Zviahel, Zvil, Novograd Volynskiy)",Ukraine,50.362942,27.377310,,0,1,http://www.yahadmap.org/en/novohrad-volynsky-zviahel-zvil-novograd-volynskiy-zhytomyr-ukraine/village-1665
1665,novohrad-volynsky-zviahel-zvil-novograd-volynskiy-zhytomyr-ukraine,"Novohrad-Volynsky (Zviahel, Zvil, Novograd Volynskiy)",Ukraine,50.349232,27.366699,,0,1,http://www.yahadmap.org/en/novohrad-volynsky-zviahel-zvil-novograd-volynskiy-zhytomyr-ukraine/village-1665
1665,novohrad-volynsky-zviahel-zvil-novograd-volynskiy-zhytomyr-ukraine,"Novohrad-Volynsky (Zviahel, Zvil, Novograd Volynskiy)",Ukraine,50.349049,27.366610,,0,2,http://www.yahadmap.org/en/novohrad-volynsky-zviahel-zvil-novograd-volynskiy-zhytomyr-ukraine/village-1665
1665,novohrad-volynsky-zviahel-zvil-novograd-volynskiy-zhytomyr-ukraine,"Novohrad-Volynsky (Zviahel, Zvil, Novograd Volynskiy)",Ukraine,50.357208,27.380070,,0,2,http://www.yahadmap.org/en/novohrad-volynsky-zviahel-zvil-novograd-volynskiy-zhytomyr-ukraine/village-1665
1145,szczeglacin-masovian-voivodeship-poland,Szczeglacin,Poland,52.221989,22.344700,,0,1,http://www.yahadmap.org/en/szczeglacin-masovian-voivodeship-poland/village-1145
559,kobylany-lublin-poland,Kobylany,Poland,52.028370,23.335640,,0,1,http://www.yahadmap.org/en/kobylany-lublin-poland/village-559
1666,wolka-pleba-ska-lublin-poland,Wólka Plebańska,Poland,51.591789,23.080469,,0,1,http://www.yahadmap.org/en/wolka-pleba-ska-lublin-poland/village-1666
1667,puchacze-lublin-poland,Puchacze,Poland,52.003559,22.528139,,0,1,http://www.yahadmap.org/en/puchacze-lublin-poland/village-1667
1667,puchacze-lublin-poland,Puchacze,Poland,52.005669,22.533270,,0,1,http://www.yahadmap.org/en/puchacze-lublin-poland/village-1667
1667,puchacze-lublin-poland,Puchacze,Poland,0.000000,22.534340,,0,1,http://www.yahadmap.org/en/puchacze-lublin-poland/village-1667
,,Biała Podlaska,Poland,52.023449,23.072100,,1,1,
1668,t-czki-masovian-voivodeship-poland,Tęczki,Poland,52.024132,22.365891,,0,1,http://www.yahadmap.org/en/t-czki-masovian-voivodeship-poland/village-1668
1669,janow-podlaski-lublin-poland,Janów Podlaski,Poland,52.114250,23.122549,,0,1,http://www.yahadmap.org/en/janow-podlaski-lublin-poland/village-1669
,,Terespol,Poland,52.048538,23.369730,,1,1,
,,Terespol,Poland,52.045151,23.364571,,1,1,
,,Małaszewicze Duże,Poland,52.012440,23.298969,,1,1,
,,Małaszewicze Duże,Poland,52.026360,23.311760,,1,1,
,,Piszczac,Poland,51.589882,23.232599,,1,1,
1673,yaltushkiv-ialtushkiv-ialtushkov-vinnytsia-ukraine,"Yaltushkiv (Ialtushkiv, Ialtushkov)",Ukraine,49.016079,27.307249,,0,2,http://www.yahadmap.org/en/yaltushkiv-ialtushkiv-ialtushkov-vinnytsia-ukraine/village-1673
1674,balky-balki-vinnytsia-ukraine,Balky (Balki),Ukraine,49.030418,27.413540,,0,2,http://www.yahadmap.org/en/balky-balki-vinnytsia-ukraine/village-1674
1675,pechera-pechora-pecioara-vinnytsia-ukraine,"Pechera (Pechora, Pecioara)",Ukraine,48.512939,28.438040,,0,1,http://www.yahadmap.org/en/pechera-pechora-pecioara-vinnytsia-ukraine/village-1675
1675,pechera-pechora-pecioara-vinnytsia-ukraine,"Pechera (Pechora, Pecioara)",Ukraine,48.519901,28.409540,,0,2,http://www.yahadmap.org/en/pechera-pechora-pecioara-vinnytsia-ukraine/village-1675
1675,pechera-pechora-pecioara-vinnytsia-ukraine,"Pechera (Pechora, Pecioara)",Ukraine,48.519661,28.410370,,0,1,http://www.yahadmap.org/en/pechera-pechora-pecioara-vinnytsia-ukraine/village-1675
1676,popivtsi-popovtsy-vinnytsia-ukraine,Popivtsi (Popovtsy),Ukraine,48.534939,27.557480,,0,2,http://www.yahadmap.org/en/popivtsi-popovtsy-vinnytsia-ukraine/village-1676
1677,horai-gorai-goray-vinnytsia-ukraine,"Horai (Gorai, Goray)",Ukraine,48.458839,27.487471,,0,1,http://www.yahadmap.org/en/horai-gorai-goray-vinnytsia-ukraine/village-1677
1678,stepanky-vinnytsia-ukraine,Stepanky,Ukraine,48.461281,27.508730,,0,1,http://www.yahadmap.org/en/stepanky-vinnytsia-ukraine/village-1678
1679,tulchyn-nestervarka-tulchin-tulczyn-vinnytsia-ukraine,"Tulchyn (Nestervarka, Tulchin, Tulczyn)",Ukraine,48.413780,28.523781,,0,1,http://www.yahadmap.org/en/tulchyn-nestervarka-tulchin-tulczyn-vinnytsia-ukraine/village-1679
1680,pryvitne-privetnoie-vinnytsia-ukraine,Pryvitne (Privetnoie),Ukraine,48.470901,27.497620,,0,1,http://www.yahadmap.org/en/pryvitne-privetnoie-vinnytsia-ukraine/village-1680
1681,stanislavchyk-stanis-awczyk-vinnytsia-ukraine,Stanislavchyk (Stanisławczyk),Ukraine,48.587078,28.073080,,0,1,http://www.yahadmap.org/en/stanislavchyk-stanis-awczyk-vinnytsia-ukraine/village-1681
,,Gordinești,Moldova,48.094070,27.096569,,1,1,
,,Frăsineşti,Moldova,47.022911,27.594500,,1,1,
,,Maramonovca,Moldova,48.101528,27.490980,,1,1,
,,Şipca,Moldova,47.512070,28.483021,,1,1,
,,Şipca,Moldova,47.505199,28.481131,,1,1,
,,Ţareuca (Zarievka),Moldova,47.449501,28.526421,,1,1,
,,Tibirica,Moldova,47.231289,28.214279,,1,1,
,,Tibirica,Moldova,47.224918,28.222441,,1,1,
,,Beştemac,Moldova,46.318611,28.317150,,1,1,
757,sevastopol-sebastopol-crimea-ukraine,Sevastopol (Sebastopol),Ukraine,44.350052,33.377300,,0,3,http://www.yahadmap.org/en/sevastopol-sebastopol-crimea-ukraine/village-757
1691,wierzawice-subcarpathian-voivodeship-poland,Wierzawice,Poland,50.143559,22.264561,,0,1,http://www.yahadmap.org/en/wierzawice-subcarpathian-voivodeship-poland/village-1691
1692,a-cut-subcarpathian-voivodeship-poland,Łańcut,Poland,50.036968,22.137779,,0,1,http://www.yahadmap.org/en/a-cut-subcarpathian-voivodeship-poland/village-1692
1693,s-dziszow-ma-opolski-subcarpathian-poland,Sędziszów Małopolski,Poland,50.040298,21.419970,,0,1,http://www.yahadmap.org/en/s-dziszow-ma-opolski-subcarpathian-poland/village-1693
1694,kolbuszowa-subcarpathian-voivodeship-poland,Kolbuszowa,Poland,50.146511,21.469311,,0,1,http://www.yahadmap.org/en/kolbuszowa-subcarpathian-voivodeship-poland/village-1694
1695,g-ogow-ma-opolski-subcarpathian-poland,Głogów Małopolski,Poland,50.079651,21.583990,,0,2,http://www.yahadmap.org/en/g-ogow-ma-opolski-subcarpathian-poland/village-1695
,,Pustków,Poland,50.060299,21.311979,,1,2,
1697,jawornik-polski-subcarpathian-poland,Jawornik Polski,Poland,49.533718,22.164450,,0,1,http://www.yahadmap.org/en/jawornik-polski-subcarpathian-poland/village-1697
1698,hadle-szklarskie-subcarpathian-poland,Hadle Szklarskie,Poland,49.543179,22.174351,,0,1,http://www.yahadmap.org/en/hadle-szklarskie-subcarpathian-poland/village-1698
1699,kosina-subcarpathian-poland,Kosina,Poland,50.034538,22.184111,,0,1,http://www.yahadmap.org/en/kosina-subcarpathian-poland/village-1699
1699,kosina-subcarpathian-poland,Kosina,Poland,50.036968,22.194969,,0,1,http://www.yahadmap.org/en/kosina-subcarpathian-poland/village-1699
1700,antoniow-subcarpathia-poland,Antoniów,Poland,50.440369,21.535629,,0,1,http://www.yahadmap.org/en/antoniow-subcarpathia-poland/village-1700
85,hrymailiv-grymailiv-grimailov-grymailov-grzymalov-ternopil-ukraine,"Hrymailiv (Grymailiv, Grimailov, Grymailov, Grzymalov)",Ukraine,49.198574,26.004810,,0,1,http://www.yahadmap.org/en/hrymailiv-grymailiv-grimailov-grymailov-grzymalov-ternopil-ukraine/village-85
1702,kr-slava-kraslava-latgale-latvia,Krāslava (Kraslava),Latvia,55.540359,27.081921,,0,1,http://www.yahadmap.org/en/kr-slava-kraslava-latgale-latvia/village-1702
1702,kr-slava-kraslava-latgale-latvia,Krāslava (Kraslava),Latvia,55.534889,27.119480,,0,1,http://www.yahadmap.org/en/kr-slava-kraslava-latgale-latvia/village-1702
1703,as-ne-osun-latgale-latvia,Asūne (Osun),Latvia,56.012699,27.373301,,0,1,http://www.yahadmap.org/en/as-ne-osun-latgale-latvia/village-1703
1704,dagda-latgale-latvia,Dagda,Latvia,56.060291,27.322639,,0,1,http://www.yahadmap.org/en/dagda-latgale-latvia/village-1704
1705,vi-scaron-i-vishki-latgale-latvia,Višķi (Vishki),Latvia,56.031010,26.467239,,0,1,http://www.yahadmap.org/en/vi-scaron-i-vishki-latgale-latvia/village-1705
1705,vi-scaron-i-vishki-latgale-latvia,Višķi (Vishki),Latvia,56.033081,26.480040,,0,1,http://www.yahadmap.org/en/vi-scaron-i-vishki-latgale-latvia/village-1705
1706,riebi-i-latgale-latvia,Riebiņi,Latvia,56.221218,26.465599,,0,1,http://www.yahadmap.org/en/riebi-i-latgale-latvia/village-1706
1707,aglona-latgale-latvia,Aglona,Latvia,56.082378,26.598961,,0,1,http://www.yahadmap.org/en/aglona-latgale-latvia/village-1707
1708,r-zekne-rezhitsa-r-zne-rositten-latgale-latvia,"Rēzekne (Rezhitsa, Rēzne, Rositten)",Latvia,56.291729,27.199310,,0,2,http://www.yahadmap.org/en/r-zekne-rezhitsa-r-zne-rositten-latgale-latvia/village-1708
1708,r-zekne-rezhitsa-r-zne-rositten-latgale-latvia,"Rēzekne (Rezhitsa, Rēzne, Rositten)",Latvia,56.322449,27.187180,,0,2,http://www.yahadmap.org/en/r-zekne-rezhitsa-r-zne-rositten-latgale-latvia/village-1708
1708,r-zekne-rezhitsa-r-zne-rositten-latgale-latvia,"Rēzekne (Rezhitsa, Rēzne, Rositten)",Latvia,56.300789,27.203520,,0,1,http://www.yahadmap.org/en/r-zekne-rezhitsa-r-zne-rositten-latgale-latvia/village-1708
1708,r-zekne-rezhitsa-r-zne-rositten-latgale-latvia,"Rēzekne (Rezhitsa, Rēzne, Rositten)",Latvia,56.304729,27.218269,,0,1,http://www.yahadmap.org/en/r-zekne-rezhitsa-r-zne-rositten-latgale-latvia/village-1708
1709,malta-latgale-latvia,Malta,Latvia,56.170959,27.125040,,0,1,http://www.yahadmap.org/en/malta-latgale-latvia/village-1709
1710,prei-i-latgale-latvia,Preiļi,Latvia,56.173729,26.430330,,0,2,http://www.yahadmap.org/en/prei-i-latgale-latvia/village-1710
1711,l-v-ni-lievenhof-latgale-latvia,Līvāni (Lievenhof),Latvia,56.201561,26.110310,,0,1,http://www.yahadmap.org/en/l-v-ni-lievenhof-latgale-latvia/village-1711
1711,l-v-ni-lievenhof-latgale-latvia,Līvāni (Lievenhof),Latvia,56.224380,26.115601,,0,1,http://www.yahadmap.org/en/l-v-ni-lievenhof-latgale-latvia/village-1711
244,rava-ruska-rava-russkaya-rawa-ruska-lviv-ukraine,"Rava-Ruska (Rava Russkaya, Rawa Ruska)",Ukraine,50.141769,23.341379,,0,2,http://www.yahadmap.org/en/rava-ruska-rava-russkaya-rawa-ruska-lviv-ukraine/village-244
244,rava-ruska-rava-russkaya-rawa-ruska-lviv-ukraine,"Rava-Ruska (Rava Russkaya, Rawa Ruska)",Ukraine,50.153900,23.342319,,0,2,http://www.yahadmap.org/en/rava-ruska-rava-russkaya-rawa-ruska-lviv-ukraine/village-244
1714,ch-ciny-chesiny-swietokrzyskie-voivodeship-poland,Chęciny (Chesiny),Poland,50.481461,20.277590,,0,1,http://www.yahadmap.org/en/ch-ciny-chesiny-swietokrzyskie-voivodeship-poland/village-1714
1714,ch-ciny-chesiny-swietokrzyskie-voivodeship-poland,Chęciny (Chesiny),Poland,50.469231,20.254539,,0,1,http://www.yahadmap.org/en/ch-ciny-chesiny-swietokrzyskie-voivodeship-poland/village-1714
1715,w-oszczowa-wloszczowa-swietokrzyskie-voivodeship-poland,Włoszczowa (Wloszczowa),Poland,50.511135,19.571405,,0,1,http://www.yahadmap.org/en/w-oszczowa-wloszczowa-swietokrzyskie-voivodeship-poland/village-1715
1716,bli-yn-blizyn-swietokrzyskie-voivodeship-poland,Bliżyn (Blizyn),Poland,51.061939,20.452930,,0,1,http://www.yahadmap.org/en/bli-yn-blizyn-swietokrzyskie-voivodeship-poland/village-1716
1717,bodzentyn-swietokryskie-voivodeship-poland,Bodzentyn,Poland,50.565182,20.573540,,0,1,http://www.yahadmap.org/en/bodzentyn-swietokryskie-voivodeship-poland/village-1717
1717,bodzentyn-swietokryskie-voivodeship-poland,Bodzentyn,Poland,50.563751,20.575081,,0,1,http://www.yahadmap.org/en/bodzentyn-swietokryskie-voivodeship-poland/village-1717
1717,bodzentyn-swietokryskie-voivodeship-poland,Bodzentyn,Poland,50.562599,20.565451,,0,1,http://www.yahadmap.org/en/bodzentyn-swietokryskie-voivodeship-poland/village-1717
1718,kunow-kunow-swietokrzyskie-voivodeship-poland,Kunów (Kunow),Poland,50.572750,21.166670,,0,1,http://www.yahadmap.org/en/kunow-kunow-swietokrzyskie-voivodeship-poland/village-1718
1719,ko-skie-konskie-konsk-swietokrzyskie-voivodeship-poland,"Końskie (Konskie, Konsk)",Poland,51.119881,20.241590,,0,1,http://www.yahadmap.org/en/ko-skie-konskie-konsk-swietokrzyskie-voivodeship-poland/village-1719
1720,mielow-cmielow-swietokrzyskie-voivodeship-poland,Ćmielów (Cmielow),Poland,50.585468,21.300949,,0,1,http://www.yahadmap.org/en/mielow-cmielow-swietokrzyskie-voivodeship-poland/village-1720
1721,jastkow-swietokrzyskie-voivodeship-poland,Jastków,Poland,50.525318,21.347830,,0,1,http://www.yahadmap.org/en/jastkow-swietokrzyskie-voivodeship-poland/village-1721
1722,opatow-opatow-swietokrzyskie-voivodeship-poland,Opatów (Opatow),Poland,50.479290,21.255051,,0,1,http://www.yahadmap.org/en/opatow-opatow-swietokrzyskie-voivodeship-poland/village-1722
1723,iwaniska-swietokrzyskie-voivodeship-poland,Iwaniska,Poland,50.439919,21.155890,,0,1,http://www.yahadmap.org/en/iwaniska-swietokrzyskie-voivodeship-poland/village-1723
164,lviv-lvov-lwow-lemberg-lviv-ukraine,"Lviv (Lvov, Lwow, Lemberg)",Ukraine,49.511162,23.591789,,0,3,http://www.yahadmap.org/en/lviv-lvov-lwow-lemberg-lviv-ukraine/village-164
1724,m-drzechow-lesser-poland-voivodeship-poland,Mędrzechów,Poland,50.170769,20.563770,,0,1,http://www.yahadmap.org/en/m-drzechow-lesser-poland-voivodeship-poland/village-1724
1724,m-drzechow-lesser-poland-voivodeship-poland,Mędrzechów,Poland,50.175400,20.555840,,0,1,http://www.yahadmap.org/en/m-drzechow-lesser-poland-voivodeship-poland/village-1724
1724,m-drzechow-lesser-poland-voivodeship-poland,Mędrzechów,Poland,50.178371,20.568569,,0,1,http://www.yahadmap.org/en/m-drzechow-lesser-poland-voivodeship-poland/village-1724
1725,szczurowa-lesser-poland-voivodeship-poland,Szczurowa,Poland,50.069832,20.382170,,0,1,http://www.yahadmap.org/en/szczurowa-lesser-poland-voivodeship-poland/village-1725
1725,szczurowa-lesser-poland-voivodeship-poland,Szczurowa,Poland,50.069290,20.381630,,0,1,http://www.yahadmap.org/en/szczurowa-lesser-poland-voivodeship-poland/village-1725
1726,niedary-lesser-poland-voivodeship-poland,Niedary,Poland,50.071980,20.301991,,0,1,http://www.yahadmap.org/en/niedary-lesser-poland-voivodeship-poland/village-1726
1509,mszana-dolna-lesser-poland-voivodeship-poland,Mszana Dolna,Poland,49.398869,20.038441,,0,1,http://www.yahadmap.org/en/mszana-dolna-lesser-poland-voivodeship-poland/village-1509
1509,mszana-dolna-lesser-poland-voivodeship-poland,Mszana Dolna,Poland,49.402260,20.046329,,0,1,http://www.yahadmap.org/en/mszana-dolna-lesser-poland-voivodeship-poland/village-1509
1727,pawlikowice-lesser-poland-voivodeship-poland,Pawlikowice,Poland,49.577530,20.034679,,0,1,http://www.yahadmap.org/en/pawlikowice-lesser-poland-voivodeship-poland/village-1727
1728,rzezawa-lesser-poland-voivodeship-poland,Rzezawa,Poland,49.594761,20.307949,,0,1,http://www.yahadmap.org/en/rzezawa-lesser-poland-voivodeship-poland/village-1728
1729,baczkow-lesser-poland-voivodeship-poland,Baczków,Poland,50.008430,20.252800,,0,2,http://www.yahadmap.org/en/baczkow-lesser-poland-voivodeship-poland/village-1729
,,Miechów,Poland,50.212971,20.007959,,1,1,
,,Miechów,Poland,50.209030,20.019541,,1,1,
1731,weso-a-lesser-poland-voivodeship-poland,Wesoła,Poland,50.130638,20.021481,,0,1,http://www.yahadmap.org/en/weso-a-lesser-poland-voivodeship-poland/village-1731
,,Chodów,Poland,50.227310,19.588989,,1,2,
,,Tyniec,Poland,50.007252,19.497580,,1,1,
1578,holoskove-goloskove-goloskovo-mykolaiv-ukraine,"Holoskove (Goloskove, Goloskovo)",Ukraine,48.098286,30.278522,,0,3,http://www.yahadmap.org/en/holoskove-goloskove-goloskovo-mykolaiv-ukraine/village-1578
72,hlybochok-glybochok-ternopil-ukraine,Hlybochok (Glybochok),Ukraine,48.503490,25.573120,,0,1,http://www.yahadmap.org/en/hlybochok-glybochok-ternopil-ukraine/village-72
1502,pomirtsi-ternopil-ukraine,Pomirtsi,Ukraine,49.003658,25.257799,,0,1,http://www.yahadmap.org/en/pomirtsi-ternopil-ukraine/village-1502
1734,chystyliv-czysty-ow-chistilov-ternopil-ukraine,"Chystyliv (Czystyłów, Chistilov)",Ukraine,49.366211,25.339640,,0,1,http://www.yahadmap.org/en/chystyliv-czysty-ow-chistilov-ternopil-ukraine/village-1734
1736,lavrykivtsi-awrykowce-lavrikovtsy-ternopil-ukraine,"Lavrykivtsi (Ławrykowce, Lavrikovtsy)",Ukraine,49.387810,25.034180,,0,1,http://www.yahadmap.org/en/lavrykivtsi-awrykowce-lavrikovtsy-ternopil-ukraine/village-1736
1737,travotoloky-trawotloky-ternopil-ukraine,Travotoloky (Trawotloky),Ukraine,49.386200,25.034510,,0,1,http://www.yahadmap.org/en/travotoloky-trawotloky-ternopil-ukraine/village-1737
1738,zaliztsi-zalozhtzy-za-o-ce-ternopil-ukraine,"Zaliztsi (Zalozhtzy, Załoźce)",Ukraine,49.475201,25.228390,,0,1,http://www.yahadmap.org/en/zaliztsi-zalozhtzy-za-o-ce-ternopil-ukraine/village-1738
1738,zaliztsi-zalozhtzy-za-o-ce-ternopil-ukraine,"Zaliztsi (Zalozhtzy, Załoźce)",Ukraine,49.481251,25.229259,,0,1,http://www.yahadmap.org/en/zaliztsi-zalozhtzy-za-o-ce-ternopil-ukraine/village-1738
1738,zaliztsi-zalozhtzy-za-o-ce-ternopil-ukraine,"Zaliztsi (Zalozhtzy, Załoźce)",Ukraine,49.466351,25.227140,,0,1,http://www.yahadmap.org/en/zaliztsi-zalozhtzy-za-o-ce-ternopil-ukraine/village-1738
1739,vyshnivets-vishnevets-wisniowiec-ternopil-ukraine,"Vyshnivets (Vishnevets, Wisniowiec)",Ukraine,49.531109,25.453810,,0,2,http://www.yahadmap.org/en/vyshnivets-vishnevets-wisniowiec-ternopil-ukraine/village-1739
1740,pochaiv-pochayev-poczajow-ternopil-ukraine,"Pochaiv (Pochayev, Poczajów)",Ukraine,50.002659,25.312160,,0,1,http://www.yahadmap.org/en/pochaiv-pochayev-poczajow-ternopil-ukraine/village-1740
1741,katerynivka-katerburg-ternopil-ukraine,Katerynivka (Katerburg),Ukraine,49.597309,25.531771,,0,1,http://www.yahadmap.org/en/katerynivka-katerburg-ternopil-ukraine/village-1741
297,ternopil-tarnopol-ternopol-ternopil-ukraine,"Ternopil (Tarnopol, Ternopol)",Ukraine,49.324242,25.358721,,0,1,http://www.yahadmap.org/en/ternopil-tarnopol-ternopol-ternopil-ukraine/village-297
297,ternopil-tarnopol-ternopol-ternopil-ukraine,"Ternopil (Tarnopol, Ternopol)",Ukraine,49.326080,25.361240,,0,1,http://www.yahadmap.org/en/ternopil-tarnopol-ternopol-ternopil-ukraine/village-297
1742,kalne-ternopil-ukraine,Kalne,Ukraine,49.230789,25.093050,,0,1,http://www.yahadmap.org/en/kalne-ternopil-ukraine/village-1742
1743,shulhanivka-ternopil-ukraine,Shulhanivka,Ukraine,48.574139,25.426741,,0,1,http://www.yahadmap.org/en/shulhanivka-ternopil-ukraine/village-1743
1535,chernivtsi-chenovtsy-czernowitz-tshernovits-cern-u-i-chernivtsi-ukraine,"Chernivtsi (Chenovtsy, Czernowitz, Tshernovits, Cernăuți)",Ukraine,48.177261,25.575090,,0,3,http://www.yahadmap.org/en/chernivtsi-chenovtsy-czernowitz-tshernovits-cern-u-i-chernivtsi-ukraine/village-1535
,,Pajęczno,Poland,51.092369,19.000580,,1,1,
1746,skaleniec-od-voivodeship-poland,Skaleniec,Poland,51.179241,18.461809,,0,1,http://www.yahadmap.org/en/skaleniec-od-voivodeship-poland/village-1746
1747,lutomiersk-od-voivodeship-poland,Lutomiersk,Poland,51.451450,19.128920,,0,1,http://www.yahadmap.org/en/lutomiersk-od-voivodeship-poland/village-1747
1748,ozorkow-brunnstadt-lodz-poland,Ozorków (Brunnstadt),Poland,51.570122,19.182899,,0,1,http://www.yahadmap.org/en/ozorkow-brunnstadt-lodz-poland/village-1748
,,Łęczyca,Poland,52.037289,19.116480,,1,1,
,,Podlaszcze (Lask),Poland,51.349628,19.069441,,1,1,
1751,ychlin-od-voivodeship-poland,Żychlin,Poland,52.146801,19.380730,,0,1,http://www.yahadmap.org/en/ychlin-od-voivodeship-poland/village-1751
1752,kopaihorod-kopayhorod-kopaygorod-kopajgrod-vinnytsia-ukraine,"Kopaihorod (Kopayhorod, Kopaygorod, Kopajgrod)",Ukraine,48.518650,27.476339,,0,2,http://www.yahadmap.org/en/kopaihorod-kopayhorod-kopaygorod-kopajgrod-vinnytsia-ukraine/village-1752
1753,kopai-kopay-vinnytsia-ukraine,Kopai (Kopay),Ukraine,48.527981,27.452600,,0,1,http://www.yahadmap.org/en/kopai-kopay-vinnytsia-ukraine/village-1753
1754,zarvantsi-vinnytsia-ukraine,Zarvantsi,Ukraine,49.150970,28.227131,,0,1,http://www.yahadmap.org/en/zarvantsi-vinnytsia-ukraine/village-1754
1755,derebchyn-vinnytsia-ukraine,Derebchyn,Ukraine,48.457111,28.183750,,0,1,http://www.yahadmap.org/en/derebchyn-vinnytsia-ukraine/village-1755
1756,kuzmyntsi-vinnytsia-ukraine,Kuzmyntsi,Ukraine,48.573639,27.406071,,0,1,http://www.yahadmap.org/en/kuzmyntsi-vinnytsia-ukraine/village-1756
1756,kuzmyntsi-vinnytsia-ukraine,Kuzmyntsi,Ukraine,48.583500,27.398609,,0,1,http://www.yahadmap.org/en/kuzmyntsi-vinnytsia-ukraine/village-1756
1757,prymoshchanytsia-vinnytsia-ukraine,Prymoshchanytsia,Ukraine,48.546268,27.426600,,0,1,http://www.yahadmap.org/en/prymoshchanytsia-vinnytsia-ukraine/village-1757
1758,kosharyntsi-co-arin-i-cozarin-i-vinnytsia-ukraine,"Kosharyntsi (Coşarinţi, Cozarinţi)",Ukraine,48.553040,27.459770,,0,2,http://www.yahadmap.org/en/kosharyntsi-co-arin-i-cozarin-i-vinnytsia-ukraine/village-1758
1759,luchynets-luchinets-litshenitz-luciine-vinnytsia-ukraine,"Luchynets (Luchinets, Litshenitz, Luciîneț)",Ukraine,48.425152,27.495680,,0,2,http://www.yahadmap.org/en/luchynets-luchinets-litshenitz-luciine-vinnytsia-ukraine/village-1759
1761,mali-kutyscha-vinnytsia-ukraine,Mali Kutyscha,Ukraine,49.371181,28.243759,,0,1,http://www.yahadmap.org/en/mali-kutyscha-vinnytsia-ukraine/village-1761
1762,nova-pryluka-novaya-priluka-stara-pryluka-stara-priluka-vinnytsia-ukraine,Nova Pryluka (Novaya Priluka)/Stara Pryluka (Stara Priluka),Ukraine,49.224369,28.426130,,0,2,http://www.yahadmap.org/en/nova-pryluka-novaya-priluka-stara-pryluka-stara-priluka-vinnytsia-ukraine/village-1762
1763,kalynivka-vinnytsia-kalinovka-vinnytsia-ukraine,Kalynivka (Vinnytsia)/Kalinovka,Ukraine,49.274059,28.304079,,0,1,http://www.yahadmap.org/en/kalynivka-vinnytsia-kalinovka-vinnytsia-ukraine/village-1763
1763,kalynivka-vinnytsia-kalinovka-vinnytsia-ukraine,Kalynivka (Vinnytsia)/Kalinovka,Ukraine,49.273048,28.303240,,0,1,http://www.yahadmap.org/en/kalynivka-vinnytsia-kalinovka-vinnytsia-ukraine/village-1763
1764,orativ-oratov-vinnytsia-ukraine,Orativ (Oratov),Ukraine,49.107128,29.329840,,0,1,http://www.yahadmap.org/en/orativ-oratov-vinnytsia-ukraine/village-1764
1766,koziatyn-kozyatyn-vinnytsia-ukraine,Koziatyn (Kozyatyn),Ukraine,49.419338,28.506809,,0,1,http://www.yahadmap.org/en/koziatyn-kozyatyn-vinnytsia-ukraine/village-1766
1766,koziatyn-kozyatyn-vinnytsia-ukraine,Koziatyn (Kozyatyn),Ukraine,49.419380,28.506701,,0,1,http://www.yahadmap.org/en/koziatyn-kozyatyn-vinnytsia-ukraine/village-1766
1767,sukhinichi-kaluga-russia,Sukhinichi,Russia,54.056419,35.203930,,0,1,http://www.yahadmap.org/en/sukhinichi-kaluga-russia/village-1767
1768,kaluga-kaluga-russia,Kaluga,Russia,54.301102,36.152199,,0,1,http://www.yahadmap.org/en/kaluga-kaluga-russia/village-1768
1769,pecherskaya-buda-zakharino-smolensk-russia,Pecherskaya Buda (Zakharino),Russia,54.070042,32.183399,,0,1,http://www.yahadmap.org/en/pecherskaya-buda-zakharino-smolensk-russia/village-1769
1770,kadino-smolensk-russia,Kadino,Russia,54.182320,31.283461,,0,1,http://www.yahadmap.org/en/kadino-smolensk-russia/village-1770
1770,kadino-smolensk-russia,Kadino,Russia,54.183929,31.279751,,0,1,http://www.yahadmap.org/en/kadino-smolensk-russia/village-1770
1771,petrovichi-smolensk-russia,Petrovichi,Russia,53.581600,32.092499,,0,1,http://www.yahadmap.org/en/petrovichi-smolensk-russia/village-1771
1772,shumyachi-shumiachi-smolensk-russia,Shumyachi (Shumiachi),Russia,53.504978,32.258572,,0,1,http://www.yahadmap.org/en/shumyachi-shumiachi-smolensk-russia/village-1772
1772,shumyachi-shumiachi-smolensk-russia,Shumyachi (Shumiachi),Russia,53.505348,32.258228,,0,1,http://www.yahadmap.org/en/shumyachi-shumiachi-smolensk-russia/village-1772
1773,pervomaiskiy-faninskaya-guta-smolensk-russia,Pervomaiskiy (Faninskaya Guta),Russia,54.035648,32.273720,,0,1,http://www.yahadmap.org/en/pervomaiskiy-faninskaya-guta-smolensk-russia/village-1773
1773,pervomaiskiy-faninskaya-guta-smolensk-russia,Pervomaiskiy (Faninskaya Guta),Russia,54.037750,32.283031,,0,1,http://www.yahadmap.org/en/pervomaiskiy-faninskaya-guta-smolensk-russia/village-1773
1773,pervomaiskiy-faninskaya-guta-smolensk-russia,Pervomaiskiy (Faninskaya Guta),Russia,54.033539,32.284359,,0,1,http://www.yahadmap.org/en/pervomaiskiy-faninskaya-guta-smolensk-russia/village-1773
1774,dorogobuzh-smolensk-russia,Dorogobuzh,Russia,54.559940,33.181240,,0,1,http://www.yahadmap.org/en/dorogobuzh-smolensk-russia/village-1774
1774,dorogobuzh-smolensk-russia,Dorogobuzh,Russia,54.546959,33.179298,,0,1,http://www.yahadmap.org/en/dorogobuzh-smolensk-russia/village-1774
1775,lohoisk-lahoysk-logoisk-minsk-belarus,"Lohoisk (Lahoysk, Logoisk)",Belarus,54.125519,27.492491,,0,2,http://www.yahadmap.org/en/lohoisk-lahoysk-logoisk-minsk-belarus/village-1775
1776,pleshchenitsy-minsk-belarus,Pleshchenitsy,Belarus,54.254620,27.493179,,0,1,http://www.yahadmap.org/en/pleshchenitsy-minsk-belarus/village-1776
1777,molodechno-maladzyechna-minsk-belarus,Molodechno (Maladzyechna),Belarus,54.203388,26.518379,,0,2,http://www.yahadmap.org/en/molodechno-maladzyechna-minsk-belarus/village-1777
1778,zembin-minsk-belarus,Zembin,Belarus,54.221500,28.140720,,0,2,http://www.yahadmap.org/en/zembin-minsk-belarus/village-1778
1779,ochizha-achizha-minsk-belarus,Ochizha (Achizha),Belarus,53.365231,28.302090,,0,1,http://www.yahadmap.org/en/ochizha-achizha-minsk-belarus/village-1779
1780,ukhvala-minsk-belarus,Ukhvala,Belarus,54.067940,29.134020,,0,1,http://www.yahadmap.org/en/ukhvala-minsk-belarus/village-1780
1781,borisov-barysaw-minsk-belarus,Borisov (Barysaw),Belarus,54.163589,28.291910,,0,2,http://www.yahadmap.org/en/borisov-barysaw-minsk-belarus/village-1781
1782,kholopenichi-khalopenichi-cholopenitch-minsk-belarus,"Kholopenichi (Khalopenichi, Cholopenitch)",Belarus,54.321751,28.582710,,0,2,http://www.yahadmap.org/en/kholopenichi-khalopenichi-cholopenitch-minsk-belarus/village-1782
1783,plitchenka-minsk-belarus,Plitchenka,Belarus,54.268269,28.350479,,0,1,http://www.yahadmap.org/en/plitchenka-minsk-belarus/village-1783
1784,krasnoluki-vitebsk-belarus,Krasnoluki,Belarus,54.372829,28.513880,,0,1,http://www.yahadmap.org/en/krasnoluki-vitebsk-belarus/village-1784
1785,chereya-czereja-vitebsk-belarus,Chereya (Czereja),Belarus,54.365898,29.157810,,0,1,http://www.yahadmap.org/en/chereya-czereja-vitebsk-belarus/village-1785
1785,chereya-czereja-vitebsk-belarus,Chereya (Czereja),Belarus,54.366150,29.177290,,0,1,http://www.yahadmap.org/en/chereya-czereja-vitebsk-belarus/village-1785
1786,begoml-biahoml-vitebsk-belarus,Begoml (Biahoml),Belarus,54.437210,28.039650,,0,1,http://www.yahadmap.org/en/begoml-biahoml-vitebsk-belarus/village-1786
1787,kalevi-liiva-harju-estonia,Kalevi – Liiva,Estonia,59.288139,25.150030,,0,2,http://www.yahadmap.org/en/kalevi-liiva-harju-estonia/village-1787
1788,tallinn-harju-estonia,Tallinn,Estonia,59.283192,24.520720,,0,2,http://www.yahadmap.org/en/tallinn-harju-estonia/village-1788
1788,tallinn-harju-estonia,Tallinn,Estonia,59.226021,24.448629,,0,1,http://www.yahadmap.org/en/tallinn-harju-estonia/village-1788
1788,tallinn-harju-estonia,Tallinn,Estonia,59.222160,24.440960,,0,1,http://www.yahadmap.org/en/tallinn-harju-estonia/village-1788
1789,klooga-harju-estonia,Klooga,Estonia,59.197330,24.130739,,0,2,http://www.yahadmap.org/en/klooga-harju-estonia/village-1789
1790,vai-ode-vainoden-kurzeme-latvia,Vaiņode (Vainoden),Latvia,56.246880,21.544880,,0,1,http://www.yahadmap.org/en/vai-ode-vainoden-kurzeme-latvia/village-1790
1791,scaron-de-skede-kurzeme-latvia,Šķēde (Skede),Latvia,56.359661,21.013411,,0,2,http://www.yahadmap.org/en/scaron-de-skede-kurzeme-latvia/village-1791
1792,skrunda-schrunden-kurzeme-latvia,Skrunda (Schrunden),Latvia,56.379768,22.034300,,0,1,http://www.yahadmap.org/en/skrunda-schrunden-kurzeme-latvia/village-1792
1793,grobi-a-kurzeme-latvia,Grobiņa,Latvia,56.333260,21.090860,,0,1,http://www.yahadmap.org/en/grobi-a-kurzeme-latvia/village-1793
1794,p-vilosta-paulshafen-kurzeme-latvia,Pāvilosta (Paulshafen),Latvia,56.498138,21.129950,,0,1,http://www.yahadmap.org/en/p-vilosta-paulshafen-kurzeme-latvia/village-1794
1795,liep-ja-liepaja-libau-libava-kurzeme-latvia,"Liepāja (Liepaja, Libau, Libava)",Latvia,56.296082,21.004681,,0,2,http://www.yahadmap.org/en/liep-ja-liepaja-libau-libava-kurzeme-latvia/village-1795
1796,aizpute-hasenpoth-kurzeme-latvia,Aizpute (Hasenpoth),Latvia,56.445332,21.346849,,0,1,http://www.yahadmap.org/en/aizpute-hasenpoth-kurzeme-latvia/village-1796
1796,aizpute-hasenpoth-kurzeme-latvia,Aizpute (Hasenpoth),Latvia,56.412331,21.380180,,0,1,http://www.yahadmap.org/en/aizpute-hasenpoth-kurzeme-latvia/village-1796
1797,kuld-ga-goldingen-kurzeme-latvia,Kuldīga (Goldingen),Latvia,56.579159,21.584770,,0,1,http://www.yahadmap.org/en/kuld-ga-goldingen-kurzeme-latvia/village-1797
384,domachevo-dama-ava-domaczewo-damachava-brest-belarus,Domachevo (Damačava; Domaczewo; Damachava),Belarus,51.444775,23.362631,,0,1,http://www.yahadmap.org/en/domachevo-dama-ava-domaczewo-damachava-brest-belarus/village-384
384,domachevo-dama-ava-domaczewo-damachava-brest-belarus,Domachevo (Damačava; Domaczewo; Damachava),Belarus,51.448090,23.361879,,0,1,http://www.yahadmap.org/en/domachevo-dama-ava-domaczewo-damachava-brest-belarus/village-384
1798,pavlivka-pavlovka-pavlovca-vinnytsia-ukraine,"Pavlivka (Pavlovka, Pavlovca)",Ukraine,48.197128,29.042150,,0,1,http://www.yahadmap.org/en/pavlivka-pavlovka-pavlovca-vinnytsia-ukraine/village-1798
1799,torkanivka-torkanovka-torcanovca-vinnytsia-ukraine,"Torkanivka (Torkanovka, Torcanovca)",Ukraine,48.192810,29.072371,,0,1,http://www.yahadmap.org/en/torkanivka-torkanovka-torcanovca-vinnytsia-ukraine/village-1799
1799,torkanivka-torkanovka-torcanovca-vinnytsia-ukraine,"Torkanivka (Torkanovka, Torcanovca)",Ukraine,48.192268,29.088739,,0,1,http://www.yahadmap.org/en/torkanivka-torkanovka-torcanovca-vinnytsia-ukraine/village-1799
1799,torkanivka-torkanovka-torcanovca-vinnytsia-ukraine,"Torkanivka (Torkanovka, Torcanovca)",Ukraine,48.196308,29.097441,,0,1,http://www.yahadmap.org/en/torkanivka-torkanovka-torcanovca-vinnytsia-ukraine/village-1799
1799,torkanivka-torkanovka-torcanovca-vinnytsia-ukraine,"Torkanivka (Torkanovka, Torcanovca)",Ukraine,48.197571,29.084270,,0,1,http://www.yahadmap.org/en/torkanivka-torkanovka-torcanovca-vinnytsia-ukraine/village-1799
1800,mala-stratiivka-vinnytsia-ukraine,Mala Stratiivka,Ukraine,48.253441,29.098000,,0,1,http://www.yahadmap.org/en/mala-stratiivka-vinnytsia-ukraine/village-1800
1801,obodivka-obodovka-vinnytsia-ukraine,Obodivka (Obodovka),Ukraine,48.249531,29.160660,,0,1,http://www.yahadmap.org/en/obodivka-obodovka-vinnytsia-ukraine/village-1801
1802,byrlivka-byrlovka-byrlovca-vinnytsia-ukraine,"Byrlivka (Byrlovka, Byrlovca)",Ukraine,48.221249,29.281820,,0,1,http://www.yahadmap.org/en/byrlivka-byrlovka-byrlovca-vinnytsia-ukraine/village-1802
1803,pyatkivka-piatkivka-vinnytsia-ukraine,Pyatkivka (Piatkivka),Ukraine,48.185921,29.232651,,0,1,http://www.yahadmap.org/en/pyatkivka-piatkivka-vinnytsia-ukraine/village-1803
1803,pyatkivka-piatkivka-vinnytsia-ukraine,Pyatkivka (Piatkivka),Ukraine,48.195049,29.217720,,0,1,http://www.yahadmap.org/en/pyatkivka-piatkivka-vinnytsia-ukraine/village-1803
1803,pyatkivka-piatkivka-vinnytsia-ukraine,Pyatkivka (Piatkivka),Ukraine,48.193821,29.251221,,0,1,http://www.yahadmap.org/en/pyatkivka-piatkivka-vinnytsia-ukraine/village-1803
1804,katashyn-vinnytsia-ukraine,Katashyn,Ukraine,48.194618,29.171761,,0,2,http://www.yahadmap.org/en/katashyn-vinnytsia-ukraine/village-1804
1805,demydivka-demidovka-vinnytsia-vinnytsia-ukraine,Demydivka (Demidovka)/Vinnytsia,Ukraine,48.272961,29.183910,,0,1,http://www.yahadmap.org/en/demydivka-demidovka-vinnytsia-vinnytsia-ukraine/village-1805
1805,demydivka-demidovka-vinnytsia-vinnytsia-ukraine,Demydivka (Demidovka)/Vinnytsia,Ukraine,48.294991,29.162371,,0,1,http://www.yahadmap.org/en/demydivka-demidovka-vinnytsia-vinnytsia-ukraine/village-1805
1806,dubyna-vinnytsia-ukraine,Dubyna,Ukraine,48.268749,29.167030,,0,1,http://www.yahadmap.org/en/dubyna-vinnytsia-ukraine/village-1806
1807,berezhanka-vinnytsia-ukraine,Berezhanka,Ukraine,48.231178,29.103630,,0,1,http://www.yahadmap.org/en/berezhanka-vinnytsia-ukraine/village-1807
1807,berezhanka-vinnytsia-ukraine,Berezhanka,Ukraine,48.238499,29.110670,,0,1,http://www.yahadmap.org/en/berezhanka-vinnytsia-ukraine/village-1807
1808,kryzhopil-kryzhopol-vinnytsia-ukraine,Kryzhopil (Kryzhopol),Ukraine,48.233139,28.518490,,0,1,http://www.yahadmap.org/en/kryzhopil-kryzhopol-vinnytsia-ukraine/village-1808
1809,chetvertynivka-chetvertinovka-vinnytsia-ukraine,Chetvertynivka (Chetvertinovka),Ukraine,48.347019,29.172100,,0,1,http://www.yahadmap.org/en/chetvertynivka-chetvertinovka-vinnytsia-ukraine/village-1809
1810,ladyzhyn-ladizhin-vinnytsia-ukraine,Ladyzhyn (Ladizhin),Ukraine,48.419998,29.150749,,0,1,http://www.yahadmap.org/en/ladyzhyn-ladizhin-vinnytsia-ukraine/village-1810
1811,terlytsia-terlitsa-terlica-terlitza-cherkasy-ukraine,"Terlytsia (Terlitsa, Terlica,Terlitza)",Ukraine,48.558701,29.411949,,0,1,http://www.yahadmap.org/en/terlytsia-terlitsa-terlica-terlitza-cherkasy-ukraine/village-1811
1812,brodetske-brodetskoye-cherkasy-ukraine,Brodetske  (Brodetskoye),Ukraine,48.522598,30.599960,,0,1,http://www.yahadmap.org/en/brodetske-brodetskoye-cherkasy-ukraine/village-1812
1812,brodetske-brodetskoye-cherkasy-ukraine,Brodetske  (Brodetskoye),Ukraine,48.519428,30.597050,,0,1,http://www.yahadmap.org/en/brodetske-brodetskoye-cherkasy-ukraine/village-1812
1813,shestakove-shoctakove-cherkasy-ukraine,Shestakove (Shoctakove),Ukraine,48.538181,30.589140,,0,1,http://www.yahadmap.org/en/shestakove-shoctakove-cherkasy-ukraine/village-1813
1814,bahva-bagva-cherkasy-ukraine,Bahva (Bagva),Ukraine,49.080650,30.294060,,0,1,http://www.yahadmap.org/en/bahva-bagva-cherkasy-ukraine/village-1814
1815,monastyryshche-monastyrishche-monistrich-cherkasy-ukraine,"Monastyryshche (Monastyrishche, Monistrich)",Ukraine,48.599739,29.476660,,0,1,http://www.yahadmap.org/en/monastyryshche-monastyrishche-monistrich-cherkasy-ukraine/village-1815
1815,monastyryshche-monastyrishche-monistrich-cherkasy-ukraine,"Monastyryshche (Monastyrishche, Monistrich)",Ukraine,49.003231,29.473261,,0,2,http://www.yahadmap.org/en/monastyryshche-monastyrishche-monistrich-cherkasy-ukraine/village-1815
1816,buky-buki-cherkasy-ukraine,Buky (Buki),Ukraine,49.053242,30.240770,,0,1,http://www.yahadmap.org/en/buky-buki-cherkasy-ukraine/village-1816
1816,buky-buki-cherkasy-ukraine,Buky (Buki),Ukraine,49.057949,30.246950,,0,1,http://www.yahadmap.org/en/buky-buki-cherkasy-ukraine/village-1816
1816,buky-buki-cherkasy-ukraine,Buky (Buki),Ukraine,49.048889,30.245390,,0,1,http://www.yahadmap.org/en/buky-buki-cherkasy-ukraine/village-1816
1817,tarnow-tarnow-lesser-poland-voivodship-poland,Tarnów (Tarnow),Poland,50.010681,20.594061,,0,1,http://www.yahadmap.org/en/tarnow-tarnow-lesser-poland-voivodship-poland/village-1817
461,sloboda-vitebsk-belarus,Sloboda,Belarus,55.093449,29.094030,,0,1,http://www.yahadmap.org/en/sloboda-vitebsk-belarus/village-461
1818,borkovichy-borkavicy-vitebsk-belarus,Borkovichy (Borkavicy),Belarus,55.386822,28.190840,,0,1,http://www.yahadmap.org/en/borkovichy-borkavicy-vitebsk-belarus/village-1818
1819,stayki-vitebsk-belarus,Stayki,Belarus,54.409939,30.185680,,0,1,http://www.yahadmap.org/en/stayki-vitebsk-belarus/village-1819
1820,bogushevsk-bahouchewsk-vitebsk-belarus,Bogushevsk (Bahouchewsk),Belarus,54.504311,30.127211,,0,1,http://www.yahadmap.org/en/bogushevsk-bahouchewsk-vitebsk-belarus/village-1820
1821,dubrovno-doubrowna-vitebsk-belarus,Dubrovno (Doubrowna),Belarus,54.347088,30.395910,,0,2,http://www.yahadmap.org/en/dubrovno-doubrowna-vitebsk-belarus/village-1821
1822,sudilovichi-sudziloviche-vitebsk-belarus,Sudilovichi (Sudziloviche),Belarus,54.418789,30.442551,2019,0,1,http://www.yahadmap.org/en/sudilovichi-sudziloviche-vitebsk-belarus/village-1822
1823,osintorf-asintorf-vitebsk-belarus,Osintorf (Asintorf),Belarus,54.428040,30.397980,,0,1,http://www.yahadmap.org/en/osintorf-asintorf-vitebsk-belarus/village-1823
1824,bayevo-baievo-vitebsk-belarus,Bayevo (Baievo),Belarus,54.295090,31.062790,,0,1,http://www.yahadmap.org/en/bayevo-baievo-vitebsk-belarus/village-1824
1825,orsha-vitebsk-belarus,Orsha,Belarus,54.312382,30.246161,,0,2,http://www.yahadmap.org/en/orsha-vitebsk-belarus/village-1825
1825,orsha-vitebsk-belarus,Orsha,Belarus,54.312222,30.249180,,0,2,http://www.yahadmap.org/en/orsha-vitebsk-belarus/village-1825
1826,kokovchino-kakovchino-vitebsk-belarus,Kokovchino (Kakovchino),Belarus,54.412151,30.048981,,0,1,http://www.yahadmap.org/en/kokovchino-kakovchino-vitebsk-belarus/village-1826
1827,kopys-vitebsk-belarus,Kopys,Belarus,54.182468,30.166370,,0,1,http://www.yahadmap.org/en/kopys-vitebsk-belarus/village-1827
1828,bobynichi-babynichi-vitebsk-belarus,Bobynichi (Babynichi),Belarus,55.175079,28.249319,,0,1,http://www.yahadmap.org/en/bobynichi-babynichi-vitebsk-belarus/village-1828
1829,parafyanovo-parafjanava-parafianov-vitebsk-belarus,"Parafyanovo (Parafjanava, Parafianov)",Belarus,54.525768,27.358500,,0,1,http://www.yahadmap.org/en/parafyanovo-parafjanava-parafianov-vitebsk-belarus/village-1829
1830,krivelovo-former-pizovo-vitebsk-belarus,Krivelovo (Former Pizovo),Belarus,55.504780,29.140070,,0,1,http://www.yahadmap.org/en/krivelovo-former-pizovo-vitebsk-belarus/village-1830
99,ivano-frankivsk-stanis-awow-stanislav-ivano-frankivsk-ukraine,"Ivano-Frankivsk (Stanisławów, Stanislav)",Ukraine,0.000000,0.000000,,0,1,http://www.yahadmap.org/en/ivano-frankivsk-stanis-awow-stanislav-ivano-frankivsk-ukraine/village-99
,,Pilica,Poland,50.282990,19.398090,,1,1,
,,Koniecpol,Poland,50.463112,19.402889,,1,1,
,,Przyrów,Poland,50.476509,19.314819,,1,1,
,,Chorzenice,Poland,50.543121,19.164600,,1,1,
,,Parzymiechy,Poland,51.035412,18.462370,,1,1,
1837,k-obuck-silesian-voivodeship-poland,Kłobuck,Poland,50.542431,18.567430,,0,1,http://www.yahadmap.org/en/k-obuck-silesian-voivodeship-poland/village-1837
1838,krasnopil-former-kalendovo-mykolaiv-ukraine,Krasnopil (former Kalendovo),Ukraine,47.452801,30.252600,,0,1,http://www.yahadmap.org/en/krasnopil-former-kalendovo-mykolaiv-ukraine/village-1838
1839,zymnytske-zymnitskoye-mykolaiv-ukraine,Zymnytske (Zymnitskoye),Ukraine,47.438171,30.278259,,0,1,http://www.yahadmap.org/en/zymnytske-zymnitskoye-mykolaiv-ukraine/village-1839
1839,zymnytske-zymnitskoye-mykolaiv-ukraine,Zymnytske (Zymnitskoye),Ukraine,47.431850,30.286570,,0,1,http://www.yahadmap.org/en/zymnytske-zymnitskoye-mykolaiv-ukraine/village-1839
1841,chausove-mykolaiv-ukraine,Chausove,Ukraine,48.045109,30.426149,,0,1,http://www.yahadmap.org/en/chausove-mykolaiv-ukraine/village-1841
1842,kryve-ozero-krivoye-ozero-crivoe-ozero-former-jewish-agricultural-colony-mykolaiv-ukraine,"Kryve Ozero (Krivoye Ozero, Crivoe Ozero)/Former Jewish agricultural colony",Ukraine,47.556450,30.210199,,0,1,http://www.yahadmap.org/en/kryve-ozero-krivoye-ozero-crivoe-ozero-former-jewish-agricultural-colony-mykolaiv-ukraine/village-1842
1843,lysa-hora-lysaya-gora-mykolaiv-ukraine,Lysa Hora (Lysaya Gora),Ukraine,48.108620,31.048460,,0,1,http://www.yahadmap.org/en/lysa-hora-lysaya-gora-mykolaiv-ukraine/village-1843
1844,voznesensk-wosnessensk-mykolaiv-ukraine,Voznesensk (Wosnessensk),Ukraine,47.346630,31.165871,,0,1,http://www.yahadmap.org/en/voznesensk-wosnessensk-mykolaiv-ukraine/village-1844
1845,kryvoruchka-krivoruchka-mykolaiv-ukraine,Kryvoruchka (Krivoruchka),Ukraine,47.315800,31.109631,,0,2,http://www.yahadmap.org/en/kryvoruchka-krivoruchka-mykolaiv-ukraine/village-1845
1846,petrivka-petrovka-mykolaiv-ukraine,Petrivka (Petrovka),Ukraine,47.202888,31.195076,,0,1,http://www.yahadmap.org/en/petrivka-petrovka-mykolaiv-ukraine/village-1846
1847,bratske-bratskoye-mykolaiv-ukraine,Bratske (Bratskoye),Ukraine,47.507050,31.341070,,0,1,http://www.yahadmap.org/en/bratske-bratskoye-mykolaiv-ukraine/village-1847
1848,romanivka-romanovka-mykolaiv-ukraine,Romanivka (Romanovka),Ukraine,47.264629,32.568970,,0,2,http://www.yahadmap.org/en/romanivka-romanovka-mykolaiv-ukraine/village-1848
1849,bereznehuvate-bereznegovatoye-nagartav-former-jewish-colony-mykolaiv-ukraine,Bereznehuvate (Bereznegovatoye)/Nagartav (Former Jewish colony),Ukraine,47.186630,32.502338,,0,1,http://www.yahadmap.org/en/bereznehuvate-bereznegovatoye-nagartav-former-jewish-colony-mykolaiv-ukraine/village-1849
1849,bereznehuvate-bereznegovatoye-nagartav-former-jewish-colony-mykolaiv-ukraine,Bereznehuvate (Bereznegovatoye)/Nagartav (Former Jewish colony),Ukraine,47.183578,32.496269,,0,1,http://www.yahadmap.org/en/bereznehuvate-bereznegovatoye-nagartav-former-jewish-colony-mykolaiv-ukraine/village-1849
1849,bereznehuvate-bereznegovatoye-nagartav-former-jewish-colony-mykolaiv-ukraine,Bereznehuvate (Bereznegovatoye)/Nagartav (Former Jewish colony),Ukraine,47.190559,32.516621,,0,1,http://www.yahadmap.org/en/bereznehuvate-bereznegovatoye-nagartav-former-jewish-colony-mykolaiv-ukraine/village-1849
1850,ochakiv-ochakov-otchakov-oczakow-oceakov-mykolaiv-ukraine,"Ochakiv (Ochakov, Otchakov, Oczaków, Oceakov)",Ukraine,46.379978,31.318420,,0,1,http://www.yahadmap.org/en/ochakiv-ochakov-otchakov-oczakow-oceakov-mykolaiv-ukraine/village-1850
1850,ochakiv-ochakov-otchakov-oczakow-oceakov-mykolaiv-ukraine,"Ochakiv (Ochakov, Otchakov, Oczaków, Oceakov)",Ukraine,46.373981,31.322809,,0,1,http://www.yahadmap.org/en/ochakiv-ochakov-otchakov-oczakow-oceakov-mykolaiv-ukraine/village-1850
1851,slavuta-slovita-slawuta-khmelnytsky-ukraine,"Slavuta (Slovita, Slawuta)",Ukraine,50.165611,26.523470,,0,2,http://www.yahadmap.org/en/slavuta-slovita-slawuta-khmelnytsky-ukraine/village-1851
186,mykolaiv-mykolaiv-nikolaev-mykolaiv-ukraine,"Mykolaïv (Mykolaiv, Nikolaev)",Ukraine,47.018349,32.092091,,0,3,http://www.yahadmap.org/en/mykolaiv-mykolaiv-nikolaev-mykolaiv-ukraine/village-186
186,mykolaiv-mykolaiv-nikolaev-mykolaiv-ukraine,"Mykolaïv (Mykolaiv, Nikolaev)",Ukraine,47.016602,32.094681,,0,3,http://www.yahadmap.org/en/mykolaiv-mykolaiv-nikolaev-mykolaiv-ukraine/village-186
186,mykolaiv-mykolaiv-nikolaev-mykolaiv-ukraine,"Mykolaïv (Mykolaiv, Nikolaev)",Ukraine,47.016449,32.095032,,0,3,http://www.yahadmap.org/en/mykolaiv-mykolaiv-nikolaev-mykolaiv-ukraine/village-186
186,mykolaiv-mykolaiv-nikolaev-mykolaiv-ukraine,"Mykolaïv (Mykolaiv, Nikolaev)",Ukraine,47.015629,32.095619,,0,1,http://www.yahadmap.org/en/mykolaiv-mykolaiv-nikolaev-mykolaiv-ukraine/village-186
1579,sekretarka-mala-bahachivka-mykolaiv-ukraine,Sekretarka (Mala Bahachivka),Ukraine,47.599442,30.306360,,0,1,http://www.yahadmap.org/en/sekretarka-mala-bahachivka-mykolaiv-ukraine/village-1579
1853,teplyk-vinnytsia-ukraine,Teplyk,Ukraine,48.393379,29.439159,,0,2,http://www.yahadmap.org/en/teplyk-vinnytsia-ukraine/village-1853
1854,osiivka-osiyivka-osiyevka-vinnytsia-ukraine,"Osiivka (Osiyivka, Osiyevka)",Ukraine,48.185329,29.452570,,0,1,http://www.yahadmap.org/en/osiivka-osiyivka-osiyevka-vinnytsia-ukraine/village-1854
1854,osiivka-osiyivka-osiyevka-vinnytsia-ukraine,"Osiivka (Osiyivka, Osiyevka)",Ukraine,48.203381,29.446030,,0,1,http://www.yahadmap.org/en/osiivka-osiyivka-osiyevka-vinnytsia-ukraine/village-1854
236,potashnya-potashnia-vinnytsia-ukraine,Potashnya (Potashnia),Ukraine,48.187531,29.377689,,0,2,http://www.yahadmap.org/en/potashnya-potashnia-vinnytsia-ukraine/village-236
1855,bondurivka-bondurovka-vinnytsia-ukraine,Bondurivka (Bondurovka),Ukraine,48.189388,29.134701,,0,1,http://www.yahadmap.org/en/bondurivka-bondurovka-vinnytsia-ukraine/village-1855
1856,zhabokrych-zhabokrich-vinnytsia-ukraine,Zhabokrych (Zhabokrich),Ukraine,48.229340,28.599291,,0,1,http://www.yahadmap.org/en/zhabokrych-zhabokrich-vinnytsia-ukraine/village-1856
1856,zhabokrych-zhabokrich-vinnytsia-ukraine,Zhabokrych (Zhabokrich),Ukraine,48.229931,28.599939,,0,1,http://www.yahadmap.org/en/zhabokrych-zhabokrich-vinnytsia-ukraine/village-1856
1856,zhabokrych-zhabokrich-vinnytsia-ukraine,Zhabokrych (Zhabokrich),Ukraine,48.228779,29.001400,,0,1,http://www.yahadmap.org/en/zhabokrych-zhabokrich-vinnytsia-ukraine/village-1856
1857,pishchanka-peshchanka-vinnytsia-ukraine,Pishchanka (Peshchanka),Ukraine,48.119240,28.511990,,0,1,http://www.yahadmap.org/en/pishchanka-peshchanka-vinnytsia-ukraine/village-1857
1858,mankivka-mankovka-mancovca-vinnytsia-ukraine,"Mankivka (Mankovka, Mancovca)",Ukraine,48.291901,29.388269,,0,2,http://www.yahadmap.org/en/mankivka-mankovka-mancovca-vinnytsia-ukraine/village-1858
1859,labun-novolabun-khmelnytsky-ukraine,Labun (Novolabun),Ukraine,50.005501,27.223129,,0,1,http://www.yahadmap.org/en/labun-novolabun-khmelnytsky-ukraine/village-1859
1859,labun-novolabun-khmelnytsky-ukraine,Labun (Novolabun),Ukraine,49.591942,27.226080,,0,1,http://www.yahadmap.org/en/labun-novolabun-khmelnytsky-ukraine/village-1859
1859,labun-novolabun-khmelnytsky-ukraine,Labun (Novolabun),Ukraine,50.011341,27.256639,,0,1,http://www.yahadmap.org/en/labun-novolabun-khmelnytsky-ukraine/village-1859
1860,berezdiv-berezdov-khmelnytskyi-ukraine,Berezdiv (Berezdov),Ukraine,50.272461,27.073740,,0,1,http://www.yahadmap.org/en/berezdiv-berezdov-khmelnytskyi-ukraine/village-1860
1861,krasnostav-khmelnytskyi-ukraine,Krasnostav,Ukraine,50.226761,27.105650,,0,2,http://www.yahadmap.org/en/krasnostav-khmelnytskyi-ukraine/village-1861
1862,kuniv-kunev-kunyev-kuniow-khmelnytskyi-ukraine,"Kuniv (Kunev, Kunyev, Kuniow)",Ukraine,50.138802,26.219940,,0,1,http://www.yahadmap.org/en/kuniv-kunev-kunyev-kuniow-khmelnytskyi-ukraine/village-1862
1863,bilohirya-former-lyakhovtsy-liakhivtsi-khmelnytskyi-ukraine,"Bilohirya (former Lyakhovtsy, Liakhivtsi)",Ukraine,50.019039,26.260660,,0,2,http://www.yahadmap.org/en/bilohirya-former-lyakhovtsy-liakhivtsi-khmelnytskyi-ukraine/village-1863
1863,bilohirya-former-lyakhovtsy-liakhivtsi-khmelnytskyi-ukraine,"Bilohirya (former Lyakhovtsy, Liakhivtsi)",Ukraine,49.595821,26.253691,,0,1,http://www.yahadmap.org/en/bilohirya-former-lyakhovtsy-liakhivtsi-khmelnytskyi-ukraine/village-1863
1863,bilohirya-former-lyakhovtsy-liakhivtsi-khmelnytskyi-ukraine,"Bilohirya (former Lyakhovtsy, Liakhivtsi)",Ukraine,50.022240,26.240271,,0,1,http://www.yahadmap.org/en/bilohirya-former-lyakhovtsy-liakhivtsi-khmelnytskyi-ukraine/village-1863
616,dereneu-c-l-rasi-moldova,Dereneu,Moldova,47.241039,28.159519,,0,1,http://www.yahadmap.org/en/dereneu-c-l-rasi-moldova/village-616
1864,vinnytsia-vinnitsa-vinnytsia-ukraine,Vinnytsia (Vinnitsa),Ukraine,49.143681,28.258381,,0,3,http://www.yahadmap.org/en/vinnytsia-vinnitsa-vinnytsia-ukraine/village-1864
1864,vinnytsia-vinnitsa-vinnytsia-ukraine,Vinnytsia (Vinnitsa),Ukraine,49.125889,28.266041,,0,3,http://www.yahadmap.org/en/vinnytsia-vinnitsa-vinnytsia-ukraine/village-1864
1864,vinnytsia-vinnitsa-vinnytsia-ukraine,Vinnytsia (Vinnitsa),Ukraine,49.144661,28.258520,,0,3,http://www.yahadmap.org/en/vinnytsia-vinnitsa-vinnytsia-ukraine/village-1864
1762,nova-pryluka-novaya-priluka-stara-pryluka-stara-priluka-vinnytsia-ukraine,Nova Pryluka (Novaya Priluka)/Stara Pryluka (Stara Priluka),Ukraine,49.230000,28.436069,,0,1,http://www.yahadmap.org/en/nova-pryluka-novaya-priluka-stara-pryluka-stara-priluka-vinnytsia-ukraine/village-1762
1865,pykiv-pikov-vinnytsia-ukraine,Pykiv (Pikov),Ukraine,49.333469,28.166889,,0,1,http://www.yahadmap.org/en/pykiv-pikov-vinnytsia-ukraine/village-1865
1866,talne-talna-talnoe-cherkasy-ukraine,"Talne (Talna, Talnoe)",Ukraine,48.532059,30.423780,,0,1,http://www.yahadmap.org/en/talne-talna-talnoe-cherkasy-ukraine/village-1866
1866,talne-talna-talnoe-cherkasy-ukraine,"Talne (Talna, Talnoe)",Ukraine,48.528419,30.433210,,0,1,http://www.yahadmap.org/en/talne-talna-talnoe-cherkasy-ukraine/village-1866
1866,talne-talna-talnoe-cherkasy-ukraine,"Talne (Talna, Talnoe)",Ukraine,48.519451,30.394119,,0,1,http://www.yahadmap.org/en/talne-talna-talnoe-cherkasy-ukraine/village-1866
1867,nemorozh-nyemorozh-cherkasy-ukraine,Nemorozh (Nyemorozh),Ukraine,49.072750,30.557190,,0,1,http://www.yahadmap.org/en/nemorozh-nyemorozh-cherkasy-ukraine/village-1867
1868,smilchyntsi-smilchinsti-cherkasy-ukraine,Smilchyntsi (Smilchinsti),Ukraine,49.093639,30.541870,,0,1,http://www.yahadmap.org/en/smilchyntsi-smilchinsti-cherkasy-ukraine/village-1868
1868,smilchyntsi-smilchinsti-cherkasy-ukraine,Smilchyntsi (Smilchinsti),Ukraine,49.104279,30.511709,,0,2,http://www.yahadmap.org/en/smilchyntsi-smilchinsti-cherkasy-ukraine/village-1868
1869,vilshana-olshana-cherkasy-ukraine,Vilshana (Olshana),Ukraine,49.134239,31.141090,2020,0,1,http://www.yahadmap.org/en/vilshana-olshana-cherkasy-ukraine/village-1869
1870,yerky-yerki-cherkasy-ukraine,Yerky ( Yerki),Ukraine,48.588051,30.594650,,0,1,http://www.yahadmap.org/en/yerky-yerki-cherkasy-ukraine/village-1870
1871,zvenyhorodka-zvenigorodka-cherkasy-ukraine,Zvenyhorodka (Zvenigorodka),Ukraine,49.055649,31.017071,,0,1,http://www.yahadmap.org/en/zvenyhorodka-zvenigorodka-cherkasy-ukraine/village-1871
1871,zvenyhorodka-zvenigorodka-cherkasy-ukraine,Zvenyhorodka (Zvenigorodka),Ukraine,49.055870,31.018181,,0,1,http://www.yahadmap.org/en/zvenyhorodka-zvenigorodka-cherkasy-ukraine/village-1871
1871,zvenyhorodka-zvenigorodka-cherkasy-ukraine,Zvenyhorodka (Zvenigorodka),Ukraine,49.044701,30.591631,,0,1,http://www.yahadmap.org/en/zvenyhorodka-zvenigorodka-cherkasy-ukraine/village-1871
1872,viitivka-voytovka-voitovca-vinnytsia-ukraine,"Viitivka (Voytovka, Voitovca)",Ukraine,48.255402,29.333010,,0,2,http://www.yahadmap.org/en/viitivka-voytovka-voitovca-vinnytsia-ukraine/village-1872
1874,ialanets-yalanets-vinnytsia-ukraine,Ialanets (Yalanets),Ukraine,48.186279,29.281151,,0,1,http://www.yahadmap.org/en/ialanets-yalanets-vinnytsia-ukraine/village-1874
1875,medyka-subcarpathian-voivodeship-poland,Medyka,Poland,49.489761,22.568359,,0,1,http://www.yahadmap.org/en/medyka-subcarpathian-voivodeship-poland/village-1875
1876,rybotycze-subcarpathian-voivodeship-poland,Rybotycze,Poland,49.391880,22.393761,,0,1,http://www.yahadmap.org/en/rybotycze-subcarpathian-voivodeship-poland/village-1876
1877,frysztak-subcarpathian-voivodeship-poland,Frysztak,Poland,49.498440,21.365931,,0,1,http://www.yahadmap.org/en/frysztak-subcarpathian-voivodeship-poland/village-1877
1878,st-pina-stepina-subcarpathian-voivodeship-poland,Stępina (Stepina),Poland,49.520340,21.338449,,0,1,http://www.yahadmap.org/en/st-pina-stepina-subcarpathian-voivodeship-poland/village-1878
1879,brzeziny-subcarpathian-voivodeship-poland,Brzeziny,Poland,49.558941,21.331699,,0,1,http://www.yahadmap.org/en/brzeziny-subcarpathian-voivodeship-poland/village-1879
1879,brzeziny-subcarpathian-voivodeship-poland,Brzeziny,Poland,49.559719,21.331381,,0,1,http://www.yahadmap.org/en/brzeziny-subcarpathian-voivodeship-poland/village-1879
1880,ropczyce-subcarpathian-voivodeship-poland,Ropczyce,Poland,50.029861,21.366180,,0,1,http://www.yahadmap.org/en/ropczyce-subcarpathian-voivodeship-poland/village-1880
1881,pruchnik-subcarpathian-voivodeship-poland,Pruchnik,Poland,49.547771,22.307541,,0,1,http://www.yahadmap.org/en/pruchnik-subcarpathian-voivodeship-poland/village-1881
1882,ma-kowice-subcarpathian-voivodeship-poland,Maćkowice,Poland,49.520359,22.434500,,0,1,http://www.yahadmap.org/en/ma-kowice-subcarpathian-voivodeship-poland/village-1882
1883,skopow-subcarpathian-voivodeship-poland,Skopów,Poland,49.506748,22.292400,,0,1,http://www.yahadmap.org/en/skopow-subcarpathian-voivodeship-poland/village-1883
1884,wola-brzostecka-subcarpathian-poland,Wola Brzostecka,Poland,49.528831,21.287130,,0,1,http://www.yahadmap.org/en/wola-brzostecka-subcarpathian-poland/village-1884
1885,czudec-subcarpathia-poland,Czudec,Poland,49.568790,21.503410,,0,1,http://www.yahadmap.org/en/czudec-subcarpathia-poland/village-1885
,,Szczebra,Poland,53.542290,22.577681,,1,2,
,,Szczeberka,Poland,53.556870,22.566050,,1,1,
,,Dąbrowa Białostocka (Dąbrowa Grodzieńska),Poland,53.392620,23.206181,,1,1,
,,Suchowola,Poland,53.354721,23.066179,,1,1,
,,Goniądz,Poland,53.286579,22.439520,,1,1,
,,Kuźnica,Poland,53.307861,23.390471,,1,1,
,,Supraśl,Poland,53.121719,23.193750,,1,1,
,,Krynki,Poland,53.160549,23.465429,,1,1,
1869,vilshana-olshana-cherkasy-ukraine,Vilshana (Olshana),Ukraine,49.120682,31.164631,2020,0,1,http://www.yahadmap.org/en/vilshana-olshana-cherkasy-ukraine/village-1869
1894,l-pu-na-hince-ti-moldova,Lăpușna,Moldova,46.530540,28.245529,,0,1,http://www.yahadmap.org/en/l-pu-na-hince-ti-moldova/village-1894
1895,floryne-florino-vinnytsia-ukraine,Floryne (Florino),Ukraine,48.204029,29.334690,,0,2,http://www.yahadmap.org/en/floryne-florino-vinnytsia-ukraine/village-1895
1896,iampil-iampol-vinnytsia-ukraine,Iampil (Iampol),Ukraine,48.146709,28.186790,,0,1,http://www.yahadmap.org/en/iampil-iampol-vinnytsia-ukraine/village-1896
1897,babchyntsi-babchintsy-vinnytsia-ukraine,Babchyntsi (Babchintsy),Ukraine,48.251942,28.089460,,0,1,http://www.yahadmap.org/en/babchyntsi-babchintsy-vinnytsia-ukraine/village-1897
1897,babchyntsi-babchintsy-vinnytsia-ukraine,Babchyntsi (Babchintsy),Ukraine,48.250069,28.093149,,0,1,http://www.yahadmap.org/en/babchyntsi-babchintsy-vinnytsia-ukraine/village-1897
1898,shevchenkove-vinnytsia-ukraine,Shevchenkove,Ukraine,48.528080,27.509180,,0,1,http://www.yahadmap.org/en/shevchenkove-vinnytsia-ukraine/village-1898
1899,kozliv-vinnytsia-ukraine,Kozliv,Ukraine,48.286999,27.320629,,0,1,http://www.yahadmap.org/en/kozliv-vinnytsia-ukraine/village-1899
1900,luchynchyk-vinnytsia-ukraine,Luchynchyk,Ukraine,48.420078,27.493959,,0,2,http://www.yahadmap.org/en/luchynchyk-vinnytsia-ukraine/village-1900
1901,iaruha-yaruga-vinnytsia-ukraine,Iaruha (Yaruga),Ukraine,48.195740,28.020109,,0,1,http://www.yahadmap.org/en/iaruha-yaruga-vinnytsia-ukraine/village-1901
1896,iampil-iampol-vinnytsia-ukraine,Iampil (Iampol),Ukraine,48.146709,28.186790,,0,1,http://www.yahadmap.org/en/iampil-iampol-vinnytsia-ukraine/village-1896
1902,tomashpil-tomashpol-vinnytsia-ukraine,Tomashpil (Tomashpol),Ukraine,48.315571,28.317619,,0,1,http://www.yahadmap.org/en/tomashpil-tomashpol-vinnytsia-ukraine/village-1902
1902,tomashpil-tomashpol-vinnytsia-ukraine,Tomashpil (Tomashpol),Ukraine,48.314850,28.316450,,0,1,http://www.yahadmap.org/en/tomashpil-tomashpol-vinnytsia-ukraine/village-1902
1903,moivka-vinnytsia-ukraine,Moivka,Ukraine,48.283310,28.124571,,0,1,http://www.yahadmap.org/en/moivka-vinnytsia-ukraine/village-1903
1904,borivka-borovka-vinnytsia-ukraine,Borivka (Borovka),Ukraine,48.304241,28.148630,,0,1,http://www.yahadmap.org/en/borivka-borovka-vinnytsia-ukraine/village-1904
1905,dzhuryn-dzhurin-vinnytsia-ukraine,Dzhuryn (Dzhurin),Ukraine,48.404331,28.178761,,0,2,http://www.yahadmap.org/en/dzhuryn-dzhurin-vinnytsia-ukraine/village-1905
1906,koneva-vinnytsia-ukraine,Koneva,Ukraine,48.337471,27.529890,,0,1,http://www.yahadmap.org/en/koneva-vinnytsia-ukraine/village-1906
1907,skazyntsi-skazontsy-mohyliv-podilsk-vinnytsia-ukraine,Skazyntsi (Skazontsy)/Mohyliv-Podilsk,Ukraine,48.296089,27.535749,,0,1,http://www.yahadmap.org/en/skazyntsi-skazontsy-mohyliv-podilsk-vinnytsia-ukraine/village-1907
1908,iaryshiv-yaryshiv-yaryshev-vinnytsia-ukraine,"Iaryshiv (Yaryshiv, Yaryshev)",Ukraine,48.316269,27.373369,,0,1,http://www.yahadmap.org/en/iaryshiv-yaryshiv-yaryshev-vinnytsia-ukraine/village-1908
1909,shatava-khmelnytskyi-ukraine,Shatava,Ukraine,48.465752,26.430811,,0,1,http://www.yahadmap.org/en/shatava-khmelnytskyi-ukraine/village-1909
1911,khmilnyk-khmelnik-chmielnik-vinnytsia-ukraine,"Khmilnyk (Khmelnik, Chmielnik)",Ukraine,49.313702,27.560631,,0,2,http://www.yahadmap.org/en/khmilnyk-khmelnik-chmielnik-vinnytsia-ukraine/village-1911
1911,khmilnyk-khmelnik-chmielnik-vinnytsia-ukraine,"Khmilnyk (Khmelnik, Chmielnik)",Ukraine,49.318039,27.566759,,0,2,http://www.yahadmap.org/en/khmilnyk-khmelnik-chmielnik-vinnytsia-ukraine/village-1911
1911,khmilnyk-khmelnik-chmielnik-vinnytsia-ukraine,"Khmilnyk (Khmelnik, Chmielnik)",Ukraine,49.320580,27.558689,,0,2,http://www.yahadmap.org/en/khmilnyk-khmelnik-chmielnik-vinnytsia-ukraine/village-1911
1911,khmilnyk-khmelnik-chmielnik-vinnytsia-ukraine,"Khmilnyk (Khmelnik, Chmielnik)",Ukraine,49.338539,27.568520,,0,2,http://www.yahadmap.org/en/khmilnyk-khmelnik-chmielnik-vinnytsia-ukraine/village-1911
1912,kuzmyna-greblia-kuzmina-hreblia-cherkasy-ukraine,Kuzmyna Greblia (Kuzmina Hreblia),Ukraine,48.405121,30.037069,,0,1,http://www.yahadmap.org/en/kuzmyna-greblia-kuzmina-hreblia-cherkasy-ukraine/village-1912
314,uman-huma-cherkasy-ukraine,Uman (Humań),Ukraine,48.430431,30.175871,,0,2,http://www.yahadmap.org/en/uman-huma-cherkasy-ukraine/village-314
1913,stanislavivka-stanislavovka-kirovohrad-ukraine,Stanislavivka (Stanislavovka),Ukraine,48.414051,30.369850,,0,1,http://www.yahadmap.org/en/stanislavivka-stanislavovka-kirovohrad-ukraine/village-1913
1914,khaschuvate-khaschuvatoye-kirovohrad-ukraine,Khaschuvate (Khaschuvatoye),Ukraine,48.181801,29.571699,,0,1,http://www.yahadmap.org/en/khaschuvate-khaschuvatoye-kirovohrad-ukraine/village-1914
1915,holovanivsk-golovanivsk-kirovohrad-ukraine,Holovanivsk (Golovanivsk),Ukraine,48.240780,30.265011,,0,2,http://www.yahadmap.org/en/holovanivsk-golovanivsk-kirovohrad-ukraine/village-1915
1916,mohylne-mogilnoie-kirovohrad-ukraine,Mohylne (Mogilnoie),Ukraine,48.173401,30.056160,,0,1,http://www.yahadmap.org/en/mohylne-mogilnoie-kirovohrad-ukraine/village-1916
1917,berestiahy-berestiagui-kirovohrad-ukraine,Berestiahy (Berestiagui),Ukraine,48.246300,30.008520,,0,1,http://www.yahadmap.org/en/berestiahy-berestiagui-kirovohrad-ukraine/village-1917
1918,ozaryntsi-vinnytsia-ukraine,Ozaryntsi,Ukraine,48.325500,27.487070,,0,1,http://www.yahadmap.org/en/ozaryntsi-vinnytsia-ukraine/village-1918
1919,strzegocice-subcarpathian-voivodeship-poland,Strzegocice,Poland,49.572048,21.190701,,0,1,http://www.yahadmap.org/en/strzegocice-subcarpathian-voivodeship-poland/village-1919
,,Pilzno,Poland,49.579819,21.175119,,1,1,
1921,radomy-l-wielki-subcarpathia-poland,Radomyśl Wielki,Poland,50.115238,21.176929,,0,1,http://www.yahadmap.org/en/radomy-l-wielki-subcarpathia-poland/village-1921
,,Przecław,Poland,50.114342,21.282089,,1,1,
,,Przecław,Poland,50.115559,21.289400,,1,1,
1923,mielec-subcarpathian-voivodeship-poland,Mielec,Poland,50.182041,21.253731,,0,1,http://www.yahadmap.org/en/mielec-subcarpathian-voivodeship-poland/village-1923
1923,mielec-subcarpathian-voivodeship-poland,Mielec,Poland,50.186821,21.256491,,0,2,http://www.yahadmap.org/en/mielec-subcarpathian-voivodeship-poland/village-1923
1924,czajkowa-subcarpathian-poland,Czajkowa,Poland,50.225449,21.318920,,0,1,http://www.yahadmap.org/en/czajkowa-subcarpathian-poland/village-1924
1925,baranow-sandomierski-subcarpathia-poland,Baranów Sandomierski,Poland,50.293941,21.330339,,0,1,http://www.yahadmap.org/en/baranow-sandomierski-subcarpathia-poland/village-1925
,,Padew Narodowa,Poland,50.261639,21.288910,,1,1,
,,Otałęż,Poland,50.202332,21.139999,,1,1,
1928,siedliska-lesser-poland-voivodeship-poland,Siedliska,Poland,50.228420,20.011181,,0,1,http://www.yahadmap.org/en/siedliska-lesser-poland-voivodeship-poland/village-1928
,,Strzeżów,Poland,50.236752,20.040400,,1,1,
,,Strzeżów,Poland,50.236488,20.040739,,1,1,
1930,proszowice-lesser-poland-voivodeship-poland,Proszowice,Poland,50.110271,20.162060,,0,1,http://www.yahadmap.org/en/proszowice-lesser-poland-voivodeship-poland/village-1930
,,Nowe Brzesko,Poland,50.082909,20.218380,,1,1,
1932,nied-wied-lesser-poland-voivodeship-poland,Niedźwiedź,Poland,50.128780,20.066860,,0,1,http://www.yahadmap.org/en/nied-wied-lesser-poland-voivodeship-poland/village-1932
,,Góry,Poland,50.275230,20.243990,,1,1,
,,Dzierążnia,Poland,50.229710,20.251530,,1,1,
,,Drożejowice,Poland,50.205059,20.243540,,1,1,
1936,boszczynek-kielce-voivodeship-poland,Boszczynek,Poland,50.168789,20.254641,,0,1,http://www.yahadmap.org/en/boszczynek-kielce-voivodeship-poland/village-1936
,,Grzybów,Poland,50.324699,21.049641,,1,1,
1938,wolbrom-lesser-poland-voivodeship-poland,Wolbrom,Poland,50.226101,19.454073,,0,2,http://www.yahadmap.org/en/wolbrom-lesser-poland-voivodeship-poland/village-1938
1939,hubnyk-gubnyk-gubnik-vinnytsia-ukraine,"Hubnyk (Gubnyk, Gubnik)",Ukraine,48.371391,29.179279,,0,1,http://www.yahadmap.org/en/hubnyk-gubnyk-gubnik-vinnytsia-ukraine/village-1939
1940,kalnybolota-kalnibolota-kalnibolot-kirovohrad-ukraine,"Kalnybolota (Kalnibolota, Kalnibolot)",Ukraine,48.448601,31.002680,,0,1,http://www.yahadmap.org/en/kalnybolota-kalnibolota-kalnibolot-kirovohrad-ukraine/village-1940
1941,lypovenke-lipovenkoie-kirovohrad-ukraine,Lypovenke (Lipovenkoie),Ukraine,48.236992,30.542629,,0,1,http://www.yahadmap.org/en/lypovenke-lipovenkoie-kirovohrad-ukraine/village-1941
1942,pokotylove-pokotilovo-kirovohrad-ukraine,Pokotylove (Pokotilovo),Ukraine,48.280338,30.411739,,0,1,http://www.yahadmap.org/en/pokotylove-pokotilovo-kirovohrad-ukraine/village-1942
1943,kupyn-kupin-khmelnytskyi-ukraine,Kupyn (Kupin),Ukraine,49.061821,26.353161,,0,1,http://www.yahadmap.org/en/kupyn-kupin-khmelnytskyi-ukraine/village-1943
1944,chornyi-ostriv-chernyy-ostrov-cherniostrov-khmelnytskyi-ukraine,"Chornyi Ostriv (Chernyy Ostrov, Cherniostrov)",Ukraine,49.307991,26.458630,,0,1,http://www.yahadmap.org/en/chornyi-ostriv-chernyy-ostrov-cherniostrov-khmelnytskyi-ukraine/village-1944
1945,sharivka-sharovka-khmelnytskyi-ukraine,Sharivka (Sharovka),Ukraine,49.129101,26.564960,,0,1,http://www.yahadmap.org/en/sharivka-sharovka-khmelnytskyi-ukraine/village-1945
1946,hlyboka-hliboka-adancata-glyboka-glybokaya-chernivtsi-ukraine,"Hlyboka (Hliboka, Adancata, Glyboka, Glybokaya)",Ukraine,48.054249,25.568670,,0,1,http://www.yahadmap.org/en/hlyboka-hliboka-adancata-glyboka-glybokaya-chernivtsi-ukraine/village-1946
1616,storozhynets-storozhinest-storjinet-starozhinets-chernivtsi-ukraine,"Storozhynets (Storozhinest, Storjinet, Starozhinets)",Ukraine,48.100342,25.439760,,0,1,http://www.yahadmap.org/en/storozhynets-storozhinest-storjinet-starozhinets-chernivtsi-ukraine/village-1616
1947,voronezh-voronezh-russia,Voronezh,Russia,51.403198,39.100109,,0,2,http://www.yahadmap.org/en/voronezh-voronezh-russia/village-1947
1948,biryuch-formerly-budyennoye-belgorod-russia,Biryuch (Formerly Budyennoye),Russia,50.383282,38.236858,,0,1,http://www.yahadmap.org/en/biryuch-formerly-budyennoye-belgorod-russia/village-1948
1949,peregruznoye-volgograd-russia,Peregruznoye,Russia,47.539299,43.592098,,0,1,http://www.yahadmap.org/en/peregruznoye-volgograd-russia/village-1949
1950,volgograd-formerly-stalingrad-volgograd-russia,Volgograd (Formerly Stalingrad),Russia,48.413200,44.275799,,0,3,http://www.yahadmap.org/en/volgograd-formerly-stalingrad-volgograd-russia/village-1950
59,dovbysh-former-marchlewsk-makhlevsk-zhytomyr-ukraine,Dovbysh (Former Marchlewsk/Makhlevsk),Ukraine,50.217819,27.599480,,0,1,http://www.yahadmap.org/en/dovbysh-former-marchlewsk-makhlevsk-zhytomyr-ukraine/village-59
1951,kursk-kursk-russia,Kursk,Russia,51.455601,36.110100,,0,2,http://www.yahadmap.org/en/kursk-kursk-russia/village-1951
1952,ochotnica-dolna-lesser-poland-voivodeship-poland,Ochotnica Dolna,Poland,49.321388,20.185520,,0,1,http://www.yahadmap.org/en/ochotnica-dolna-lesser-poland-voivodeship-poland/village-1952
,,Zamieście/Slowliny,Poland,49.434181,20.221439,,1,1,
1954,opuszna-lopuszna-lesser-poland-voivodeship-poland,Łopuszna (Lopuszna),Poland,49.282661,20.077801,,0,1,http://www.yahadmap.org/en/opuszna-lopuszna-lesser-poland-voivodeship-poland/village-1954
,,Muszyna,Poland,49.211929,20.532101,,1,1,
,,Krynica-Zdrój,Poland,49.261711,20.535521,,1,1,
,,Krynica-Zdrój,Poland,49.248440,20.569851,,1,1,
,,Rzepiennik Strzyżewski,Poland,49.473572,21.026890,,1,1,
,,Nowy Sącz,Poland,49.379135,20.444481,,1,2,
1959,hvardiiske-gvardiyske-gvardeyskoye-former-felshtin-khmelnytskyi-ukraine,"Hvardiiske (Gvardiyske, Gvardeyskoye, Former Felshtin)",Ukraine,49.239578,26.371889,,0,1,http://www.yahadmap.org/en/hvardiiske-gvardiyske-gvardeyskoye-former-felshtin-khmelnytskyi-ukraine/village-1959
1960,kuzmyn-kuzmin-khmelnytskyi-ukraine,Kuzmyn (Kuzmin),Ukraine,49.159580,26.318430,,0,1,http://www.yahadmap.org/en/kuzmyn-kuzmin-khmelnytskyi-ukraine/village-1960
1961,kulchyny-kulchiny-khmelnytskyi-ukraine,Kulchyny (Kulchiny),Ukraine,49.449348,26.549910,,0,1,http://www.yahadmap.org/en/kulchyny-kulchiny-khmelnytskyi-ukraine/village-1961
1962,chemerivtsi-chemerovtsy-chemerovcy-chemerovits-khmelnytskyi-ukraine,"Chemerivtsi (Chemerovtsy, Chemerovcy, Chemerovits)",Ukraine,49.006680,26.197290,,0,1,http://www.yahadmap.org/en/chemerivtsi-chemerovtsy-chemerovcy-chemerovits-khmelnytskyi-ukraine/village-1962
1963,zarichanka-former-lanckoru-liantskorun-khmelnytskyi-ukraine,"Zarichanka (former Lanckoruń, Liantskorun)",Ukraine,48.538990,26.225451,,0,1,http://www.yahadmap.org/en/zarichanka-former-lanckoru-liantskorun-khmelnytskyi-ukraine/village-1963
1964,hannopil-gannopil-annopol-khmelnytskyi-ukraine,"Hannopil (Gannopil, Annopol)",Ukraine,50.262329,26.538031,,0,1,http://www.yahadmap.org/en/hannopil-gannopil-annopol-khmelnytskyi-ukraine/village-1964
12,berdychiv-berdichev-barditchev-zhytomyr-ukraine,"Berdychiv (Berdichev, Barditchev)",Ukraine,49.520271,28.352980,,0,1,http://www.yahadmap.org/en/berdychiv-berdichev-barditchev-zhytomyr-ukraine/village-12
12,berdychiv-berdichev-barditchev-zhytomyr-ukraine,"Berdychiv (Berdichev, Barditchev)",Ukraine,49.529999,28.300940,,0,1,http://www.yahadmap.org/en/berdychiv-berdichev-barditchev-zhytomyr-ukraine/village-12
12,berdychiv-berdichev-barditchev-zhytomyr-ukraine,"Berdychiv (Berdichev, Barditchev)",Ukraine,49.511452,28.362141,,0,2,http://www.yahadmap.org/en/berdychiv-berdichev-barditchev-zhytomyr-ukraine/village-12
1965,kozhanka-kyiv-ukraine,Kozhanka,Ukraine,49.582432,29.445730,,0,1,http://www.yahadmap.org/en/kozhanka-kyiv-ukraine/village-1965
1966,tkhorivka-tkhorovka-kyiv-ukraine,Tkhorivka (Tkhorovka),Ukraine,49.418560,29.459890,,0,1,http://www.yahadmap.org/en/tkhorivka-tkhorovka-kyiv-ukraine/village-1966
1967,rokytne-rokitnoye-kyiv-ukraine,Rokytne (Rokitnoye),Ukraine,49.412312,30.282709,,0,1,http://www.yahadmap.org/en/rokytne-rokitnoye-kyiv-ukraine/village-1967
1968,bohuslav-boguslav-kyiv-ukraine,Bohuslav (Boguslav),Ukraine,49.337891,30.528000,,0,1,http://www.yahadmap.org/en/bohuslav-boguslav-kyiv-ukraine/village-1968
1969,starochudnivska-huta-starochudnovskaya-guta-zhytomyr-ukraine,Starochudnivska Huta (Starochudnovskaya Guta),Ukraine,50.128971,28.067810,,0,1,http://www.yahadmap.org/en/starochudnivska-huta-starochudnovskaya-guta-zhytomyr-ukraine/village-1969
1969,starochudnivska-huta-starochudnovskaya-guta-zhytomyr-ukraine,Starochudnivska Huta (Starochudnovskaya Guta),Ukraine,50.129021,28.067680,,0,1,http://www.yahadmap.org/en/starochudnivska-huta-starochudnovskaya-guta-zhytomyr-ukraine/village-1969
247,romaniv-romanov-formerly-dzerzhynsk-zhytomyr-ukraine,"Romaniv (Romanov, formerly Dzerzhynsk)",Ukraine,50.095482,27.545601,,0,2,http://www.yahadmap.org/en/romaniv-romanov-formerly-dzerzhynsk-zhytomyr-ukraine/village-247
247,romaniv-romanov-formerly-dzerzhynsk-zhytomyr-ukraine,"Romaniv (Romanov, formerly Dzerzhynsk)",Ukraine,50.099541,27.540060,,0,2,http://www.yahadmap.org/en/romaniv-romanov-formerly-dzerzhynsk-zhytomyr-ukraine/village-247
247,romaniv-romanov-formerly-dzerzhynsk-zhytomyr-ukraine,"Romaniv (Romanov, formerly Dzerzhynsk)",Ukraine,50.100220,27.540180,,0,1,http://www.yahadmap.org/en/romaniv-romanov-formerly-dzerzhynsk-zhytomyr-ukraine/village-247
247,romaniv-romanov-formerly-dzerzhynsk-zhytomyr-ukraine,"Romaniv (Romanov, formerly Dzerzhynsk)",Ukraine,50.100380,27.540051,,0,2,http://www.yahadmap.org/en/romaniv-romanov-formerly-dzerzhynsk-zhytomyr-ukraine/village-247
1970,korsun-shevchenkivskyi-korsun-shevchenkovskiy-cherkasy-ukraine,Korsun-Shevchenkivskyi (Korsun-Shevchenkovskiy),Ukraine,49.253181,31.149969,,0,2,http://www.yahadmap.org/en/korsun-shevchenkivskyi-korsun-shevchenkovskiy-cherkasy-ukraine/village-1970
856,porkhov-zapolyanye-pskov-russia,Porkhov (Zapolyanye),Russia,57.493141,29.406710,,0,1,http://www.yahadmap.org/en/porkhov-zapolyanye-pskov-russia/village-856
1971,bila-tserkva-belaya-tserkov-kyiv-ukraine,Bila Tserkva (Belaya Tserkov),Ukraine,49.509621,30.042311,,0,2,http://www.yahadmap.org/en/bila-tserkva-belaya-tserkov-kyiv-ukraine/village-1971
1972,ventspils-windau-windawa-kurzeme-latvia,"Ventspils (Windau, Windawa)",Latvia,57.223598,21.314930,,0,1,http://www.yahadmap.org/en/ventspils-windau-windawa-kurzeme-latvia/village-1972
1972,ventspils-windau-windawa-kurzeme-latvia,"Ventspils (Windau, Windawa)",Latvia,57.226200,21.318100,,0,2,http://www.yahadmap.org/en/ventspils-windau-windawa-kurzeme-latvia/village-1972
1973,kandava-kandau-kurzeme-latvia,Kandava (Kandau),Latvia,57.040749,22.434380,,0,1,http://www.yahadmap.org/en/kandava-kandau-kurzeme-latvia/village-1973
1974,sabile-schabeln-zabeln-kurzeme-latvia,"Sabile (Schabeln, Zabeln)",Latvia,57.051762,22.306190,,0,1,http://www.yahadmap.org/en/sabile-schabeln-zabeln-kurzeme-latvia/village-1974
1975,ibzde-gibzde-kurzeme-latvia,Ģibzde (Gibzde),Latvia,57.231049,22.205740,,0,1,http://www.yahadmap.org/en/ibzde-gibzde-kurzeme-latvia/village-1975
1976,ru-i-kurzeme-latvia,Ruņķi,Latvia,57.093079,22.225250,,0,1,http://www.yahadmap.org/en/ru-i-kurzeme-latvia/village-1976
1977,dundaga-dondangen-kurzeme-latvia,Dundaga (Dondangen),Latvia,57.329041,22.192841,,0,2,http://www.yahadmap.org/en/dundaga-dondangen-kurzeme-latvia/village-1977
1978,saldus-frauenburg-kurzeme-latvia,Saldus (Frauenburg),Latvia,56.393959,22.301729,,0,1,http://www.yahadmap.org/en/saldus-frauenburg-kurzeme-latvia/village-1978
1979,dobele-doblen-zemgale-latvia,Dobele (Doblen),Latvia,56.387917,23.136089,,0,1,http://www.yahadmap.org/en/dobele-doblen-zemgale-latvia/village-1979
1980,bauska-boysk-bausk-zemgale-latvia,"Bauska (Boysk, Bausk)",Latvia,56.253868,24.179411,,0,2,http://www.yahadmap.org/en/bauska-boysk-bausk-zemgale-latvia/village-1980
,,Góry,Poland,50.278782,20.246599,,1,1,
1982,giebu-tow-lesser-poland-voivodeship-poland,Giebułtów,Poland,50.250549,20.112881,,0,1,http://www.yahadmap.org/en/giebu-tow-lesser-poland-voivodeship-poland/village-1982
,,Dzierążnia,Poland,50.219040,20.250950,,1,1,
,,Dzierążnia,Poland,50.219810,20.250191,,1,1,
1983,tarnawa-lesser-poland-voivodeship-poland,Tarnawa,Poland,50.161331,19.518570,,0,1,http://www.yahadmap.org/en/tarnawa-lesser-poland-voivodeship-poland/village-1983
1984,s-omniki-lesser-poland-voivodeship-poland,Słomniki,Poland,50.148689,20.042839,,0,1,http://www.yahadmap.org/en/s-omniki-lesser-poland-voivodeship-poland/village-1984
1984,s-omniki-lesser-poland-voivodeship-poland,Słomniki,Poland,50.145081,20.050760,,0,1,http://www.yahadmap.org/en/s-omniki-lesser-poland-voivodeship-poland/village-1984
1984,s-omniki-lesser-poland-voivodeship-poland,Słomniki,Poland,50.141251,20.054880,,0,1,http://www.yahadmap.org/en/s-omniki-lesser-poland-voivodeship-poland/village-1984
1985,miroszow-lesser-poland-voivodeship-poland,Miroszów,Poland,50.211975,20.144693,,0,1,http://www.yahadmap.org/en/miroszow-lesser-poland-voivodeship-poland/village-1985
1986,rac-awice-lesser-poland-voivodeship-poland,Racławice,Poland,50.190632,20.133760,,0,1,http://www.yahadmap.org/en/rac-awice-lesser-poland-voivodeship-poland/village-1986
1987,bohodukhiv-bogodukhov-kharkiv-ukraine,Bohodukhiv (Bogodukhov),Ukraine,49.253281,31.150360,,0,1,http://www.yahadmap.org/en/bohodukhiv-bogodukhov-kharkiv-ukraine/village-1987
1988,kochetok-kharkiv-ukraine,Kochetok,Ukraine,49.525188,36.434841,,0,1,http://www.yahadmap.org/en/kochetok-kharkiv-ukraine/village-1988
1989,daugavpils-dvinsk-dinaburg-latgale-latvia,"Daugavpils (Dvinsk, Dinaburg)",Latvia,55.542011,26.282249,2019,0,3,http://www.yahadmap.org/en/daugavpils-dvinsk-dinaburg-latgale-latvia/village-1989
,,Stary Sącz,Poland,49.337639,20.394321,,1,1,
1978,saldus-frauenburg-kurzeme-latvia,Saldus (Frauenburg),Latvia,56.408928,22.382528,,0,1,http://www.yahadmap.org/en/saldus-frauenburg-kurzeme-latvia/village-1978
1992,krasnohrad-krasnograd-former-konstantinograd-kharkiv-ukraine,"Krasnohrad (Krasnograd, former Konstantinograd)",Ukraine,49.201859,35.288010,,0,1,http://www.yahadmap.org/en/krasnohrad-krasnograd-former-konstantinograd-kharkiv-ukraine/village-1992
1991,kharkiv-kharkov-kharkow-kharkiv-ukraine,"Kharkiv (Kharkov, Kharkow)",Ukraine,49.561272,36.268822,,0,3,http://www.yahadmap.org/en/kharkiv-kharkov-kharkow-kharkiv-ukraine/village-1991
1994,yarmolyntsi-iarmonytsi-iarmolintsy-khmelnytskyi-ukraine,"Yarmolyntsi (Iarmonytsi, Iarmolintsy)",Ukraine,49.105419,26.474051,,0,2,http://www.yahadmap.org/en/yarmolyntsi-iarmonytsi-iarmolintsy-khmelnytskyi-ukraine/village-1994
65,dunayivtsi-dunaivtsi-khmelnytskyi-ukraine,Dunayivtsi (Dunaivtsi),Ukraine,48.524151,26.500320,,0,1,http://www.yahadmap.org/en/dunayivtsi-dunaivtsi-khmelnytskyi-ukraine/village-65
1995,trukhaniv-lviv-ukraine,Trukhaniv,Ukraine,49.033051,23.397730,,0,1,http://www.yahadmap.org/en/trukhaniv-lviv-ukraine/village-1995
1996,dovhe-dovgue-lviv-ukraine,Dovhe (Dovgue),Ukraine,49.096939,23.201500,,0,1,http://www.yahadmap.org/en/dovhe-dovgue-lviv-ukraine/village-1996
1997,verkhnie-vysotske-lviv-ukraine,Verkhnie Vysotske,Ukraine,48.563251,23.031700,,0,1,http://www.yahadmap.org/en/verkhnie-vysotske-lviv-ukraine/village-1997
1998,mykolaiv-lviv-ukraine,Mykolaiv,Ukraine,49.312439,23.579430,,0,1,http://www.yahadmap.org/en/mykolaiv-lviv-ukraine/village-1998
1999,skhidnytsia-schodnica-skhodnitsa-lviv-ukraine,"Skhidnytsia (Schodnica, Skhodnitsa)",Ukraine,49.123631,23.218960,,0,1,http://www.yahadmap.org/en/skhidnytsia-schodnica-skhodnitsa-lviv-ukraine/village-1999
1999,skhidnytsia-schodnica-skhodnitsa-lviv-ukraine,"Skhidnytsia (Schodnica, Skhodnitsa)",Ukraine,49.139709,23.197380,,0,1,http://www.yahadmap.org/en/skhidnytsia-schodnica-skhodnitsa-lviv-ukraine/village-1999
2000,komarno-lviv-ukraine,Komarno,Ukraine,49.366112,23.415701,,0,1,http://www.yahadmap.org/en/komarno-lviv-ukraine/village-2000
2001,sudova-vyshnia-s-dowa-wisznia-lviv-ukraine,Sudova Vyshnia (Sądowa Wisznia),Ukraine,49.473480,23.225229,,0,1,http://www.yahadmap.org/en/sudova-vyshnia-s-dowa-wisznia-lviv-ukraine/village-2001
2002,chyzhykiv-formerly-ostriv-lviv-ukraine,Chyzhykiv (Formerly Ostriv),Ukraine,49.472721,24.157761,,0,1,http://www.yahadmap.org/en/chyzhykiv-formerly-ostriv-lviv-ukraine/village-2002
2002,chyzhykiv-formerly-ostriv-lviv-ukraine,Chyzhykiv (Formerly Ostriv),Ukraine,49.473358,24.157261,,0,1,http://www.yahadmap.org/en/chyzhykiv-formerly-ostriv-lviv-ukraine/village-2002
2002,chyzhykiv-formerly-ostriv-lviv-ukraine,Chyzhykiv (Formerly Ostriv),Ukraine,49.471859,24.156490,,0,1,http://www.yahadmap.org/en/chyzhykiv-formerly-ostriv-lviv-ukraine/village-2002
2003,vynnyky-vinniki-winniki-lviv-ukraine,"Vynnyky (Vinniki, Winniki)",Ukraine,49.488701,24.088619,,0,1,http://www.yahadmap.org/en/vynnyky-vinniki-winniki-lviv-ukraine/village-2003
2004,staryi-yarychiv-iarychiv-yarychev-jaryczow-lviv-ukraine,"Staryi Yarychiv (Iarychiv, Yarychev, Jaryczów)",Ukraine,49.540371,24.159321,,0,1,http://www.yahadmap.org/en/staryi-yarychiv-iarychiv-yarychev-jaryczow-lviv-ukraine/village-2004
2005,kurovychi-kurowice-kurovichi-lviv-ukraine,"Kurovychi (Kurowice, Kurovichi)",Ukraine,49.462200,24.255341,,0,1,http://www.yahadmap.org/en/kurovychi-kurowice-kurovichi-lviv-ukraine/village-2005
2005,kurovychi-kurowice-kurovichi-lviv-ukraine,"Kurovychi (Kurowice, Kurovichi)",Ukraine,49.464199,24.256210,,0,1,http://www.yahadmap.org/en/kurovychi-kurowice-kurovichi-lviv-ukraine/village-2005
2005,kurovychi-kurowice-kurovichi-lviv-ukraine,"Kurovychi (Kurowice, Kurovichi)",Ukraine,49.465618,24.251289,,0,1,http://www.yahadmap.org/en/kurovychi-kurowice-kurovichi-lviv-ukraine/village-2005
2006,korosno-korosne-lviv-ukraine,Korosno (Korosne),Ukraine,49.405128,24.316231,,0,1,http://www.yahadmap.org/en/korosno-korosne-lviv-ukraine/village-2006
2006,korosno-korosne-lviv-ukraine,Korosno (Korosne),Ukraine,49.405769,24.314270,,0,1,http://www.yahadmap.org/en/korosno-korosne-lviv-ukraine/village-2006
2007,hlyniany-gliniany-gline-lviv-ukraine,"Hlyniany (Gliniany, Gline)",Ukraine,49.492531,24.314930,,0,1,http://www.yahadmap.org/en/hlyniany-gliniany-gline-lviv-ukraine/village-2007
155,letychiv-khmelnytskyi-ukraine,Letychiv,Ukraine,49.217770,27.367201,,0,1,http://www.yahadmap.org/en/letychiv-khmelnytskyi-ukraine/village-155
2008,valky-kharkiv-ukraine,Valky,Ukraine,49.499859,35.382721,,0,2,http://www.yahadmap.org/en/valky-kharkiv-ukraine/village-2008
2009,zolochiv-kharkiv-kharkiv-ukraine,Zolochiv (Kharkiv),Ukraine,50.156509,35.594479,,0,1,http://www.yahadmap.org/en/zolochiv-kharkiv-kharkiv-ukraine/village-2009
2010,zmiiv-zmiyiv-zmiev-zmiyev-kharkiv-ukraine,"Zmiïv (Zmiyiv, Zmiev, Zmiyev)",Ukraine,49.415218,36.214630,,0,1,http://www.yahadmap.org/en/zmiiv-zmiyiv-zmiev-zmiyev-kharkiv-ukraine/village-2010
2011,lozova-kharkiv-ukraine,Lozova,Ukraine,48.524471,36.182522,,0,2,http://www.yahadmap.org/en/lozova-kharkiv-ukraine/village-2011
2012,barvinkove-barvenkovo-kharkiv-ukraine,Barvinkove (Barvenkovo),Ukraine,48.534698,37.029800,,0,1,http://www.yahadmap.org/en/barvinkove-barvenkovo-kharkiv-ukraine/village-2012
2013,sakhnovshchyna-kharkiv-ukraine,Sakhnovshchyna,Ukraine,49.090401,35.526569,,0,1,http://www.yahadmap.org/en/sakhnovshchyna-kharkiv-ukraine/village-2013
,,Nowa Wieś,Poland,50.555180,19.028900,,1,1,
,,Mstów,Poland,50.494850,19.161890,,1,1,
,,Częstochowa,Poland,50.479881,19.101061,,1,1,
,,Częstochowa,Poland,50.488049,19.077900,,1,1,
,,Częstochowa,Poland,50.489601,19.078840,,1,1,
,,Częstochowa,Poland,50.491402,19.075251,,1,2,
,,Kochanowice,Poland,50.417351,18.440001,,1,1,
,,Sławniów,Poland,50.281830,19.417589,,1,1,
,,Lelów,Poland,50.410900,19.381680,,1,1,
,,Włodowice,Poland,50.329411,19.266520,,1,1,
,,Kolonia Wierzchowisko,Poland,50.527962,19.077669,,1,1,
,,Bukowsko,Poland,49.279308,22.045990,,1,1,
,,Bukowsko,Poland,49.287540,22.022791,,1,1,
,,Rymanów,Poland,49.342590,21.518330,,1,1,
2024,huwniki-subcarpatian-voivodeship-poland,Huwniki,Poland,49.391109,22.411671,,0,1,http://www.yahadmap.org/en/huwniki-subcarpatian-voivodeship-poland/village-2024
,,Zarszyn,Poland,49.350479,22.004181,,1,1,
,,Mrzygłód,Poland,49.373692,22.150770,,1,1,
,,Nowotaniec,Poland,49.305901,22.011999,,1,1,
2029,zolotyi-potik-potok-z-oty-ternopil-ukraine,Zolotyi Potik (Potok Złoty),Ukraine,48.549999,25.209999,,0,1,http://www.yahadmap.org/en/zolotyi-potik-potok-z-oty-ternopil-ukraine/village-2029
2030,zahaitsi-zagaitsi-ternopil-ukraine,Zahaitsi (Zagaitsi),Ukraine,49.164871,25.102440,,0,2,http://www.yahadmap.org/en/zahaitsi-zagaitsi-ternopil-ukraine/village-2030
2031,stare-misto-ternopil-ukraine,Stare Misto,Ukraine,49.167488,25.079229,,0,2,http://www.yahadmap.org/en/stare-misto-ternopil-ukraine/village-2031
,,Podłaszcze/Łask,,51.349628,19.069441,,1,1,
2033,c-sis-wenden-vidzeme-latvia,Cēsis (Wenden),Latvia,57.205189,25.180220,,0,1,http://www.yahadmap.org/en/c-sis-wenden-vidzeme-latvia/village-2033
2034,valmiera-wolmar-vidzeme-latvia,Valmiera (Wolmar),Latvia,57.332119,25.291719,,0,2,http://www.yahadmap.org/en/valmiera-wolmar-vidzeme-latvia/village-2034
2035,smiltene-smilten-vidzeme-latvia,Smiltene (Smilten),Latvia,57.245510,25.551991,,0,1,http://www.yahadmap.org/en/smiltene-smilten-vidzeme-latvia/village-2035
2036,nauk-scaron-ni-r-jiena-ruen-vidzeme-latvia,"Naukšēni (Rūjiena, Ruen)",Latvia,57.570969,25.338039,,0,1,http://www.yahadmap.org/en/nauk-scaron-ni-r-jiena-ruen-vidzeme-latvia/village-2036
2037,valka-valk-vidzeme-latvia,Valka (Valk),Latvia,57.449951,26.018749,,0,1,http://www.yahadmap.org/en/valka-valk-vidzeme-latvia/village-2037
2038,varak-ni-varklian-latgale-latvia,Varakļāni (Varklian),Latvia,56.361259,26.444269,,0,2,http://www.yahadmap.org/en/varak-ni-varklian-latgale-latvia/village-2038
2039,k-rsava-korsovka-korsove-latgale-latvia,"Kārsava (Korsovka, Korsove)",Latvia,56.482769,27.371099,,0,1,http://www.yahadmap.org/en/k-rsava-korsovka-korsove-latgale-latvia/village-2039
2040,ludza-lutsen-lyutsin-latgale-latvia,"Ludza (Lutsen, Lyutsin)",Latvia,56.322620,27.397060,,0,1,http://www.yahadmap.org/en/ludza-lutsen-lyutsin-latgale-latvia/village-2040
2040,ludza-lutsen-lyutsin-latgale-latvia,"Ludza (Lutsen, Lyutsin)",Latvia,56.330841,27.427389,,0,1,http://www.yahadmap.org/en/ludza-lutsen-lyutsin-latgale-latvia/village-2040
2040,ludza-lutsen-lyutsin-latgale-latvia,"Ludza (Lutsen, Lyutsin)",Latvia,56.338570,27.391420,,0,2,http://www.yahadmap.org/en/ludza-lutsen-lyutsin-latgale-latvia/village-2040
2041,zilupe-rozenovo-rozenovsk-latgale-latvia,"Zilupe (Rozenovo, Rozenovsk)",Latvia,56.234619,28.062450,,0,1,http://www.yahadmap.org/en/zilupe-rozenovo-rozenovsk-latgale-latvia/village-2041
2041,zilupe-rozenovo-rozenovsk-latgale-latvia,"Zilupe (Rozenovo, Rozenovsk)",Latvia,56.239960,28.054489,,0,1,http://www.yahadmap.org/en/zilupe-rozenovo-rozenovsk-latgale-latvia/village-2041
2042,gaigalava-former-bykovo-bikava-latgale-latvia,"Gaigalava (Former Bykovo, Bikava)",Latvia,56.451321,27.042139,,0,1,http://www.yahadmap.org/en/gaigalava-former-bykovo-bikava-latgale-latvia/village-2042
2043,madona-modohn-vidzeme-latvia,Madona (Modohn),Latvia,56.500000,26.115360,,0,2,http://www.yahadmap.org/en/madona-modohn-vidzeme-latvia/village-2043
2044,radoszyce-swietokrzyskie-voivodeship-poland,Radoszyce,Poland,51.050331,20.135630,,0,1,http://www.yahadmap.org/en/radoszyce-swietokrzyskie-voivodeship-poland/village-2044
2045,gowarczow-swietokrzyskie-voivodeship-poland,Gowarczów,Poland,51.164173,20.262016,,0,1,http://www.yahadmap.org/en/gowarczow-swietokrzyskie-voivodeship-poland/village-2045
2046,tar-ow-tarlow-swietokrzyskie-voivodeship-poland,Tarłów (Tarlow),Poland,51.000511,21.422159,,0,1,http://www.yahadmap.org/en/tar-ow-tarlow-swietokrzyskie-voivodeship-poland/village-2046
2047,skar-ysko-kamienna-wi-tokrzyskie-voivodeship-poland,Skarżysko-Kamienna,Poland,51.060760,20.543381,,0,3,http://www.yahadmap.org/en/skar-ysko-kamienna-wi-tokrzyskie-voivodeship-poland/village-2047
2048,zawichost-swietokrzyskie-voivodeship-poland,Zawichost,Poland,50.482300,21.504919,,0,1,http://www.yahadmap.org/en/zawichost-swietokrzyskie-voivodeship-poland/village-2048
2048,zawichost-swietokrzyskie-voivodeship-poland,Zawichost,Poland,50.485020,21.493879,,0,1,http://www.yahadmap.org/en/zawichost-swietokrzyskie-voivodeship-poland/village-2048
2049,o-arow-swietokrzyskie-voivodeship-poland,Ożarów,Poland,50.525410,21.400459,,0,1,http://www.yahadmap.org/en/o-arow-swietokrzyskie-voivodeship-poland/village-2049
2050,agow-lagow-swietokrzyskie-voivodeship-poland,Łagów (Lagow),Poland,50.463112,21.050400,,0,1,http://www.yahadmap.org/en/agow-lagow-swietokrzyskie-voivodeship-poland/village-2050
2050,agow-lagow-swietokrzyskie-voivodeship-poland,Łagów (Lagow),Poland,50.464001,21.040751,,0,1,http://www.yahadmap.org/en/agow-lagow-swietokrzyskie-voivodeship-poland/village-2050
2051,niwy-cisow-holly-cross-voivdeship-poland,Niwy (Cisów),Poland,50.474110,20.492130,,0,1,http://www.yahadmap.org/en/niwy-cisow-holly-cross-voivdeship-poland/village-2051
2052,opuszno-lopuszno-swietokrzyskie-voivodeship-poland,Łopuszno (Lopuszno),Poland,50.563641,20.141260,,0,1,http://www.yahadmap.org/en/opuszno-lopuszno-swietokrzyskie-voivodeship-poland/village-2052
2053,w-chock-swietokrzyskie-voivodeship-poland,Wąchock,Poland,51.042820,21.013590,,0,1,http://www.yahadmap.org/en/w-chock-swietokrzyskie-voivodeship-poland/village-2053
,,Starachowice,Poland,51.020538,21.043921,,1,1,
2055,nereta-nerft-zemgale-latvia,Nereta (Nerft),Latvia,56.110851,25.219866,,0,1,http://www.yahadmap.org/en/nereta-nerft-zemgale-latvia/village-2055
2056,j-kabpils-jakobstadt-zemgale-latvia,Jēkabpils (Jakobstadt),Latvia,56.297249,25.486210,,0,1,http://www.yahadmap.org/en/j-kabpils-jakobstadt-zemgale-latvia/village-2056
2057,gosti-i-dankere-glazmanka-trentelberg-zemgale-latvia,"Gostiņi (Dankere, Glazmanka, Trentelberg)",Latvia,56.372700,25.480141,,0,1,http://www.yahadmap.org/en/gosti-i-dankere-glazmanka-trentelberg-zemgale-latvia/village-2057
2058,akn-ste-aknischa-zemgale-latvia,Aknīste (Aknischa),Latvia,56.096409,25.452101,,0,1,http://www.yahadmap.org/en/akn-ste-aknischa-zemgale-latvia/village-2058
2058,akn-ste-aknischa-zemgale-latvia,Aknīste (Aknischa),Latvia,56.093430,25.450090,,0,1,http://www.yahadmap.org/en/akn-ste-aknischa-zemgale-latvia/village-2058
2059,subate-shobot-subbath-shuvitz-latgale-latvia,"Subate (Shobot, Subbath, Shuvitz)",Latvia,56.005169,25.555210,,0,2,http://www.yahadmap.org/en/subate-shobot-subbath-shuvitz-latgale-latvia/village-2059
2060,silene-former-borovka-latgale-latvia,Silene (former Borovka),Latvia,55.434929,26.491489,,0,1,http://www.yahadmap.org/en/silene-former-borovka-latgale-latvia/village-2060
2061,k-kas-zemgale-latvia,Kūkas,Latvia,56.328831,26.040985,,0,1,http://www.yahadmap.org/en/k-kas-zemgale-latvia/village-2061
2062,eglaine-yelovka-jalowka-latgale-latvia,"Eglaine (Yelovka, Jalowka)",Latvia,55.564419,26.072710,,0,1,http://www.yahadmap.org/en/eglaine-yelovka-jalowka-latgale-latvia/village-2062
2063,il-kste-illukst-illuxt-latgale-latvia,"Ilūkste (Illukst, Illuxt)",Latvia,55.584099,26.191971,,0,1,http://www.yahadmap.org/en/il-kste-illukst-illuxt-latgale-latvia/village-2063
2064,baldone-baldon-baldohn-pier-ga-latvia,"Baldone (Baldon, Baldohn)",Latvia,56.469688,24.252131,,0,1,http://www.yahadmap.org/en/baldone-baldon-baldohn-pier-ga-latvia/village-2064
2065,ogre-oger-pier-ga-latvia,Ogre (Oger),Latvia,56.496159,24.391479,,0,1,http://www.yahadmap.org/en/ogre-oger-pier-ga-latvia/village-2065
1583,riga-riga-latvia,Riga,Latvia,56.577900,24.125830,,0,3,http://www.yahadmap.org/en/riga-riga-latvia/village-1583
2066,tukums-tuckum-zemgale-latvia,Tukums (Tuckum),Latvia,57.004280,23.036739,,0,1,http://www.yahadmap.org/en/tukums-tuckum-zemgale-latvia/village-2066
2066,tukums-tuckum-zemgale-latvia,Tukums (Tuckum),Latvia,56.598911,23.194170,,0,2,http://www.yahadmap.org/en/tukums-tuckum-zemgale-latvia/village-2066
2067,majdan-sieniawski-subcarpathian-voivodeship-poland,Majdan Sieniawski,Poland,50.175213,22.432280,,0,1,http://www.yahadmap.org/en/majdan-sieniawski-subcarpathian-voivodeship-poland/village-2067
2068,cewkow-subcarpathian-voivodeship-poland,Cewków,Poland,50.159035,22.497860,,0,1,http://www.yahadmap.org/en/cewkow-subcarpathian-voivodeship-poland/village-2068
2069,bobrowka-subcarpathian-voivodeship-poland,Bobrówka,Poland,50.023254,22.513453,,0,1,http://www.yahadmap.org/en/bobrowka-subcarpathian-voivodeship-poland/village-2069
2070,pantalowice-subcarpathian-voivodeship-poland,Pantalowice,Poland,49.571823,22.264441,,0,1,http://www.yahadmap.org/en/pantalowice-subcarpathian-voivodeship-poland/village-2070
2071,gniewczyna-ancucka-subcarpathian-voivodeship-poland,Gniewczyna Łancucka,Poland,50.062492,22.294790,,0,1,http://www.yahadmap.org/en/gniewczyna-ancucka-subcarpathian-voivodeship-poland/village-2071
,,Krzywcza,Poland,49.475727,22.324183,,1,1,
2073,mirocin-subcarpathian-voivodeship-poland,Mirocin,Poland,50.022789,22.332264,,0,1,http://www.yahadmap.org/en/mirocin-subcarpathian-voivodeship-poland/village-2073
2074,hy-ne-subcarpathian-voivodeship-poland,Hyżne,Poland,49.551655,22.092844,,0,1,http://www.yahadmap.org/en/hy-ne-subcarpathian-voivodeship-poland/village-2074
,,Dębów,Poland,50.023937,22.262903,,1,1,
2076,ku-kowce-subcarpathian-voivodeship-poland,Kuńkowce,Poland,49.484097,22.424742,,0,1,http://www.yahadmap.org/en/ku-kowce-subcarpathian-voivodeship-poland/village-2076
2077,zapa-ow-subcarpathian-voivodeship-poland,Zapałów,Poland,50.053749,22.525948,,0,1,http://www.yahadmap.org/en/zapa-ow-subcarpathian-voivodeship-poland/village-2077
2078,gralewo-stare-gralewo-masovian-voivodeship-poland,Gralewo (Stare Gralewo),Poland,52.427299,20.076540,,0,1,http://www.yahadmap.org/en/gralewo-stare-gralewo-masovian-voivodeship-poland/village-2078
2078,gralewo-stare-gralewo-masovian-voivodeship-poland,Gralewo (Stare Gralewo),Poland,52.427719,20.072960,,0,1,http://www.yahadmap.org/en/gralewo-stare-gralewo-masovian-voivodeship-poland/village-2078
2078,gralewo-stare-gralewo-masovian-voivodeship-poland,Gralewo (Stare Gralewo),Poland,52.430401,20.081221,,0,1,http://www.yahadmap.org/en/gralewo-stare-gralewo-masovian-voivodeship-poland/village-2078
,,Płońsk,Poland,52.369671,20.230221,,1,1,
2080,s-ubice-plus-sanniki-masovian-voivodeship-poland,Słubice (plus Sanniki),Poland,52.221649,19.559839,,0,1,http://www.yahadmap.org/en/s-ubice-plus-sanniki-masovian-voivodeship-poland/village-2080
,,Sendeń Duży,Poland,52.289360,19.351660,,1,1,
2082,wylewa-subcarpathian-voivodeship-poland,Wylewa,Poland,50.112808,22.372009,,0,1,http://www.yahadmap.org/en/wylewa-subcarpathian-voivodeship-poland/village-2082
2083,dusetos-dusiat-dusyat-utena-lithuania,"Dusetos (Dusiat, Dusyat)",Lithuania,55.453709,25.507441,,0,1,http://www.yahadmap.org/en/dusetos-dusiat-dusyat-utena-lithuania/village-2083
2084,zarasai-ezhereni-utena-lithuania,Zarasai (Ezhereni),Lithuania,55.434910,26.160250,,0,1,http://www.yahadmap.org/en/zarasai-ezhereni-utena-lithuania/village-2084
2085,ignalina-ignalino-utena-lithuania,Ignalina (Ignalino),Lithuania,55.210232,26.101290,,0,1,http://www.yahadmap.org/en/ignalina-ignalino-utena-lithuania/village-2085
2085,ignalina-ignalino-utena-lithuania,Ignalina (Ignalino),Lithuania,55.205200,26.104410,,0,1,http://www.yahadmap.org/en/ignalina-ignalino-utena-lithuania/village-2085
2086,antaliept-antolepty-utena-lithuania,Antalieptė (Antolepty),Lithuania,55.362209,25.543800,,0,1,http://www.yahadmap.org/en/antaliept-antolepty-utena-lithuania/village-2086
2087,alanta-alunta-utena-lithuania,Alanta (Alunta),Lithuania,55.211460,25.174950,,0,1,http://www.yahadmap.org/en/alanta-alunta-utena-lithuania/village-2087
,,Vepriai,Lithuania,55.088779,24.353319,,1,1,
,,Želva,Lithuania,55.132301,25.059681,,1,1,
,,Želva,Lithuania,55.130299,25.058149,,1,1,
,,Łopiennik Dolny,Poland,51.031109,23.038580,,1,1,
2091,kluszkowce-lesser-poland-poland,Kluszkowce,Poland,49.270802,20.192490,,0,1,http://www.yahadmap.org/en/kluszkowce-lesser-poland-poland/village-2091
,,Maniowy,Poland,49.273689,20.158220,,1,1,
2093,czarny-dunajec-lesser-poland-poland,Czarny Dunajec,Poland,49.270290,19.521170,,0,1,http://www.yahadmap.org/en/czarny-dunajec-lesser-poland-poland/village-2093
2094,stare-bystre-lesser-poland-voivodeship-poland,Stare Bystre,Poland,49.253120,19.545839,,0,1,http://www.yahadmap.org/en/stare-bystre-lesser-poland-voivodeship-poland/village-2094
2094,stare-bystre-lesser-poland-voivodeship-poland,Stare Bystre,Poland,49.242920,19.550690,,0,1,http://www.yahadmap.org/en/stare-bystre-lesser-poland-voivodeship-poland/village-2094
2095,brz-czowice-lesser-poland-voivodeship-poland,Brzączowice,Poland,49.520981,20.032850,,0,1,http://www.yahadmap.org/en/brz-czowice-lesser-poland-voivodeship-poland/village-2095
2096,osielec-lesser-poland-voivodeship-poland,Osielec,Poland,49.405102,19.461100,,0,1,http://www.yahadmap.org/en/osielec-lesser-poland-voivodeship-poland/village-2096
,,Poronin,Poland,49.194401,19.595699,,1,1,
2098,chocho-ow-lesser-poland-poland,Chochołów,Poland,49.222271,19.492161,,0,1,http://www.yahadmap.org/en/chocho-ow-lesser-poland-poland/village-2098
,,Zakopane,Poland,49.180931,19.570900,,1,1,
,,Żółkiewka,Poland,50.548618,22.499180,,1,1,
,,Dorohucza,Poland,51.096130,23.016670,,1,1,
,,Zagroda,Poland,51.007771,23.217760,,1,1,
,,Grabowiec,Poland,50.490841,23.332470,,1,1,
,,Grabowiec,Poland,50.496658,23.330280,,1,1,
,,Grabowiec,Poland,50.498459,23.330681,,1,1,
,,Skierbieszów,Poland,50.512470,23.223610,,1,1,
,,Udrycze-Wola,Poland,50.478722,23.168730,,1,1,
2106,krzywda-lublin-poland,Krzywda,Poland,51.470329,22.118999,,0,1,http://www.yahadmap.org/en/krzywda-lublin-poland/village-2106
,,Sculeni,Romania,47.160740,27.349920,,1,1,
,,Podu Iloaiei,Romania,47.130951,27.172230,,1,1,
2109,ysakow-subcarpathian-voivodeship-poland,Łysaków,Poland,50.212830,21.177601,,0,1,http://www.yahadmap.org/en/ysakow-subcarpathian-voivodeship-poland/village-2109
2109,ysakow-subcarpathian-voivodeship-poland,Łysaków,Poland,50.220310,21.177860,,0,1,http://www.yahadmap.org/en/ysakow-subcarpathian-voivodeship-poland/village-2109
2109,ysakow-subcarpathian-voivodeship-poland,Łysaków,Poland,50.207741,21.195650,,0,1,http://www.yahadmap.org/en/ysakow-subcarpathian-voivodeship-poland/village-2109
2110,po-omia-subcarpathian-voivodeship-poland,Połomia,Poland,49.582249,21.227810,,0,1,http://www.yahadmap.org/en/po-omia-subcarpathian-voivodeship-poland/village-2110
1923,mielec-subcarpathian-voivodeship-poland,Mielec,Poland,50.181358,21.256710,,0,1,http://www.yahadmap.org/en/mielec-subcarpathian-voivodeship-poland/village-1923
,,Rakszawa,Poland,50.089230,22.145290,,1,1,
2112,markowa-subcarpathian-voivodeship-poland,Markowa,Poland,50.017040,22.199129,,0,1,http://www.yahadmap.org/en/markowa-subcarpathian-voivodeship-poland/village-2112
2112,markowa-subcarpathian-voivodeship-poland,Markowa,Poland,50.017559,22.197050,,0,1,http://www.yahadmap.org/en/markowa-subcarpathian-voivodeship-poland/village-2112
2113,sietesz-subcarpathian-voivodeship-poland,Sietesz,Poland,49.595051,22.231819,,0,1,http://www.yahadmap.org/en/sietesz-subcarpathian-voivodeship-poland/village-2113
2114,czelatyce-subcarpathian-voivodeship-poland,Czelatyce,Poland,49.548359,22.368990,,0,1,http://www.yahadmap.org/en/czelatyce-subcarpathian-voivodeship-poland/village-2114
,,Chyżyny,Poland,52.006859,21.434990,,1,1,
2116,oszczepalin-drugi-lublin-poland,Oszczepalin Drugi,Poland,51.450790,22.250099,,0,1,http://www.yahadmap.org/en/oszczepalin-drugi-lublin-poland/village-2116
2117,stanin-lublin-poland,Stanin,Poland,51.524307,22.104986,,0,1,http://www.yahadmap.org/en/stanin-lublin-poland/village-2117
,,Wohyń,Poland,51.449699,22.472429,,1,1,
,,Wygnanów,Poland,51.394650,22.380449,,1,1,
2121,jelnica-lublin-poland,Jelnica,Poland,51.586201,22.437929,,0,1,http://www.yahadmap.org/en/jelnica-lublin-poland/village-2121
2122,werbkowice-lublin-poland,Werbkowice,Poland,50.444668,23.454151,,0,1,http://www.yahadmap.org/en/werbkowice-lublin-poland/village-2122
2123,rachanie-lublin-poland,Rachanie,Poland,50.322418,23.330469,,0,1,http://www.yahadmap.org/en/rachanie-lublin-poland/village-2123
2124,gorzkow-lublin-poland,Gorzków,Poland,50.570766,23.004850,2023,0,1,http://www.yahadmap.org/en/gorzkow-lublin-poland/village-2124
2125,chorupnik-lublin-poland,Chorupnik,Poland,50.561218,22.593809,2023,0,1,http://www.yahadmap.org/en/chorupnik-lublin-poland/village-2125
2126,tymin-lublin-poland,Tymin,Poland,50.314854,23.275011,,0,1,http://www.yahadmap.org/en/tymin-lublin-poland/village-2126
,,Horyszów Polski,Poland,50.449390,23.252050,,1,1,
,,Łopiennik Górny,Poland,51.013660,22.575319,,1,1,
2129,aziska-lublin-poland,Łaziska,Poland,50.474739,23.222710,,0,1,http://www.yahadmap.org/en/aziska-lublin-poland/village-2129
2130,kupi-scaron-kis-kupishok-kupishik-panev-ys-lithuania,"Kupiškis (Kupishok, Kupishik)",Lithuania,55.501701,24.590521,,0,2,http://www.yahadmap.org/en/kupi-scaron-kis-kupishok-kupishik-panev-ys-lithuania/village-2130
2130,kupi-scaron-kis-kupishok-kupishik-panev-ys-lithuania,"Kupiškis (Kupishok, Kupishik)",Lithuania,55.507000,24.588039,,0,2,http://www.yahadmap.org/en/kupi-scaron-kis-kupishok-kupishik-panev-ys-lithuania/village-2130
,,Vandžiogala,Lithuania,55.071602,23.585270,,1,1,
,,Kaunas,Lithuania,54.566601,23.521420,,1,3,
2133,rum-scaron-i-scaron-k-s-rumshishok-rumshishki-kaunas-lithuania,"Rumšiškės (Rumshishok, Rumshishki)",Lithuania,54.516201,24.118019,,0,1,http://www.yahadmap.org/en/rum-scaron-i-scaron-k-s-rumshishok-rumshishki-kaunas-lithuania/village-2133
2135,volkovysk-vo-kovysk-wolkowysk-hrodno-belarus,"Volkovysk (Vołkovysk, Wolkowysk)",Belarus,53.093410,24.261330,,0,2,http://www.yahadmap.org/en/volkovysk-vo-kovysk-wolkowysk-hrodno-belarus/village-2135
2135,volkovysk-vo-kovysk-wolkowysk-hrodno-belarus,"Volkovysk (Vołkovysk, Wolkowysk)",Belarus,53.091808,24.297850,,0,1,http://www.yahadmap.org/en/volkovysk-vo-kovysk-wolkowysk-hrodno-belarus/village-2135
2136,khust-chust-subcarpathian-ukraine,Khust (Chust),Ukraine,48.103230,23.180120,,0,1,http://www.yahadmap.org/en/khust-chust-subcarpathian-ukraine/village-2136
2138,weso-owka-lublin-poland,Wesołówka,Poland,51.514423,22.124781,,0,1,http://www.yahadmap.org/en/weso-owka-lublin-poland/village-2138
,,Riivli,Estonia,58.383419,25.544649,2023,1,2,
,,Viavara,Estonia,59.220650,27.453831,,1,1,
,,Narva,Estonia,59.229610,28.122110,,1,1,
,,Aseri,Estonia,59.278419,26.506371,,1,1,
,,Tartu,Estonia,58.207481,26.397711,,1,3,
,,Pärnu,Estonia,58.193600,24.351540,,1,2,
,,Viljandi,Estonia,58.213161,25.354530,,1,3,
,,Viljandi,Estonia,58.220421,25.389191,,1,1,
,,Kohtla-Järve,Estonia,59.227051,27.164190,2023,1,1,
,,Darsūniškis,Lithuania,54.433990,24.074039,,1,1,
,,Kruonis,Lithuania,54.450829,24.115780,,1,1,
2152,betygala-betigole-kaunas-lithuania,Betygala (Betigóle),Lithuania,55.195969,23.243549,,0,1,http://www.yahadmap.org/en/betygala-betigole-kaunas-lithuania/village-2152
2153,prienai-pren-kaunas-lithuania,Prienai (Pren),Lithuania,54.389706,23.581911,,0,2,http://www.yahadmap.org/en/prienai-pren-kaunas-lithuania/village-2153
,,Vaivara,Estonia,59.220650,27.453831,,1,1,
2155,wo-uczyn-lublin-poland,Wożuczyn,Poland,50.339161,23.344191,2023,0,1,http://www.yahadmap.org/en/wo-uczyn-lublin-poland/village-2155
2157,bychawa-lublin-poland,Bychawa,Poland,51.009521,22.320930,,0,1,http://www.yahadmap.org/en/bychawa-lublin-poland/village-2157
579,trawniki-lublin-poland,Trawniki,Poland,51.077518,22.570820,,0,1,http://www.yahadmap.org/en/trawniki-lublin-poland/village-579
579,trawniki-lublin-poland,Trawniki,Poland,51.077919,22.578600,,0,1,http://www.yahadmap.org/en/trawniki-lublin-poland/village-579
,,Niedrzwica Duża,Poland,51.071930,22.256451,,1,1,
,,Piotrowice,Poland,51.050140,22.286989,,1,1,
,,Solec nad Wisłą ,Poland,51.083618,21.454161,,1,1,
,,Kazanów,Poland,51.166641,21.287420,,1,1,
,,Zwoleń ,Poland,51.214939,21.355780,,1,1,
,,Sieciechów,Poland,51.326149,21.429770,,1,1,
,,Janowiec,Poland,51.193668,21.540260,,1,1,
579,trawniki-lublin-poland,Trawniki,Poland,51.092770,22.587860,,0,2,http://www.yahadmap.org/en/trawniki-lublin-poland/village-579
2166,daug-li-scaron-kis-naujasis-daug-li-scaron-kis-daugieliszki-daugelishok-utena-lithuania,"Daugėliškis (Naujasis Daugėliškis, Daugieliszki, Daugelishok)",Lithuania,55.221840,26.153000,,0,1,http://www.yahadmap.org/en/daug-li-scaron-kis-naujasis-daug-li-scaron-kis-daugieliszki-daugelishok-utena-lithuania/village-2166
2167,t-uszcz-masovian-voivodeship-poland,Tłuszcz,Poland,52.257019,21.260880,,0,1,http://www.yahadmap.org/en/t-uszcz-masovian-voivodeship-poland/village-2167
2167,t-uszcz-masovian-voivodeship-poland,Tłuszcz,Poland,52.257271,21.264610,,0,1,http://www.yahadmap.org/en/t-uszcz-masovian-voivodeship-poland/village-2167
2167,t-uszcz-masovian-voivodeship-poland,Tłuszcz,Poland,52.256599,21.267710,,0,1,http://www.yahadmap.org/en/t-uszcz-masovian-voivodeship-poland/village-2167
,,Ukmergė,Lithuania,55.131241,24.482180,,1,2,
,,Ukmergė,Lithuania,55.134560,24.500250,,1,1,
,,Šaukėnai,Lithuania,55.494209,22.576571,,1,1,
,,Kelmė,Lithuania,55.388351,22.562130,,1,1,
,,Paprūdžiai,Lithuania,55.350159,22.497900,,1,1,
,,Gruzdžiai,Lithuania,56.052361,23.155890,,1,1,
,,Ilgoji Lova,Lithuania,55.574020,23.320921,,1,1,
,,Pročiūnai,Lithuania,55.537689,23.247471,,1,2,
,,Radviliškis,Lithuania,55.497768,23.306049,,1,1,
1694,kolbuszowa-subcarpathian-voivodeship-poland,Kolbuszowa,Poland,50.132290,21.423941,,0,1,http://www.yahadmap.org/en/kolbuszowa-subcarpathian-voivodeship-poland/village-1694
2177,kosowy-subcarpathian-voivodeship-poland,Kosowy,Poland,50.155499,21.394329,,0,1,http://www.yahadmap.org/en/kosowy-subcarpathian-voivodeship-poland/village-2177
2178,wola-wadowska-subcarpathian-voivodeship-poland,Wola Wadowska,Poland,50.166290,21.116051,,0,1,http://www.yahadmap.org/en/wola-wadowska-subcarpathian-voivodeship-poland/village-2178
2179,d-browka-wis-ocka-radomy-l-wielki-subcarpathian-voivodeship-poland,Dąbrówka Wisłocka (Radomyśl Wielki),Poland,50.091560,21.207350,,0,1,http://www.yahadmap.org/en/d-browka-wis-ocka-radomy-l-wielki-subcarpathian-voivodeship-poland/village-2179
2180,przy-k-subcarpathian-voivodeship-poland,Przyłęk,Poland,50.168251,21.359270,,0,1,http://www.yahadmap.org/en/przy-k-subcarpathian-voivodeship-poland/village-2180
2181,nagoszyn-subcarpathian-voivodeship-poland,Nagoszyn,Poland,50.095211,21.230190,,0,1,http://www.yahadmap.org/en/nagoszyn-subcarpathian-voivodeship-poland/village-2181
949,ko-aczyce-subcarpathian-voivodeship-poland,Kołaczyce,Poland,49.481720,21.256689,,0,1,http://www.yahadmap.org/en/ko-aczyce-subcarpathian-voivodeship-poland/village-949
949,ko-aczyce-subcarpathian-voivodeship-poland,Kołaczyce,Poland,49.483009,21.259550,,0,1,http://www.yahadmap.org/en/ko-aczyce-subcarpathian-voivodeship-poland/village-949
,,Zręcin,Poland,49.400761,21.414961,,1,1,
,,Zwiernik,Poland,49.574749,21.135719,,1,1,
2184,trochenbrod-zofiowka-zofiivka-sofiewka-sofiivka-trokhimbrod-volyn-ukraine,"Trochenbrod/Zofiówka (Zofiivka, Sofiewka, Sofiivka, Trokhimbrod)",Ukraine,50.550369,25.410601,,0,2,http://www.yahadmap.org/en/trochenbrod-zofiowka-zofiivka-sofiewka-sofiivka-trokhimbrod-volyn-ukraine/village-2184
,,Salantai,Lithuania,56.027191,21.335279,,1,1,
,,Šateikiai,Lithuania,56.013710,21.393810,,1,1,
,,Šalynas,Lithuania,56.004269,21.309999,,1,1,
,,Viešvėnai I,Lithuania,55.563061,22.204010,,1,1,
,,Kuliai,Lithuania,55.501808,21.433130,,1,1,
,,Varniai,Lithuania,55.447159,22.228060,,1,1,
,,Dolný Turček,Slovakia,48.460541,18.542770,,1,1,
,,Zvolen,Slovakia,48.342449,19.070320,,1,1,
,,Dzięczyna,Poland,51.456459,16.513210,,1,1,
2194,tuliszkow-greater-poland-voivodeship-poland,Tuliszków,Poland,52.049438,18.171160,,0,1,http://www.yahadmap.org/en/tuliszkow-greater-poland-voivodeship-poland/village-2194
,,Leszno,Poland,51.508438,16.356331,,1,1,
2196,jedlec-greater-poland-voivodeship-poland,Jedlec,Poland,51.500061,17.567129,,0,3,http://www.yahadmap.org/en/jedlec-greater-poland-voivodeship-poland/village-2196
2197,warta-od-voivodeship-poland,Warta,Poland,51.429298,18.373400,,0,1,http://www.yahadmap.org/en/warta-od-voivodeship-poland/village-2197
1563,st-yca-lublin-poland,Stężyca,Poland,51.352470,21.450550,,0,1,http://www.yahadmap.org/en/st-yca-lublin-poland/village-1563
1583,riga-riga-latvia,Riga,Latvia,56.563229,24.091881,,0,2,http://www.yahadmap.org/en/riga-riga-latvia/village-1583
941,bircza-berch-subcarpathian-voivodeship-poland,Bircza (Berch),Poland,49.404530,22.285980,,0,1,http://www.yahadmap.org/en/bircza-berch-subcarpathian-voivodeship-poland/village-941
2055,nereta-nerft-zemgale-latvia,Nereta (Nerft),Latvia,56.113361,25.145950,,0,1,http://www.yahadmap.org/en/nereta-nerft-zemgale-latvia/village-2055
1707,aglona-latgale-latvia,Aglona,Latvia,56.071960,27.006050,,0,2,http://www.yahadmap.org/en/aglona-latgale-latvia/village-1707
,,Terespol,Poland,52.043789,23.370470,,1,1,
783,pravieni-scaron-k-s-praveniskiu-prawienischken-kaunas-lithuania,"Pravieniškės (Praveniskiu, Prawienischken)",Lithuania,54.553741,24.126530,,0,1,http://www.yahadmap.org/en/pravieni-scaron-k-s-praveniskiu-prawienischken-kaunas-lithuania/village-783
228,peremyshliany-przemy-lany-peremyshlyany-lviv-ukraine,"Peremyshliany (Przemyślany, Peremyshlyany)",Ukraine,49.405220,24.327620,,0,1,http://www.yahadmap.org/en/peremyshliany-przemy-lany-peremyshlyany-lviv-ukraine/village-228
2198,stryi-stryj-stryi-lviv-ukraine,"Stryi (Stryj, Stryï)",Ukraine,49.152229,23.493151,,0,2,http://www.yahadmap.org/en/stryi-stryj-stryi-lviv-ukraine/village-2198
,,Miedźna,Poland,49.583759,19.030279,,1,1,
,,Pszczyna,Poland,49.589230,18.558060,,1,1,
,,Kobielice,Poland,50.011158,18.507660,,1,1,
,,Suszec,Poland,50.015331,18.485830,,1,1,
,,Jastrzębie Zdrój,Poland,49.564331,18.387831,,1,1,
,,Studzionka,Poland,49.576500,18.464161,,1,1,
,,Brzeźce,Poland,49.590660,18.499001,,1,1,
,,Ćwiklice,Poland,49.585430,19.004230,,1,1,
,,Świerklany,Poland,50.010658,18.343161,,1,1,
,,Żory,Poland,50.024158,18.416660,,1,1,
,,Marklowice,Poland,50.011002,18.310329,,1,1,
,,Wodzisław Śląski,Poland,49.593330,18.294830,,1,1,
32,broshniv-osada-broszniow-osada-ivano-frankivsk-ukraine,Broshniv-Osada (Broszniów-Osada),Ukraine,48.599312,24.110510,,0,1,http://www.yahadmap.org/en/broshniv-osada-broszniow-osada-ivano-frankivsk-ukraine/village-32
2211,limba-i-lemsal-vidzeme-latvia,Limbaži (Lemsal),Latvia,57.308430,24.461500,,0,1,http://www.yahadmap.org/en/limba-i-lemsal-vidzeme-latvia/village-2211
2211,limba-i-lemsal-vidzeme-latvia,Limbaži (Lemsal),Latvia,57.302120,24.418261,,0,1,http://www.yahadmap.org/en/limba-i-lemsal-vidzeme-latvia/village-2211
2212,bl-zma-kurzeme-latvia,Blāzma,Latvia,57.213322,22.034321,,0,1,http://www.yahadmap.org/en/bl-zma-kurzeme-latvia/village-2212
,,Lutowiska,Poland,49.153118,22.414610,,1,2,
,,Tyrawa Wołoska,Poland,49.343410,22.221430,,1,1,
,,Harklowa,Poland,49.422081,21.211420,,1,1,
,,Augustów,Poland,53.511021,22.592400,,1,1,
