{"type":"FeatureCollection","features":[{"type":"Feature","properties":{"id":"01-0009-0","name":"Altdorf","hauptlager":"Auschwitz","typ":"KZ / Außenlager","func_1":2,"func_1_label":"Baumaterialien (Steinbruch, Ziegelei, Sägewerk)","func_2":0,"func_2_label":"Keine bekannte Arbeit","datum_eroeffnung":"1942-10-15","datum_schliessung":"1943-03-15","open_text":"\"October 1942\"","close_text":"\"March 1943\"","peak_population":20,"haftlinge":"Jewish","firmen":"Pless Forestry Management Office","nationen":"","lat":49.983299,"lon":18.9167,"koppermann_naehe":"kontext","quelle":"USHMM Encyclopedia of Camps and Ghettos Vol. 1 / Holocaust Geographies Collaborative (Knowles et al. 2014)"},"geometry":{"type":"Point","coordinates":[18.9167,49.983299]}},{"type":"Feature","properties":{"id":"01-0013-0","name":"Althammer","hauptlager":"Auschwitz","typ":"KZ / Außenlager","func_1":3,"func_1_label":"Bau (Gebäude, Straßen, Tunnel)","func_2":0,"func_2_label":"Keine bekannte Arbeit","datum_eroeffnung":"1944-09-15","datum_schliessung":"1945-01-15","open_text":"\"September 1944\"","close_text":"\"January 1945\"","peak_population":486,"haftlinge":"Jewish, one Gypsy","firmen":"","nationen":"France, Poland, Hungary, Dutch","lat":51.400001,"lon":17.466699,"koppermann_naehe":"kontext","quelle":"USHMM Encyclopedia of Camps and Ghettos Vol. 1 / Holocaust Geographies Collaborative (Knowles et al. 2014)"},"geometry":{"type":"Point","coordinates":[17.466699,51.400001]}},{"type":"Feature","properties":{"id":"01-0032-3","name":"Auschwitz I","hauptlager":"Auschwitz","typ":"KZ / Außenlager","func_1":6,"func_1_label":"SS-Lagerbau / Landwirtschaft","func_2":0,"func_2_label":"Keine bekannte Arbeit","datum_eroeffnung":"1940-06-15","datum_schliessung":"1945-01-15","open_text":"\"June 14, 1940\"","close_text":"","peak_population":0,"haftlinge":"Political Poles, Jews, handicapped, Protestant and Catholic clergy, Homosexuals, Jehovah's witnesses, other Politicals, Gypsys, Soviet POW","firmen":"IG Farben, Herman Goring Works, German Equipment Works, German Earth and Stone Company, Gollenschow Portland Cement Plant, German Food Concern Ltd.","nationen":"All over Europe","lat":50.026199,"lon":19.204099,"koppermann_naehe":"kontext","quelle":"USHMM Encyclopedia of Camps and Ghettos Vol. 1 / Holocaust Geographies Collaborative (Knowles et al. 2014)"},"geometry":{"type":"Point","coordinates":[19.204099,50.026199]}},{"type":"Feature","properties":{"id":"01-0033-3","name":"Auschwitz II Birkenau","hauptlager":"Auschwitz","typ":"KZ / Außenlager","func_1":3,"func_1_label":"Bau (Gebäude, Straßen, Tunnel)","func_2":6,"func_2_label":"SS-Lagerbau / Landwirtschaft","datum_eroeffnung":"1943-11-15","datum_schliessung":"1944-11-15","open_text":"\"November 22, 1943\"","close_text":"\"November 25, 1944\"","peak_population":0,"haftlinge":"Jews, Poles, Gypsys and Soviets","firmen":"","nationen":"All over Europe","lat":50.0371,"lon":19.1752,"koppermann_naehe":"kontext","quelle":"USHMM Encyclopedia of Camps and Ghettos Vol. 1 / Holocaust Geographies Collaborative (Knowles et al. 2014)"},"geometry":{"type":"Point","coordinates":[19.1752,50.0371]}},{"type":"Feature","properties":{"id":"01-0034-0","name":"Auschwitz III Monowitz","hauptlager":"Auschwitz","typ":"KZ / Außenlager","func_1":4,"func_1_label":"Rüstung / Munition","func_2":0,"func_2_label":"Keine bekannte Arbeit","datum_eroeffnung":"1941-04-15","datum_schliessung":"1945-01-15","open_text":"","close_text":"","peak_population":11000,"haftlinge":"","firmen":"","nationen":"","lat":50.031101,"lon":19.2915,"koppermann_naehe":"kontext","quelle":"USHMM Encyclopedia of Camps and Ghettos Vol. 1 / Holocaust Geographies Collaborative (Knowles et al. 2014)"},"geometry":{"type":"Point","coordinates":[19.2915,50.031101]}},{"type":"Feature","properties":{"id":"01-0036-3","name":"Babitz (both)","hauptlager":"Auschwitz","typ":"KZ / Außenlager","func_1":3,"func_1_label":"Bau (Gebäude, Straßen, Tunnel)","func_2":6,"func_2_label":"SS-Lagerbau / Landwirtschaft","datum_eroeffnung":"1943-03-15","datum_schliessung":"1944-07-15","open_text":"\"March 1943\"","close_text":"\"July 1944- women moved to Birkenau, mens still open\"","peak_population":200,"haftlinge":"Jewish, Russians","firmen":"","nationen":"Greek, Polish, Russian","lat":50.166698,"lon":17.9167,"koppermann_naehe":"kontext","quelle":"USHMM Encyclopedia of Camps and Ghettos Vol. 1 / Holocaust Geographies Collaborative (Knowles et al. 2014)"},"geometry":{"type":"Point","coordinates":[17.9167,50.166698]}},{"type":"Feature","properties":{"id":"01-0036-1","name":"Babitz (men)","hauptlager":"Auschwitz","typ":"KZ / Außenlager","func_1":3,"func_1_label":"Bau (Gebäude, Straßen, Tunnel)","func_2":6,"func_2_label":"SS-Lagerbau / Landwirtschaft","datum_eroeffnung":"1943-03-15","datum_schliessung":"1945-01-15","open_text":"\"March 1943\"","close_text":"\"July 1944- women moved to Birkenau, men evacuated January 17, 1945\"","peak_population":0,"haftlinge":"Jewish, Russians","firmen":"","nationen":"Greek, Polish, Russian","lat":50.166698,"lon":17.9167,"koppermann_naehe":"kontext","quelle":"USHMM Encyclopedia of Camps and Ghettos Vol. 1 / Holocaust Geographies Collaborative (Knowles et al. 2014)"},"geometry":{"type":"Point","coordinates":[17.9167,50.166698]}},{"type":"Feature","properties":{"id":"01-0105-3","name":"Bismarckhütte [aka Königshütte]","hauptlager":"Auschwitz","typ":"KZ / Außenlager","func_1":4,"func_1_label":"Rüstung / Munition","func_2":3,"func_2_label":"Bau (Gebäude, Straßen, Tunnel)","datum_eroeffnung":"1944-09-15","datum_schliessung":"1945-01-15","open_text":"\"September 1944\"","close_text":"\"January 18, 1945\"","peak_population":200,"haftlinge":"Jewish","firmen":"","nationen":"All over Europe","lat":50.2667,"lon":18.95,"koppermann_naehe":"kontext","quelle":"USHMM Encyclopedia of Camps and Ghettos Vol. 1 / Holocaust Geographies Collaborative (Knowles et al. 2014)"},"geometry":{"type":"Point","coordinates":[18.95,50.2667]}},{"type":"Feature","properties":{"id":"01-0109-3","name":"Blechhammer","hauptlager":"Auschwitz","typ":"KZ / Außenlager","func_1":9,"func_1_label":"Öl- und Kohleproduktion","func_2":0,"func_2_label":"Keine bekannte Arbeit","datum_eroeffnung":"1944-04-15","datum_schliessung":"1945-01-15","open_text":"\"April 1, 1944\"","close_text":"\"January, 1945\"","peak_population":4000,"haftlinge":"Jewish","firmen":"Oberschlesische Hydrierwerke AG","nationen":"All over Europe","lat":50.366699,"lon":18.2833,"koppermann_naehe":"kontext","quelle":"USHMM Encyclopedia of Camps and Ghettos Vol. 1 / Holocaust Geographies Collaborative (Knowles et al. 2014)"},"geometry":{"type":"Point","coordinates":[18.2833,50.366699]}},{"type":"Feature","properties":{"id":"02-0065-0","name":"Bergen-Belsen","hauptlager":"Bergen-Belsen","typ":"KZ / Außenlager","func_1":0,"func_1_label":"Keine bekannte Arbeit","func_2":0,"func_2_label":"Keine bekannte Arbeit","datum_eroeffnung":"1943-03-15","datum_schliessung":"1945-04-15","open_text":"","close_text":"","peak_population":55000,"haftlinge":"","firmen":"","nationen":"","lat":52.758899,"lon":9.907099,"koppermann_naehe":"kontext","quelle":"USHMM Encyclopedia of Camps and Ghettos Vol. 1 / Holocaust Geographies Collaborative (Knowles et al. 2014)"},"geometry":{"type":"Point","coordinates":[9.907099,52.758899]}},{"type":"Feature","properties":{"id":"04-0114-0","name":"Bochum (Bochumer Verein)","hauptlager":"Buchenwald","typ":"KZ / Außenlager","func_1":4,"func_1_label":"Rüstung / Munition","func_2":0,"func_2_label":"Keine bekannte Arbeit","datum_eroeffnung":"1944-06-15","datum_schliessung":"1945-03-15","open_text":"\"June 27, 1944\"","close_text":"\"March 16, 1945\"","peak_population":1706,"haftlinge":"","firmen":"","nationen":"","lat":51.483299,"lon":7.2167,"koppermann_naehe":"kontext","quelle":"USHMM Encyclopedia of Camps and Ghettos Vol. 1 / Holocaust Geographies Collaborative (Knowles et al. 2014)"},"geometry":{"type":"Point","coordinates":[7.2167,51.483299]}},{"type":"Feature","properties":{"id":"05-0504-0","name":"Kleve","hauptlager":"Early","typ":"Frühes KZ","func_1":1,"func_1_label":"Unbekannte/unspezifische Arbeit","func_2":0,"func_2_label":"Keine bekannte Arbeit","datum_eroeffnung":"1933-04-15","datum_schliessung":null,"open_text":"\"April 1, 1933\"","close_text":"","peak_population":0,"haftlinge":"","firmen":"","nationen":"","lat":51.783298,"lon":6.15,"koppermann_naehe":"kontext","quelle":"USHMM Encyclopedia of Camps and Ghettos Vol. 1 / Holocaust Geographies Collaborative (Knowles et al. 2014)"},"geometry":{"type":"Point","coordinates":[6.15,51.783298]}},{"type":"Feature","properties":{"id":"01-0112-3","name":"Bobrek","hauptlager":"Auschwitz","typ":"KZ / Außenlager","func_1":3,"func_1_label":"Bau (Gebäude, Straßen, Tunnel)","func_2":4,"func_2_label":"Rüstung / Munition","datum_eroeffnung":"1944-01-15","datum_schliessung":"1945-01-15","open_text":"\"January 1944\"","close_text":"\"January 17, 1945\"","peak_population":251,"haftlinge":"Jewish, others","firmen":"Siemens","nationen":"All over Europe","lat":50.333301,"lon":18.866699,"koppermann_naehe":"kontext","quelle":"USHMM Encyclopedia of Camps and Ghettos Vol. 1 / Holocaust Geographies Collaborative (Knowles et al. 2014)"},"geometry":{"type":"Point","coordinates":[18.866699,50.333301]}},{"type":"Feature","properties":{"id":"01-0155-3","name":"Brünn","hauptlager":"Auschwitz","typ":"KZ / Außenlager","func_1":3,"func_1_label":"Bau (Gebäude, Straßen, Tunnel)","func_2":0,"func_2_label":"Keine bekannte Arbeit","datum_eroeffnung":"1943-10-15","datum_schliessung":"1945-01-15","open_text":"\"October 2, 1943\"","close_text":"\"January 17, 1945\"","peak_population":251,"haftlinge":"Jewish, Polish","firmen":"Police Engineering Academy","nationen":"Mostly Poles","lat":49.2,"lon":16.6333,"koppermann_naehe":"kontext","quelle":"USHMM Encyclopedia of Camps and Ghettos Vol. 1 / Holocaust Geographies Collaborative (Knowles et al. 2014)"},"geometry":{"type":"Point","coordinates":[16.6333,49.2]}},{"type":"Feature","properties":{"id":"01-0160-3","name":"Budy","hauptlager":"Auschwitz","typ":"KZ / Außenlager","func_1":6,"func_1_label":"SS-Lagerbau / Landwirtschaft","func_2":0,"func_2_label":"Keine bekannte Arbeit","datum_eroeffnung":"1942-04-15","datum_schliessung":"1945-01-15","open_text":"\"April 1942\"","close_text":"\"January 17, 1945\"","peak_population":388,"haftlinge":"Jewish, other","firmen":"","nationen":"Poles, French, Belgians, Czechs, Russians, a few Germans, Gypsies, Greek jews.","lat":49.983299,"lon":19.149999,"koppermann_naehe":"kontext","quelle":"USHMM Encyclopedia of Camps and Ghettos Vol. 1 / Holocaust Geographies Collaborative (Knowles et al. 2014)"},"geometry":{"type":"Point","coordinates":[19.149999,49.983299]}},{"type":"Feature","properties":{"id":"01-0167-3","name":"Charlottengrube","hauptlager":"Auschwitz","typ":"KZ / Außenlager","func_1":9,"func_1_label":"Öl- und Kohleproduktion","func_2":0,"func_2_label":"Keine bekannte Arbeit","datum_eroeffnung":"1944-09-15","datum_schliessung":"1945-01-15","open_text":"\"September 19, 1944\"","close_text":"","peak_population":1050,"haftlinge":"Jewish","firmen":"Hermann Göring Werke","nationen":"All over Europe","lat":50.066699,"lon":18.4333,"koppermann_naehe":"kontext","quelle":"USHMM Encyclopedia of Camps and Ghettos Vol. 1 / Holocaust Geographies Collaborative (Knowles et al. 2014)"},"geometry":{"type":"Point","coordinates":[18.4333,50.066699]}},{"type":"Feature","properties":{"id":"01-0169-3","name":"Chelmek-Paprotnik [aka Chelmek]","hauptlager":"Auschwitz","typ":"KZ / Außenlager","func_1":6,"func_1_label":"SS-Lagerbau / Landwirtschaft","func_2":0,"func_2_label":"Keine bekannte Arbeit","datum_eroeffnung":"1942-10-15","datum_schliessung":"1942-12-15","open_text":"\"October 1942\"","close_text":"","peak_population":150,"haftlinge":"Jewish","firmen":"Bata Shoe Factory","nationen":"All over Europe","lat":50.099998,"lon":19.2667,"koppermann_naehe":"kontext","quelle":"USHMM Encyclopedia of Camps and Ghettos Vol. 1 / Holocaust Geographies Collaborative (Knowles et al. 2014)"},"geometry":{"type":"Point","coordinates":[19.2667,50.099998]}},{"type":"Feature","properties":{"id":"01-0244-3","name":"Eintrachthütte","hauptlager":"Auschwitz","typ":"KZ / Außenlager","func_1":4,"func_1_label":"Rüstung / Munition","func_2":0,"func_2_label":"Keine bekannte Arbeit","datum_eroeffnung":"1943-05-15","datum_schliessung":"1945-01-15","open_text":"\"May 26, 1943\"","close_text":"","peak_population":1297,"haftlinge":"Jewish, Polish, Russian POW","firmen":"","nationen":"French, Czech, Poles, Belgian, Dutch, Bohemian, Slavic, Hungarian","lat":50.283298,"lon":18.9167,"koppermann_naehe":"kontext","quelle":"USHMM Encyclopedia of Camps and Ghettos Vol. 1 / Holocaust Geographies Collaborative (Knowles et al. 2014)"},"geometry":{"type":"Point","coordinates":[18.9167,50.283298]}},{"type":"Feature","properties":{"id":"01-0294-0","name":"Freudenthal","hauptlager":"Auschwitz","typ":"KZ / Außenlager","func_1":5,"func_1_label":"Nicht-Rüstungsproduktion (Textil, Glas, Lebensmittel)","func_2":0,"func_2_label":"Keine bekannte Arbeit","datum_eroeffnung":"1944-10-15","datum_schliessung":"1945-05-15","open_text":"\"Probably came into being in October 1944\"","close_text":"","peak_population":301,"haftlinge":"","firmen":"E. Machold textile factory","nationen":"","lat":49.983299,"lon":17.466699,"koppermann_naehe":"kontext","quelle":"USHMM Encyclopedia of Camps and Ghettos Vol. 1 / Holocaust Geographies Collaborative (Knowles et al. 2014)"},"geometry":{"type":"Point","coordinates":[17.466699,49.983299]}},{"type":"Feature","properties":{"id":"01-0302-3","name":"Fürstengrube","hauptlager":"Auschwitz","typ":"KZ / Außenlager","func_1":9,"func_1_label":"Öl- und Kohleproduktion","func_2":3,"func_2_label":"Bau (Gebäude, Straßen, Tunnel)","datum_eroeffnung":"1943-09-15","datum_schliessung":"1945-01-15","open_text":"\"Early September 1943\"","close_text":"","peak_population":1283,"haftlinge":"Jewish, mostly Polish Jews","firmen":"of IG Farbenindustrie AG and Fürstengrube GmbH","nationen":"French, Czech, Poles, Belgian, Dutch, Greek, Hungarian, German, Austrian","lat":50.733299,"lon":18.983299,"koppermann_naehe":"kontext","quelle":"USHMM Encyclopedia of Camps and Ghettos Vol. 1 / Holocaust Geographies Collaborative (Knowles et al. 2014)"},"geometry":{"type":"Point","coordinates":[18.983299,50.733299]}},{"type":"Feature","properties":{"id":"01-0325-3","name":"Gleiwitz I","hauptlager":"Auschwitz","typ":"KZ / Außenlager","func_1":5,"func_1_label":"Nicht-Rüstungsproduktion (Textil, Glas, Lebensmittel)","func_2":0,"func_2_label":"Keine bekannte Arbeit","datum_eroeffnung":"1944-03-15","datum_schliessung":"1945-01-15","open_text":"\"March 1944\"","close_text":"\"January 18, 1945\"","peak_population":1336,"haftlinge":"Jewish","firmen":"","nationen":"Bohemian, Slovs, Yugoslavs, Hungarian, Itailian, Ukranian, Russian, Polish","lat":50.283298,"lon":18.6667,"koppermann_naehe":"kontext","quelle":"USHMM Encyclopedia of Camps and Ghettos Vol. 1 / Holocaust Geographies Collaborative (Knowles et al. 2014)"},"geometry":{"type":"Point","coordinates":[18.6667,50.283298]}},{"type":"Feature","properties":{"id":"01-0326-3","name":"Gleiwitz II","hauptlager":"Auschwitz","typ":"KZ / Außenlager","func_1":9,"func_1_label":"Öl- und Kohleproduktion","func_2":0,"func_2_label":"Keine bekannte Arbeit","datum_eroeffnung":"1944-05-15","datum_schliessung":"1945-01-15","open_text":"\"May 3, 1944\"","close_text":"","peak_population":1111,"haftlinge":"Jewish","firmen":"German Deutsche Gasrusswerke company","nationen":"Silesia, Hungarian, Poles","lat":50.2945,"lon":18.6714,"koppermann_naehe":"kontext","quelle":"USHMM Encyclopedia of Camps and Ghettos Vol. 1 / Holocaust Geographies Collaborative (Knowles et al. 2014)"},"geometry":{"type":"Point","coordinates":[18.6714,50.2945]}},{"type":"Feature","properties":{"id":"07-0639-0","name":"Morchenstern","hauptlager":"Gross Rosen","typ":"KZ / Außenlager","func_1":4,"func_1_label":"Rüstung / Munition","func_2":0,"func_2_label":"Keine bekannte Arbeit","datum_eroeffnung":"1945-02-15","datum_schliessung":"1945-05-15","open_text":"\"Febraury 19, 1945\"","close_text":"\"May 1, 1945\"","peak_population":300,"haftlinge":"","firmen":"","nationen":"","lat":50.733299,"lon":15.2333,"koppermann_naehe":"kontext","quelle":"USHMM Encyclopedia of Camps and Ghettos Vol. 1 / Holocaust Geographies Collaborative (Knowles et al. 2014)"},"geometry":{"type":"Point","coordinates":[15.2333,50.733299]}},{"type":"Feature","properties":{"id":"01-0327-1","name":"Gleiwitz III","hauptlager":"Auschwitz","typ":"KZ / Außenlager","func_1":4,"func_1_label":"Rüstung / Munition","func_2":0,"func_2_label":"Keine bekannte Arbeit","datum_eroeffnung":"1944-05-15","datum_schliessung":"1945-01-15","open_text":"\"Spring 1944\"","close_text":"","peak_population":609,"haftlinge":"Jewish","firmen":"Zieleniewski Works","nationen":"Poles","lat":50.2945,"lon":18.6714,"koppermann_naehe":"kontext","quelle":"USHMM Encyclopedia of Camps and Ghettos Vol. 1 / Holocaust Geographies Collaborative (Knowles et al. 2014)"},"geometry":{"type":"Point","coordinates":[18.6714,50.2945]}},{"type":"Feature","properties":{"id":"01-0328-3","name":"Gleiwitz IV","hauptlager":"Auschwitz","typ":"KZ / Außenlager","func_1":7,"func_1_label":"Ziviler Verteidigungsbau (Bunker, Trümmerräumung)","func_2":3,"func_2_label":"Bau (Gebäude, Straßen, Tunnel)","datum_eroeffnung":"1944-06-15","datum_schliessung":"1945-01-15","open_text":"\"June 1944\"","close_text":"","peak_population":380,"haftlinge":"Jewish, Russians","firmen":"Hahn Company, Heeresbauverwaltung Gleiwitz (Land Army Engineering Corps in Gleiwitz","nationen":"Russians, Poles","lat":50.2945,"lon":18.6714,"koppermann_naehe":"kontext","quelle":"USHMM Encyclopedia of Camps and Ghettos Vol. 1 / Holocaust Geographies Collaborative (Knowles et al. 2014)"},"geometry":{"type":"Point","coordinates":[18.6714,50.2945]}},{"type":"Feature","properties":{"id":"01-0333-0","name":"Golleschau","hauptlager":"Auschwitz","typ":"KZ / Außenlager","func_1":3,"func_1_label":"Bau (Gebäude, Straßen, Tunnel)","func_2":0,"func_2_label":"Keine bekannte Arbeit","datum_eroeffnung":"1942-08-15","datum_schliessung":"1945-01-15","open_text":"\"August 1942\"","close_text":"","peak_population":1059,"haftlinge":"Jewish, Poles, Russians","firmen":"","nationen":"Poles, French, Russians, Czechs, Hungarians, Greeks,","lat":49.733299,"lon":18.75,"koppermann_naehe":"kontext","quelle":"USHMM Encyclopedia of Camps and Ghettos Vol. 1 / Holocaust Geographies Collaborative (Knowles et al. 2014)"},"geometry":{"type":"Point","coordinates":[18.75,49.733299]}},{"type":"Feature","properties":{"id":"01-0365-0","name":"Günthergrube","hauptlager":"Auschwitz","typ":"KZ / Außenlager","func_1":9,"func_1_label":"Öl- und Kohleproduktion","func_2":0,"func_2_label":"Keine bekannte Arbeit","datum_eroeffnung":"1944-02-15","datum_schliessung":"1945-01-15","open_text":"\"Late January/Early February 1944\"","close_text":"","peak_population":600,"haftlinge":"Jewish, Very few germans/Poles","firmen":"Fürstlich Plessische Bergwerks AG corporation","nationen":"French, Dutch, Polish jews","lat":50.233299,"lon":19.149999,"koppermann_naehe":"kontext","quelle":"USHMM Encyclopedia of Camps and Ghettos Vol. 1 / Holocaust Geographies Collaborative (Knowles et al. 2014)"},"geometry":{"type":"Point","coordinates":[19.149999,50.233299]}},{"type":"Feature","properties":{"id":"01-0413-3","name":"Harmense","hauptlager":"Auschwitz","typ":"KZ / Außenlager","func_1":6,"func_1_label":"SS-Lagerbau / Landwirtschaft","func_2":0,"func_2_label":"Keine bekannte Arbeit","datum_eroeffnung":"1941-12-15","datum_schliessung":"1945-01-15","open_text":"\"December 8, 1941\"","close_text":"","peak_population":106,"haftlinge":"Jewish","firmen":"Farming","nationen":"Poles, Germans","lat":50.0167,"lon":19.149999,"koppermann_naehe":"kontext","quelle":"USHMM Encyclopedia of Camps and Ghettos Vol. 1 / Holocaust Geographies Collaborative (Knowles et al. 2014)"},"geometry":{"type":"Point","coordinates":[19.149999,50.0167]}},{"type":"Feature","properties":{"id":"01-0440-3","name":"Hindenburg O.S.","hauptlager":"Auschwitz","typ":"KZ / Außenlager","func_1":4,"func_1_label":"Rüstung / Munition","func_2":0,"func_2_label":"Keine bekannte Arbeit","datum_eroeffnung":"1944-08-15","datum_schliessung":"1945-01-15","open_text":"\"August 1944\"","close_text":"\"January 19, 1945\"","peak_population":541,"haftlinge":"Mostly Polish Jews","firmen":"Vereinigte Oberschlesische Hüttenwerke A.G","nationen":"Slavs, Poles, Gypsy, Czech","lat":50.316699,"lon":18.7833,"koppermann_naehe":"kontext","quelle":"USHMM Encyclopedia of Camps and Ghettos Vol. 1 / Holocaust Geographies Collaborative (Knowles et al. 2014)"},"geometry":{"type":"Point","coordinates":[18.7833,50.316699]}},{"type":"Feature","properties":{"id":"01-0448-0","name":"Hohenlinde [aka Hubertushütte]","hauptlager":"Auschwitz","typ":"KZ / Außenlager","func_1":3,"func_1_label":"Bau (Gebäude, Straßen, Tunnel)","func_2":4,"func_2_label":"Rüstung / Munition","datum_eroeffnung":"1944-12-15","datum_schliessung":"1945-01-15","open_text":"\"December 1944\"","close_text":"\"January 18/19, 1945\"","peak_population":202,"haftlinge":"Jewish","firmen":"","nationen":"","lat":50.333301,"lon":18.9333,"koppermann_naehe":"kontext","quelle":"USHMM Encyclopedia of Camps and Ghettos Vol. 1 / Holocaust Geographies Collaborative (Knowles et al. 2014)"},"geometry":{"type":"Point","coordinates":[18.9333,50.333301]}},{"type":"Feature","properties":{"id":"01-0465-0","name":"Janinagrube [aka Johannagrube, Gute Hoffnungsgrube]","hauptlager":"Auschwitz","typ":"KZ / Außenlager","func_1":9,"func_1_label":"Öl- und Kohleproduktion","func_2":0,"func_2_label":"Keine bekannte Arbeit","datum_eroeffnung":"1943-09-15","datum_schliessung":"1945-01-15","open_text":"\"September 4, 1943\"","close_text":"","peak_population":877,"haftlinge":"First a few British POW, but replaced by Jews","firmen":"IG Farbenindustrie","nationen":"Polish Jews, Polish, German","lat":50.099998,"lon":19.316699,"koppermann_naehe":"kontext","quelle":"USHMM Encyclopedia of Camps and Ghettos Vol. 1 / Holocaust Geographies Collaborative (Knowles et al. 2014)"},"geometry":{"type":"Point","coordinates":[19.316699,50.099998]}},{"type":"Feature","properties":{"id":"01-0467-0","name":"Jawischowitz","hauptlager":"Auschwitz","typ":"KZ / Außenlager","func_1":9,"func_1_label":"Öl- und Kohleproduktion","func_2":0,"func_2_label":"Keine bekannte Arbeit","datum_eroeffnung":"1942-08-15","datum_schliessung":"1945-01-15","open_text":"\"August 15, 1942\"","close_text":"","peak_population":1948,"haftlinge":"Jewish","firmen":"Hermann Göring Werke","nationen":"All over Europe","lat":49.95,"lon":19.149999,"koppermann_naehe":"kontext","quelle":"USHMM Encyclopedia of Camps and Ghettos Vol. 1 / Holocaust Geographies Collaborative (Knowles et al. 2014)"},"geometry":{"type":"Point","coordinates":[19.149999,49.95]}},{"type":"Feature","properties":{"id":"01-0483-0","name":"Kattowitz","hauptlager":"Auschwitz","typ":"KZ / Außenlager","func_1":7,"func_1_label":"Ziviler Verteidigungsbau (Bunker, Trümmerräumung)","func_2":0,"func_2_label":"Keine bekannte Arbeit","datum_eroeffnung":"1944-01-15","datum_schliessung":"1945-01-15","open_text":"\"January 1944\"","close_text":"\"January 1945\"","peak_population":10,"haftlinge":"","firmen":"","nationen":"","lat":50.2667,"lon":19.0167,"koppermann_naehe":"kontext","quelle":"USHMM Encyclopedia of Camps and Ghettos Vol. 1 / Holocaust Geographies Collaborative (Knowles et al. 2014)"},"geometry":{"type":"Point","coordinates":[19.0167,50.2667]}},{"type":"Feature","properties":{"id":"10-0757-0","name":"Palemonas","hauptlager":"Kauen","typ":"KZ / Außenlager","func_1":6,"func_1_label":"SS-Lagerbau / Landwirtschaft","func_2":5,"func_2_label":"Nicht-Rüstungsproduktion (Textil, Glas, Lebensmittel)","datum_eroeffnung":null,"datum_schliessung":"1944-07-15","open_text":"","close_text":"\"Evacuated July 7, 1944\"","peak_population":150,"haftlinge":"","firmen":"","nationen":"","lat":54.91096,"lon":24.050494,"koppermann_naehe":"kontext","quelle":"USHMM Encyclopedia of Camps and Ghettos Vol. 1 / Holocaust Geographies Collaborative (Knowles et al. 2014)"},"geometry":{"type":"Point","coordinates":[24.050494,54.91096]}},{"type":"Feature","properties":{"id":"12-0111-0","name":"Blizyn","hauptlager":"Lublin","typ":"KZ / Außenlager","func_1":4,"func_1_label":"Rüstung / Munition","func_2":2,"func_2_label":"Baumaterialien (Steinbruch, Ziegelei, Sägewerk)","datum_eroeffnung":"1943-03-15","datum_schliessung":"1944-07-15","open_text":"\"March 8, 1943\"","close_text":"\"Last prisoners evacuated by July 30, 1944\"","peak_population":5500,"haftlinge":"","firmen":"Ostindustrie GmbH, later Deutsche Ausrustungswerke GmbH (DAW), Deutsch Erd- und Steinwerke GmbH (DESt)","nationen":"","lat":51.1167,"lon":20.75,"koppermann_naehe":"operationsgebiet","quelle":"USHMM Encyclopedia of Camps and Ghettos Vol. 1 / Holocaust Geographies Collaborative (Knowles et al. 2014)"},"geometry":{"type":"Point","coordinates":[20.75,51.1167]}},{"type":"Feature","properties":{"id":"01-0507-0","name":"Kobier","hauptlager":"Auschwitz","typ":"KZ / Außenlager","func_1":2,"func_1_label":"Baumaterialien (Steinbruch, Ziegelei, Sägewerk)","func_2":0,"func_2_label":"Keine bekannte Arbeit","datum_eroeffnung":"1942-06-15","datum_schliessung":"1943-08-15","open_text":"\"Fall 1942\"","close_text":"\"August 28, 1943\"","peak_population":150,"haftlinge":"Mostly Jews, some Poles, Russians and Germans","firmen":"Pszczyna Forest Management Agency","nationen":"Polish Jews, French, Belgian, Czech, German,Russian","lat":50.066699,"lon":18.95,"koppermann_naehe":"kontext","quelle":"USHMM Encyclopedia of Camps and Ghettos Vol. 1 / Holocaust Geographies Collaborative (Knowles et al. 2014)"},"geometry":{"type":"Point","coordinates":[18.95,50.066699]}},{"type":"Feature","properties":{"id":"01-0540-0","name":"Lagischa","hauptlager":"Auschwitz","typ":"KZ / Außenlager","func_1":3,"func_1_label":"Bau (Gebäude, Straßen, Tunnel)","func_2":0,"func_2_label":"Keine bekannte Arbeit","datum_eroeffnung":"1943-09-15","datum_schliessung":"1945-01-15","open_text":"\"September 8, 1943\"","close_text":"\"January 1945?\"","peak_population":725,"haftlinge":"Mostly Polish and French Jews, some Poles and Russians","firmen":"Energie  Versorgung Oberschlesien","nationen":"Polish, French, Russian","lat":50.349998,"lon":19.1333,"koppermann_naehe":"kontext","quelle":"USHMM Encyclopedia of Camps and Ghettos Vol. 1 / Holocaust Geographies Collaborative (Knowles et al. 2014)"},"geometry":{"type":"Point","coordinates":[19.1333,50.349998]}},{"type":"Feature","properties":{"id":"01-0559-0","name":"Laurahütte","hauptlager":"Auschwitz","typ":"KZ / Außenlager","func_1":4,"func_1_label":"Rüstung / Munition","func_2":0,"func_2_label":"Keine bekannte Arbeit","datum_eroeffnung":"1941-06-15","datum_schliessung":"1945-01-15","open_text":"\"Late March or Early April 1941\"","close_text":"","peak_population":937,"haftlinge":"Jewish","firmen":"Oberschlesische Gerätebau GmbH","nationen":"French, Belgian, Dutch","lat":50.299999,"lon":19.0333,"koppermann_naehe":"kontext","quelle":"USHMM Encyclopedia of Camps and Ghettos Vol. 1 / Holocaust Geographies Collaborative (Knowles et al. 2014)"},"geometry":{"type":"Point","coordinates":[19.0333,50.299999]}},{"type":"Feature","properties":{"id":"01-0578-2","name":"Lichtewerden","hauptlager":"Auschwitz","typ":"KZ / Außenlager","func_1":5,"func_1_label":"Nicht-Rüstungsproduktion (Textil, Glas, Lebensmittel)","func_2":0,"func_2_label":"Keine bekannte Arbeit","datum_eroeffnung":"1944-11-15","datum_schliessung":"1945-05-15","open_text":"\"November 11, 1944\"","close_text":"","peak_population":300,"haftlinge":"Jewish","firmen":"G.A. Buhl u Sohn","nationen":"Czech, Polish, Slovak","lat":50.049999,"lon":17.4167,"koppermann_naehe":"kontext","quelle":"USHMM Encyclopedia of Camps and Ghettos Vol. 1 / Holocaust Geographies Collaborative (Knowles et al. 2014)"},"geometry":{"type":"Point","coordinates":[17.4167,50.049999]}},{"type":"Feature","properties":{"id":"01-0700-3","name":"Neu-Dachs","hauptlager":"Auschwitz","typ":"KZ / Außenlager","func_1":9,"func_1_label":"Öl- und Kohleproduktion","func_2":3,"func_2_label":"Bau (Gebäude, Straßen, Tunnel)","datum_eroeffnung":"1943-06-15","datum_schliessung":"1945-01-15","open_text":"\"June 15, 1943\"","close_text":"\"January 1945\"","peak_population":3664,"haftlinge":"Jewish, some Poles","firmen":"Energieversorgung Oberschlesien Akiengesellschaft","nationen":"Greek, Polish, Yugoslavs, Hugnary, Czech, French, German","lat":50.1333,"lon":19.2667,"koppermann_naehe":"kontext","quelle":"USHMM Encyclopedia of Camps and Ghettos Vol. 1 / Holocaust Geographies Collaborative (Knowles et al. 2014)"},"geometry":{"type":"Point","coordinates":[19.2667,50.1333]}},{"type":"Feature","properties":{"id":"01-0712-2","name":"Neustadt O/S","hauptlager":"Auschwitz","typ":"KZ / Außenlager","func_1":5,"func_1_label":"Nicht-Rüstungsproduktion (Textil, Glas, Lebensmittel)","func_2":0,"func_2_label":"Keine bekannte Arbeit","datum_eroeffnung":"1944-09-15","datum_schliessung":"1945-01-15","open_text":"\"September 1944\"","close_text":"","peak_population":0,"haftlinge":"Jewish","firmen":"Schlesische Feinweberei","nationen":"","lat":50.316699,"lon":17.583299,"koppermann_naehe":"kontext","quelle":"USHMM Encyclopedia of Camps and Ghettos Vol. 1 / Holocaust Geographies Collaborative (Knowles et al. 2014)"},"geometry":{"type":"Point","coordinates":[17.583299,50.316699]}},{"type":"Feature","properties":{"id":"01-0776-3","name":"Plawy [aka Wirtschaftshof Plawy, Gut Plawy]","hauptlager":"Auschwitz","typ":"KZ / Außenlager","func_1":6,"func_1_label":"SS-Lagerbau / Landwirtschaft","func_2":0,"func_2_label":"Keine bekannte Arbeit","datum_eroeffnung":"1945-01-15","datum_schliessung":"1945-01-15","open_text":"\"January 3, 1945?\"","close_text":"","peak_population":338,"haftlinge":"Mostly Russian and Jewish","firmen":"","nationen":"Polish, Hungarian, Russian","lat":50.033298,"lon":19.149999,"koppermann_naehe":"kontext","quelle":"USHMM Encyclopedia of Camps and Ghettos Vol. 1 / Holocaust Geographies Collaborative (Knowles et al. 2014)"},"geometry":{"type":"Point","coordinates":[19.149999,50.033298]}},{"type":"Feature","properties":{"id":"01-0801-0","name":"Radostowitz","hauptlager":"Auschwitz","typ":"KZ / Außenlager","func_1":2,"func_1_label":"Baumaterialien (Steinbruch, Ziegelei, Sägewerk)","func_2":0,"func_2_label":"Keine bekannte Arbeit","datum_eroeffnung":"1942-06-15","datum_schliessung":"1943-06-15","open_text":"\"1942\"","close_text":"\"1943\"","peak_population":20,"haftlinge":"Jewish","firmen":"Pless Forestry Management Office","nationen":"","lat":50.0167,"lon":18.899999,"koppermann_naehe":"kontext","quelle":"USHMM Encyclopedia of Camps and Ghettos Vol. 1 / Holocaust Geographies Collaborative (Knowles et al. 2014)"},"geometry":{"type":"Point","coordinates":[18.899999,50.0167]}},{"type":"Feature","properties":{"id":"01-0803-3","name":"Rajsko","hauptlager":"Auschwitz","typ":"KZ / Außenlager","func_1":6,"func_1_label":"SS-Lagerbau / Landwirtschaft","func_2":3,"func_2_label":"Bau (Gebäude, Straßen, Tunnel)","datum_eroeffnung":"1943-06-15","datum_schliessung":"1945-01-15","open_text":"\"June 12, 1943\"","close_text":"","peak_population":450,"haftlinge":"Jewish","firmen":"IG Farben","nationen":"Polish, Russian","lat":50.0167,"lon":19.1833,"koppermann_naehe":"kontext","quelle":"USHMM Encyclopedia of Camps and Ghettos Vol. 1 / Holocaust Geographies Collaborative (Knowles et al. 2014)"},"geometry":{"type":"Point","coordinates":[19.1833,50.0167]}},{"type":"Feature","properties":{"id":"01-0910-0","name":"Sosnowitz (OSMAG)","hauptlager":"Auschwitz","typ":"KZ / Außenlager","func_1":3,"func_1_label":"Bau (Gebäude, Straßen, Tunnel)","func_2":0,"func_2_label":"Keine bekannte Arbeit","datum_eroeffnung":"1943-08-15","datum_schliessung":"1944-02-15","open_text":"\"August 1943\"","close_text":"\"February 1944\"","peak_population":100,"haftlinge":"Mostly Polish, some Jews and Germans","firmen":"","nationen":"Poles, Polish And French Jews, Germans","lat":50.299999,"lon":19.1667,"koppermann_naehe":"kontext","quelle":"USHMM Encyclopedia of Camps and Ghettos Vol. 1 / Holocaust Geographies Collaborative (Knowles et al. 2014)"},"geometry":{"type":"Point","coordinates":[19.1667,50.299999]}},{"type":"Feature","properties":{"id":"12-0794-0","name":"Pulawy [aka Pulawy Stadt]","hauptlager":"Lublin","typ":"KZ / Außenlager","func_1":2,"func_1_label":"Baumaterialien (Steinbruch, Ziegelei, Sägewerk)","func_2":0,"func_2_label":"Keine bekannte Arbeit","datum_eroeffnung":"1943-06-15","datum_schliessung":"1944-07-15","open_text":"\"Summer 1943\"","close_text":"\"Camp closed July 22, 1944\"","peak_population":400,"haftlinge":"","firmen":"","nationen":"","lat":51.4167,"lon":21.9667,"koppermann_naehe":"operationsgebiet","quelle":"USHMM Encyclopedia of Camps and Ghettos Vol. 1 / Holocaust Geographies Collaborative (Knowles et al. 2014)"},"geometry":{"type":"Point","coordinates":[21.9667,51.4167]}},{"type":"Feature","properties":{"id":"15-0369-0","name":"Guttenbach [also Binau and Neunkirchen (Fahrbereitschaft)]","hauptlager":"Natzweiler","typ":"KZ / Außenlager","func_1":6,"func_1_label":"SS-Lagerbau / Landwirtschaft","func_2":0,"func_2_label":"Keine bekannte Arbeit","datum_eroeffnung":"1944-11-15","datum_schliessung":"1945-06-15","open_text":"\"November 23, 1944\"","close_text":"\"Evacuated end of March, 1945\"","peak_population":32,"haftlinge":"","firmen":"","nationen":"","lat":49.3896,"lon":9.0749,"koppermann_naehe":"kontext","quelle":"USHMM Encyclopedia of Camps and Ghettos Vol. 1 / Holocaust Geographies Collaborative (Knowles et al. 2014)"},"geometry":{"type":"Point","coordinates":[9.0749,49.3896]}},{"type":"Feature","properties":{"id":"15-0615-0","name":"Markirch","hauptlager":"Natzweiler","typ":"KZ / Außenlager","func_1":3,"func_1_label":"Bau (Gebäude, Straßen, Tunnel)","func_2":0,"func_2_label":"Keine bekannte Arbeit","datum_eroeffnung":"1944-03-15","datum_schliessung":"1944-09-15","open_text":"\"First mentioned March 13, 1944\"","close_text":"\"Evacuated September 1944\"","peak_population":1650,"haftlinge":"","firmen":"","nationen":"","lat":48.2473,"lon":7.1847,"koppermann_naehe":"kontext","quelle":"USHMM Encyclopedia of Camps and Ghettos Vol. 1 / Holocaust Geographies Collaborative (Knowles et al. 2014)"},"geometry":{"type":"Point","coordinates":[7.1847,48.2473]}},{"type":"Feature","properties":{"id":"17-0279-0","name":"Feldberg","hauptlager":"Ravensbrück","typ":"KZ / Außenlager","func_1":3,"func_1_label":"Bau (Gebäude, Straßen, Tunnel)","func_2":0,"func_2_label":"Keine bekannte Arbeit","datum_eroeffnung":"1943-06-15","datum_schliessung":"1943-06-15","open_text":"\"Probably middle of 1943\"","close_text":"\"1943\"","peak_population":1,"haftlinge":"","firmen":"","nationen":"","lat":53.3333,"lon":13.45,"koppermann_naehe":"kontext","quelle":"USHMM Encyclopedia of Camps and Ghettos Vol. 1 / Holocaust Geographies Collaborative (Knowles et al. 2014)"},"geometry":{"type":"Point","coordinates":[13.45,53.3333]}},{"type":"Feature","properties":{"id":"01-0911-0","name":"Sosnowitz II","hauptlager":"Auschwitz","typ":"KZ / Außenlager","func_1":4,"func_1_label":"Rüstung / Munition","func_2":0,"func_2_label":"Keine bekannte Arbeit","datum_eroeffnung":"1944-05-15","datum_schliessung":"1945-01-15","open_text":"\"May 1944\"","close_text":"\"January 1945\"","peak_population":900,"haftlinge":"Jewish, some Poles, Russians, Germans, and French","firmen":"Ost-Maschinenbau GmbH company","nationen":"Polish, French, Belgian, Itailan, Greek, Yugoslavs, Russians","lat":50.2863,"lon":19.1041,"koppermann_naehe":"kontext","quelle":"USHMM Encyclopedia of Camps and Ghettos Vol. 1 / Holocaust Geographies Collaborative (Knowles et al. 2014)"},"geometry":{"type":"Point","coordinates":[19.1041,50.2863]}},{"type":"Feature","properties":{"id":"01-0970-0","name":"Trzebinia","hauptlager":"Auschwitz","typ":"KZ / Außenlager","func_1":9,"func_1_label":"Öl- und Kohleproduktion","func_2":3,"func_2_label":"Bau (Gebäude, Straßen, Tunnel)","datum_eroeffnung":"1944-08-15","datum_schliessung":"1945-01-15","open_text":"\"August 1944\"","close_text":"\"Jaunuary 17or 18, 1945\"","peak_population":800,"haftlinge":"Jewish","firmen":"German Erdöl Raffinerie Trzebinia G.m.b.H. petroleum refinery","nationen":"Hungarian, Polish","lat":50.166698,"lon":19.483299,"koppermann_naehe":"kontext","quelle":"USHMM Encyclopedia of Camps and Ghettos Vol. 1 / Holocaust Geographies Collaborative (Knowles et al. 2014)"},"geometry":{"type":"Point","coordinates":[19.483299,50.166698]}},{"type":"Feature","properties":{"id":"01-0971-0","name":"Tschechowitz (Bombensucherkommando)","hauptlager":"Auschwitz","typ":"KZ / Außenlager","func_1":7,"func_1_label":"Ziviler Verteidigungsbau (Bunker, Trümmerräumung)","func_2":0,"func_2_label":"Keine bekannte Arbeit","datum_eroeffnung":"1944-08-15","datum_schliessung":"1944-09-15","open_text":"\"After bombing on August 20, 1944\"","close_text":"\"Early September 1944\"","peak_population":70,"haftlinge":"Jewish, originally German Prisoners","firmen":"","nationen":"Hungarian, Polish, German, French","lat":49.916698,"lon":19.0167,"koppermann_naehe":"kontext","quelle":"USHMM Encyclopedia of Camps and Ghettos Vol. 1 / Holocaust Geographies Collaborative (Knowles et al. 2014)"},"geometry":{"type":"Point","coordinates":[19.0167,49.916698]}},{"type":"Feature","properties":{"id":"01-0972-0","name":"Tschechowitz [aka Tschechowitz-Vacuum]","hauptlager":"Auschwitz","typ":"KZ / Außenlager","func_1":3,"func_1_label":"Bau (Gebäude, Straßen, Tunnel)","func_2":0,"func_2_label":"Keine bekannte Arbeit","datum_eroeffnung":"1944-09-15","datum_schliessung":"1945-01-15","open_text":"\"September 1944\"","close_text":"","peak_population":596,"haftlinge":"Jewish","firmen":"","nationen":"Hungarian, Polish, Czech","lat":50.0,"lon":19.016701,"koppermann_naehe":"kontext","quelle":"USHMM Encyclopedia of Camps and Ghettos Vol. 1 / Holocaust Geographies Collaborative (Knowles et al. 2014)"},"geometry":{"type":"Point","coordinates":[19.016701,50.0]}},{"type":"Feature","properties":{"id":"02-0121-2","name":"Bomlitz [aka Benefeld]","hauptlager":"Bergen-Belsen","typ":"KZ / Außenlager","func_1":4,"func_1_label":"Rüstung / Munition","func_2":3,"func_2_label":"Bau (Gebäude, Straßen, Tunnel)","datum_eroeffnung":"1944-09-15","datum_schliessung":"1944-10-15","open_text":"\"September 3, 1944\"","close_text":"\"October 1944\"","peak_population":600,"haftlinge":"Jewish","firmen":"EIBIA & Wolff","nationen":"Polish","lat":52.900001,"lon":9.649999,"koppermann_naehe":"kontext","quelle":"USHMM Encyclopedia of Camps and Ghettos Vol. 1 / Holocaust Geographies Collaborative (Knowles et al. 2014)"},"geometry":{"type":"Point","coordinates":[9.649999,52.900001]}},{"type":"Feature","properties":{"id":"02-0382-2","name":"Hambühren [aka Hambühren-Ovelgönne or Waldeslust]","hauptlager":"Bergen-Belsen","typ":"KZ / Außenlager","func_1":3,"func_1_label":"Bau (Gebäude, Straßen, Tunnel)","func_2":0,"func_2_label":"Keine bekannte Arbeit","datum_eroeffnung":"1944-08-15","datum_schliessung":"1945-02-15","open_text":"\"August 23, 1944\"","close_text":"\"February 4, 1945\"","peak_population":400,"haftlinge":"Jewish, POW","firmen":"Focke-Wulf Flugzeugbau","nationen":"Polish, Hungarian","lat":52.6333,"lon":9.9833,"koppermann_naehe":"kontext","quelle":"USHMM Encyclopedia of Camps and Ghettos Vol. 1 / Holocaust Geographies Collaborative (Knowles et al. 2014)"},"geometry":{"type":"Point","coordinates":[9.9833,52.6333]}},{"type":"Feature","properties":{"id":"02-0979-2","name":"Unterlüß [aka Lager Tannenberg or Altensothrieth]","hauptlager":"Bergen-Belsen","typ":"KZ / Außenlager","func_1":7,"func_1_label":"Ziviler Verteidigungsbau (Bunker, Trümmerräumung)","func_2":0,"func_2_label":"Keine bekannte Arbeit","datum_eroeffnung":"1944-08-15","datum_schliessung":"1945-04-15","open_text":"\"End of August, 1944\"","close_text":"\"April 13, 1945\"","peak_population":900,"haftlinge":"Jewish","firmen":"","nationen":"Polish, Hungarian, Yugoslavian","lat":52.833301,"lon":10.2833,"koppermann_naehe":"kontext","quelle":"USHMM Encyclopedia of Camps and Ghettos Vol. 1 / Holocaust Geographies Collaborative (Knowles et al. 2014)"},"geometry":{"type":"Point","coordinates":[10.2833,52.833301]}},{"type":"Feature","properties":{"id":"04-0001-1","name":"Abteroda (men)","hauptlager":"Buchenwald","typ":"KZ / Außenlager","func_1":4,"func_1_label":"Rüstung / Munition","func_2":0,"func_2_label":"Keine bekannte Arbeit","datum_eroeffnung":"1944-07-15","datum_schliessung":"1945-04-15","open_text":"\"July 1944\"","close_text":"\"April 1945\"","peak_population":230,"haftlinge":"Jewish","firmen":"Bayerische Motorenwerke","nationen":"French, Russian, German, Italian, Polish","lat":50.900001,"lon":10.066699,"koppermann_naehe":"kontext","quelle":"USHMM Encyclopedia of Camps and Ghettos Vol. 1 / Holocaust Geographies Collaborative (Knowles et al. 2014)"},"geometry":{"type":"Point","coordinates":[10.066699,50.900001]}},{"type":"Feature","properties":{"id":"04-0001-2","name":"Abteroda (women)","hauptlager":"Buchenwald","typ":"KZ / Außenlager","func_1":4,"func_1_label":"Rüstung / Munition","func_2":0,"func_2_label":"Keine bekannte Arbeit","datum_eroeffnung":"1944-10-15","datum_schliessung":"1945-04-15","open_text":"\"October 1944\"","close_text":"","peak_population":225,"haftlinge":"Jewish","firmen":"Bayerische Motorenwerke","nationen":"French","lat":50.900001,"lon":10.066699,"koppermann_naehe":"kontext","quelle":"USHMM Encyclopedia of Camps and Ghettos Vol. 1 / Holocaust Geographies Collaborative (Knowles et al. 2014)"},"geometry":{"type":"Point","coordinates":[10.066699,50.900001]}},{"type":"Feature","properties":{"id":"04-0006-2","name":"Allendorf [aka Münchmühle]","hauptlager":"Buchenwald","typ":"KZ / Außenlager","func_1":4,"func_1_label":"Rüstung / Munition","func_2":6,"func_2_label":"SS-Lagerbau / Landwirtschaft","datum_eroeffnung":"1944-08-15","datum_schliessung":"1944-03-15","open_text":"\"August 1944\"","close_text":"\"March 1944\"","peak_population":1000,"haftlinge":"Jewish","firmen":"","nationen":"Hungarian, Polish, German","lat":50.828098,"lon":9.0178,"koppermann_naehe":"kontext","quelle":"USHMM Encyclopedia of Camps and Ghettos Vol. 1 / Holocaust Geographies Collaborative (Knowles et al. 2014)"},"geometry":{"type":"Point","coordinates":[9.0178,50.828098]}},{"type":"Feature","properties":{"id":"04-0011-1","name":"Altenburg (men)","hauptlager":"Buchenwald","typ":"KZ / Außenlager","func_1":4,"func_1_label":"Rüstung / Munition","func_2":0,"func_2_label":"Keine bekannte Arbeit","datum_eroeffnung":"1944-11-15","datum_schliessung":"1945-04-15","open_text":"\"November 27, 1944\"","close_text":"","peak_population":195,"haftlinge":"Jewish","firmen":"Hugo Schneider AG","nationen":"German, Polish, Latvian, Hungarian","lat":50.983299,"lon":12.449999,"koppermann_naehe":"kontext","quelle":"USHMM Encyclopedia of Camps and Ghettos Vol. 1 / Holocaust Geographies Collaborative (Knowles et al. 2014)"},"geometry":{"type":"Point","coordinates":[12.449999,50.983299]}},{"type":"Feature","properties":{"id":"17-0708-0","name":"Neustadt-Glewe","hauptlager":"Ravensbrück","typ":"KZ / Außenlager","func_1":4,"func_1_label":"Rüstung / Munition","func_2":7,"func_2_label":"Ziviler Verteidigungsbau (Bunker, Trümmerräumung)","datum_eroeffnung":"1944-09-15","datum_schliessung":"1945-05-15","open_text":"\"September 1, 1944\"","close_text":"\"Occupied by the Red Army, May 2, 1945\"","peak_population":5000,"haftlinge":"","firmen":"","nationen":"","lat":53.3833,"lon":11.5833,"koppermann_naehe":"kontext","quelle":"USHMM Encyclopedia of Camps and Ghettos Vol. 1 / Holocaust Geographies Collaborative (Knowles et al. 2014)"},"geometry":{"type":"Point","coordinates":[11.5833,53.3833]}},{"type":"Feature","properties":{"id":"18-0833-0","name":"Riga-Strasdenhof [aka SS-Betriebe, Strazdenhof]","hauptlager":"Riga-Kaiserwald","typ":"KZ / Außenlager","func_1":5,"func_1_label":"Nicht-Rüstungsproduktion (Textil, Glas, Lebensmittel)","func_2":3,"func_2_label":"Bau (Gebäude, Straßen, Tunnel)","datum_eroeffnung":"1943-08-15","datum_schliessung":"1944-08-15","open_text":"\"First mentioned August 18, 1943\"","close_text":"\"Evacuated August 6, 1944\"","peak_population":2000,"haftlinge":"","firmen":"","nationen":"","lat":56.9465,"lon":24.1049,"koppermann_naehe":"kontext","quelle":"USHMM Encyclopedia of Camps and Ghettos Vol. 1 / Holocaust Geographies Collaborative (Knowles et al. 2014)"},"geometry":{"type":"Point","coordinates":[24.1049,56.9465]}},{"type":"Feature","properties":{"id":"18-0835-0","name":"Riga (Dünawerke)","hauptlager":"Riga-Kaiserwald","typ":"KZ / Außenlager","func_1":3,"func_1_label":"Bau (Gebäude, Straßen, Tunnel)","func_2":0,"func_2_label":"Keine bekannte Arbeit","datum_eroeffnung":"1943-08-15","datum_schliessung":"1944-06-15","open_text":"\"August 18, 1943\"","close_text":"\"Summer 1944\"","peak_population":398,"haftlinge":"","firmen":"","nationen":"","lat":56.9465,"lon":24.1049,"koppermann_naehe":"kontext","quelle":"USHMM Encyclopedia of Camps and Ghettos Vol. 1 / Holocaust Geographies Collaborative (Knowles et al. 2014)"},"geometry":{"type":"Point","coordinates":[24.1049,56.9465]}},{"type":"Feature","properties":{"id":"04-0011-2","name":"Altenburg (women)","hauptlager":"Buchenwald","typ":"KZ / Außenlager","func_1":4,"func_1_label":"Rüstung / Munition","func_2":0,"func_2_label":"Keine bekannte Arbeit","datum_eroeffnung":"1944-08-15","datum_schliessung":"1945-04-15","open_text":"August 1, 1944\"","close_text":"","peak_population":2440,"haftlinge":"Jewish, Political Poles, Soviets, Gypsyies","firmen":"Hugo Schneider AG","nationen":"Norwegians, Hungarians, Croatians, French, Russians, Polish, Gypsies","lat":50.983299,"lon":12.449999,"koppermann_naehe":"kontext","quelle":"USHMM Encyclopedia of Camps and Ghettos Vol. 1 / Holocaust Geographies Collaborative (Knowles et al. 2014)"},"geometry":{"type":"Point","coordinates":[12.449999,50.983299]}},{"type":"Feature","properties":{"id":"04-0017-1","name":"Annaburg","hauptlager":"Buchenwald","typ":"KZ / Außenlager","func_1":4,"func_1_label":"Rüstung / Munition","func_2":0,"func_2_label":"Keine bekannte Arbeit","datum_eroeffnung":"1945-01-15","datum_schliessung":"1945-03-15","open_text":"\"January 1945\"","close_text":"\"March 16, 1945\"","peak_population":100,"haftlinge":"Jewish","firmen":"Annaburger Geratebau GmbH","nationen":"Russian, Polish, French","lat":51.733299,"lon":13.0333,"koppermann_naehe":"kontext","quelle":"USHMM Encyclopedia of Camps and Ghettos Vol. 1 / Holocaust Geographies Collaborative (Knowles et al. 2014)"},"geometry":{"type":"Point","coordinates":[13.0333,51.733299]}},{"type":"Feature","properties":{"id":"04-0020-0","name":"Apolda","hauptlager":"Buchenwald","typ":"KZ / Außenlager","func_1":5,"func_1_label":"Nicht-Rüstungsproduktion (Textil, Glas, Lebensmittel)","func_2":3,"func_2_label":"Bau (Gebäude, Straßen, Tunnel)","datum_eroeffnung":"1944-12-15","datum_schliessung":"1945-04-15","open_text":"\"May have been as early as December, 1944\"","close_text":"","peak_population":15,"haftlinge":"Jehovah's Witness","firmen":"","nationen":"","lat":51.0167,"lon":11.5,"koppermann_naehe":"kontext","quelle":"USHMM Encyclopedia of Camps and Ghettos Vol. 1 / Holocaust Geographies Collaborative (Knowles et al. 2014)"},"geometry":{"type":"Point","coordinates":[11.5,51.0167]}},{"type":"Feature","properties":{"id":"04-0022-0","name":"Arolsen","hauptlager":"Buchenwald","typ":"KZ / Außenlager","func_1":6,"func_1_label":"SS-Lagerbau / Landwirtschaft","func_2":0,"func_2_label":"Keine bekannte Arbeit","datum_eroeffnung":"1943-11-15","datum_schliessung":"1945-03-15","open_text":"\"November 14, 1943\"","close_text":"","peak_population":120,"haftlinge":"some German Prisoners, and others","firmen":"","nationen":"All over Europe","lat":51.366699,"lon":9.016699,"koppermann_naehe":"kontext","quelle":"USHMM Encyclopedia of Camps and Ghettos Vol. 1 / Holocaust Geographies Collaborative (Knowles et al. 2014)"},"geometry":{"type":"Point","coordinates":[9.016699,51.366699]}},{"type":"Feature","properties":{"id":"04-0024-1","name":"Aschersleben (men)","hauptlager":"Buchenwald","typ":"KZ / Außenlager","func_1":4,"func_1_label":"Rüstung / Munition","func_2":0,"func_2_label":"Keine bekannte Arbeit","datum_eroeffnung":"1944-08-15","datum_schliessung":"1945-04-15","open_text":"\"August 15, 1944\"","close_text":"\"April 1945\"","peak_population":653,"haftlinge":"Varied","firmen":"Junkers-Flugzeug- und Motorenwerke","nationen":"Greek, Albanian, Dutch, Italian, Yugoslavs, Croatian, Polish, Czech, USSR, Spanish, French, German and Stateless","lat":51.75,"lon":11.466699,"koppermann_naehe":"kontext","quelle":"USHMM Encyclopedia of Camps and Ghettos Vol. 1 / Holocaust Geographies Collaborative (Knowles et al. 2014)"},"geometry":{"type":"Point","coordinates":[11.466699,51.75]}},{"type":"Feature","properties":{"id":"04-0024-2","name":"Aschersleben (women)","hauptlager":"Buchenwald","typ":"KZ / Außenlager","func_1":4,"func_1_label":"Rüstung / Munition","func_2":0,"func_2_label":"Keine bekannte Arbeit","datum_eroeffnung":"1945-01-15","datum_schliessung":"1945-03-15","open_text":"\"January 1945\"","close_text":"\"March 1945\"(Factory Closed)","peak_population":500,"haftlinge":"","firmen":"Junkers-Flugzeug- und Motorenwerke","nationen":"Poles, Hungarians, Belgians, 1 German 1 Soviet, 1 Yugoslav, 2 Slavs","lat":51.75,"lon":11.466699,"koppermann_naehe":"kontext","quelle":"USHMM Encyclopedia of Camps and Ghettos Vol. 1 / Holocaust Geographies Collaborative (Knowles et al. 2014)"},"geometry":{"type":"Point","coordinates":[11.466699,51.75]}},{"type":"Feature","properties":{"id":"04-0042-0","name":"Bad Salzungen (Heinrich Kalb)","hauptlager":"Buchenwald","typ":"KZ / Außenlager","func_1":3,"func_1_label":"Bau (Gebäude, Straßen, Tunnel)","func_2":0,"func_2_label":"Keine bekannte Arbeit","datum_eroeffnung":"1945-20-15","datum_schliessung":"1945-03-15","open_text":"\"January 20, 1945\"","close_text":"\"March 1945\"","peak_population":500,"haftlinge":"Jewish besides German prisoners","firmen":"Bayerische Motorenwerke","nationen":"Russian, Polish, Hungarian, Yugoslav, Romanians, 7 German Prisoners","lat":50.816699,"lon":10.2333,"koppermann_naehe":"kontext","quelle":"USHMM Encyclopedia of Camps and Ghettos Vol. 1 / Holocaust Geographies Collaborative (Knowles et al. 2014)"},"geometry":{"type":"Point","coordinates":[10.2333,50.816699]}},{"type":"Feature","properties":{"id":"04-0043-0","name":"Bad Salzungen (Ludwig Renntier)","hauptlager":"Buchenwald","typ":"KZ / Außenlager","func_1":3,"func_1_label":"Bau (Gebäude, Straßen, Tunnel)","func_2":0,"func_2_label":"Keine bekannte Arbeit","datum_eroeffnung":"1945-01-15","datum_schliessung":"1945-04-15","open_text":"\"January 1, 1945\"","close_text":"","peak_population":700,"haftlinge":"","firmen":"Bayerische Motorenwerke","nationen":"Russian, Polish, Hungarian, Yugoslav, Dutch and a few German Prisoners","lat":50.814701,"lon":10.182999,"koppermann_naehe":"kontext","quelle":"USHMM Encyclopedia of Camps and Ghettos Vol. 1 / Holocaust Geographies Collaborative (Knowles et al. 2014)"},"geometry":{"type":"Point","coordinates":[10.182999,50.814701]}},{"type":"Feature","properties":{"id":"04-0062-0","name":"Bensberg (Kdo. Napola) (SS-BB III)","hauptlager":"Buchenwald","typ":"KZ / Außenlager","func_1":3,"func_1_label":"Bau (Gebäude, Straßen, Tunnel)","func_2":0,"func_2_label":"Keine bekannte Arbeit","datum_eroeffnung":"1944-05-15","datum_schliessung":"1944-12-15","open_text":"\"May 1944\"","close_text":"\"December 1944\"","peak_population":10,"haftlinge":"","firmen":"","nationen":"9 Czech, 1 Russian","lat":50.966701,"lon":7.166699,"koppermann_naehe":"kontext","quelle":"USHMM Encyclopedia of Camps and Ghettos Vol. 1 / Holocaust Geographies Collaborative (Knowles et al. 2014)"},"geometry":{"type":"Point","coordinates":[7.166699,50.966701]}},{"type":"Feature","properties":{"id":"04-0064-0","name":"Berga-Elster (\"Schwalbe V\")","hauptlager":"Buchenwald","typ":"KZ / Außenlager","func_1":3,"func_1_label":"Bau (Gebäude, Straßen, Tunnel)","func_2":2,"func_2_label":"Baumaterialien (Steinbruch, Ziegelei, Sägewerk)","datum_eroeffnung":"1944-11-15","datum_schliessung":"1945-04-15","open_text":"\"November 13, 1944\"","close_text":"\"April 10-12, 1945\"","peak_population":1767,"haftlinge":"Jewish, Political,\"Work Shy Rich\", career criminals, Jewish American POW","firmen":"Braun und Co. Schieferverwaltung","nationen":"Russian, Czech, Polish, Ukrainian, Belorussian, French, Belgian, German, Dutch, Jewish American POW","lat":51.833301,"lon":12.833299,"koppermann_naehe":"kontext","quelle":"USHMM Encyclopedia of Camps and Ghettos Vol. 1 / Holocaust Geographies Collaborative (Knowles et al. 2014)"},"geometry":{"type":"Point","coordinates":[12.833299,51.833301]}},{"type":"Feature","properties":{"id":"18-0839-0","name":"Riga (Reichsbahn)","hauptlager":"Riga-Kaiserwald","typ":"KZ / Außenlager","func_1":3,"func_1_label":"Bau (Gebäude, Straßen, Tunnel)","func_2":0,"func_2_label":"Keine bekannte Arbeit","datum_eroeffnung":"1943-08-15","datum_schliessung":"1944-08-15","open_text":"\"August 18, 1943\"","close_text":"\"Evacuated August 6, 1944\"","peak_population":192,"haftlinge":"","firmen":"","nationen":"","lat":56.9465,"lon":24.1049,"koppermann_naehe":"kontext","quelle":"USHMM Encyclopedia of Camps and Ghettos Vol. 1 / Holocaust Geographies Collaborative (Knowles et al. 2014)"},"geometry":{"type":"Point","coordinates":[24.1049,56.9465]}},{"type":"Feature","properties":{"id":"19-0059-0","name":"Belzig","hauptlager":"Sachsenhausen","typ":"KZ / Außenlager","func_1":4,"func_1_label":"Rüstung / Munition","func_2":0,"func_2_label":"Keine bekannte Arbeit","datum_eroeffnung":null,"datum_schliessung":"1945-04-15","open_text":"\"1942\"","close_text":"\"Evacuated April 24, 1945\"","peak_population":1250,"haftlinge":"","firmen":"","nationen":"","lat":52.1333,"lon":12.6,"koppermann_naehe":"kontext","quelle":"USHMM Encyclopedia of Camps and Ghettos Vol. 1 / Holocaust Geographies Collaborative (Knowles et al. 2014)"},"geometry":{"type":"Point","coordinates":[12.6,52.1333]}},{"type":"Feature","properties":{"id":"04-0095-1","name":"Berlstedt","hauptlager":"Buchenwald","typ":"KZ / Außenlager","func_1":3,"func_1_label":"Bau (Gebäude, Straßen, Tunnel)","func_2":2,"func_2_label":"Baumaterialien (Steinbruch, Ziegelei, Sägewerk)","datum_eroeffnung":"1940-12-15","datum_schliessung":null,"open_text":"\"December, 1940, exact opening date varies\"","close_text":"","peak_population":225,"haftlinge":"Jews, asocials, Politicals, Career Criminals,","firmen":"Kläranlage und Ziegelei Berlstedt bei Weimar, and the Deutsche Erd- und Steinwerke, Berlstedt","nationen":"German, Czech, French, Belgian, Polish","lat":51.066699,"lon":11.25,"koppermann_naehe":"kontext","quelle":"USHMM Encyclopedia of Camps and Ghettos Vol. 1 / Holocaust Geographies Collaborative (Knowles et al. 2014)"},"geometry":{"type":"Point","coordinates":[11.25,51.066699]}},{"type":"Feature","properties":{"id":"04-0101-1","name":"Billroda","hauptlager":"Buchenwald","typ":"KZ / Außenlager","func_1":3,"func_1_label":"Bau (Gebäude, Straßen, Tunnel)","func_2":5,"func_2_label":"Nicht-Rüstungsproduktion (Textil, Glas, Lebensmittel)","datum_eroeffnung":"1945-06-15","datum_schliessung":"1945-04-15","open_text":"\"February or March, 1945\"","close_text":"","peak_population":500,"haftlinge":"","firmen":"Berg Burggraf","nationen":"Russian, Polish, French, Belgian, Dutch, German","lat":51.2,"lon":11.449999,"koppermann_naehe":"kontext","quelle":"USHMM Encyclopedia of Camps and Ghettos Vol. 1 / Holocaust Geographies Collaborative (Knowles et al. 2014)"},"geometry":{"type":"Point","coordinates":[11.449999,51.2]}},{"type":"Feature","properties":{"id":"04-0115-1","name":"Bochum (Eisen- und Hüttenwerke)","hauptlager":"Buchenwald","typ":"KZ / Außenlager","func_1":4,"func_1_label":"Rüstung / Munition","func_2":0,"func_2_label":"Keine bekannte Arbeit","datum_eroeffnung":"1944-08-15","datum_schliessung":"1945-03-15","open_text":"\"August 20 or 21, 1944\"","close_text":"\"Evacuated March 16, 1945\"","peak_population":932,"haftlinge":"Jews and non Jews","firmen":"Eisen- und Huttenwerke A.G.","nationen":"Russian, Polish, French","lat":51.4883,"lon":7.2343,"koppermann_naehe":"kontext","quelle":"USHMM Encyclopedia of Camps and Ghettos Vol. 1 / Holocaust Geographies Collaborative (Knowles et al. 2014)"},"geometry":{"type":"Point","coordinates":[7.2343,51.4883]}},{"type":"Feature","properties":{"id":"04-0117-0","name":"Böhlen","hauptlager":"Buchenwald","typ":"KZ / Außenlager","func_1":7,"func_1_label":"Ziviler Verteidigungsbau (Bunker, Trümmerräumung)","func_2":3,"func_2_label":"Bau (Gebäude, Straßen, Tunnel)","datum_eroeffnung":"1944-07-15","datum_schliessung":"1944-11-15","open_text":"\"end of July 1944\"","close_text":"\"November 28, 1944\"","peak_population":1080,"haftlinge":"Jews and non Jews","firmen":"Brabag","nationen":"","lat":51.2,"lon":12.383299,"koppermann_naehe":"kontext","quelle":"USHMM Encyclopedia of Camps and Ghettos Vol. 1 / Holocaust Geographies Collaborative (Knowles et al. 2014)"},"geometry":{"type":"Point","coordinates":[12.383299,51.2]}},{"type":"Feature","properties":{"id":"04-0128-0","name":"Braunschweig","hauptlager":"Buchenwald","typ":"KZ / Außenlager","func_1":6,"func_1_label":"SS-Lagerbau / Landwirtschaft","func_2":3,"func_2_label":"Bau (Gebäude, Straßen, Tunnel)","datum_eroeffnung":"1941-09-15","datum_schliessung":"1942-09-15","open_text":"\"September 13, 1941\"","close_text":"\"September 5, 1942\"","peak_population":56,"haftlinge":"","firmen":"","nationen":"","lat":52.2667,"lon":10.5333,"koppermann_naehe":"kontext","quelle":"USHMM Encyclopedia of Camps and Ghettos Vol. 1 / Holocaust Geographies Collaborative (Knowles et al. 2014)"},"geometry":{"type":"Point","coordinates":[10.5333,52.2667]}},{"type":"Feature","properties":{"id":"04-0159-3","name":"Buchenwald","hauptlager":"Buchenwald","typ":"KZ / Außenlager","func_1":5,"func_1_label":"Nicht-Rüstungsproduktion (Textil, Glas, Lebensmittel)","func_2":0,"func_2_label":"Keine bekannte Arbeit","datum_eroeffnung":"1937-07-15","datum_schliessung":"1945-04-15","open_text":"\"July 15, 1937\"","close_text":"","peak_population":10000,"haftlinge":"Jews, Political, Asocial, Jehovah's witnesses, Gypsies, homosexuals, etc.","firmen":"Prisoners worked at over 90 locations and firms","nationen":"All over Europe","lat":51.021198,"lon":11.248999,"koppermann_naehe":"kontext","quelle":"USHMM Encyclopedia of Camps and Ghettos Vol. 1 / Holocaust Geographies Collaborative (Knowles et al. 2014)"},"geometry":{"type":"Point","coordinates":[11.248999,51.021198]}},{"type":"Feature","properties":{"id":"04-0165-0","name":"Buttelstedt","hauptlager":"Buchenwald","typ":"KZ / Außenlager","func_1":1,"func_1_label":"Unbekannte/unspezifische Arbeit","func_2":0,"func_2_label":"Keine bekannte Arbeit","datum_eroeffnung":"1941-04-15","datum_schliessung":null,"open_text":"\"April 1941\"","close_text":"","peak_population":30,"haftlinge":"","firmen":"","nationen":"","lat":51.066699,"lon":11.35,"koppermann_naehe":"kontext","quelle":"USHMM Encyclopedia of Camps and Ghettos Vol. 1 / Holocaust Geographies Collaborative (Knowles et al. 2014)"},"geometry":{"type":"Point","coordinates":[11.35,51.066699]}},{"type":"Feature","properties":{"id":"04-0175-1","name":"Colditz at Buchenwald","hauptlager":"Buchenwald","typ":"KZ / Außenlager","func_1":3,"func_1_label":"Bau (Gebäude, Straßen, Tunnel)","func_2":4,"func_2_label":"Rüstung / Munition","datum_eroeffnung":"1944-11-15","datum_schliessung":"1945-04-15","open_text":"\"November 29, 1944\"","close_text":"","peak_population":650,"haftlinge":"Jewish","firmen":"Hugo- Schneider AG","nationen":"Polish, Hungarian","lat":51.1333,"lon":12.816699,"koppermann_naehe":"kontext","quelle":"USHMM Encyclopedia of Camps and Ghettos Vol. 1 / Holocaust Geographies Collaborative (Knowles et al. 2014)"},"geometry":{"type":"Point","coordinates":[12.816699,51.1333]}},{"type":"Feature","properties":{"id":"04-0203-1","name":"Dernau (\"Rebstock,\" \"RS,\" \"RB,\" \"Massnahme Stephan Lager Brück,\" \"Fa. Gollnow und Sohn,\" \"Volkswagenwerke Dernau\")","hauptlager":"Buchenwald","typ":"KZ / Außenlager","func_1":3,"func_1_label":"Bau (Gebäude, Straßen, Tunnel)","func_2":0,"func_2_label":"Keine bekannte Arbeit","datum_eroeffnung":"1944-08-15","datum_schliessung":"1944-12-15","open_text":"\"Early August 1944\"","close_text":"\"December 28, 1944\"","peak_population":1200,"haftlinge":"Majority non Jews, Italian POWs and some Jews","firmen":"Volkswagenwerke Dernau","nationen":"German, Russian, French, Hungarian, Dutch,","lat":50.533298,"lon":7.05,"koppermann_naehe":"kontext","quelle":"USHMM Encyclopedia of Camps and Ghettos Vol. 1 / Holocaust Geographies Collaborative (Knowles et al. 2014)"},"geometry":{"type":"Point","coordinates":[7.05,50.533298]}},{"type":"Feature","properties":{"id":"04-0205-1","name":"Dessau (Dessauer Waggonfabrik)","hauptlager":"Buchenwald","typ":"KZ / Außenlager","func_1":5,"func_1_label":"Nicht-Rüstungsproduktion (Textil, Glas, Lebensmittel)","func_2":6,"func_2_label":"SS-Lagerbau / Landwirtschaft","datum_eroeffnung":"1944-10-15","datum_schliessung":"1945-04-15","open_text":"\"October 1944\"","close_text":"\"April 11, 1945\"","peak_population":341,"haftlinge":"","firmen":"Dessauer Waggonfabrik Aktiengesellschaft","nationen":"Mostly Russian and Polish, others Dutch, French ,Latvian and German","lat":51.849998,"lon":12.25,"koppermann_naehe":"kontext","quelle":"USHMM Encyclopedia of Camps and Ghettos Vol. 1 / Holocaust Geographies Collaborative (Knowles et al. 2014)"},"geometry":{"type":"Point","coordinates":[12.25,51.849998]}},{"type":"Feature","properties":{"id":"24-1022-0","name":"Wewelsburg [aka Niederhagen]","hauptlager":"Wewelsburg","typ":"KZ / Außenlager","func_1":3,"func_1_label":"Bau (Gebäude, Straßen, Tunnel)","func_2":6,"func_2_label":"SS-Lagerbau / Landwirtschaft","datum_eroeffnung":"1941-09-15","datum_schliessung":"1943-04-15","open_text":"\"September 1, 1941\"","close_text":"\"April 10, 1943\"","peak_population":1000,"haftlinge":"","firmen":"","nationen":"","lat":51.6,"lon":8.65,"koppermann_naehe":"kontext","quelle":"USHMM Encyclopedia of Camps and Ghettos Vol. 1 / Holocaust Geographies Collaborative (Knowles et al. 2014)"},"geometry":{"type":"Point","coordinates":[8.65,51.6]}},{"type":"Feature","properties":{"id":"04-0206-1","name":"Dessau (Junkers-Flugzeug- & Motorenwerke)","hauptlager":"Buchenwald","typ":"KZ / Außenlager","func_1":4,"func_1_label":"Rüstung / Munition","func_2":7,"func_2_label":"Ziviler Verteidigungsbau (Bunker, Trümmerräumung)","datum_eroeffnung":"1944-07-15","datum_schliessung":"1944-11-15","open_text":"\"July 25, 1944\"","close_text":"\"November 1944\"","peak_population":50,"haftlinge":"","firmen":"Junkers Flugzeug- und Motorenwerke","nationen":"","lat":51.838878,"lon":12.0,"koppermann_naehe":"kontext","quelle":"USHMM Encyclopedia of Camps and Ghettos Vol. 1 / Holocaust Geographies Collaborative (Knowles et al. 2014)"},"geometry":{"type":"Point","coordinates":[12.0,51.838878]}},{"type":"Feature","properties":{"id":"04-0211-1","name":"Dornburg","hauptlager":"Buchenwald","typ":"KZ / Außenlager","func_1":1,"func_1_label":"Unbekannte/unspezifische Arbeit","func_2":0,"func_2_label":"Keine bekannte Arbeit","datum_eroeffnung":"1945-03-15","datum_schliessung":null,"open_text":"\"First mentioned March 21, 1945\"","close_text":"","peak_population":8,"haftlinge":"","firmen":"","nationen":"4 Russians, 3 Poles, 1 German","lat":52.033298,"lon":11.883299,"koppermann_naehe":"kontext","quelle":"USHMM Encyclopedia of Camps and Ghettos Vol. 1 / Holocaust Geographies Collaborative (Knowles et al. 2014)"},"geometry":{"type":"Point","coordinates":[11.883299,52.033298]}},{"type":"Feature","properties":{"id":"04-0212-2","name":"Dortmund","hauptlager":"Buchenwald","typ":"KZ / Außenlager","func_1":4,"func_1_label":"Rüstung / Munition","func_2":3,"func_2_label":"Bau (Gebäude, Straßen, Tunnel)","datum_eroeffnung":null,"datum_schliessung":"1945-04-15","open_text":"","close_text":"","peak_population":650,"haftlinge":"","firmen":"United Steel Works","nationen":"Polish, Hungarian, Dutch, German, Russian","lat":51.5167,"lon":7.449999,"koppermann_naehe":"kontext","quelle":"USHMM Encyclopedia of Camps and Ghettos Vol. 1 / Holocaust Geographies Collaborative (Knowles et al. 2014)"},"geometry":{"type":"Point","coordinates":[7.449999,51.5167]}},{"type":"Feature","properties":{"id":"04-0225-3","name":"Duderstadt","hauptlager":"Buchenwald","typ":"KZ / Außenlager","func_1":3,"func_1_label":"Bau (Gebäude, Straßen, Tunnel)","func_2":4,"func_2_label":"Rüstung / Munition","datum_eroeffnung":"1939-06-15","datum_schliessung":"1945-04-15","open_text":"\"1939\"","close_text":"","peak_population":2549,"haftlinge":"POW, Jews, others","firmen":"Polte OHG Magdeburg","nationen":"Hungarians, Poles, Czech, Germans","lat":51.5167,"lon":10.25,"koppermann_naehe":"kontext","quelle":"USHMM Encyclopedia of Camps and Ghettos Vol. 1 / Holocaust Geographies Collaborative (Knowles et al. 2014)"},"geometry":{"type":"Point","coordinates":[10.25,51.5167]}},{"type":"Feature","properties":{"id":"04-0228-0","name":"Düsseldorf-Derendorf (\"Berta\") (with \"Borsig\")","hauptlager":"Buchenwald","typ":"KZ / Außenlager","func_1":1,"func_1_label":"Unbekannte/unspezifische Arbeit","func_2":0,"func_2_label":"Keine bekannte Arbeit","datum_eroeffnung":"1943-11-15","datum_schliessung":"1945-04-15","open_text":"\"November 1, 1943\"","close_text":"","peak_population":661,"haftlinge":"Jewish, and German Prisoners","firmen":"Rheinmetall-Borsig AG","nationen":"French, Dutch, Belgian, Soviet Union, Poles, Czech, Italian, German","lat":51.216701,"lon":6.766699,"koppermann_naehe":"kontext","quelle":"USHMM Encyclopedia of Camps and Ghettos Vol. 1 / Holocaust Geographies Collaborative (Knowles et al. 2014)"},"geometry":{"type":"Point","coordinates":[6.766699,51.216701]}},{"type":"Feature","properties":{"id":"04-0229-0","name":"Düsseldorf-Grafenberg (\"BA\") [aka Borsig]","hauptlager":"Buchenwald","typ":"KZ / Außenlager","func_1":1,"func_1_label":"Unbekannte/unspezifische Arbeit","func_2":0,"func_2_label":"Keine bekannte Arbeit","datum_eroeffnung":"1944-10-15","datum_schliessung":null,"open_text":"\"October 23, 1944?\"","close_text":"","peak_population":300,"haftlinge":"","firmen":"Rheinmetall-Borsig AG","nationen":"Russian, Polish and French","lat":51.2398,"lon":6.82421,"koppermann_naehe":"kontext","quelle":"USHMM Encyclopedia of Camps and Ghettos Vol. 1 / Holocaust Geographies Collaborative (Knowles et al. 2014)"},"geometry":{"type":"Point","coordinates":[6.82421,51.2398]}},{"type":"Feature","properties":{"id":"04-0230-0","name":"Düsseldorf-Kalkum (SS-BB III)","hauptlager":"Buchenwald","typ":"KZ / Außenlager","func_1":7,"func_1_label":"Ziviler Verteidigungsbau (Bunker, Trümmerräumung)","func_2":0,"func_2_label":"Keine bekannte Arbeit","datum_eroeffnung":"1943-05-15","datum_schliessung":"1945-03-15","open_text":"\"May 1943\"","close_text":"\"March 13, 1945\"","peak_population":50,"haftlinge":"Communists and other Prisoners","firmen":"Bomb Finders","nationen":"Russians","lat":51.212299,"lon":6.7778,"koppermann_naehe":"kontext","quelle":"USHMM Encyclopedia of Camps and Ghettos Vol. 1 / Holocaust Geographies Collaborative (Knowles et al. 2014)"},"geometry":{"type":"Point","coordinates":[6.7778,51.212299]}},{"type":"Feature","properties":{"id":"04-0231-1","name":"Düsseldorf (Deutsche Erd- und Steinwerke) (SS-Bbde III)","hauptlager":"Buchenwald","typ":"KZ / Außenlager","func_1":7,"func_1_label":"Ziviler Verteidigungsbau (Bunker, Trümmerräumung)","func_2":0,"func_2_label":"Keine bekannte Arbeit","datum_eroeffnung":"1944-03-15","datum_schliessung":"1945-03-15","open_text":"\"March 1944\"","close_text":"","peak_population":159,"haftlinge":"","firmen":"Deutsche Erd- und Steinwerke","nationen":"","lat":51.212299,"lon":6.7778,"koppermann_naehe":"kontext","quelle":"USHMM Encyclopedia of Camps and Ghettos Vol. 1 / Holocaust Geographies Collaborative (Knowles et al. 2014)"},"geometry":{"type":"Point","coordinates":[6.7778,51.212299]}},{"type":"Feature","properties":{"id":"04-0233-0","name":"Düsseldorf (Kirchfeldstrasse)","hauptlager":"Buchenwald","typ":"KZ / Außenlager","func_1":7,"func_1_label":"Ziviler Verteidigungsbau (Bunker, Trümmerräumung)","func_2":3,"func_2_label":"Bau (Gebäude, Straßen, Tunnel)","datum_eroeffnung":"1943-05-15","datum_schliessung":"1945-03-15","open_text":"\"May 28, 1943\"","close_text":"","peak_population":155,"haftlinge":"","firmen":"Deutsche Erd- und Steinwerke","nationen":"Mostly Russian/Polish and someCzech, Yugoslav, French, Belgian, Dutch","lat":51.212299,"lon":6.7778,"koppermann_naehe":"kontext","quelle":"USHMM Encyclopedia of Camps and Ghettos Vol. 1 / Holocaust Geographies Collaborative (Knowles et al. 2014)"},"geometry":{"type":"Point","coordinates":[6.7778,51.212299]}},{"type":"Feature","properties":{"id":"04-0245-1","name":"Eisenach","hauptlager":"Buchenwald","typ":"KZ / Außenlager","func_1":4,"func_1_label":"Rüstung / Munition","func_2":0,"func_2_label":"Keine bekannte Arbeit","datum_eroeffnung":"1944-03-15","datum_schliessung":"1945-02-15","open_text":"\"March 1944\"","close_text":"\"February 17, 1945\"","peak_population":669,"haftlinge":"","firmen":"Bayerische Motorenwerke","nationen":"German, Italian, Russian, French, Polish","lat":50.983299,"lon":10.316699,"koppermann_naehe":"kontext","quelle":"USHMM Encyclopedia of Camps and Ghettos Vol. 1 / Holocaust Geographies Collaborative (Knowles et al. 2014)"},"geometry":{"type":"Point","coordinates":[10.316699,50.983299]}},{"type":"Feature","properties":{"id":"04-0257-3","name":"Elsnig","hauptlager":"Buchenwald","typ":"KZ / Außenlager","func_1":4,"func_1_label":"Rüstung / Munition","func_2":0,"func_2_label":"Keine bekannte Arbeit","datum_eroeffnung":"1944-16-15","datum_schliessung":"1945-04-15","open_text":"\"October 16, 1944, first transport of prisoners\"","close_text":"","peak_population":750,"haftlinge":"","firmen":"","nationen":"Polish","lat":51.599998,"lon":12.9333,"koppermann_naehe":"kontext","quelle":"USHMM Encyclopedia of Camps and Ghettos Vol. 1 / Holocaust Geographies Collaborative (Knowles et al. 2014)"},"geometry":{"type":"Point","coordinates":[12.9333,51.599998]}},{"type":"Feature","properties":{"id":"04-0265-0","name":"Eschershausen (\"Stein\") and Holzen (\"Hecht\") [aka Hecht-OT Bauleitung, Deutsche Asphalt AG-Grube Haarmann] (\"H,\" \"HT,\" \"OT\")","hauptlager":"Buchenwald","typ":"KZ / Außenlager","func_1":3,"func_1_label":"Bau (Gebäude, Straßen, Tunnel)","func_2":4,"func_2_label":"Rüstung / Munition","datum_eroeffnung":"1944-08-15","datum_schliessung":"1945-04-15","open_text":"\"August 3, 1944\"","close_text":"","peak_population":1103,"haftlinge":"Jewish, Half-jews, Non-jews, german Career Criminals, Polish Political","firmen":"Natur-Asphalt Gesellschaft and the Deutsche Asphalt, Minette","nationen":"Polish Political, German","lat":51.9333,"lon":9.633299,"koppermann_naehe":"kontext","quelle":"USHMM Encyclopedia of Camps and Ghettos Vol. 1 / Holocaust Geographies Collaborative (Knowles et al. 2014)"},"geometry":{"type":"Point","coordinates":[9.633299,51.9333]}},{"type":"Feature","properties":{"id":"04-0266-0","name":"Essen (Deutsche Erd- und Steinwerke) (\"Schwarze Poth 13\")","hauptlager":"Buchenwald","typ":"KZ / Außenlager","func_1":7,"func_1_label":"Ziviler Verteidigungsbau (Bunker, Trümmerräumung)","func_2":0,"func_2_label":"Keine bekannte Arbeit","datum_eroeffnung":"1944-02-15","datum_schliessung":"1945-03-15","open_text":"\"February 1944\"","close_text":"\"March 1945\"","peak_population":150,"haftlinge":"","firmen":"Deutsche Erd- und Steinwerke GmbH","nationen":"Soviets, Germans, Polish, French, Dutch, Belgians, Danes, Luxemburgers","lat":52.7,"lon":9.649999,"koppermann_naehe":"kontext","quelle":"USHMM Encyclopedia of Camps and Ghettos Vol. 1 / Holocaust Geographies Collaborative (Knowles et al. 2014)"},"geometry":{"type":"Point","coordinates":[9.649999,52.7]}},{"type":"Feature","properties":{"id":"04-0267-2","name":"Essen (Humboldtstrasse)","hauptlager":"Buchenwald","typ":"KZ / Außenlager","func_1":5,"func_1_label":"Nicht-Rüstungsproduktion (Textil, Glas, Lebensmittel)","func_2":0,"func_2_label":"Keine bekannte Arbeit","datum_eroeffnung":"1944-08-15","datum_schliessung":"1945-03-15","open_text":"\"August 1944\"","close_text":"\"March 1945\"","peak_population":520,"haftlinge":"Jewish","firmen":"Friedrich Krupp Inc. Cast Steel","nationen":"Hungarian","lat":51.4264,"lon":6.96163,"koppermann_naehe":"kontext","quelle":"USHMM Encyclopedia of Camps and Ghettos Vol. 1 / Holocaust Geographies Collaborative (Knowles et al. 2014)"},"geometry":{"type":"Point","coordinates":[6.96163,51.4264]}},{"type":"Feature","properties":{"id":"04-0287-1","name":"Flössberg","hauptlager":"Buchenwald","typ":"KZ / Außenlager","func_1":3,"func_1_label":"Bau (Gebäude, Straßen, Tunnel)","func_2":0,"func_2_label":"Keine bekannte Arbeit","datum_eroeffnung":"1944-12-15","datum_schliessung":"1945-04-15","open_text":"\"December 28, 1944\"","close_text":"\"April 13, 1945\"","peak_population":1450,"haftlinge":"Jewish","firmen":"Hugo- Schneider AG","nationen":"","lat":51.116699,"lon":12.583299,"koppermann_naehe":"kontext","quelle":"USHMM Encyclopedia of Camps and Ghettos Vol. 1 / Holocaust Geographies Collaborative (Knowles et al. 2014)"},"geometry":{"type":"Point","coordinates":[12.583299,51.116699]}},{"type":"Feature","properties":{"id":"04-0308-1","name":"Gandersheim [aka Bad Gandersheim]","hauptlager":"Buchenwald","typ":"KZ / Außenlager","func_1":4,"func_1_label":"Rüstung / Munition","func_2":3,"func_2_label":"Bau (Gebäude, Straßen, Tunnel)","datum_eroeffnung":"1944-10-15","datum_schliessung":"1945-04-15","open_text":"\"October 1944\"","close_text":"\"Early April 1945\"","peak_population":519,"haftlinge":"","firmen":"Heinkelwerke","nationen":"Russian, Polish, French, Italy, German, Belgian, Czech, Spanish, Croatian, Dutch, Serbian, Slovenian","lat":51.8833,"lon":10.0333,"koppermann_naehe":"kontext","quelle":"USHMM Encyclopedia of Camps and Ghettos Vol. 1 / Holocaust Geographies Collaborative (Knowles et al. 2014)"},"geometry":{"type":"Point","coordinates":[10.0333,51.8833]}},{"type":"Feature","properties":{"id":"04-0315-2","name":"Gelsenkirchen-Horst","hauptlager":"Buchenwald","typ":"KZ / Außenlager","func_1":7,"func_1_label":"Ziviler Verteidigungsbau (Bunker, Trümmerräumung)","func_2":0,"func_2_label":"Keine bekannte Arbeit","datum_eroeffnung":"1944-07-15","datum_schliessung":null,"open_text":"\"July 4, 1944\"","close_text":"","peak_population":2000,"haftlinge":"","firmen":"Gelsenberg Benzin AG hydrogenation factory","nationen":"","lat":51.5,"lon":7.0833,"koppermann_naehe":"kontext","quelle":"USHMM Encyclopedia of Camps and Ghettos Vol. 1 / Holocaust Geographies Collaborative (Knowles et al. 2014)"},"geometry":{"type":"Point","coordinates":[7.0833,51.5]}},{"type":"Feature","properties":{"id":"04-0322-1","name":"Giessen","hauptlager":"Buchenwald","typ":"KZ / Außenlager","func_1":1,"func_1_label":"Unbekannte/unspezifische Arbeit","func_2":0,"func_2_label":"Keine bekannte Arbeit","datum_eroeffnung":"1944-03-15","datum_schliessung":"1945-03-15","open_text":"\"Late March 1944\"","close_text":"\"March 26, 1945\"","peak_population":88,"haftlinge":"Jewish, and Political","firmen":"","nationen":"Russian, German, Polish, French, Italian, Czech","lat":50.583301,"lon":8.699999,"koppermann_naehe":"kontext","quelle":"USHMM Encyclopedia of Camps and Ghettos Vol. 1 / Holocaust Geographies Collaborative (Knowles et al. 2014)"},"geometry":{"type":"Point","coordinates":[8.699999,50.583301]}},{"type":"Feature","properties":{"id":"04-0335-0","name":"Goslar","hauptlager":"Buchenwald","typ":"KZ / Außenlager","func_1":4,"func_1_label":"Rüstung / Munition","func_2":0,"func_2_label":"Keine bekannte Arbeit","datum_eroeffnung":"1940-11-15","datum_schliessung":"1942-12-15","open_text":"\"November 1940\"","close_text":"\"Decmeber 1942\"","peak_population":140,"haftlinge":"Political prisoners, Jehovah's Witnesses, Professional prisoners, Asocials","firmen":"Fliegerhorst Goslar","nationen":"Poles, Russians","lat":51.900001,"lon":10.4333,"koppermann_naehe":"kontext","quelle":"USHMM Encyclopedia of Camps and Ghettos Vol. 1 / Holocaust Geographies Collaborative (Knowles et al. 2014)"},"geometry":{"type":"Point","coordinates":[10.4333,51.900001]}},{"type":"Feature","properties":{"id":"04-0339-1","name":"Göttingen","hauptlager":"Buchenwald","typ":"KZ / Außenlager","func_1":1,"func_1_label":"Unbekannte/unspezifische Arbeit","func_2":0,"func_2_label":"Keine bekannte Arbeit","datum_eroeffnung":"1945-02-15","datum_schliessung":"1945-03-15","open_text":"\"Created in February 1945\"","close_text":"\"March 1945\"","peak_population":32,"haftlinge":"Mostly Political Prisoners, at least 1 POW","firmen":"","nationen":"Poles, Lithuanians, Russians, Ukranians, Slovenians, Czech, Dutch, French, Italian","lat":51.533298,"lon":9.9333,"koppermann_naehe":"kontext","quelle":"USHMM Encyclopedia of Camps and Ghettos Vol. 1 / Holocaust Geographies Collaborative (Knowles et al. 2014)"},"geometry":{"type":"Point","coordinates":[9.9333,51.533298]}},{"type":"Feature","properties":{"id":"04-0371-1","name":"Hadmersleben (\"HS\")","hauptlager":"Buchenwald","typ":"KZ / Außenlager","func_1":4,"func_1_label":"Rüstung / Munition","func_2":0,"func_2_label":"Keine bekannte Arbeit","datum_eroeffnung":"1944-03-15","datum_schliessung":"1945-04-15","open_text":"\"March 1944\"","close_text":"\"April 1945\"","peak_population":1443,"haftlinge":"","firmen":"Schlempp Engineering- Siebenberg GmbH, Flugzeuwerke Hadmersleben bei Oscherlseben","nationen":"Russian, Polish, Serbian, Lithuanian, Dutch, French, German, Yugoslavs, Czech","lat":51.983299,"lon":11.3,"koppermann_naehe":"kontext","quelle":"USHMM Encyclopedia of Camps and Ghettos Vol. 1 / Holocaust Geographies Collaborative (Knowles et al. 2014)"},"geometry":{"type":"Point","coordinates":[11.3,51.983299]}},{"type":"Feature","properties":{"id":"04-0379-1","name":"Halle [aka Birkhahn-Mötzlich]","hauptlager":"Buchenwald","typ":"KZ / Außenlager","func_1":1,"func_1_label":"Unbekannte/unspezifische Arbeit","func_2":0,"func_2_label":"Keine bekannte Arbeit","datum_eroeffnung":"1944-08-15","datum_schliessung":null,"open_text":"\"Late July/Early August 1944\"","close_text":"","peak_population":1040,"haftlinge":"Political, Jewish","firmen":"Siebel-Flugzeugwerke GmbH","nationen":"Russian, Polish, Czech","lat":51.5,"lon":12.0,"koppermann_naehe":"kontext","quelle":"USHMM Encyclopedia of Camps and Ghettos Vol. 1 / Holocaust Geographies Collaborative (Knowles et al. 2014)"},"geometry":{"type":"Point","coordinates":[12.0,51.5]}},{"type":"Feature","properties":{"id":"04-0412-1","name":"Hardehausen","hauptlager":"Buchenwald","typ":"KZ / Außenlager","func_1":3,"func_1_label":"Bau (Gebäude, Straßen, Tunnel)","func_2":0,"func_2_label":"Keine bekannte Arbeit","datum_eroeffnung":null,"datum_schliessung":"1945-04-15","open_text":"","close_text":"","peak_population":40,"haftlinge":"","firmen":"","nationen":"","lat":51.549999,"lon":9.0,"koppermann_naehe":"kontext","quelle":"USHMM Encyclopedia of Camps and Ghettos Vol. 1 / Holocaust Geographies Collaborative (Knowles et al. 2014)"},"geometry":{"type":"Point","coordinates":[9.0,51.549999]}},{"type":"Feature","properties":{"id":"04-0437-2","name":"Hessisch - Lichtenau","hauptlager":"Buchenwald","typ":"KZ / Außenlager","func_1":4,"func_1_label":"Rüstung / Munition","func_2":0,"func_2_label":"Keine bekannte Arbeit","datum_eroeffnung":"1944-08-15","datum_schliessung":"1945-03-15","open_text":"\"First mentioned August 1, 1944\"","close_text":"","peak_population":1000,"haftlinge":"Jewish","firmen":"","nationen":"Hungarian, Romanian, Polish, Yugoslavian","lat":51.2,"lon":9.716699,"koppermann_naehe":"kontext","quelle":"USHMM Encyclopedia of Camps and Ghettos Vol. 1 / Holocaust Geographies Collaborative (Knowles et al. 2014)"},"geometry":{"type":"Point","coordinates":[9.716699,51.2]}},{"type":"Feature","properties":{"id":"04-0468-0","name":"Jena","hauptlager":"Buchenwald","typ":"KZ / Außenlager","func_1":6,"func_1_label":"SS-Lagerbau / Landwirtschaft","func_2":5,"func_2_label":"Nicht-Rüstungsproduktion (Textil, Glas, Lebensmittel)","datum_eroeffnung":"1944-10-15","datum_schliessung":null,"open_text":"\"Late September/ Early October 1944\"","close_text":"","peak_population":942,"haftlinge":"","firmen":"Reich Railways Repair Works","nationen":"Polish, Russian, Czech, French, Belgian, German","lat":50.9333,"lon":11.583299,"koppermann_naehe":"kontext","quelle":"USHMM Encyclopedia of Camps and Ghettos Vol. 1 / Holocaust Geographies Collaborative (Knowles et al. 2014)"},"geometry":{"type":"Point","coordinates":[11.583299,50.9333]}},{"type":"Feature","properties":{"id":"04-0481-0","name":"Kassel (first)","hauptlager":"Buchenwald","typ":"KZ / Außenlager","func_1":5,"func_1_label":"Nicht-Rüstungsproduktion (Textil, Glas, Lebensmittel)","func_2":0,"func_2_label":"Keine bekannte Arbeit","datum_eroeffnung":null,"datum_schliessung":null,"open_text":"Encyclopedia is unclear","close_text":"","peak_population":12,"haftlinge":"","firmen":"Carpentry","nationen":"","lat":51.316699,"lon":9.5,"koppermann_naehe":"kontext","quelle":"USHMM Encyclopedia of Camps and Ghettos Vol. 1 / Holocaust Geographies Collaborative (Knowles et al. 2014)"},"geometry":{"type":"Point","coordinates":[9.5,51.316699]}},{"type":"Feature","properties":{"id":"04-0482-0","name":"Kassel-Drusental","hauptlager":"Buchenwald","typ":"KZ / Außenlager","func_1":3,"func_1_label":"Bau (Gebäude, Straßen, Tunnel)","func_2":0,"func_2_label":"Keine bekannte Arbeit","datum_eroeffnung":"1943-07-15","datum_schliessung":"1945-03-15","open_text":"\"July 1943\"","close_text":"\"March 29, 1945\"","peak_population":188,"haftlinge":"Political, Jehovah's Witnesses, and Asocial","firmen":"","nationen":"Poles, Russians, Germans, Czech, French, Italians, Belgians, Dutch","lat":51.327,"lon":9.4606,"koppermann_naehe":"kontext","quelle":"USHMM Encyclopedia of Camps and Ghettos Vol. 1 / Holocaust Geographies Collaborative (Knowles et al. 2014)"},"geometry":{"type":"Point","coordinates":[9.4606,51.327]}},{"type":"Feature","properties":{"id":"04-0509-0","name":"Köln-Deutz (Westwaggon)","hauptlager":"Buchenwald","typ":"KZ / Außenlager","func_1":4,"func_1_label":"Rüstung / Munition","func_2":0,"func_2_label":"Keine bekannte Arbeit","datum_eroeffnung":"1944-09-15","datum_schliessung":"1945-03-15","open_text":"\"September 27, 1944\"","close_text":"","peak_population":200,"haftlinge":"","firmen":"Klöckner-Humboldt-Deutz AG","nationen":"Mostly Russians, some French Dutch German and Poles","lat":50.9333,"lon":6.949999,"koppermann_naehe":"kontext","quelle":"USHMM Encyclopedia of Camps and Ghettos Vol. 1 / Holocaust Geographies Collaborative (Knowles et al. 2014)"},"geometry":{"type":"Point","coordinates":[6.949999,50.9333]}},{"type":"Feature","properties":{"id":"04-0945-0","name":"Tannroda","hauptlager":"Buchenwald","typ":"KZ / Außenlager","func_1":1,"func_1_label":"Unbekannte/unspezifische Arbeit","func_2":0,"func_2_label":"Keine bekannte Arbeit","datum_eroeffnung":"1942-06-15","datum_schliessung":null,"open_text":"\"First mentioned June 12, 1942\"","close_text":"","peak_population":15,"haftlinge":"","firmen":"","nationen":"","lat":50.866699,"lon":11.25,"koppermann_naehe":"kontext","quelle":"USHMM Encyclopedia of Camps and Ghettos Vol. 1 / Holocaust Geographies Collaborative (Knowles et al. 2014)"},"geometry":{"type":"Point","coordinates":[11.25,50.866699]}},{"type":"Feature","properties":{"id":"04-0511-3","name":"Köln-Niehl (Köln-Ford)","hauptlager":"Buchenwald","typ":"KZ / Außenlager","func_1":7,"func_1_label":"Ziviler Verteidigungsbau (Bunker, Trümmerräumung)","func_2":0,"func_2_label":"Keine bekannte Arbeit","datum_eroeffnung":"1944-08-15","datum_schliessung":"1945-03-15","open_text":"\"August 12, 1944\"","close_text":"","peak_population":60,"haftlinge":"","firmen":"Ford Motor Company","nationen":"Russians, Czechs, Germans, Poles","lat":51.004501,"lon":6.958199,"koppermann_naehe":"kontext","quelle":"USHMM Encyclopedia of Camps and Ghettos Vol. 1 / Holocaust Geographies Collaborative (Knowles et al. 2014)"},"geometry":{"type":"Point","coordinates":[6.958199,51.004501]}},{"type":"Feature","properties":{"id":"04-0512-1","name":"Köln-Stadt","hauptlager":"Buchenwald","typ":"KZ / Außenlager","func_1":7,"func_1_label":"Ziviler Verteidigungsbau (Bunker, Trümmerräumung)","func_2":6,"func_2_label":"SS-Lagerbau / Landwirtschaft","datum_eroeffnung":"1945-08-15","datum_schliessung":"1944-10-15","open_text":"\"August 15, 1945\"","close_text":"\"October 25, 1944\"","peak_population":300,"haftlinge":"","firmen":"","nationen":"Russians","lat":50.9396,"lon":6.97271,"koppermann_naehe":"kontext","quelle":"USHMM Encyclopedia of Camps and Ghettos Vol. 1 / Holocaust Geographies Collaborative (Knowles et al. 2014)"},"geometry":{"type":"Point","coordinates":[6.97271,50.9396]}},{"type":"Feature","properties":{"id":"04-0528-0","name":"Kranichfeld","hauptlager":"Buchenwald","typ":"KZ / Außenlager","func_1":6,"func_1_label":"SS-Lagerbau / Landwirtschaft","func_2":0,"func_2_label":"Keine bekannte Arbeit","datum_eroeffnung":"1941-06-15","datum_schliessung":null,"open_text":"\"Late 1941\"","close_text":"","peak_population":50,"haftlinge":"","firmen":"","nationen":"Poles, Germans and Various Nationalities","lat":50.849998,"lon":11.199999,"koppermann_naehe":"kontext","quelle":"USHMM Encyclopedia of Camps and Ghettos Vol. 1 / Holocaust Geographies Collaborative (Knowles et al. 2014)"},"geometry":{"type":"Point","coordinates":[11.199999,50.849998]}},{"type":"Feature","properties":{"id":"04-0549-0","name":"Langensalza (\"Langenwerke AG\")","hauptlager":"Buchenwald","typ":"KZ / Außenlager","func_1":4,"func_1_label":"Rüstung / Munition","func_2":0,"func_2_label":"Keine bekannte Arbeit","datum_eroeffnung":"1944-10-15","datum_schliessung":"1945-04-15","open_text":"\"October 21, 1944\"","close_text":"","peak_population":1458,"haftlinge":"","firmen":"Dessau Junkers- un Motorenwerke","nationen":"","lat":51.099998,"lon":10.649999,"koppermann_naehe":"kontext","quelle":"USHMM Encyclopedia of Camps and Ghettos Vol. 1 / Holocaust Geographies Collaborative (Knowles et al. 2014)"},"geometry":{"type":"Point","coordinates":[10.649999,51.099998]}},{"type":"Feature","properties":{"id":"04-0550-1","name":"Halberstadt-Langenstein-Zwieberge/Junkerswerke (\"JUHA\")","hauptlager":"Buchenwald","typ":"KZ / Außenlager","func_1":3,"func_1_label":"Bau (Gebäude, Straßen, Tunnel)","func_2":4,"func_2_label":"Rüstung / Munition","datum_eroeffnung":"1944-07-15","datum_schliessung":"1944-11-15","open_text":"\"July/August 1944\"","close_text":"\"April 8, 1945\"","peak_population":850,"haftlinge":"","firmen":"Junkers Flugzeug und Motorenwerk A.G","nationen":"French, German, Austrian, Polish, Russian, and Others","lat":51.849998,"lon":10.9833,"koppermann_naehe":"kontext","quelle":"USHMM Encyclopedia of Camps and Ghettos Vol. 1 / Holocaust Geographies Collaborative (Knowles et al. 2014)"},"geometry":{"type":"Point","coordinates":[10.9833,51.849998]}},{"type":"Feature","properties":{"id":"04-0551-0","name":"Halberstadt-Langenstein-Zwieberge/Hecklingen","hauptlager":"Buchenwald","typ":"KZ / Außenlager","func_1":6,"func_1_label":"SS-Lagerbau / Landwirtschaft","func_2":7,"func_2_label":"Ziviler Verteidigungsbau (Bunker, Trümmerräumung)","datum_eroeffnung":"1944-10-15","datum_schliessung":"1944-11-15","open_text":"\"October 12, 1944\"","close_text":"\"November 10, 1944\"","peak_population":1,"haftlinge":"","firmen":"","nationen":"","lat":51.849998,"lon":11.583299,"koppermann_naehe":"kontext","quelle":"USHMM Encyclopedia of Camps and Ghettos Vol. 1 / Holocaust Geographies Collaborative (Knowles et al. 2014)"},"geometry":{"type":"Point","coordinates":[11.583299,51.849998]}},{"type":"Feature","properties":{"id":"04-0552-0","name":"Halberstadt-Langenstein-Zwieberge/Magdeburg","hauptlager":"Buchenwald","typ":"KZ / Außenlager","func_1":6,"func_1_label":"SS-Lagerbau / Landwirtschaft","func_2":7,"func_2_label":"Ziviler Verteidigungsbau (Bunker, Trümmerräumung)","datum_eroeffnung":"1945-03-15","datum_schliessung":"1945-04-15","open_text":"\"March 19, 1945\"","close_text":"\"April 10, 1945\"","peak_population":1,"haftlinge":"","firmen":"","nationen":"","lat":52.131,"lon":11.6367,"koppermann_naehe":"kontext","quelle":"USHMM Encyclopedia of Camps and Ghettos Vol. 1 / Holocaust Geographies Collaborative (Knowles et al. 2014)"},"geometry":{"type":"Point","coordinates":[11.6367,52.131]}},{"type":"Feature","properties":{"id":"04-0554-0","name":"Halberstadt-Langenstein-Zwieberge/Wernigerode","hauptlager":"Buchenwald","typ":"KZ / Außenlager","func_1":6,"func_1_label":"SS-Lagerbau / Landwirtschaft","func_2":0,"func_2_label":"Keine bekannte Arbeit","datum_eroeffnung":"1945-03-15","datum_schliessung":"1945-04-15","open_text":"\"March 19, 1945\"","close_text":"\"April 5, 1945\"","peak_population":20,"haftlinge":"","firmen":"","nationen":"","lat":51.833301,"lon":10.7833,"koppermann_naehe":"kontext","quelle":"USHMM Encyclopedia of Camps and Ghettos Vol. 1 / Holocaust Geographies Collaborative (Knowles et al. 2014)"},"geometry":{"type":"Point","coordinates":[10.7833,51.833301]}},{"type":"Feature","properties":{"id":"04-0557-0","name":"Lauenburg in Pommern","hauptlager":"Buchenwald","typ":"KZ / Außenlager","func_1":3,"func_1_label":"Bau (Gebäude, Straßen, Tunnel)","func_2":0,"func_2_label":"Keine bekannte Arbeit","datum_eroeffnung":"1941-11-15","datum_schliessung":"1945-02-15","open_text":"\"November 11, 1941\"","close_text":"\"February/March 1945\"","peak_population":113,"haftlinge":"Asocials, Career Criminals, Political","firmen":"","nationen":"Polish, Austrian, German","lat":53.366699,"lon":10.566699,"koppermann_naehe":"kontext","quelle":"USHMM Encyclopedia of Camps and Ghettos Vol. 1 / Holocaust Geographies Collaborative (Knowles et al. 2014)"},"geometry":{"type":"Point","coordinates":[10.566699,53.366699]}},{"type":"Feature","properties":{"id":"04-0565-2","name":"Leipzig-Schönau (ATG)","hauptlager":"Buchenwald","typ":"KZ / Außenlager","func_1":4,"func_1_label":"Rüstung / Munition","func_2":0,"func_2_label":"Keine bekannte Arbeit","datum_eroeffnung":"1944-08-15","datum_schliessung":"1945-04-15","open_text":"\"August 1944\"","close_text":"\"April 13, 1945\"","peak_population":500,"haftlinge":"","firmen":"Allgemeine Transportanlagen GmbH","nationen":"Hungarian","lat":51.299999,"lon":12.333299,"koppermann_naehe":"kontext","quelle":"USHMM Encyclopedia of Camps and Ghettos Vol. 1 / Holocaust Geographies Collaborative (Knowles et al. 2014)"},"geometry":{"type":"Point","coordinates":[12.333299,51.299999]}},{"type":"Feature","properties":{"id":"04-0566-1","name":"Leipzig-Schönefeld (HASAG) (men)","hauptlager":"Buchenwald","typ":"KZ / Außenlager","func_1":4,"func_1_label":"Rüstung / Munition","func_2":0,"func_2_label":"Keine bekannte Arbeit","datum_eroeffnung":"1944-11-15","datum_schliessung":"1945-04-15","open_text":"\"November 1944\"","close_text":"","peak_population":680,"haftlinge":"Jewish","firmen":"Hugo-Schneider- AG","nationen":"Hungarian, Polish, French, Italian","lat":51.3599,"lon":12.4091,"koppermann_naehe":"kontext","quelle":"USHMM Encyclopedia of Camps and Ghettos Vol. 1 / Holocaust Geographies Collaborative (Knowles et al. 2014)"},"geometry":{"type":"Point","coordinates":[12.4091,51.3599]}},{"type":"Feature","properties":{"id":"04-0553-0","name":"Halberstadt-Langenstein-Zwieberge (\"Malachit,\" \"BII,\" \"Landhaus\")","hauptlager":"Buchenwald","typ":"KZ / Außenlager","func_1":3,"func_1_label":"Bau (Gebäude, Straßen, Tunnel)","func_2":0,"func_2_label":"Keine bekannte Arbeit","datum_eroeffnung":"1944-04-15","datum_schliessung":"1945-04-15","open_text":"\"April 21, 1944\"","close_text":"\"April 11, 1945\"","peak_population":7000,"haftlinge":"Jewish, asocials, political prisoners, career criminals etc.","firmen":"Bode, Grün & Bilfinger AG, the Erzbergbau Salzgitter GmbH, Firma Peter Bauwens und Julius Schmidt (Magdeburg), Konzerne AEG, Siemens, and Deutsche Reichsbahn Halberstadt","nationen":"French, Russian, Polish, Czech, Italian. Belgium, Yugoslavian, Hungary, Dutch, German, Austrian, Luxemburgers, Romanian, Albanian, Estonian, American","lat":51.8531,"lon":10.9874,"koppermann_naehe":"kontext","quelle":"USHMM Encyclopedia of Camps and Ghettos Vol. 1 / Holocaust Geographies Collaborative (Knowles et al. 2014)"},"geometry":{"type":"Point","coordinates":[10.9874,51.8531]}},{"type":"Feature","properties":{"id":"04-0566-2","name":"Leipzig-Schönefeld (HASAG) (women)","hauptlager":"Buchenwald","typ":"KZ / Außenlager","func_1":4,"func_1_label":"Rüstung / Munition","func_2":0,"func_2_label":"Keine bekannte Arbeit","datum_eroeffnung":"1944-06-15","datum_schliessung":"1945-04-15","open_text":"\"June 9, 1944\"","close_text":"","peak_population":5067,"haftlinge":"Jewish, POW, Gypsys, non Jews","firmen":"Hugo-Schneider- AG","nationen":"Russians, Polish, Spaniards, Serbs, Dutch, Estonian, Rumanian, Croatians, Portuguese, Swiss, Argentineans, English, Lithuanian, Luxemburgers, Belgians, French, Greeks, Czech, Yugoslavs, Italians","lat":51.3599,"lon":12.4091,"koppermann_naehe":"kontext","quelle":"USHMM Encyclopedia of Camps and Ghettos Vol. 1 / Holocaust Geographies Collaborative (Knowles et al. 2014)"},"geometry":{"type":"Point","coordinates":[12.4091,51.3599]}},{"type":"Feature","properties":{"id":"04-0574-0","name":"Leopoldshall (\"JU,\" \"LH\")","hauptlager":"Buchenwald","typ":"KZ / Außenlager","func_1":4,"func_1_label":"Rüstung / Munition","func_2":0,"func_2_label":"Keine bekannte Arbeit","datum_eroeffnung":"1944-12-15","datum_schliessung":"1945-04-15","open_text":"\"December 1944\"","close_text":"","peak_population":158,"haftlinge":"Jewish, Political","firmen":"Junkers Flugzeug- und Motorenwerke AG Zweigwerk Schonebeck","nationen":"Polish, Russian, French","lat":51.849998,"lon":11.583299,"koppermann_naehe":"kontext","quelle":"USHMM Encyclopedia of Camps and Ghettos Vol. 1 / Holocaust Geographies Collaborative (Knowles et al. 2014)"},"geometry":{"type":"Point","coordinates":[11.583299,51.849998]}},{"type":"Feature","properties":{"id":"04-0577-0","name":"Lichtenburg at Buchenwald","hauptlager":"Buchenwald","typ":"KZ / Außenlager","func_1":1,"func_1_label":"Unbekannte/unspezifische Arbeit","func_2":0,"func_2_label":"Keine bekannte Arbeit","datum_eroeffnung":"1940-09-15","datum_schliessung":null,"open_text":"\"September 11 or 12, 1940\"","close_text":"","peak_population":0,"haftlinge":"","firmen":"","nationen":"","lat":51.662467,"lon":12.932142,"koppermann_naehe":"kontext","quelle":"USHMM Encyclopedia of Camps and Ghettos Vol. 1 / Holocaust Geographies Collaborative (Knowles et al. 2014)"},"geometry":{"type":"Point","coordinates":[12.932142,51.662467]}},{"type":"Feature","properties":{"id":"04-0567-1","name":"Leipzig-Thekla (\"Emil,\" \"E,\" \"Engelsdorf\")","hauptlager":"Buchenwald","typ":"KZ / Außenlager","func_1":4,"func_1_label":"Rüstung / Munition","func_2":0,"func_2_label":"Keine bekannte Arbeit","datum_eroeffnung":"1943-06-15","datum_schliessung":"1945-04-15","open_text":"\"Spring 1943\"","close_text":"","peak_population":1456,"haftlinge":"Jewish, POW, Political, Work Shy inmates, Gypsys","firmen":"","nationen":"Russians, Polish, Lithuanian,  Belgians, French, Greeks, Czech, Yugoslavs, Italians","lat":51.38,"lon":12.4348,"koppermann_naehe":"kontext","quelle":"USHMM Encyclopedia of Camps and Ghettos Vol. 1 / Holocaust Geographies Collaborative (Knowles et al. 2014)"},"geometry":{"type":"Point","coordinates":[12.4348,51.38]}},{"type":"Feature","properties":{"id":"04-0584-2","name":"Lippstadt (Lippstädter Eisen- und Metallwerke) [aka LEM, SS-Kommando Lippstadt I]","hauptlager":"Buchenwald","typ":"KZ / Außenlager","func_1":4,"func_1_label":"Rüstung / Munition","func_2":0,"func_2_label":"Keine bekannte Arbeit","datum_eroeffnung":"1944-07-15","datum_schliessung":"1943-04-15","open_text":"\"July 31, 1944\"","close_text":"","peak_population":750,"haftlinge":"Jewish","firmen":"Lippstadt  Eisen- und Metallwerke","nationen":"Hungarian, French, Slovakian, Polish, Czech, Dutch, German","lat":51.666698,"lon":8.35,"koppermann_naehe":"kontext","quelle":"USHMM Encyclopedia of Camps and Ghettos Vol. 1 / Holocaust Geographies Collaborative (Knowles et al. 2014)"},"geometry":{"type":"Point","coordinates":[8.35,51.666698]}},{"type":"Feature","properties":{"id":"04-0601-0","name":"Lützkendorf","hauptlager":"Buchenwald","typ":"KZ / Außenlager","func_1":7,"func_1_label":"Ziviler Verteidigungsbau (Bunker, Trümmerräumung)","func_2":0,"func_2_label":"Keine bekannte Arbeit","datum_eroeffnung":"1944-07-15","datum_schliessung":"1945-01-15","open_text":"\"July 1944\"","close_text":"\"January 18, 1945\"","peak_population":900,"haftlinge":"Career Criminals, Jewish","firmen":"Wintershall AG Mineralolwerk","nationen":"Polish, Russian, Czech, French, German","lat":51.299999,"lon":11.85,"koppermann_naehe":"kontext","quelle":"USHMM Encyclopedia of Camps and Ghettos Vol. 1 / Holocaust Geographies Collaborative (Knowles et al. 2014)"},"geometry":{"type":"Point","coordinates":[11.85,51.299999]}},{"type":"Feature","properties":{"id":"04-0604-1","name":"Magdeburg (Polte OHG) (men)","hauptlager":"Buchenwald","typ":"KZ / Außenlager","func_1":4,"func_1_label":"Rüstung / Munition","func_2":0,"func_2_label":"Keine bekannte Arbeit","datum_eroeffnung":"1944-11-15","datum_schliessung":"1945-04-15","open_text":"\"November 3, 1944\"","close_text":"","peak_population":550,"haftlinge":"Jewish","firmen":"Polte Company","nationen":"Latvian, Polish, Hungarian, Lithuanian German","lat":52.166698,"lon":11.6667,"koppermann_naehe":"kontext","quelle":"USHMM Encyclopedia of Camps and Ghettos Vol. 1 / Holocaust Geographies Collaborative (Knowles et al. 2014)"},"geometry":{"type":"Point","coordinates":[11.6667,52.166698]}},{"type":"Feature","properties":{"id":"04-0604-2","name":"Magdeburg (Polte OHG) (women)","hauptlager":"Buchenwald","typ":"KZ / Außenlager","func_1":4,"func_1_label":"Rüstung / Munition","func_2":0,"func_2_label":"Keine bekannte Arbeit","datum_eroeffnung":"1944-06-15","datum_schliessung":"1945-04-15","open_text":"\"June 14, 1944\"","close_text":"\"April 1945\"","peak_population":2427,"haftlinge":"Jewish, Political","firmen":"Polte Company","nationen":"Russians, Polish, Italian, French, Czech, Yugoslavs, Lithuanian, German","lat":52.166698,"lon":11.6667,"koppermann_naehe":"kontext","quelle":"USHMM Encyclopedia of Camps and Ghettos Vol. 1 / Holocaust Geographies Collaborative (Knowles et al. 2014)"},"geometry":{"type":"Point","coordinates":[11.6667,52.166698]}},{"type":"Feature","properties":{"id":"04-0585-2","name":"Lippstadt (Westfälische Metall-Industrie) [aka WMI, SS-Kommando Lippstadt II]","hauptlager":"Buchenwald","typ":"KZ / Außenlager","func_1":4,"func_1_label":"Rüstung / Munition","func_2":0,"func_2_label":"Keine bekannte Arbeit","datum_eroeffnung":"1944-11-15","datum_schliessung":"1945-04-15","open_text":"\"November 20, 1944\"","close_text":"","peak_population":345,"haftlinge":"Jewish","firmen":"Westfalische Metallindustrie","nationen":"Hungarian, and other Eastern European Countries","lat":51.6764,"lon":8.34665,"koppermann_naehe":"kontext","quelle":"USHMM Encyclopedia of Camps and Ghettos Vol. 1 / Holocaust Geographies Collaborative (Knowles et al. 2014)"},"geometry":{"type":"Point","coordinates":[8.34665,51.6764]}},{"type":"Feature","properties":{"id":"04-0616-2","name":"Markkleeberg","hauptlager":"Buchenwald","typ":"KZ / Außenlager","func_1":4,"func_1_label":"Rüstung / Munition","func_2":0,"func_2_label":"Keine bekannte Arbeit","datum_eroeffnung":"1944-08-15","datum_schliessung":"1945-04-15","open_text":"\"August 31, 1944\"","close_text":"","peak_population":1539,"haftlinge":"Jewish","firmen":"Junkers Flugzeug- und Montorenwerke AG","nationen":"Hungarian, French","lat":51.283298,"lon":12.399999,"koppermann_naehe":"kontext","quelle":"USHMM Encyclopedia of Camps and Ghettos Vol. 1 / Holocaust Geographies Collaborative (Knowles et al. 2014)"},"geometry":{"type":"Point","coordinates":[12.399999,51.283298]}},{"type":"Feature","properties":{"id":"04-0628-1","name":"Meuselwitz (men)","hauptlager":"Buchenwald","typ":"KZ / Außenlager","func_1":4,"func_1_label":"Rüstung / Munition","func_2":0,"func_2_label":"Keine bekannte Arbeit","datum_eroeffnung":"1944-10-15","datum_schliessung":"1945-04-15","open_text":"\"November 3, 1944\"-Men","close_text":"\"April 1945\"","peak_population":300,"haftlinge":"Jewish Men, Mostly Non Jewish Women","firmen":"Hugo-Schneider- AG","nationen":"Polish, Hungarian, Dutch, Czech","lat":51.049999,"lon":12.3,"koppermann_naehe":"kontext","quelle":"USHMM Encyclopedia of Camps and Ghettos Vol. 1 / Holocaust Geographies Collaborative (Knowles et al. 2014)"},"geometry":{"type":"Point","coordinates":[12.3,51.049999]}},{"type":"Feature","properties":{"id":"04-0628-2","name":"Meuselwitz (women)","hauptlager":"Buchenwald","typ":"KZ / Außenlager","func_1":4,"func_1_label":"Rüstung / Munition","func_2":0,"func_2_label":"Keine bekannte Arbeit","datum_eroeffnung":"1944-11-15","datum_schliessung":"1945-04-15","open_text":"\"October 5, 1944\"-Women","close_text":"\"April 1945\"","peak_population":1500,"haftlinge":"Jewish Men, Mostly Non Jewish Women","firmen":"Hugo-Schneider- AG","nationen":"Polish, Hungarian, Dutch, Czech","lat":51.049999,"lon":12.3,"koppermann_naehe":"kontext","quelle":"USHMM Encyclopedia of Camps and Ghettos Vol. 1 / Holocaust Geographies Collaborative (Knowles et al. 2014)"},"geometry":{"type":"Point","coordinates":[12.3,51.049999]}},{"type":"Feature","properties":{"id":"04-0633-0","name":"Dora","hauptlager":"Buchenwald","typ":"KZ / Außenlager","func_1":4,"func_1_label":"Rüstung / Munition","func_2":0,"func_2_label":"Keine bekannte Arbeit","datum_eroeffnung":"1943-08-15","datum_schliessung":"1944-10-15","open_text":"\"August 28, 1943, opening of Buchenwald subcamp\"","close_text":"","peak_population":0,"haftlinge":"Politicial, Communisits, All opposition to the Nazi way of life, Military internees, Gypsies, Jews","firmen":"Wirtschafliche Forschungsgesellschaft mbH. Mittelwerk GmbH, Junkers AG","nationen":"Russian, Polish, French, German, Belgian, Italian, Czech, Hungarian, and other German occupied countries","lat":51.5348,"lon":10.7488,"koppermann_naehe":"kontext","quelle":"USHMM Encyclopedia of Camps and Ghettos Vol. 1 / Holocaust Geographies Collaborative (Knowles et al. 2014)"},"geometry":{"type":"Point","coordinates":[10.7488,51.5348]}},{"type":"Feature","properties":{"id":"04-0644-2","name":"Mühlhausen (Gerätebau GmbH) (\"Martha II\") [aka SS-Kommando Gerätebau]","hauptlager":"Buchenwald","typ":"KZ / Außenlager","func_1":4,"func_1_label":"Rüstung / Munition","func_2":0,"func_2_label":"Keine bekannte Arbeit","datum_eroeffnung":"1944-09-15","datum_schliessung":"1945-03-15","open_text":"\"September 3, 1944\"","close_text":"End of February 1945 -Baranowski, \"March 1, 1945\"-Liesenberg,\"March 3, 1945\"- ITS, \"March 8, 1945\"-Others,","peak_population":300,"haftlinge":"Jewish","firmen":"Gerätebau GmbH","nationen":"Hungarian, Polish","lat":51.216701,"lon":10.449999,"koppermann_naehe":"kontext","quelle":"USHMM Encyclopedia of Camps and Ghettos Vol. 1 / Holocaust Geographies Collaborative (Knowles et al. 2014)"},"geometry":{"type":"Point","coordinates":[10.449999,51.216701]}},{"type":"Feature","properties":{"id":"04-0645-1","name":"Mühlhausen (Mühlenwerke AG/Junkers) (\"Julius M,\" \"Martha I\")","hauptlager":"Buchenwald","typ":"KZ / Außenlager","func_1":4,"func_1_label":"Rüstung / Munition","func_2":0,"func_2_label":"Keine bekannte Arbeit","datum_eroeffnung":"1944-04-15","datum_schliessung":"1945-04-15","open_text":"\"April 20, 1944, decide to establish\"","close_text":"","peak_population":800,"haftlinge":"Jewish, Political","firmen":"Junkers Flugzeug- und Montorenwerke AG","nationen":"French, Czech, German, Dutch, Polish","lat":51.217601,"lon":10.4593,"koppermann_naehe":"kontext","quelle":"USHMM Encyclopedia of Camps and Ghettos Vol. 1 / Holocaust Geographies Collaborative (Knowles et al. 2014)"},"geometry":{"type":"Point","coordinates":[10.4593,51.217601]}},{"type":"Feature","properties":{"id":"04-0710-2","name":"Neustadt bei Coburg [aka Kalag]","hauptlager":"Buchenwald","typ":"KZ / Außenlager","func_1":4,"func_1_label":"Rüstung / Munition","func_2":0,"func_2_label":"Keine bekannte Arbeit","datum_eroeffnung":"1944-09-15","datum_schliessung":"1945-04-15","open_text":"\"September 7, 1944\"","close_text":"\"April 6, 1945\"","peak_population":398,"haftlinge":"Jewish","firmen":"Kabel- und Leitungswerke A.G","nationen":"Hungarian, Yugoslavian, Polish, French, Germans","lat":50.316699,"lon":11.1167,"koppermann_naehe":"kontext","quelle":"USHMM Encyclopedia of Camps and Ghettos Vol. 1 / Holocaust Geographies Collaborative (Knowles et al. 2014)"},"geometry":{"type":"Point","coordinates":[11.1167,50.316699]}},{"type":"Feature","properties":{"id":"04-0720-0","name":"Niederorschel (\"Langenwerke AG\")","hauptlager":"Buchenwald","typ":"KZ / Außenlager","func_1":4,"func_1_label":"Rüstung / Munition","func_2":0,"func_2_label":"Keine bekannte Arbeit","datum_eroeffnung":"1944-09-15","datum_schliessung":"1945-04-15","open_text":"\"September 4, 1944\"","close_text":"","peak_population":693,"haftlinge":"Jewish","firmen":"Junkers-Werke","nationen":"Slovakian, Hungarian, Dutch, French","lat":51.366699,"lon":10.4333,"koppermann_naehe":"kontext","quelle":"USHMM Encyclopedia of Camps and Ghettos Vol. 1 / Holocaust Geographies Collaborative (Knowles et al. 2014)"},"geometry":{"type":"Point","coordinates":[10.4333,51.366699]}},{"type":"Feature","properties":{"id":"04-0725-0","name":"Nordhausen","hauptlager":"Buchenwald","typ":"KZ / Außenlager","func_1":1,"func_1_label":"Unbekannte/unspezifische Arbeit","func_2":0,"func_2_label":"Keine bekannte Arbeit","datum_eroeffnung":"1943-08-15","datum_schliessung":"1944-10-15","open_text":"\"Late August 1943\"","close_text":"","peak_population":0,"haftlinge":"","firmen":"","nationen":"","lat":51.5167,"lon":10.8,"koppermann_naehe":"kontext","quelle":"USHMM Encyclopedia of Camps and Ghettos Vol. 1 / Holocaust Geographies Collaborative (Knowles et al. 2014)"},"geometry":{"type":"Point","coordinates":[10.8,51.5167]}},{"type":"Feature","properties":{"id":"04-0737-0","name":"Oberndorf (\"Muna,\" \"Ms,\" \"Mu\")","hauptlager":"Buchenwald","typ":"KZ / Außenlager","func_1":4,"func_1_label":"Rüstung / Munition","func_2":0,"func_2_label":"Keine bekannte Arbeit","datum_eroeffnung":"1944-11-15","datum_schliessung":null,"open_text":"\"November 1944\"","close_text":"","peak_population":195,"haftlinge":"","firmen":"","nationen":"Russian, Polish, French, German","lat":50.900001,"lon":11.8667,"koppermann_naehe":"kontext","quelle":"USHMM Encyclopedia of Camps and Ghettos Vol. 1 / Holocaust Geographies Collaborative (Knowles et al. 2014)"},"geometry":{"type":"Point","coordinates":[11.8667,50.900001]}},{"type":"Feature","properties":{"id":"04-0743-0","name":"Ohrdruf (\"SIII\")","hauptlager":"Buchenwald","typ":"KZ / Außenlager","func_1":3,"func_1_label":"Bau (Gebäude, Straßen, Tunnel)","func_2":7,"func_2_label":"Ziviler Verteidigungsbau (Bunker, Trümmerräumung)","datum_eroeffnung":"1944-11-15","datum_schliessung":"1945-04-15","open_text":"\"November 1944\"","close_text":"","peak_population":11700,"haftlinge":"Political, Asocials, Career Criminals, common Law prisoners, Homosexuals, Jewish, Russian POWs","firmen":"","nationen":"French, Belgian, German, Hungarian, Czech, Latvian, Italian, Russian, Ukrainian, Polish, Yugoslavian","lat":50.826,"lon":10.7356,"koppermann_naehe":"kontext","quelle":"USHMM Encyclopedia of Camps and Ghettos Vol. 1 / Holocaust Geographies Collaborative (Knowles et al. 2014)"},"geometry":{"type":"Point","coordinates":[10.7356,50.826]}},{"type":"Feature","properties":{"id":"04-0744-1","name":"Ohrdruf/Crawinkel","hauptlager":"Buchenwald","typ":"KZ / Außenlager","func_1":2,"func_1_label":"Baumaterialien (Steinbruch, Ziegelei, Sägewerk)","func_2":3,"func_2_label":"Bau (Gebäude, Straßen, Tunnel)","datum_eroeffnung":"1944-06-15","datum_schliessung":"1945-06-15","open_text":"\"First mentioned in December, 1944\"","close_text":"","peak_population":3000,"haftlinge":"","firmen":"","nationen":"Russian, Hungarian, PolishPOW, Jewish","lat":50.783298,"lon":10.7833,"koppermann_naehe":"kontext","quelle":"USHMM Encyclopedia of Camps and Ghettos Vol. 1 / Holocaust Geographies Collaborative (Knowles et al. 2014)"},"geometry":{"type":"Point","coordinates":[10.7833,50.783298]}},{"type":"Feature","properties":{"id":"04-0745-0","name":"Ohrdruf/Espenfeld","hauptlager":"Buchenwald","typ":"KZ / Außenlager","func_1":3,"func_1_label":"Bau (Gebäude, Straßen, Tunnel)","func_2":0,"func_2_label":"Keine bekannte Arbeit","datum_eroeffnung":"1944-08-15","datum_schliessung":"1945-06-15","open_text":"\"August 1944\"","close_text":"","peak_population":7000,"haftlinge":"","firmen":"Tunnel Constuction","nationen":"Russian, Polish, Czech","lat":50.816699,"lon":10.899999,"koppermann_naehe":"kontext","quelle":"USHMM Encyclopedia of Camps and Ghettos Vol. 1 / Holocaust Geographies Collaborative (Knowles et al. 2014)"},"geometry":{"type":"Point","coordinates":[10.899999,50.816699]}},{"type":"Feature","properties":{"id":"04-0767-2","name":"Penig","hauptlager":"Buchenwald","typ":"KZ / Außenlager","func_1":4,"func_1_label":"Rüstung / Munition","func_2":0,"func_2_label":"Keine bekannte Arbeit","datum_eroeffnung":"1945-01-15","datum_schliessung":"1945-04-15","open_text":"\"January 15, 1945\"","close_text":"","peak_population":700,"haftlinge":"Jewish","firmen":"Max-Gehrt-Werken, Junkers Flugzeug- und Motorenwerke","nationen":"","lat":50.9333,"lon":12.716699,"koppermann_naehe":"kontext","quelle":"USHMM Encyclopedia of Camps and Ghettos Vol. 1 / Holocaust Geographies Collaborative (Knowles et al. 2014)"},"geometry":{"type":"Point","coordinates":[12.716699,50.9333]}},{"type":"Feature","properties":{"id":"04-0777-1","name":"Plömnitz (\"Leopard\") [aka Leau] (men)","hauptlager":"Buchenwald","typ":"KZ / Außenlager","func_1":3,"func_1_label":"Bau (Gebäude, Straßen, Tunnel)","func_2":0,"func_2_label":"Keine bekannte Arbeit","datum_eroeffnung":"1944-03-15","datum_schliessung":"1945-04-15","open_text":"\"August 22, 1944 - ITS, likely since March\"","close_text":"","peak_population":1486,"haftlinge":"POW, Jewish","firmen":"Solvay-Werke, Salzvertriebs-GmbH Bernburg","nationen":"French, Belgian","lat":51.75,"lon":11.816699,"koppermann_naehe":"kontext","quelle":"USHMM Encyclopedia of Camps and Ghettos Vol. 1 / Holocaust Geographies Collaborative (Knowles et al. 2014)"},"geometry":{"type":"Point","coordinates":[11.816699,51.75]}},{"type":"Feature","properties":{"id":"04-0777-2","name":"Plömnitz (\"Leopard\") [aka Leau] (women)","hauptlager":"Buchenwald","typ":"KZ / Außenlager","func_1":6,"func_1_label":"SS-Lagerbau / Landwirtschaft","func_2":0,"func_2_label":"Keine bekannte Arbeit","datum_eroeffnung":"1944-03-15","datum_schliessung":"1945-03-15","open_text":"\"March 1944\"","close_text":"","peak_population":180,"haftlinge":"","firmen":"","nationen":"Hungarian","lat":51.75,"lon":11.816699,"koppermann_naehe":"kontext","quelle":"USHMM Encyclopedia of Camps and Ghettos Vol. 1 / Holocaust Geographies Collaborative (Knowles et al. 2014)"},"geometry":{"type":"Point","coordinates":[11.816699,51.75]}},{"type":"Feature","properties":{"id":"04-0796-0","name":"Quedlinburg","hauptlager":"Buchenwald","typ":"KZ / Außenlager","func_1":6,"func_1_label":"SS-Lagerbau / Landwirtschaft","func_2":0,"func_2_label":"Keine bekannte Arbeit","datum_eroeffnung":"1942-04-15","datum_schliessung":null,"open_text":"\"April 20, 1942\"","close_text":"","peak_population":60,"haftlinge":"","firmen":"","nationen":"","lat":51.783298,"lon":11.149999,"koppermann_naehe":"kontext","quelle":"USHMM Encyclopedia of Camps and Ghettos Vol. 1 / Holocaust Geographies Collaborative (Knowles et al. 2014)"},"geometry":{"type":"Point","coordinates":[11.149999,51.783298]}},{"type":"Feature","properties":{"id":"04-0802-2","name":"Raguhn","hauptlager":"Buchenwald","typ":"KZ / Außenlager","func_1":4,"func_1_label":"Rüstung / Munition","func_2":0,"func_2_label":"Keine bekannte Arbeit","datum_eroeffnung":"1945-02-15","datum_schliessung":"1945-04-15","open_text":"\"February 7, 1945\"","close_text":"\"April 9, 1945\"","peak_population":600,"haftlinge":"a Few Soviet POWs, Mostly Jewish, Jews married to Aryans, 1 Resistance Fighter, 1 Political","firmen":"Heerbrandt-Werke, Junkers Flugzeug- und Motorenwerke","nationen":"French, Dutch, Italians, Poles, Hungarians, Germans, 1 Turk, 1 American","lat":51.716701,"lon":12.3,"koppermann_naehe":"kontext","quelle":"USHMM Encyclopedia of Camps and Ghettos Vol. 1 / Holocaust Geographies Collaborative (Knowles et al. 2014)"},"geometry":{"type":"Point","coordinates":[12.3,51.716701]}},{"type":"Feature","properties":{"id":"04-0849-1","name":"Rothenburg","hauptlager":"Buchenwald","typ":"KZ / Außenlager","func_1":3,"func_1_label":"Bau (Gebäude, Straßen, Tunnel)","func_2":0,"func_2_label":"Keine bekannte Arbeit","datum_eroeffnung":"1944-10-15","datum_schliessung":"1945-04-15","open_text":"\"October 1944\"","close_text":"","peak_population":80,"haftlinge":"","firmen":"Christian Mansfeld GmbH","nationen":"Mostly Russian and Polish, few French and German","lat":51.333301,"lon":14.966699,"koppermann_naehe":"kontext","quelle":"USHMM Encyclopedia of Camps and Ghettos Vol. 1 / Holocaust Geographies Collaborative (Knowles et al. 2014)"},"geometry":{"type":"Point","coordinates":[14.966699,51.333301]}},{"type":"Feature","properties":{"id":"04-0850-0","name":"Rottleberode [\"Heinrich\"]","hauptlager":"Buchenwald","typ":"KZ / Außenlager","func_1":4,"func_1_label":"Rüstung / Munition","func_2":0,"func_2_label":"Keine bekannte Arbeit","datum_eroeffnung":"1944-03-15","datum_schliessung":"1944-10-15","open_text":"\"March 13, 1944\"- camp opens as part of Buchenwald, but in October 1944, becomes part of Mittelbau","close_text":"","peak_population":0,"haftlinge":"Non Jewish Poles, until January 1945 then some Jewish from varying Countries","firmen":"Junkers AG","nationen":"Polish, Russian, Czech, German","lat":51.5167,"lon":10.9333,"koppermann_naehe":"kontext","quelle":"USHMM Encyclopedia of Camps and Ghettos Vol. 1 / Holocaust Geographies Collaborative (Knowles et al. 2014)"},"geometry":{"type":"Point","coordinates":[10.9333,51.5167]}},{"type":"Feature","properties":{"id":"04-0854-0","name":"Saalfeld (\"Laura\") [aka SS-Arbeitslager Saalfeld, LA]","hauptlager":"Buchenwald","typ":"KZ / Außenlager","func_1":3,"func_1_label":"Bau (Gebäude, Straßen, Tunnel)","func_2":0,"func_2_label":"Keine bekannte Arbeit","datum_eroeffnung":"1943-09-15","datum_schliessung":"1945-04-15","open_text":"\"September 21, 1943\"","close_text":"","peak_population":1200,"haftlinge":"Career Criminals, Asocials, Political Prisoners, Jews, Italian military internees","firmen":"Vorwerk Mitte, Firma Oertel","nationen":"German, Polish, Russian, Ukranian, French, Belgian, Dutch, Italian, Czech, Yugoslavs, Lithuanian, Luxembourgers, Spanish, 1 American","lat":51.2667,"lon":10.516699,"koppermann_naehe":"kontext","quelle":"USHMM Encyclopedia of Camps and Ghettos Vol. 1 / Holocaust Geographies Collaborative (Knowles et al. 2014)"},"geometry":{"type":"Point","coordinates":[10.516699,51.2667]}},{"type":"Feature","properties":{"id":"04-0878-3","name":"Schlieben","hauptlager":"Buchenwald","typ":"KZ / Außenlager","func_1":4,"func_1_label":"Rüstung / Munition","func_2":0,"func_2_label":"Keine bekannte Arbeit","datum_eroeffnung":"1944-07-15","datum_schliessung":"1945-13-15","open_text":"\"July 1944\"","close_text":"","peak_population":2515,"haftlinge":"Jewish, Non Jews","firmen":"Hugo- Schneider AG","nationen":"Poland, Hungary","lat":51.716701,"lon":13.383299,"koppermann_naehe":"kontext","quelle":"USHMM Encyclopedia of Camps and Ghettos Vol. 1 / Holocaust Geographies Collaborative (Knowles et al. 2014)"},"geometry":{"type":"Point","coordinates":[13.383299,51.716701]}},{"type":"Feature","properties":{"id":"04-0605-1","name":"Magdeburg-Rothensee (BRABAG) [aka Magda]","hauptlager":"Buchenwald","typ":"KZ / Außenlager","func_1":9,"func_1_label":"Öl- und Kohleproduktion","func_2":7,"func_2_label":"Ziviler Verteidigungsbau (Bunker, Trümmerräumung)","datum_eroeffnung":"1944-07-15","datum_schliessung":"1945-02-15","open_text":"\"July 23, 1944\"","close_text":"\"February 9, 1945\"","peak_population":2127,"haftlinge":"Jewish, Non Jews","firmen":"Braunkohle-Benzin","nationen":"Hungarian, Ukranian, Serbs, German, Czech, Polish, French, Belgian","lat":52.1839,"lon":11.6598,"koppermann_naehe":"kontext","quelle":"USHMM Encyclopedia of Camps and Ghettos Vol. 1 / Holocaust Geographies Collaborative (Knowles et al. 2014)"},"geometry":{"type":"Point","coordinates":[11.6598,52.1839]}},{"type":"Feature","properties":{"id":"04-0885-0","name":"Schönebeck (Nationale Radiatoren)","hauptlager":"Buchenwald","typ":"KZ / Außenlager","func_1":4,"func_1_label":"Rüstung / Munition","func_2":0,"func_2_label":"Keine bekannte Arbeit","datum_eroeffnung":"1943-03-15","datum_schliessung":"1945-04-15","open_text":"\"March 10, 1943\"","close_text":"\"April 11, 1945\"","peak_population":400,"haftlinge":"Forced Labor","firmen":"Nationale Radiatoren, Volkswagen","nationen":"Italian, Russian","lat":52.0197,"lon":11.737,"koppermann_naehe":"kontext","quelle":"USHMM Encyclopedia of Camps and Ghettos Vol. 1 / Holocaust Geographies Collaborative (Knowles et al. 2014)"},"geometry":{"type":"Point","coordinates":[11.737,52.0197]}},{"type":"Feature","properties":{"id":"04-0884-0","name":"Schönebeck (Junkers-Flugzeug- und Motorenwerke AG) (\"J,\" \"SCH,\" \"Julius,\") (with \"Siegrfried\")","hauptlager":"Buchenwald","typ":"KZ / Außenlager","func_1":4,"func_1_label":"Rüstung / Munition","func_2":0,"func_2_label":"Keine bekannte Arbeit","datum_eroeffnung":"1943-03-15","datum_schliessung":"1945-04-15","open_text":"\"March 1943\"","close_text":"\"April 11, 1945\"","peak_population":1500,"haftlinge":"Political, Asocials, Career Criminals, Jewish,Gypsys","firmen":"Junkers Flugzeug- und Motorenwerke AG","nationen":"Russia, Poland, France, Belgium, Luxembourg, the Netherlands and Czechoslovakia. A Few Yugoslavia, Spain, Hungary, Croatia, Italy, German","lat":52.0167,"lon":11.75,"koppermann_naehe":"kontext","quelle":"USHMM Encyclopedia of Camps and Ghettos Vol. 1 / Holocaust Geographies Collaborative (Knowles et al. 2014)"},"geometry":{"type":"Point","coordinates":[11.75,52.0167]}},{"type":"Feature","properties":{"id":"04-0899-0","name":"Sennelager","hauptlager":"Buchenwald","typ":"KZ / Außenlager","func_1":1,"func_1_label":"Unbekannte/unspezifische Arbeit","func_2":0,"func_2_label":"Keine bekannte Arbeit","datum_eroeffnung":"1944-11-15","datum_schliessung":"1945-04-15","open_text":"\"November 26, 1944\"","close_text":"","peak_population":47,"haftlinge":"Jews, Work Shy, Political","firmen":"","nationen":"Polish, Slovakian","lat":51.7667,"lon":8.716699,"koppermann_naehe":"kontext","quelle":"USHMM Encyclopedia of Camps and Ghettos Vol. 1 / Holocaust Geographies Collaborative (Knowles et al. 2014)"},"geometry":{"type":"Point","coordinates":[8.716699,51.7667]}},{"type":"Feature","properties":{"id":"04-0905-2","name":"Sömmerda","hauptlager":"Buchenwald","typ":"KZ / Außenlager","func_1":4,"func_1_label":"Rüstung / Munition","func_2":0,"func_2_label":"Keine bekannte Arbeit","datum_eroeffnung":"1944-06-15","datum_schliessung":"1945-03-15","open_text":"\"Fall 1944\"","close_text":"\"March 1945\"","peak_population":1293,"haftlinge":"","firmen":"Rheinmetall-Borsig AG, Werk Sömmerda","nationen":"Hungarian,","lat":51.150001,"lon":11.1,"koppermann_naehe":"kontext","quelle":"USHMM Encyclopedia of Camps and Ghettos Vol. 1 / Holocaust Geographies Collaborative (Knowles et al. 2014)"},"geometry":{"type":"Point","coordinates":[11.1,51.150001]}},{"type":"Feature","properties":{"id":"04-0892-1","name":"Schwerte-Ost","hauptlager":"Buchenwald","typ":"KZ / Außenlager","func_1":6,"func_1_label":"SS-Lagerbau / Landwirtschaft","func_2":0,"func_2_label":"Keine bekannte Arbeit","datum_eroeffnung":"1944-04-15","datum_schliessung":"1945-01-15","open_text":"\"April 6, 1944\"","close_text":"\"January 29, 1945\"","peak_population":710,"haftlinge":"Jews, Politcal","firmen":"","nationen":"Russian","lat":51.45,"lon":7.566699,"koppermann_naehe":"kontext","quelle":"USHMM Encyclopedia of Camps and Ghettos Vol. 1 / Holocaust Geographies Collaborative (Knowles et al. 2014)"},"geometry":{"type":"Point","coordinates":[7.566699,51.45]}},{"type":"Feature","properties":{"id":"04-0924-1","name":"Stassfurt (\"REH\") [aka Neu-Stassfurt, Stassfurt I]","hauptlager":"Buchenwald","typ":"KZ / Außenlager","func_1":3,"func_1_label":"Bau (Gebäude, Straßen, Tunnel)","func_2":0,"func_2_label":"Keine bekannte Arbeit","datum_eroeffnung":"1944-09-15","datum_schliessung":"1945-04-15","open_text":"\"September 1944\"","close_text":"","peak_population":500,"haftlinge":"Politcal, Jewish","firmen":"Ingenieurburo Schlempp doing work for Siemens- Schukert Werke AG, and Kabel- und Leitungswerke AG","nationen":"French, Russian, Polish","lat":51.866699,"lon":11.583299,"koppermann_naehe":"kontext","quelle":"USHMM Encyclopedia of Camps and Ghettos Vol. 1 / Holocaust Geographies Collaborative (Knowles et al. 2014)"},"geometry":{"type":"Point","coordinates":[11.583299,51.866699]}},{"type":"Feature","properties":{"id":"04-0925-0","name":"Stassfurt (Wälzer & Co.) [aka Stassfurt II]","hauptlager":"Buchenwald","typ":"KZ / Außenlager","func_1":1,"func_1_label":"Unbekannte/unspezifische Arbeit","func_2":0,"func_2_label":"Keine bekannte Arbeit","datum_eroeffnung":"1945-01-15","datum_schliessung":"1945-04-15","open_text":"\"January 1945\"","close_text":"","peak_population":200,"haftlinge":"","firmen":"Walzer & Co.","nationen":"","lat":51.853,"lon":11.5883,"koppermann_naehe":"kontext","quelle":"USHMM Encyclopedia of Camps and Ghettos Vol. 1 / Holocaust Geographies Collaborative (Knowles et al. 2014)"},"geometry":{"type":"Point","coordinates":[11.5883,51.853]}},{"type":"Feature","properties":{"id":"04-0943-0","name":"Suhl","hauptlager":"Buchenwald","typ":"KZ / Außenlager","func_1":3,"func_1_label":"Bau (Gebäude, Straßen, Tunnel)","func_2":0,"func_2_label":"Keine bekannte Arbeit","datum_eroeffnung":"1943-07-15","datum_schliessung":"1943-10-15","open_text":"\"July 15, 1943\"","close_text":"\"October 2, 1943\"","peak_population":90,"haftlinge":"","firmen":"Gustloff- Werke","nationen":"Polish","lat":50.599998,"lon":10.699999,"koppermann_naehe":"kontext","quelle":"USHMM Encyclopedia of Camps and Ghettos Vol. 1 / Holocaust Geographies Collaborative (Knowles et al. 2014)"},"geometry":{"type":"Point","coordinates":[10.699999,50.599998]}},{"type":"Feature","properties":{"id":"04-0944-1","name":"Tannenwald","hauptlager":"Buchenwald","typ":"KZ / Außenlager","func_1":7,"func_1_label":"Ziviler Verteidigungsbau (Bunker, Trümmerräumung)","func_2":0,"func_2_label":"Keine bekannte Arbeit","datum_eroeffnung":"1944-12-15","datum_schliessung":"1945-06-15","open_text":"\"December 7, 1944\"","close_text":"","peak_population":43,"haftlinge":"","firmen":"","nationen":"Russia, Polish, German, Czech, Italian, French","lat":51.400001,"lon":12.333299,"koppermann_naehe":"kontext","quelle":"USHMM Encyclopedia of Camps and Ghettos Vol. 1 / Holocaust Geographies Collaborative (Knowles et al. 2014)"},"geometry":{"type":"Point","coordinates":[12.333299,51.400001]}},{"type":"Feature","properties":{"id":"04-0946-1","name":"Taucha (men)","hauptlager":"Buchenwald","typ":"KZ / Außenlager","func_1":4,"func_1_label":"Rüstung / Munition","func_2":0,"func_2_label":"Keine bekannte Arbeit","datum_eroeffnung":"1944-10-15","datum_schliessung":"1945-04-15","open_text":"\"First mentioned October 10, 1944\"","close_text":"","peak_population":700,"haftlinge":"","firmen":"Hugo Schneider- AG","nationen":"Hungarian, Czech, French, Italians, Yugoslavs, Latvians, Poles, Germans, Russians, Swedes and Slovaks","lat":51.366699,"lon":12.466699,"koppermann_naehe":"kontext","quelle":"USHMM Encyclopedia of Camps and Ghettos Vol. 1 / Holocaust Geographies Collaborative (Knowles et al. 2014)"},"geometry":{"type":"Point","coordinates":[12.466699,51.366699]}},{"type":"Feature","properties":{"id":"04-0946-2","name":"Taucha (women)","hauptlager":"Buchenwald","typ":"KZ / Außenlager","func_1":4,"func_1_label":"Rüstung / Munition","func_2":0,"func_2_label":"Keine bekannte Arbeit","datum_eroeffnung":"1944-09-15","datum_schliessung":"1945-04-15","open_text":"\"September 7, 1944\"","close_text":"","peak_population":1371,"haftlinge":"Jewish, Gypsies","firmen":"Hugo Schneider- AG","nationen":"Roma, Sinti, Belgium, Denmark, Elsass, Greece, France, Italy, Yugoslavia, Croatia, Lithuania, Poland, Serbia, Bohemia, Mähren and the USA","lat":51.366699,"lon":12.466699,"koppermann_naehe":"kontext","quelle":"USHMM Encyclopedia of Camps and Ghettos Vol. 1 / Holocaust Geographies Collaborative (Knowles et al. 2014)"},"geometry":{"type":"Point","coordinates":[12.466699,51.366699]}},{"type":"Feature","properties":{"id":"04-0955-1","name":"Tonndorf (\"T\")","hauptlager":"Buchenwald","typ":"KZ / Außenlager","func_1":2,"func_1_label":"Baumaterialien (Steinbruch, Ziegelei, Sägewerk)","func_2":0,"func_2_label":"Keine bekannte Arbeit","datum_eroeffnung":"1941-08-15","datum_schliessung":null,"open_text":"\"Early August 1941\" or \"September 27, 1943\" - ITS","close_text":"","peak_population":45,"haftlinge":"Jewish","firmen":"Steinbruch Merkel, Berka Martynwerke","nationen":"Polish, German, Russian, Czech, French, Belgian","lat":50.8833,"lon":11.199999,"koppermann_naehe":"kontext","quelle":"USHMM Encyclopedia of Camps and Ghettos Vol. 1 / Holocaust Geographies Collaborative (Knowles et al. 2014)"},"geometry":{"type":"Point","coordinates":[11.199999,50.8833]}},{"type":"Feature","properties":{"id":"04-0956-2","name":"Torgau","hauptlager":"Buchenwald","typ":"KZ / Außenlager","func_1":4,"func_1_label":"Rüstung / Munition","func_2":7,"func_2_label":"Ziviler Verteidigungsbau (Bunker, Trümmerräumung)","datum_eroeffnung":"1944-09-15","datum_schliessung":"1944-10-15","open_text":"\"September 4, 1944\" 1st time, \"November 18, 1944\"- 2nd time","close_text":"\"Early October 1944\"-1st time, \"After April 10, 1945\"- 2nd time.","peak_population":500,"haftlinge":"Mostly French political prisoners involved in the resistance-1st time, Jewish- 2nd time","firmen":"","nationen":"French, Italian, Stateless, Belgian, Danish, Polish, Russia, Swiss, English, American (All arrested in France)- 1st time,  Hungarian,","lat":51.566699,"lon":12.991583,"koppermann_naehe":"kontext","quelle":"USHMM Encyclopedia of Camps and Ghettos Vol. 1 / Holocaust Geographies Collaborative (Knowles et al. 2014)"},"geometry":{"type":"Point","coordinates":[12.991583,51.566699]}},{"type":"Feature","properties":{"id":"04-0967-0","name":"Tröglitz [also Rehmsdorf, Gleina] [aka Wille]","hauptlager":"Buchenwald","typ":"KZ / Außenlager","func_1":7,"func_1_label":"Ziviler Verteidigungsbau (Bunker, Trümmerräumung)","func_2":3,"func_2_label":"Bau (Gebäude, Straßen, Tunnel)","datum_eroeffnung":"1944-06-15","datum_schliessung":"1945-04-15","open_text":"\"June 4, 1944\"","close_text":"\"April 1945\"","peak_population":5197,"haftlinge":"Jewish","firmen":"","nationen":"Czech, Poles, Ukrainians, Rumanians, Belgians, French, Latvians, Germans","lat":51.066699,"lon":12.199999,"koppermann_naehe":"kontext","quelle":"USHMM Encyclopedia of Camps and Ghettos Vol. 1 / Holocaust Geographies Collaborative (Knowles et al. 2014)"},"geometry":{"type":"Point","coordinates":[12.199999,51.066699]}},{"type":"Feature","properties":{"id":"04-0978-1","name":"Unna","hauptlager":"Buchenwald","typ":"KZ / Außenlager","func_1":1,"func_1_label":"Unbekannte/unspezifische Arbeit","func_2":0,"func_2_label":"Keine bekannte Arbeit","datum_eroeffnung":"1943-07-15","datum_schliessung":"1944-03-15","open_text":"\"July 1943\"","close_text":"\"March 3, 1944\"?","peak_population":50,"haftlinge":"Asocials, Polish","firmen":"","nationen":"Polish","lat":51.533298,"lon":7.6833,"koppermann_naehe":"kontext","quelle":"USHMM Encyclopedia of Camps and Ghettos Vol. 1 / Holocaust Geographies Collaborative (Knowles et al. 2014)"},"geometry":{"type":"Point","coordinates":[7.6833,51.533298]}},{"type":"Feature","properties":{"id":"04-1002-0","name":"Wansleben (\"MF,\" \"Wilhelm,\" \"Biber II\") [aka Mansfeld]","hauptlager":"Buchenwald","typ":"KZ / Außenlager","func_1":4,"func_1_label":"Rüstung / Munition","func_2":0,"func_2_label":"Keine bekannte Arbeit","datum_eroeffnung":"1944-01-15","datum_schliessung":"1945-04-15","open_text":"\"January 1944\"","close_text":"","peak_population":844,"haftlinge":"","firmen":"Kali- Werk Georgi, Christian Mansfeld GmbH, M. Wagner,","nationen":"Albanians, Belgians, Danes, Germans, French, Greeks, Italians, Yugoslavs, Croats, Latvians, Lithuanians, Dutch, Poles, Portuguese, Russians, Serbs, Spaniards, Czechs, Hungarians and stateless prisoners","lat":51.466701,"lon":11.75,"koppermann_naehe":"kontext","quelle":"USHMM Encyclopedia of Camps and Ghettos Vol. 1 / Holocaust Geographies Collaborative (Knowles et al. 2014)"},"geometry":{"type":"Point","coordinates":[11.75,51.466701]}},{"type":"Feature","properties":{"id":"04-1008-1","name":"Weferlingen (\"Gazelle\")","hauptlager":"Buchenwald","typ":"KZ / Außenlager","func_1":6,"func_1_label":"SS-Lagerbau / Landwirtschaft","func_2":4,"func_2_label":"Rüstung / Munition","datum_eroeffnung":"1944-08-15","datum_schliessung":"1945-04-15","open_text":"\"First mentioned August 22, 1944\"","close_text":"","peak_population":472,"haftlinge":"Brussing Nutzkraftwagen AG, Gerhard Weferlingen, Dallmann, Bussing Niedersachsische Motorwerke","firmen":"","nationen":"","lat":52.299999,"lon":11.066699,"koppermann_naehe":"kontext","quelle":"USHMM Encyclopedia of Camps and Ghettos Vol. 1 / Holocaust Geographies Collaborative (Knowles et al. 2014)"},"geometry":{"type":"Point","coordinates":[11.066699,52.299999]}},{"type":"Feature","properties":{"id":"04-1009-1","name":"Weimar (Gustloff Werke I and II)","hauptlager":"Buchenwald","typ":"KZ / Außenlager","func_1":4,"func_1_label":"Rüstung / Munition","func_2":0,"func_2_label":"Keine bekannte Arbeit","datum_eroeffnung":"1942-02-15","datum_schliessung":"1945-04-15","open_text":"\"Work Kommando established February 16, 1942\"","close_text":"","peak_population":4824,"haftlinge":"Asocials, Political, Career Criminals, Jewish","firmen":"Gustloff- Werke","nationen":"Polish, Russian, Czech, Dutch, German, French","lat":50.983299,"lon":11.316699,"koppermann_naehe":"kontext","quelle":"USHMM Encyclopedia of Camps and Ghettos Vol. 1 / Holocaust Geographies Collaborative (Knowles et al. 2014)"},"geometry":{"type":"Point","coordinates":[11.316699,50.983299]}},{"type":"Feature","properties":{"id":"04-1018-1","name":"Wernigerode (\"Richard\")","hauptlager":"Buchenwald","typ":"KZ / Außenlager","func_1":4,"func_1_label":"Rüstung / Munition","func_2":3,"func_2_label":"Bau (Gebäude, Straßen, Tunnel)","datum_eroeffnung":"1943-03-15","datum_schliessung":"1945-04-15","open_text":"\"First mentioned March 25, 1943\"","close_text":"","peak_population":802,"haftlinge":"","firmen":"Supply to the Junkers Factory, and Volkswagen Factory","nationen":"Czech, Polish, Russian, a few German and other European countries","lat":51.833301,"lon":10.7833,"koppermann_naehe":"kontext","quelle":"USHMM Encyclopedia of Camps and Ghettos Vol. 1 / Holocaust Geographies Collaborative (Knowles et al. 2014)"},"geometry":{"type":"Point","coordinates":[10.7833,51.833301]}},{"type":"Feature","properties":{"id":"04-1021-1","name":"Westeregeln (\"Maulwurf,\" \"Tarthun,\" \"MW\")","hauptlager":"Buchenwald","typ":"KZ / Außenlager","func_1":3,"func_1_label":"Bau (Gebäude, Straßen, Tunnel)","func_2":0,"func_2_label":"Keine bekannte Arbeit","datum_eroeffnung":"1944-10-15","datum_schliessung":"1945-04-15","open_text":"\"October 1944\"","close_text":"","peak_population":564,"haftlinge":"","firmen":"Junkers Flugzeug und Motorenwerk A.G, Zweigwerkg Schonebeck","nationen":"Polish, Russian, French","lat":51.966701,"lon":11.399999,"koppermann_naehe":"kontext","quelle":"USHMM Encyclopedia of Camps and Ghettos Vol. 1 / Holocaust Geographies Collaborative (Knowles et al. 2014)"},"geometry":{"type":"Point","coordinates":[11.399999,51.966701]}},{"type":"Feature","properties":{"id":"04-0907-1","name":"Sonneberg-West (\"Sonneberg,\" \"SG\")","hauptlager":"Buchenwald","typ":"KZ / Außenlager","func_1":4,"func_1_label":"Rüstung / Munition","func_2":0,"func_2_label":"Keine bekannte Arbeit","datum_eroeffnung":"1944-09-15","datum_schliessung":"1945-06-15","open_text":"\"September 1944\"","close_text":"","peak_population":423,"haftlinge":"Jewish","firmen":"Firma G.E. Reinhardt Zahnradfabrik","nationen":"Hungarian, Polish","lat":50.349998,"lon":11.1667,"koppermann_naehe":"kontext","quelle":"USHMM Encyclopedia of Camps and Ghettos Vol. 1 / Holocaust Geographies Collaborative (Knowles et al. 2014)"},"geometry":{"type":"Point","coordinates":[11.1667,50.349998]}},{"type":"Feature","properties":{"id":"04-1046-2","name":"Wolfen","hauptlager":"Buchenwald","typ":"KZ / Außenlager","func_1":5,"func_1_label":"Nicht-Rüstungsproduktion (Textil, Glas, Lebensmittel)","func_2":0,"func_2_label":"Keine bekannte Arbeit","datum_eroeffnung":"1943-05-15","datum_schliessung":"1945-02-15","open_text":"\"May 1943\"","close_text":"","peak_population":425,"haftlinge":"Resistors, Political","firmen":"IG Farbenindustrie AG Filmfabrik Wolfen","nationen":"Russian, Polish","lat":51.666698,"lon":12.2833,"koppermann_naehe":"kontext","quelle":"USHMM Encyclopedia of Camps and Ghettos Vol. 1 / Holocaust Geographies Collaborative (Knowles et al. 2014)"},"geometry":{"type":"Point","coordinates":[12.2833,51.666698]}},{"type":"Feature","properties":{"id":"04-1040-1","name":"Witten-Annen (\"AGW\")","hauptlager":"Buchenwald","typ":"KZ / Außenlager","func_1":4,"func_1_label":"Rüstung / Munition","func_2":0,"func_2_label":"Keine bekannte Arbeit","datum_eroeffnung":"1944-09-15","datum_schliessung":"1945-04-15","open_text":"\"September 1944\"","close_text":"","peak_population":700,"haftlinge":"Mostly Political, Some resistance/sabatogers/escapees, a few asocial, 2 homosexual, Mischlinge(Mixed Race), and Career Criminals","firmen":"Ruhrstahl \"Annener Gussstahlwerk\"","nationen":"Mostly French and Russian, few Italian, Czech, Polish, Belgian, and German","lat":51.4333,"lon":7.3333,"koppermann_naehe":"kontext","quelle":"USHMM Encyclopedia of Camps and Ghettos Vol. 1 / Holocaust Geographies Collaborative (Knowles et al. 2014)"},"geometry":{"type":"Point","coordinates":[7.3333,51.4333]}},{"type":"Feature","properties":{"id":"03-0028-3","name":"Augsburg-Horgau","hauptlager":"Dachau","typ":"KZ / Außenlager","func_1":4,"func_1_label":"Rüstung / Munition","func_2":0,"func_2_label":"Keine bekannte Arbeit","datum_eroeffnung":"1945-03-15","datum_schliessung":"1945-04-15","open_text":"\"March 1945\"","close_text":"\"April 4, 1945\"","peak_population":307,"haftlinge":"some POW","firmen":"Sheet Metal Facility of the Messerschmitt Aircraft Factory","nationen":"Russian, Hungarian, French, Alsatians","lat":48.3667,"lon":10.8833,"koppermann_naehe":"kontext","quelle":"USHMM Encyclopedia of Camps and Ghettos Vol. 1 / Holocaust Geographies Collaborative (Knowles et al. 2014)"},"geometry":{"type":"Point","coordinates":[10.8833,48.3667]}},{"type":"Feature","properties":{"id":"03-0029-1","name":"Augsburg-Pfersee","hauptlager":"Dachau","typ":"KZ / Außenlager","func_1":4,"func_1_label":"Rüstung / Munition","func_2":6,"func_2_label":"SS-Lagerbau / Landwirtschaft","datum_eroeffnung":"1944-04-15","datum_schliessung":"1945-04-15","open_text":"\"April 27, 1944\"","close_text":"","peak_population":1750,"haftlinge":"Mostly Political, Forced Labor, Political Protective, Jehovah's witnesses, Gypsies, Homosexuals, Jews","firmen":"Messerschmitt AG","nationen":"Belgian, French, Greek, Italian, Yugoslavian, Lithuanian, Luxemburgers, Dutch, Austrian, Polish, Ukranian, Hungarian, White Russian(Belarus)","lat":48.368,"lon":10.868,"koppermann_naehe":"kontext","quelle":"USHMM Encyclopedia of Camps and Ghettos Vol. 1 / Holocaust Geographies Collaborative (Knowles et al. 2014)"},"geometry":{"type":"Point","coordinates":[10.868,48.368]}},{"type":"Feature","properties":{"id":"03-0280-1","name":"Feldmoching","hauptlager":"Dachau","typ":"KZ / Außenlager","func_1":1,"func_1_label":"Unbekannte/unspezifische Arbeit","func_2":0,"func_2_label":"Keine bekannte Arbeit","datum_eroeffnung":null,"datum_schliessung":null,"open_text":"","close_text":"","peak_population":1,"haftlinge":"","firmen":"","nationen":"","lat":48.2167,"lon":11.5333,"koppermann_naehe":"kontext","quelle":"USHMM Encyclopedia of Camps and Ghettos Vol. 1 / Holocaust Geographies Collaborative (Knowles et al. 2014)"},"geometry":{"type":"Point","coordinates":[11.5333,48.2167]}},{"type":"Feature","properties":{"id":"03-0670-0","name":"München (Königinstrasse)","hauptlager":"Dachau","typ":"KZ / Außenlager","func_1":7,"func_1_label":"Ziviler Verteidigungsbau (Bunker, Trümmerräumung)","func_2":0,"func_2_label":"Keine bekannte Arbeit","datum_eroeffnung":null,"datum_schliessung":null,"open_text":"","close_text":"","peak_population":1,"haftlinge":"","firmen":"","nationen":"","lat":48.1513,"lon":11.5851,"koppermann_naehe":"kontext","quelle":"USHMM Encyclopedia of Camps and Ghettos Vol. 1 / Holocaust Geographies Collaborative (Knowles et al. 2014)"},"geometry":{"type":"Point","coordinates":[11.5851,48.1513]}},{"type":"Feature","properties":{"id":"03-0030-2","name":"Augsburg (Michelwerke)","hauptlager":"Dachau","typ":"KZ / Außenlager","func_1":4,"func_1_label":"Rüstung / Munition","func_2":7,"func_2_label":"Ziviler Verteidigungsbau (Bunker, Trümmerräumung)","datum_eroeffnung":"1944-09-15","datum_schliessung":"1945-04-15","open_text":"\"September 7, 1944\"","close_text":"\"April 1945\"","peak_population":500,"haftlinge":"","firmen":"Michelwerke, Keller & Knappich","nationen":"Hungarian, Czech, Ukranian","lat":48.3765,"lon":10.8587,"koppermann_naehe":"kontext","quelle":"USHMM Encyclopedia of Camps and Ghettos Vol. 1 / Holocaust Geographies Collaborative (Knowles et al. 2014)"},"geometry":{"type":"Point","coordinates":[10.8587,48.3765]}},{"type":"Feature","properties":{"id":"03-0038-1","name":"Bad Ischl [aka Bad Ischl, Umsiedlerlager]","hauptlager":"Dachau","typ":"KZ / Außenlager","func_1":3,"func_1_label":"Bau (Gebäude, Straßen, Tunnel)","func_2":0,"func_2_label":"Keine bekannte Arbeit","datum_eroeffnung":"1942-02-15","datum_schliessung":"1942-12-15","open_text":"\"February 9, 1942\"","close_text":"\"December 19, 1942\"","peak_population":60,"haftlinge":"","firmen":"","nationen":"","lat":47.7167,"lon":13.6167,"koppermann_naehe":"kontext","quelle":"USHMM Encyclopedia of Camps and Ghettos Vol. 1 / Holocaust Geographies Collaborative (Knowles et al. 2014)"},"geometry":{"type":"Point","coordinates":[13.6167,47.7167]}},{"type":"Feature","properties":{"id":"03-0040-3","name":"Bad Oberdorf","hauptlager":"Dachau","typ":"KZ / Außenlager","func_1":1,"func_1_label":"Unbekannte/unspezifische Arbeit","func_2":0,"func_2_label":"Keine bekannte Arbeit","datum_eroeffnung":"1945-03-15","datum_schliessung":"1945-04-15","open_text":"\"March 20, 1945\"","close_text":"\"April 25, 1945\"","peak_population":1,"haftlinge":"Ilse Hess, Rudolf Hess's wife, along with one Jehovahs Witness","firmen":"","nationen":"German","lat":47.5,"lon":10.3833,"koppermann_naehe":"kontext","quelle":"USHMM Encyclopedia of Camps and Ghettos Vol. 1 / Holocaust Geographies Collaborative (Knowles et al. 2014)"},"geometry":{"type":"Point","coordinates":[10.3833,47.5]}},{"type":"Feature","properties":{"id":"03-0045-0","name":"Bad Tölz","hauptlager":"Dachau","typ":"KZ / Außenlager","func_1":1,"func_1_label":"Unbekannte/unspezifische Arbeit","func_2":0,"func_2_label":"Keine bekannte Arbeit","datum_eroeffnung":"1940-05-15","datum_schliessung":"1945-06-15","open_text":"\"May 1, 1940\"","close_text":"","peak_population":172,"haftlinge":"","firmen":"","nationen":"","lat":47.7667,"lon":11.5667,"koppermann_naehe":"kontext","quelle":"USHMM Encyclopedia of Camps and Ghettos Vol. 1 / Holocaust Geographies Collaborative (Knowles et al. 2014)"},"geometry":{"type":"Point","coordinates":[11.5667,47.7667]}},{"type":"Feature","properties":{"id":"03-0050-3","name":"Bäumenheim","hauptlager":"Dachau","typ":"KZ / Außenlager","func_1":4,"func_1_label":"Rüstung / Munition","func_2":0,"func_2_label":"Keine bekannte Arbeit","datum_eroeffnung":"1944-08-15","datum_schliessung":"1945-04-15","open_text":"\"August 1, 1944\"","close_text":"\"April 25, 1945\"","peak_population":1,"haftlinge":"","firmen":"Messerschmitt- Werke","nationen":"","lat":48.6833,"lon":10.8167,"koppermann_naehe":"kontext","quelle":"USHMM Encyclopedia of Camps and Ghettos Vol. 1 / Holocaust Geographies Collaborative (Knowles et al. 2014)"},"geometry":{"type":"Point","coordinates":[10.8167,48.6833]}},{"type":"Feature","properties":{"id":"03-0056-1","name":"Bayrischzell","hauptlager":"Dachau","typ":"KZ / Außenlager","func_1":6,"func_1_label":"SS-Lagerbau / Landwirtschaft","func_2":0,"func_2_label":"Keine bekannte Arbeit","datum_eroeffnung":"1943-11-15","datum_schliessung":"1945-04-15","open_text":"\"November 1943\"","close_text":"\"April 5, 1945\"","peak_population":10,"haftlinge":"","firmen":"Office W VIII/2 Rest and Recuperation Facilities","nationen":"Unknown","lat":47.6667,"lon":12.0167,"koppermann_naehe":"kontext","quelle":"USHMM Encyclopedia of Camps and Ghettos Vol. 1 / Holocaust Geographies Collaborative (Knowles et al. 2014)"},"geometry":{"type":"Point","coordinates":[12.0167,47.6667]}},{"type":"Feature","properties":{"id":"03-0106-0","name":"Blaichach","hauptlager":"Dachau","typ":"KZ / Außenlager","func_1":4,"func_1_label":"Rüstung / Munition","func_2":0,"func_2_label":"Keine bekannte Arbeit","datum_eroeffnung":"1944-07-15","datum_schliessung":"1945-05-15","open_text":"\"July 21, 1944\"","close_text":"\"May 1, 1945\"","peak_population":700,"haftlinge":"Political, and others","firmen":"Allgau Cotton Mill Ltd., Bayerische Motorenwerke","nationen":"Ukranian, Russian, Polish, French, Dutch, Belgian","lat":47.5333,"lon":10.2667,"koppermann_naehe":"kontext","quelle":"USHMM Encyclopedia of Camps and Ghettos Vol. 1 / Holocaust Geographies Collaborative (Knowles et al. 2014)"},"geometry":{"type":"Point","coordinates":[10.2667,47.5333]}},{"type":"Feature","properties":{"id":"03-0164-2","name":"Burgau","hauptlager":"Dachau","typ":"KZ / Außenlager","func_1":4,"func_1_label":"Rüstung / Munition","func_2":0,"func_2_label":"Keine bekannte Arbeit","datum_eroeffnung":"1945-02-15","datum_schliessung":"1945-03-15","open_text":"\"February 1945\"","close_text":"\"March 24, 1945\"","peak_population":500,"haftlinge":"Jewish","firmen":"Kuno-Forest Factory","nationen":"Hungarian, Polish,","lat":48.4333,"lon":10.4,"koppermann_naehe":"kontext","quelle":"USHMM Encyclopedia of Camps and Ghettos Vol. 1 / Holocaust Geographies Collaborative (Knowles et al. 2014)"},"geometry":{"type":"Point","coordinates":[10.4,48.4333]}},{"type":"Feature","properties":{"id":"03-0178-3","name":"Dachau","hauptlager":"Dachau","typ":"KZ / Außenlager","func_1":6,"func_1_label":"SS-Lagerbau / Landwirtschaft","func_2":0,"func_2_label":"Keine bekannte Arbeit","datum_eroeffnung":"1933-03-15","datum_schliessung":"1945-04-15","open_text":"\"March 22, 1933\"","close_text":"","peak_population":14232,"haftlinge":"Jewish Political, Political(Communists, SPD, any other political oppostion to the Nazi's), Gyspys, Resistance, Jehovah's Witness, Jewish, Homosexuals, Career Criminals, asocials, POW's","firmen":"Deutsche Ausrustungswerke, BMW, Messerschmidt, Dornier","nationen":"All over Europe - prisoners for 37 different countries","lat":48.2699,"lon":11.4683,"koppermann_naehe":"kontext","quelle":"USHMM Encyclopedia of Camps and Ghettos Vol. 1 / Holocaust Geographies Collaborative (Knowles et al. 2014)"},"geometry":{"type":"Point","coordinates":[11.4683,48.2699]}},{"type":"Feature","properties":{"id":"03-0179-2","name":"Dachau (Entomologisches Institut der Waffen-SS)","hauptlager":"Dachau","typ":"KZ / Außenlager","func_1":3,"func_1_label":"Bau (Gebäude, Straßen, Tunnel)","func_2":0,"func_2_label":"Keine bekannte Arbeit","datum_eroeffnung":"1942-02-15","datum_schliessung":"1945-06-15","open_text":"\"February 10, 1942\"- they start \"1944\" moves to Dachau officially","close_text":"\"1945\"","peak_population":30,"haftlinge":"Jehovahs Witnesses","firmen":"Entomological Institute","nationen":"","lat":48.28,"lon":11.4621,"koppermann_naehe":"kontext","quelle":"USHMM Encyclopedia of Camps and Ghettos Vol. 1 / Holocaust Geographies Collaborative (Knowles et al. 2014)"},"geometry":{"type":"Point","coordinates":[11.4621,48.28]}},{"type":"Feature","properties":{"id":"03-0180-0","name":"Dachau (Fleischwarenfabrik Wülfert)","hauptlager":"Dachau","typ":"KZ / Außenlager","func_1":5,"func_1_label":"Nicht-Rüstungsproduktion (Textil, Glas, Lebensmittel)","func_2":0,"func_2_label":"Keine bekannte Arbeit","datum_eroeffnung":"1941-08-15","datum_schliessung":"1945-04-15","open_text":"\"August 1941\"","close_text":"","peak_population":320,"haftlinge":"","firmen":"Wulfert GmbH","nationen":"","lat":48.2576,"lon":11.4397,"koppermann_naehe":"kontext","quelle":"USHMM Encyclopedia of Camps and Ghettos Vol. 1 / Holocaust Geographies Collaborative (Knowles et al. 2014)"},"geometry":{"type":"Point","coordinates":[11.4397,48.2576]}},{"type":"Feature","properties":{"id":"03-0181-0","name":"Dachau (Gut Pollnhof)","hauptlager":"Dachau","typ":"KZ / Außenlager","func_1":6,"func_1_label":"SS-Lagerbau / Landwirtschaft","func_2":0,"func_2_label":"Keine bekannte Arbeit","datum_eroeffnung":"1945-03-15","datum_schliessung":"1945-04-15","open_text":"\"March 1, 1945\"","close_text":"","peak_population":50,"haftlinge":"","firmen":"","nationen":"","lat":48.2594,"lon":11.4343,"koppermann_naehe":"kontext","quelle":"USHMM Encyclopedia of Camps and Ghettos Vol. 1 / Holocaust Geographies Collaborative (Knowles et al. 2014)"},"geometry":{"type":"Point","coordinates":[11.4343,48.2594]}},{"type":"Feature","properties":{"id":"03-0182-0","name":"Dachau (Präzifix GmbH)","hauptlager":"Dachau","typ":"KZ / Außenlager","func_1":4,"func_1_label":"Rüstung / Munition","func_2":0,"func_2_label":"Keine bekannte Arbeit","datum_eroeffnung":"1943-02-15","datum_schliessung":"1945-04-15","open_text":"\"February 7, 1943\"","close_text":"\"April 26, 1945\"","peak_population":400,"haftlinge":"","firmen":"Prazifix GmbH,","nationen":"Polish, Czech, Yugoslavian","lat":48.2594,"lon":11.4343,"koppermann_naehe":"kontext","quelle":"USHMM Encyclopedia of Camps and Ghettos Vol. 1 / Holocaust Geographies Collaborative (Knowles et al. 2014)"},"geometry":{"type":"Point","coordinates":[11.4343,48.2594]}},{"type":"Feature","properties":{"id":"03-0241-1","name":"Eching [aka OT, Neufahrn]","hauptlager":"Dachau","typ":"KZ / Außenlager","func_1":3,"func_1_label":"Bau (Gebäude, Straßen, Tunnel)","func_2":0,"func_2_label":"Keine bekannte Arbeit","datum_eroeffnung":"1945-04-15","datum_schliessung":"1945-04-15","open_text":"\"April 10, 1945\"","close_text":"\"April 25, 1945\"","peak_population":500,"haftlinge":"","firmen":"","nationen":"","lat":48.0833,"lon":11.1167,"koppermann_naehe":"kontext","quelle":"USHMM Encyclopedia of Camps and Ghettos Vol. 1 / Holocaust Geographies Collaborative (Knowles et al. 2014)"},"geometry":{"type":"Point","coordinates":[11.1167,48.0833]}},{"type":"Feature","properties":{"id":"03-0256-1","name":"Ellwangen","hauptlager":"Dachau","typ":"KZ / Außenlager","func_1":6,"func_1_label":"SS-Lagerbau / Landwirtschaft","func_2":3,"func_2_label":"Bau (Gebäude, Straßen, Tunnel)","datum_eroeffnung":"1941-07-15","datum_schliessung":"1942-10-15","open_text":"\"July 3, 1941\"","close_text":"\"October 17, 1942\"","peak_population":35,"haftlinge":"","firmen":"SS Motorcycle Reserve Batalion","nationen":"","lat":48.9667,"lon":10.1333,"koppermann_naehe":"kontext","quelle":"USHMM Encyclopedia of Camps and Ghettos Vol. 1 / Holocaust Geographies Collaborative (Knowles et al. 2014)"},"geometry":{"type":"Point","coordinates":[10.1333,48.9667]}},{"type":"Feature","properties":{"id":"03-0264-0","name":"Eschelbach [aka, erroneously, Echelsbach]","hauptlager":"Dachau","typ":"KZ / Außenlager","func_1":6,"func_1_label":"SS-Lagerbau / Landwirtschaft","func_2":0,"func_2_label":"Keine bekannte Arbeit","datum_eroeffnung":"1944-12-15","datum_schliessung":"1945-04-15","open_text":"\"December 12, 1944\"","close_text":"\"April 4, 1945\"","peak_population":40,"haftlinge":"","firmen":"","nationen":"German, Italian, French, Polish, Serbian, Dutch","lat":47.7,"lon":10.9833,"koppermann_naehe":"kontext","quelle":"USHMM Encyclopedia of Camps and Ghettos Vol. 1 / Holocaust Geographies Collaborative (Knowles et al. 2014)"},"geometry":{"type":"Point","coordinates":[10.9833,47.7]}},{"type":"Feature","properties":{"id":"03-0278-0","name":"Feldafing","hauptlager":"Dachau","typ":"KZ / Außenlager","func_1":3,"func_1_label":"Bau (Gebäude, Straßen, Tunnel)","func_2":0,"func_2_label":"Keine bekannte Arbeit","datum_eroeffnung":"1942-06-15","datum_schliessung":"1945-06-15","open_text":"\"Spring 1942\"","close_text":"\"Early 1945\"","peak_population":65,"haftlinge":"Mostly Jewish, some Gypsies","firmen":"Messerschmittwerke","nationen":"German, Italian, French, Greek, Mostly eastern europeans though","lat":47.95,"lon":11.3,"koppermann_naehe":"kontext","quelle":"USHMM Encyclopedia of Camps and Ghettos Vol. 1 / Holocaust Geographies Collaborative (Knowles et al. 2014)"},"geometry":{"type":"Point","coordinates":[11.3,47.95]}},{"type":"Feature","properties":{"id":"03-0284-1","name":"Fischbachau","hauptlager":"Dachau","typ":"KZ / Außenlager","func_1":3,"func_1_label":"Bau (Gebäude, Straßen, Tunnel)","func_2":0,"func_2_label":"Keine bekannte Arbeit","datum_eroeffnung":"1944-09-15","datum_schliessung":"1945-01-15","open_text":"\"September 12, 1944\"","close_text":"\"January 21, 1945\"","peak_population":23,"haftlinge":"","firmen":"","nationen":"","lat":47.7167,"lon":11.95,"koppermann_naehe":"kontext","quelle":"USHMM Encyclopedia of Camps and Ghettos Vol. 1 / Holocaust Geographies Collaborative (Knowles et al. 2014)"},"geometry":{"type":"Point","coordinates":[11.95,47.7167]}},{"type":"Feature","properties":{"id":"03-0285-1","name":"Fischhorn","hauptlager":"Dachau","typ":"KZ / Außenlager","func_1":3,"func_1_label":"Bau (Gebäude, Straßen, Tunnel)","func_2":2,"func_2_label":"Baumaterialien (Steinbruch, Ziegelei, Sägewerk)","datum_eroeffnung":"1944-09-15","datum_schliessung":"1945-04-15","open_text":"\"September 6, 1944\"","close_text":"\"April 25, 1945\"","peak_population":150,"haftlinge":"","firmen":"","nationen":"","lat":47.2833,"lon":12.8,"koppermann_naehe":"kontext","quelle":"USHMM Encyclopedia of Camps and Ghettos Vol. 1 / Holocaust Geographies Collaborative (Knowles et al. 2014)"},"geometry":{"type":"Point","coordinates":[12.8,47.2833]}},{"type":"Feature","properties":{"id":"03-0296-3","name":"Friedrichshafen","hauptlager":"Dachau","typ":"KZ / Außenlager","func_1":3,"func_1_label":"Bau (Gebäude, Straßen, Tunnel)","func_2":7,"func_2_label":"Ziviler Verteidigungsbau (Bunker, Trümmerräumung)","datum_eroeffnung":"1943-06-15","datum_schliessung":"1944-09-15","open_text":"\"June 22, 1943\"","close_text":"\"September 25, 1944\"","peak_population":1100,"haftlinge":"POW, Political, Jewish","firmen":"Luftschiffbau Zeppelin GmbH","nationen":"Germans, Russians, French, Czech, Yugoslavs, Belgains, Spaniards, Luxemburgers, Greeks, Italians, Polish","lat":47.65,"lon":9.4833,"koppermann_naehe":"kontext","quelle":"USHMM Encyclopedia of Camps and Ghettos Vol. 1 / Holocaust Geographies Collaborative (Knowles et al. 2014)"},"geometry":{"type":"Point","coordinates":[9.4833,47.65]}},{"type":"Feature","properties":{"id":"03-0305-0","name":"Gablingen","hauptlager":"Dachau","typ":"KZ / Außenlager","func_1":4,"func_1_label":"Rüstung / Munition","func_2":0,"func_2_label":"Keine bekannte Arbeit","datum_eroeffnung":"1944-02-15","datum_schliessung":"1945-04-15","open_text":"\"February 21, 1944?\"-ITS, Spring/Summer 1944- others","close_text":"\"April 25, 1945\"","peak_population":1000,"haftlinge":"Gypsies, Political, Asocial, Criminals","firmen":"Messerschmitt","nationen":"Russians, Polish, French, Austrians, Norwegians, Dutch, Greeks","lat":48.45,"lon":10.8167,"koppermann_naehe":"kontext","quelle":"USHMM Encyclopedia of Camps and Ghettos Vol. 1 / Holocaust Geographies Collaborative (Knowles et al. 2014)"},"geometry":{"type":"Point","coordinates":[10.8167,48.45]}},{"type":"Feature","properties":{"id":"03-0309-1","name":"Garmisch-Partenkirchen","hauptlager":"Dachau","typ":"KZ / Außenlager","func_1":3,"func_1_label":"Bau (Gebäude, Straßen, Tunnel)","func_2":0,"func_2_label":"Keine bekannte Arbeit","datum_eroeffnung":"1944-12-15","datum_schliessung":"1945-04-15","open_text":"\"December 9, 1944\"","close_text":"\"April 27, 1945\"","peak_population":14,"haftlinge":"","firmen":"","nationen":"","lat":47.5,"lon":11.1,"koppermann_naehe":"kontext","quelle":"USHMM Encyclopedia of Camps and Ghettos Vol. 1 / Holocaust Geographies Collaborative (Knowles et al. 2014)"},"geometry":{"type":"Point","coordinates":[11.1,47.5]}},{"type":"Feature","properties":{"id":"03-0316-1","name":"Gendorf [aka Emmerting]","hauptlager":"Dachau","typ":"KZ / Außenlager","func_1":4,"func_1_label":"Rüstung / Munition","func_2":0,"func_2_label":"Keine bekannte Arbeit","datum_eroeffnung":"1943-10-15","datum_schliessung":"1945-06-15","open_text":"\"October 1943\"","close_text":"","peak_population":225,"haftlinge":"POW, Jewish","firmen":"Wehrmacht rented to IG Farben, Anorgana GmbH Gendorf","nationen":"Soviet Union, Czech, Yugoslavian, Polish, French, German","lat":48.1833,"lon":12.7333,"koppermann_naehe":"kontext","quelle":"USHMM Encyclopedia of Camps and Ghettos Vol. 1 / Holocaust Geographies Collaborative (Knowles et al. 2014)"},"geometry":{"type":"Point","coordinates":[12.7333,48.1833]}},{"type":"Feature","properties":{"id":"03-0321-1","name":"Germering [aka Neuaubing]","hauptlager":"Dachau","typ":"KZ / Außenlager","func_1":1,"func_1_label":"Unbekannte/unspezifische Arbeit","func_2":0,"func_2_label":"Keine bekannte Arbeit","datum_eroeffnung":"1944-01-15","datum_schliessung":"1945-05-15","open_text":"\"Janaury 1944\"-ITS, Others say \"May 1944\"","close_text":"\"May 1945\"-Witnesses, or  September 6 or 20, 1944\"-Others","peak_population":125,"haftlinge":"","firmen":"","nationen":"","lat":48.1333,"lon":11.3667,"koppermann_naehe":"kontext","quelle":"USHMM Encyclopedia of Camps and Ghettos Vol. 1 / Holocaust Geographies Collaborative (Knowles et al. 2014)"},"geometry":{"type":"Point","coordinates":[11.3667,48.1333]}},{"type":"Feature","properties":{"id":"03-0378-0","name":"Halfing [aka Brüningsau] (first)","hauptlager":"Dachau","typ":"KZ / Außenlager","func_1":6,"func_1_label":"SS-Lagerbau / Landwirtschaft","func_2":0,"func_2_label":"Keine bekannte Arbeit","datum_eroeffnung":"1942-11-15","datum_schliessung":"1942-12-15","open_text":"\"November 19, 1942\"-1st Camp, \"September 7, 1944\"-2nd Camp","close_text":"\"December 18, 1942\"- 1st Camp, \"April 25, 1945\"-2nd camp","peak_population":10,"haftlinge":"","firmen":"Cleaned up Villa Brüningsau for Pohl's wedding","nationen":"","lat":47.951031,"lon":12.276925,"koppermann_naehe":"kontext","quelle":"USHMM Encyclopedia of Camps and Ghettos Vol. 1 / Holocaust Geographies Collaborative (Knowles et al. 2014)"},"geometry":{"type":"Point","coordinates":[12.276925,47.951031]}},{"type":"Feature","properties":{"id":"03-0378-0","name":"Halfing [aka Brüningsau] (second)","hauptlager":"Dachau","typ":"KZ / Außenlager","func_1":6,"func_1_label":"SS-Lagerbau / Landwirtschaft","func_2":0,"func_2_label":"Keine bekannte Arbeit","datum_eroeffnung":"1944-09-15","datum_schliessung":"1945-04-15","open_text":"\"November 19, 1942\"-1st Camp, \"September 7, 1944\"-2nd Camp","close_text":"\"December 18, 1942\"- 1st Camp, \"April 25, 1945\"-2nd camp","peak_population":10,"haftlinge":"","firmen":"Renovated Villa Brüningsau","nationen":"","lat":47.951031,"lon":12.276925,"koppermann_naehe":"kontext","quelle":"USHMM Encyclopedia of Camps and Ghettos Vol. 1 / Holocaust Geographies Collaborative (Knowles et al. 2014)"},"geometry":{"type":"Point","coordinates":[12.276925,47.951031]}},{"type":"Feature","properties":{"id":"03-0381-1","name":"Hallein","hauptlager":"Dachau","typ":"KZ / Außenlager","func_1":1,"func_1_label":"Unbekannte/unspezifische Arbeit","func_2":0,"func_2_label":"Keine bekannte Arbeit","datum_eroeffnung":"1943-06-15","datum_schliessung":"1945-04-15","open_text":"\"Before September 1943, probably June\"","close_text":"\"April 5, 1945\"","peak_population":90,"haftlinge":"","firmen":"","nationen":"","lat":47.6833,"lon":13.1,"koppermann_naehe":"kontext","quelle":"USHMM Encyclopedia of Camps and Ghettos Vol. 1 / Holocaust Geographies Collaborative (Knowles et al. 2014)"},"geometry":{"type":"Point","coordinates":[13.1,47.6833]}},{"type":"Feature","properties":{"id":"03-0418-1","name":"Haunstetten","hauptlager":"Dachau","typ":"KZ / Außenlager","func_1":4,"func_1_label":"Rüstung / Munition","func_2":0,"func_2_label":"Keine bekannte Arbeit","datum_eroeffnung":"1943-02-15","datum_schliessung":"1944-04-15","open_text":"\"February 1943\"","close_text":"\"April 13, 1944\"","peak_population":2700,"haftlinge":"Political, Jewish, Gypsies","firmen":"Messerschmitt- Aircraft Factory","nationen":"Germans, Austrians, Russians, French, Polish","lat":48.3167,"lon":10.9167,"koppermann_naehe":"kontext","quelle":"USHMM Encyclopedia of Camps and Ghettos Vol. 1 / Holocaust Geographies Collaborative (Knowles et al. 2014)"},"geometry":{"type":"Point","coordinates":[10.9167,48.3167]}},{"type":"Feature","properties":{"id":"03-0419-1","name":"Hausham (men)","hauptlager":"Dachau","typ":"KZ / Außenlager","func_1":1,"func_1_label":"Unbekannte/unspezifische Arbeit","func_2":0,"func_2_label":"Keine bekannte Arbeit","datum_eroeffnung":"1942-07-15","datum_schliessung":null,"open_text":"\"July 9, 1942\"","close_text":"\"April 29, 1945\"","peak_population":1,"haftlinge":"","firmen":"","nationen":"","lat":47.750185,"lon":11.83518,"koppermann_naehe":"kontext","quelle":"USHMM Encyclopedia of Camps and Ghettos Vol. 1 / Holocaust Geographies Collaborative (Knowles et al. 2014)"},"geometry":{"type":"Point","coordinates":[11.83518,47.750185]}},{"type":"Feature","properties":{"id":"03-0423-0","name":"Heidenheim","hauptlager":"Dachau","typ":"KZ / Außenlager","func_1":3,"func_1_label":"Bau (Gebäude, Straßen, Tunnel)","func_2":0,"func_2_label":"Keine bekannte Arbeit","datum_eroeffnung":"1941-10-15","datum_schliessung":"1942-11-15","open_text":"\"January 13, 1945\"","close_text":"","peak_population":50,"haftlinge":"Career criminals, Communist, protective detention prisoners, illegal political activity, no jews","firmen":"","nationen":"Luxemburg, Polish, French, Russian, German","lat":48.6833,"lon":10.15,"koppermann_naehe":"kontext","quelle":"USHMM Encyclopedia of Camps and Ghettos Vol. 1 / Holocaust Geographies Collaborative (Knowles et al. 2014)"},"geometry":{"type":"Point","coordinates":[10.15,48.6833]}},{"type":"Feature","properties":{"id":"03-0463-1","name":"Innsbruck (SS-Sonderlager) [aka Auffanglager Innsbruck, Reichenau]","hauptlager":"Dachau","typ":"KZ / Außenlager","func_1":1,"func_1_label":"Unbekannte/unspezifische Arbeit","func_2":0,"func_2_label":"Keine bekannte Arbeit","datum_eroeffnung":"1945-04-15","datum_schliessung":"1945-04-15","open_text":"\"First mentioned April 24, 1945\"","close_text":"\"April 25, 1945, or April 27\"","peak_population":137,"haftlinge":"","firmen":"","nationen":"Varying European Nationalities","lat":47.2667,"lon":11.4,"koppermann_naehe":"kontext","quelle":"USHMM Encyclopedia of Camps and Ghettos Vol. 1 / Holocaust Geographies Collaborative (Knowles et al. 2014)"},"geometry":{"type":"Point","coordinates":[11.4,47.2667]}},{"type":"Feature","properties":{"id":"03-0464-1","name":"Innsbruck I","hauptlager":"Dachau","typ":"KZ / Außenlager","func_1":3,"func_1_label":"Bau (Gebäude, Straßen, Tunnel)","func_2":0,"func_2_label":"Keine bekannte Arbeit","datum_eroeffnung":"1942-10-15","datum_schliessung":null,"open_text":"\"October 13, 1942\"","close_text":"\"Last mentioned April 25, 1945\"","peak_population":1,"haftlinge":"","firmen":"Reich Road Construction Bureau","nationen":"","lat":47.1101,"lon":11.3063,"koppermann_naehe":"kontext","quelle":"USHMM Encyclopedia of Camps and Ghettos Vol. 1 / Holocaust Geographies Collaborative (Knowles et al. 2014)"},"geometry":{"type":"Point","coordinates":[11.3063,47.1101]}},{"type":"Feature","properties":{"id":"03-0477-3","name":"Karlsfeld [aka Karlsfeld OT]","hauptlager":"Dachau","typ":"KZ / Außenlager","func_1":7,"func_1_label":"Ziviler Verteidigungsbau (Bunker, Trümmerräumung)","func_2":0,"func_2_label":"Keine bekannte Arbeit","datum_eroeffnung":"1944-07-15","datum_schliessung":"1944-12-15","open_text":"\"July 11, 1944\"","close_text":"\"December 7, 1944\"","peak_population":750,"haftlinge":"","firmen":"OT Roadbed and Track Construction Office","nationen":"","lat":48.2167,"lon":11.4667,"koppermann_naehe":"kontext","quelle":"USHMM Encyclopedia of Camps and Ghettos Vol. 1 / Holocaust Geographies Collaborative (Knowles et al. 2014)"},"geometry":{"type":"Point","coordinates":[11.4667,48.2167]}},{"type":"Feature","properties":{"id":"03-0478-0","name":"Karlsfeld-Rothschwaige [aka Rothschwaige]","hauptlager":"Dachau","typ":"KZ / Außenlager","func_1":3,"func_1_label":"Bau (Gebäude, Straßen, Tunnel)","func_2":0,"func_2_label":"Keine bekannte Arbeit","datum_eroeffnung":"1944-06-15","datum_schliessung":"1944-07-15","open_text":"\"First mentioned June 19, 1944\"","close_text":"\"July 31, 1944\"","peak_population":1,"haftlinge":"","firmen":"OT Roadbed and Track Construction Office","nationen":"","lat":48.2382,"lon":11.4561,"koppermann_naehe":"kontext","quelle":"USHMM Encyclopedia of Camps and Ghettos Vol. 1 / Holocaust Geographies Collaborative (Knowles et al. 2014)"},"geometry":{"type":"Point","coordinates":[11.4561,48.2382]}},{"type":"Feature","properties":{"id":"03-0486-1","name":"Kaufbeuren","hauptlager":"Dachau","typ":"KZ / Außenlager","func_1":4,"func_1_label":"Rüstung / Munition","func_2":5,"func_2_label":"Nicht-Rüstungsproduktion (Textil, Glas, Lebensmittel)","datum_eroeffnung":"1944-05-15","datum_schliessung":"1945-04-15","open_text":"\"May 23, 1944\"","close_text":"\"April 15, 1945\"","peak_population":600,"haftlinge":"Political, Jewish, Gypsies","firmen":"BMW, Formholz","nationen":"Mostly French, Russians and Polish, also Germans, Czechs, Serbs, Yugoslavs, Slovenes, Italians, Dutch, Belgians, Latvians, Spaniards,  Luxemburgers, Greeks, a Swiss and a stateless man","lat":47.8833,"lon":10.6167,"koppermann_naehe":"kontext","quelle":"USHMM Encyclopedia of Camps and Ghettos Vol. 1 / Holocaust Geographies Collaborative (Knowles et al. 2014)"},"geometry":{"type":"Point","coordinates":[10.6167,47.8833]}},{"type":"Feature","properties":{"id":"03-0487-3","name":"Kaufering I-XI","hauptlager":"Dachau","typ":"KZ / Außenlager","func_1":4,"func_1_label":"Rüstung / Munition","func_2":0,"func_2_label":"Keine bekannte Arbeit","datum_eroeffnung":"1944-06-15","datum_schliessung":"1945-04-15","open_text":"\"June 18, 1944\"","close_text":"\"Evacuated middle/end of April 1945\"","peak_population":3500,"haftlinge":"Jewish","firmen":"Leonhard Moll, Philipp Holzmann, Karl Stohr","nationen":"Polish, Hungarian, Rumanian, Dutch, French, Italian, Czech, Island of Rhodes.","lat":48.0833,"lon":10.8833,"koppermann_naehe":"kontext","quelle":"USHMM Encyclopedia of Camps and Ghettos Vol. 1 / Holocaust Geographies Collaborative (Knowles et al. 2014)"},"geometry":{"type":"Point","coordinates":[10.8833,48.0833]}},{"type":"Feature","properties":{"id":"03-0492-3","name":"Kempten (Helmuth Sachse KG)","hauptlager":"Dachau","typ":"KZ / Außenlager","func_1":4,"func_1_label":"Rüstung / Munition","func_2":7,"func_2_label":"Ziviler Verteidigungsbau (Bunker, Trümmerräumung)","datum_eroeffnung":"1943-08-15","datum_schliessung":"1945-05-15","open_text":"\"Early August 1943\"","close_text":"\"End of April, 1945\"","peak_population":550,"haftlinge":"","firmen":"Helmuth Sachse KG, BMW","nationen":"Italian, French","lat":47.7167,"lon":10.3167,"koppermann_naehe":"kontext","quelle":"USHMM Encyclopedia of Camps and Ghettos Vol. 1 / Holocaust Geographies Collaborative (Knowles et al. 2014)"},"geometry":{"type":"Point","coordinates":[10.3167,47.7167]}},{"type":"Feature","properties":{"id":"03-0521-1","name":"Königssee","hauptlager":"Dachau","typ":"KZ / Außenlager","func_1":3,"func_1_label":"Bau (Gebäude, Straßen, Tunnel)","func_2":7,"func_2_label":"Ziviler Verteidigungsbau (Bunker, Trümmerräumung)","datum_eroeffnung":"1944-07-15","datum_schliessung":"1944-09-15","open_text":"\"July 21, 1944\"- ITS, \"September 2, 1944\"- Zentrale Stelle Der Landesjustizverwaltugen","close_text":"\"September 19, 1944\"","peak_population":140,"haftlinge":"","firmen":"","nationen":"","lat":47.6,"lon":13.0,"koppermann_naehe":"kontext","quelle":"USHMM Encyclopedia of Camps and Ghettos Vol. 1 / Holocaust Geographies Collaborative (Knowles et al. 2014)"},"geometry":{"type":"Point","coordinates":[13.0,47.6]}},{"type":"Feature","properties":{"id":"03-0525-0","name":"Kottern/Fischen","hauptlager":"Dachau","typ":"KZ / Außenlager","func_1":4,"func_1_label":"Rüstung / Munition","func_2":3,"func_2_label":"Bau (Gebäude, Straßen, Tunnel)","datum_eroeffnung":"1944-11-15","datum_schliessung":"1945-04-15","open_text":"\"November 6, 1944\"","close_text":"\"April 25, 1945\"","peak_population":526,"haftlinge":"Political","firmen":"Messerschmitt","nationen":"Russians, Polish, Czech, Belgian, Italian, Austrian, German","lat":47.45,"lon":10.2833,"koppermann_naehe":"kontext","quelle":"USHMM Encyclopedia of Camps and Ghettos Vol. 1 / Holocaust Geographies Collaborative (Knowles et al. 2014)"},"geometry":{"type":"Point","coordinates":[10.2833,47.45]}},{"type":"Feature","properties":{"id":"03-0526-1","name":"Kottern-Weidach","hauptlager":"Dachau","typ":"KZ / Außenlager","func_1":4,"func_1_label":"Rüstung / Munition","func_2":0,"func_2_label":"Keine bekannte Arbeit","datum_eroeffnung":"1944-06-15","datum_schliessung":"1945-06-15","open_text":"\"End 1943/Early 1944\"","close_text":"\"Prisoners were finally free at the end of April 1945\"","peak_population":1000,"haftlinge":"","firmen":"Messerschmitt, Kemper Werkstatte fur Panzer- und Kriegsfahrzeugbau","nationen":"French, Russians, Italians, Austrians","lat":47.7,"lon":10.3167,"koppermann_naehe":"kontext","quelle":"USHMM Encyclopedia of Camps and Ghettos Vol. 1 / Holocaust Geographies Collaborative (Knowles et al. 2014)"},"geometry":{"type":"Point","coordinates":[10.3167,47.7]}},{"type":"Feature","properties":{"id":"03-0543-1","name":"Landsberg","hauptlager":"Dachau","typ":"KZ / Außenlager","func_1":4,"func_1_label":"Rüstung / Munition","func_2":0,"func_2_label":"Keine bekannte Arbeit","datum_eroeffnung":"1944-07-15","datum_schliessung":"1945-04-15","open_text":"\"July 14, 1944\"","close_text":"\"April 24, 1945\"","peak_population":647,"haftlinge":"A few Jews","firmen":"Dornier, Messerschmitt","nationen":"French,Polish, Hungarians, Russian, Ukrainian,","lat":48.05,"lon":10.8667,"koppermann_naehe":"kontext","quelle":"USHMM Encyclopedia of Camps and Ghettos Vol. 1 / Holocaust Geographies Collaborative (Knowles et al. 2014)"},"geometry":{"type":"Point","coordinates":[10.8667,48.05]}},{"type":"Feature","properties":{"id":"03-0544-1","name":"Landsberg (Dynamit AG) (men)","hauptlager":"Dachau","typ":"KZ / Außenlager","func_1":1,"func_1_label":"Unbekannte/unspezifische Arbeit","func_2":0,"func_2_label":"Keine bekannte Arbeit","datum_eroeffnung":"1945-03-15","datum_schliessung":null,"open_text":"\"First mentioned March, 1945\"","close_text":"\"Last mentioned April 25, 1945\"","peak_population":10,"haftlinge":"","firmen":"Dynamit AG","nationen":"","lat":48.0475,"lon":10.8827,"koppermann_naehe":"kontext","quelle":"USHMM Encyclopedia of Camps and Ghettos Vol. 1 / Holocaust Geographies Collaborative (Knowles et al. 2014)"},"geometry":{"type":"Point","coordinates":[10.8827,48.0475]}},{"type":"Feature","properties":{"id":"03-0544-2","name":"Landsberg (Dynamit AG) (women)","hauptlager":"Dachau","typ":"KZ / Außenlager","func_1":1,"func_1_label":"Unbekannte/unspezifische Arbeit","func_2":0,"func_2_label":"Keine bekannte Arbeit","datum_eroeffnung":"1945-02-15","datum_schliessung":null,"open_text":"\"First mentioned February 11, 1945\"","close_text":"\"Last mentioned April 25, 1945\"","peak_population":1,"haftlinge":"","firmen":"Dynamit AG","nationen":"","lat":48.0475,"lon":10.8827,"koppermann_naehe":"kontext","quelle":"USHMM Encyclopedia of Camps and Ghettos Vol. 1 / Holocaust Geographies Collaborative (Knowles et al. 2014)"},"geometry":{"type":"Point","coordinates":[10.8827,48.0475]}},{"type":"Feature","properties":{"id":"03-0545-0","name":"Landshut","hauptlager":"Dachau","typ":"KZ / Außenlager","func_1":3,"func_1_label":"Bau (Gebäude, Straßen, Tunnel)","func_2":7,"func_2_label":"Ziviler Verteidigungsbau (Bunker, Trümmerräumung)","datum_eroeffnung":"1944-09-15","datum_schliessung":"1945-04-15","open_text":"\"First mentioned September, 1944\"","close_text":"\"February 5/6, 1945\"- Georg Spitlzberger, \"End of April 1945\"- ITS, Bundesgesetzblatt","peak_population":500,"haftlinge":"Mostly Jews","firmen":"Oberleitugn Organisation Todt","nationen":"","lat":48.5333,"lon":12.15,"koppermann_naehe":"kontext","quelle":"USHMM Encyclopedia of Camps and Ghettos Vol. 1 / Holocaust Geographies Collaborative (Knowles et al. 2014)"},"geometry":{"type":"Point","coordinates":[12.15,48.5333]}},{"type":"Feature","properties":{"id":"03-0558-0","name":"Lauingen I","hauptlager":"Dachau","typ":"KZ / Außenlager","func_1":4,"func_1_label":"Rüstung / Munition","func_2":0,"func_2_label":"Keine bekannte Arbeit","datum_eroeffnung":"1944-03-15","datum_schliessung":"1945-04-15","open_text":"\"March 1944\"-I, \"August 1944\"- II, \"December 1944\"- III","close_text":"\"April 10 or 12, 1945\"","peak_population":1,"haftlinge":"","firmen":"Messerschmitt","nationen":"Russian, Polish","lat":48.5667,"lon":10.4333,"koppermann_naehe":"kontext","quelle":"USHMM Encyclopedia of Camps and Ghettos Vol. 1 / Holocaust Geographies Collaborative (Knowles et al. 2014)"},"geometry":{"type":"Point","coordinates":[10.4333,48.5667]}},{"type":"Feature","properties":{"id":"03-0558-0","name":"Lauingen II","hauptlager":"Dachau","typ":"KZ / Außenlager","func_1":5,"func_1_label":"Nicht-Rüstungsproduktion (Textil, Glas, Lebensmittel)","func_2":4,"func_2_label":"Rüstung / Munition","datum_eroeffnung":"1944-08-15","datum_schliessung":"1945-04-15","open_text":"\"March 1944\"-I, \"August 1944\"- II, \"December 1944\"- III","close_text":"\"April 10 or 12, 1945\"","peak_population":1,"haftlinge":"","firmen":"Messerschmitt","nationen":"Russian, Polish","lat":48.5667,"lon":10.4333,"koppermann_naehe":"kontext","quelle":"USHMM Encyclopedia of Camps and Ghettos Vol. 1 / Holocaust Geographies Collaborative (Knowles et al. 2014)"},"geometry":{"type":"Point","coordinates":[10.4333,48.5667]}},{"type":"Feature","properties":{"id":"03-0558-0","name":"Lauingen Birkackerhof","hauptlager":"Dachau","typ":"KZ / Außenlager","func_1":4,"func_1_label":"Rüstung / Munition","func_2":0,"func_2_label":"Keine bekannte Arbeit","datum_eroeffnung":"1944-12-15","datum_schliessung":"1945-04-15","open_text":"\"March 1944\"-I, \"August 1944\"- II, \"December 1944\"- III","close_text":"\"April 10 or 12, 1945\"","peak_population":1,"haftlinge":"","firmen":"Messerschmitt","nationen":"Russian, Polish","lat":48.5667,"lon":10.4333,"koppermann_naehe":"kontext","quelle":"USHMM Encyclopedia of Camps and Ghettos Vol. 1 / Holocaust Geographies Collaborative (Knowles et al. 2014)"},"geometry":{"type":"Point","coordinates":[10.4333,48.5667]}},{"type":"Feature","properties":{"id":"03-0588-0","name":"Lochau","hauptlager":"Dachau","typ":"KZ / Außenlager","func_1":6,"func_1_label":"SS-Lagerbau / Landwirtschaft","func_2":3,"func_2_label":"Bau (Gebäude, Straßen, Tunnel)","datum_eroeffnung":"1945-04-15","datum_schliessung":"1945-05-15","open_text":"\"April 7, 1945\"","close_text":"\"Camp liberated April 30 or May 1, 1945\"","peak_population":16,"haftlinge":"","firmen":"","nationen":"","lat":47.5333,"lon":9.75,"koppermann_naehe":"kontext","quelle":"USHMM Encyclopedia of Camps and Ghettos Vol. 1 / Holocaust Geographies Collaborative (Knowles et al. 2014)"},"geometry":{"type":"Point","coordinates":[9.75,47.5333]}},{"type":"Feature","properties":{"id":"03-0643-3","name":"Mühldorf","hauptlager":"Dachau","typ":"KZ / Außenlager","func_1":4,"func_1_label":"Rüstung / Munition","func_2":3,"func_2_label":"Bau (Gebäude, Straßen, Tunnel)","datum_eroeffnung":"1944-03-15","datum_schliessung":"1945-04-15","open_text":"\"March 1944\"","close_text":"","peak_population":8300,"haftlinge":"Jews","firmen":"Polenzky & Zollner, Martin Wiess, SS- Weingut-Betriebs-GmbH, AEG, Siemens & Halske, Siemens & Schuckert, Telefunken, and Carl Zeiss","nationen":"Hungarian","lat":48.2563,"lon":12.459,"koppermann_naehe":"kontext","quelle":"USHMM Encyclopedia of Camps and Ghettos Vol. 1 / Holocaust Geographies Collaborative (Knowles et al. 2014)"},"geometry":{"type":"Point","coordinates":[12.459,48.2563]}},{"type":"Feature","properties":{"id":"03-0648-0","name":"München-Allach (BMW)","hauptlager":"Dachau","typ":"KZ / Außenlager","func_1":3,"func_1_label":"Bau (Gebäude, Straßen, Tunnel)","func_2":7,"func_2_label":"Ziviler Verteidigungsbau (Bunker, Trümmerräumung)","datum_eroeffnung":"1943-02-15","datum_schliessung":"1945-04-15","open_text":"\"First mentioned February, 1943\"","close_text":"","peak_population":4742,"haftlinge":"","firmen":"BMW, Dyckerhoff, Sager & Worner, Kirsh and Pumpel & Co.","nationen":"Russian, French, Polish, Yugoslavian, Italian, German","lat":48.2081,"lon":11.4867,"koppermann_naehe":"kontext","quelle":"USHMM Encyclopedia of Camps and Ghettos Vol. 1 / Holocaust Geographies Collaborative (Knowles et al. 2014)"},"geometry":{"type":"Point","coordinates":[11.4867,48.2081]}},{"type":"Feature","properties":{"id":"03-0649-3","name":"München-Allach (OT Bau) [aka Rothschwaige]","hauptlager":"Dachau","typ":"KZ / Außenlager","func_1":1,"func_1_label":"Unbekannte/unspezifische Arbeit","func_2":0,"func_2_label":"Keine bekannte Arbeit","datum_eroeffnung":"1944-05-15","datum_schliessung":"1945-03-15","open_text":"\"First mentioned May 17, 1944\"","close_text":"\"March 31, 1945\" or \"April 25, 1945\"","peak_population":512,"haftlinge":"Jewish, Gypsies","firmen":"","nationen":"Hungarian, Roma, Sinti","lat":48.248,"lon":11.4592,"koppermann_naehe":"kontext","quelle":"USHMM Encyclopedia of Camps and Ghettos Vol. 1 / Holocaust Geographies Collaborative (Knowles et al. 2014)"},"geometry":{"type":"Point","coordinates":[11.4592,48.248]}},{"type":"Feature","properties":{"id":"03-0650-0","name":"München-Allach (Porzellanmanufaktur) [aka München (Porzellanmanufaktur)]","hauptlager":"Dachau","typ":"KZ / Außenlager","func_1":5,"func_1_label":"Nicht-Rüstungsproduktion (Textil, Glas, Lebensmittel)","func_2":0,"func_2_label":"Keine bekannte Arbeit","datum_eroeffnung":"1941-06-15","datum_schliessung":null,"open_text":"\"June 1941\"","close_text":"\"Last mentioned April 25, 1945\"","peak_population":30,"haftlinge":"","firmen":"Porzellanmanufaktur Allach","nationen":"German, Polish","lat":48.1887,"lon":11.4709,"koppermann_naehe":"kontext","quelle":"USHMM Encyclopedia of Camps and Ghettos Vol. 1 / Holocaust Geographies Collaborative (Knowles et al. 2014)"},"geometry":{"type":"Point","coordinates":[11.4709,48.1887]}},{"type":"Feature","properties":{"id":"03-0651-2","name":"München-Allach (SS-Arbeits- und Krankenlager)","hauptlager":"Dachau","typ":"KZ / Außenlager","func_1":1,"func_1_label":"Unbekannte/unspezifische Arbeit","func_2":0,"func_2_label":"Keine bekannte Arbeit","datum_eroeffnung":"1945-04-15","datum_schliessung":null,"open_text":"\"First mentioned April 11, 1945\"","close_text":"\"Last mentioned April 25, 1945\"","peak_population":1,"haftlinge":"","firmen":"","nationen":"","lat":48.1971,"lon":11.4582,"koppermann_naehe":"kontext","quelle":"USHMM Encyclopedia of Camps and Ghettos Vol. 1 / Holocaust Geographies Collaborative (Knowles et al. 2014)"},"geometry":{"type":"Point","coordinates":[11.4582,48.1971]}},{"type":"Feature","properties":{"id":"03-0652-0","name":"München-Freimann (Bartolith Werke)","hauptlager":"Dachau","typ":"KZ / Außenlager","func_1":1,"func_1_label":"Unbekannte/unspezifische Arbeit","func_2":0,"func_2_label":"Keine bekannte Arbeit","datum_eroeffnung":"1942-04-15","datum_schliessung":"1943-07-15","open_text":"\"Established April 1942)","close_text":"\"July 1943\"","peak_population":75,"haftlinge":"","firmen":"Bartolith Firm","nationen":"German, Polish, Yugoslavian, Czech","lat":48.1907,"lon":11.6228,"koppermann_naehe":"kontext","quelle":"USHMM Encyclopedia of Camps and Ghettos Vol. 1 / Holocaust Geographies Collaborative (Knowles et al. 2014)"},"geometry":{"type":"Point","coordinates":[11.6228,48.1907]}},{"type":"Feature","properties":{"id":"03-0653-0","name":"München-Freimann (Dyckerhoff und Widmann)","hauptlager":"Dachau","typ":"KZ / Außenlager","func_1":2,"func_1_label":"Baumaterialien (Steinbruch, Ziegelei, Sägewerk)","func_2":3,"func_2_label":"Bau (Gebäude, Straßen, Tunnel)","datum_eroeffnung":"1942-09-15","datum_schliessung":"1942-12-15","open_text":"\"Septmeber 19, 1942\"","close_text":"\"December 10, 1942\"","peak_population":35,"haftlinge":"","firmen":"","nationen":"Polish, Czech, German, Yugoslavian","lat":48.209,"lon":11.5853,"koppermann_naehe":"kontext","quelle":"USHMM Encyclopedia of Camps and Ghettos Vol. 1 / Holocaust Geographies Collaborative (Knowles et al. 2014)"},"geometry":{"type":"Point","coordinates":[11.5853,48.209]}},{"type":"Feature","properties":{"id":"03-0654-0","name":"München-Freimann (SS-Standortverwaltung)","hauptlager":"Dachau","typ":"KZ / Außenlager","func_1":3,"func_1_label":"Bau (Gebäude, Straßen, Tunnel)","func_2":6,"func_2_label":"SS-Lagerbau / Landwirtschaft","datum_eroeffnung":"1941-11-15","datum_schliessung":"1945-06-15","open_text":"\"November 10, 1941\"","close_text":"","peak_population":27,"haftlinge":"Protective Custody, Political","firmen":"","nationen":"Mostly Polish, few German Czech","lat":48.1972,"lon":11.6108,"koppermann_naehe":"kontext","quelle":"USHMM Encyclopedia of Camps and Ghettos Vol. 1 / Holocaust Geographies Collaborative (Knowles et al. 2014)"},"geometry":{"type":"Point","coordinates":[11.6108,48.1972]}},{"type":"Feature","properties":{"id":"03-0655-2","name":"München-Giesing (Agfa Kamerawerke)","hauptlager":"Dachau","typ":"KZ / Außenlager","func_1":4,"func_1_label":"Rüstung / Munition","func_2":0,"func_2_label":"Keine bekannte Arbeit","datum_eroeffnung":"1942-06-15","datum_schliessung":"1945-04-15","open_text":"\"1942- Foreign Forced Laborers, September 1944- Concentration Camp Prisoners arrive\"","close_text":"","peak_population":500,"haftlinge":"","firmen":"Agfa Kamerawerke","nationen":"Polish, Dutch, Yugoslavian, Belgian, French, Ukraine,","lat":48.1071,"lon":11.5925,"koppermann_naehe":"kontext","quelle":"USHMM Encyclopedia of Camps and Ghettos Vol. 1 / Holocaust Geographies Collaborative (Knowles et al. 2014)"},"geometry":{"type":"Point","coordinates":[11.5925,48.1071]}},{"type":"Feature","properties":{"id":"03-0656-0","name":"München-Oberföhring (Bauleitung der Waffen SS)","hauptlager":"Dachau","typ":"KZ / Außenlager","func_1":6,"func_1_label":"SS-Lagerbau / Landwirtschaft","func_2":0,"func_2_label":"Keine bekannte Arbeit","datum_eroeffnung":"1944-04-15","datum_schliessung":"1945-06-15","open_text":"\"First mentioned April 11, 1944\"","close_text":"","peak_population":7,"haftlinge":"Jewish, Jehovah's Witnesses","firmen":"","nationen":"German, Polish, Russian, French, Belgian","lat":48.1634,"lon":11.6214,"koppermann_naehe":"kontext","quelle":"USHMM Encyclopedia of Camps and Ghettos Vol. 1 / Holocaust Geographies Collaborative (Knowles et al. 2014)"},"geometry":{"type":"Point","coordinates":[11.6214,48.1634]}},{"type":"Feature","properties":{"id":"03-0657-0","name":"München-Riem (OT, SS-Reit- und Fahrschule)","hauptlager":"Dachau","typ":"KZ / Außenlager","func_1":3,"func_1_label":"Bau (Gebäude, Straßen, Tunnel)","func_2":7,"func_2_label":"Ziviler Verteidigungsbau (Bunker, Trümmerräumung)","datum_eroeffnung":"1943-02-15","datum_schliessung":"1945-04-15","open_text":"\"February 1943\"","close_text":"","peak_population":1543,"haftlinge":"Gypsies, Jewish","firmen":"","nationen":"Russian, French, Polish, Roma, Sinti, Italian, German","lat":48.1411,"lon":11.5982,"koppermann_naehe":"kontext","quelle":"USHMM Encyclopedia of Camps and Ghettos Vol. 1 / Holocaust Geographies Collaborative (Knowles et al. 2014)"},"geometry":{"type":"Point","coordinates":[11.5982,48.1411]}},{"type":"Feature","properties":{"id":"03-0658-0","name":"München-Schwabing [aka Schwester Pia]","hauptlager":"Dachau","typ":"KZ / Außenlager","func_1":1,"func_1_label":"Unbekannte/unspezifische Arbeit","func_2":0,"func_2_label":"Keine bekannte Arbeit","datum_eroeffnung":"1940-06-15","datum_schliessung":null,"open_text":"\"1940, 1st permanent work detail\"","close_text":"","peak_population":1,"haftlinge":"Just political","firmen":"","nationen":"","lat":48.1703,"lon":11.5334,"koppermann_naehe":"kontext","quelle":"USHMM Encyclopedia of Camps and Ghettos Vol. 1 / Holocaust Geographies Collaborative (Knowles et al. 2014)"},"geometry":{"type":"Point","coordinates":[11.5334,48.1703]}},{"type":"Feature","properties":{"id":"03-0659-0","name":"München-Sendling (Architekt Bücklers)","hauptlager":"Dachau","typ":"KZ / Außenlager","func_1":3,"func_1_label":"Bau (Gebäude, Straßen, Tunnel)","func_2":0,"func_2_label":"Keine bekannte Arbeit","datum_eroeffnung":"1942-03-15","datum_schliessung":"1942-12-15","open_text":"\"March 16, 1942\"","close_text":"\"December 1, 1942\"","peak_population":40,"haftlinge":"","firmen":"","nationen":"French, Russian","lat":48.0933,"lon":11.5342,"koppermann_naehe":"kontext","quelle":"USHMM Encyclopedia of Camps and Ghettos Vol. 1 / Holocaust Geographies Collaborative (Knowles et al. 2014)"},"geometry":{"type":"Point","coordinates":[11.5342,48.0933]}},{"type":"Feature","properties":{"id":"03-0660-0","name":"München (Bergmannschule)","hauptlager":"Dachau","typ":"KZ / Außenlager","func_1":7,"func_1_label":"Ziviler Verteidigungsbau (Bunker, Trümmerräumung)","func_2":0,"func_2_label":"Keine bekannte Arbeit","datum_eroeffnung":"1944-12-15","datum_schliessung":"1945-04-15","open_text":"\"December 1944\"","close_text":"\"April 1945\"","peak_population":10,"haftlinge":"","firmen":"","nationen":"Polish, Czech, Yugoslavian, German","lat":48.1354,"lon":11.5371,"koppermann_naehe":"kontext","quelle":"USHMM Encyclopedia of Camps and Ghettos Vol. 1 / Holocaust Geographies Collaborative (Knowles et al. 2014)"},"geometry":{"type":"Point","coordinates":[11.5371,48.1354]}},{"type":"Feature","properties":{"id":"03-0661-0","name":"München (Bombensuchkommando)","hauptlager":"Dachau","typ":"KZ / Außenlager","func_1":7,"func_1_label":"Ziviler Verteidigungsbau (Bunker, Trümmerräumung)","func_2":0,"func_2_label":"Keine bekannte Arbeit","datum_eroeffnung":"1944-07-15","datum_schliessung":"1945-04-15","open_text":"\"July 1944\"","close_text":"\"April 1945\"","peak_population":100,"haftlinge":"","firmen":"","nationen":"","lat":48.1273,"lon":11.5515,"koppermann_naehe":"kontext","quelle":"USHMM Encyclopedia of Camps and Ghettos Vol. 1 / Holocaust Geographies Collaborative (Knowles et al. 2014)"},"geometry":{"type":"Point","coordinates":[11.5515,48.1273]}},{"type":"Feature","properties":{"id":"03-0662-0","name":"München (Chemische Werke)","hauptlager":"Dachau","typ":"KZ / Außenlager","func_1":1,"func_1_label":"Unbekannte/unspezifische Arbeit","func_2":0,"func_2_label":"Keine bekannte Arbeit","datum_eroeffnung":"1944-11-15","datum_schliessung":"1945-04-15","open_text":"\"November 1, 1944\"","close_text":"\"April 14, 1945\"","peak_population":24,"haftlinge":"","firmen":"Chemische Werke GmbH","nationen":"","lat":48.1802,"lon":11.538,"koppermann_naehe":"kontext","quelle":"USHMM Encyclopedia of Camps and Ghettos Vol. 1 / Holocaust Geographies Collaborative (Knowles et al. 2014)"},"geometry":{"type":"Point","coordinates":[11.538,48.1802]}},{"type":"Feature","properties":{"id":"03-0663-0","name":"München (Ehrengut)","hauptlager":"Dachau","typ":"KZ / Außenlager","func_1":2,"func_1_label":"Baumaterialien (Steinbruch, Ziegelei, Sägewerk)","func_2":0,"func_2_label":"Keine bekannte Arbeit","datum_eroeffnung":"1942-04-15","datum_schliessung":"1942-09-15","open_text":"\"April 7, 1942\"","close_text":"\"September 11, 1942\"","peak_population":10,"haftlinge":"German Protective Custody","firmen":"L. Ehrengut","nationen":"Czech, Polish, German","lat":48.1071,"lon":11.5447,"koppermann_naehe":"kontext","quelle":"USHMM Encyclopedia of Camps and Ghettos Vol. 1 / Holocaust Geographies Collaborative (Knowles et al. 2014)"},"geometry":{"type":"Point","coordinates":[11.5447,48.1071]}},{"type":"Feature","properties":{"id":"03-0665-0","name":"München (Gärtnereibetrieb Nützl)","hauptlager":"Dachau","typ":"KZ / Außenlager","func_1":6,"func_1_label":"SS-Lagerbau / Landwirtschaft","func_2":7,"func_2_label":"Ziviler Verteidigungsbau (Bunker, Trümmerräumung)","datum_eroeffnung":"1941-06-15","datum_schliessung":null,"open_text":"\"1941\"","close_text":"","peak_population":92,"haftlinge":"POW","firmen":"","nationen":"","lat":48.2018,"lon":11.495,"koppermann_naehe":"kontext","quelle":"USHMM Encyclopedia of Camps and Ghettos Vol. 1 / Holocaust Geographies Collaborative (Knowles et al. 2014)"},"geometry":{"type":"Point","coordinates":[11.495,48.2018]}},{"type":"Feature","properties":{"id":"03-0666-0","name":"München (Gestapo Wittelsbacher Palais)","hauptlager":"Dachau","typ":"KZ / Außenlager","func_1":3,"func_1_label":"Bau (Gebäude, Straßen, Tunnel)","func_2":7,"func_2_label":"Ziviler Verteidigungsbau (Bunker, Trümmerräumung)","datum_eroeffnung":"1944-06-15","datum_schliessung":"1945-04-15","open_text":"\"June 13, 1944\"","close_text":"\"April 25/26, 1945\"","peak_population":50,"haftlinge":"","firmen":"","nationen":"German, Italian, Yugoslavian, Dutch, Polish, Russian","lat":48.1446,"lon":11.573,"koppermann_naehe":"kontext","quelle":"USHMM Encyclopedia of Camps and Ghettos Vol. 1 / Holocaust Geographies Collaborative (Knowles et al. 2014)"},"geometry":{"type":"Point","coordinates":[11.573,48.1446]}},{"type":"Feature","properties":{"id":"03-0667-0","name":"München (Grossschlachterei Thomae)","hauptlager":"Dachau","typ":"KZ / Außenlager","func_1":5,"func_1_label":"Nicht-Rüstungsproduktion (Textil, Glas, Lebensmittel)","func_2":0,"func_2_label":"Keine bekannte Arbeit","datum_eroeffnung":null,"datum_schliessung":null,"open_text":"","close_text":"\"Last mentioned November 12, 1942\"","peak_population":2,"haftlinge":"","firmen":"Thomae","nationen":"","lat":48.1391,"lon":11.5802,"koppermann_naehe":"kontext","quelle":"USHMM Encyclopedia of Camps and Ghettos Vol. 1 / Holocaust Geographies Collaborative (Knowles et al. 2014)"},"geometry":{"type":"Point","coordinates":[11.5802,48.1391]}},{"type":"Feature","properties":{"id":"03-0668-0","name":"München (Höchlstrasse) [aka SS-Standortverwaltung Höchlstrasse]","hauptlager":"Dachau","typ":"KZ / Außenlager","func_1":7,"func_1_label":"Ziviler Verteidigungsbau (Bunker, Trümmerräumung)","func_2":0,"func_2_label":"Keine bekannte Arbeit","datum_eroeffnung":"1944-10-15","datum_schliessung":"1944-12-15","open_text":"\"October 1944\"","close_text":"\"December 1944\"","peak_population":18,"haftlinge":"Political, Jehovah's Witnesses","firmen":"","nationen":"","lat":48.1457,"lon":11.6014,"koppermann_naehe":"kontext","quelle":"USHMM Encyclopedia of Camps and Ghettos Vol. 1 / Holocaust Geographies Collaborative (Knowles et al. 2014)"},"geometry":{"type":"Point","coordinates":[11.6014,48.1457]}},{"type":"Feature","properties":{"id":"03-0669-0","name":"München (Katastropheneinsatz)","hauptlager":"Dachau","typ":"KZ / Außenlager","func_1":7,"func_1_label":"Ziviler Verteidigungsbau (Bunker, Trümmerräumung)","func_2":0,"func_2_label":"Keine bekannte Arbeit","datum_eroeffnung":"1945-02-15","datum_schliessung":"1945-04-15","open_text":"\"February 5, 1945\"","close_text":"\"April 21, 1945\"","peak_population":85,"haftlinge":"","firmen":"","nationen":"Polish, Czech, Russian","lat":48.1391,"lon":11.5802,"koppermann_naehe":"kontext","quelle":"USHMM Encyclopedia of Camps and Ghettos Vol. 1 / Holocaust Geographies Collaborative (Knowles et al. 2014)"},"geometry":{"type":"Point","coordinates":[11.5802,48.1391]}},{"type":"Feature","properties":{"id":"03-0671-0","name":"München (Lebensborn e.V.)","hauptlager":"Dachau","typ":"KZ / Außenlager","func_1":3,"func_1_label":"Bau (Gebäude, Straßen, Tunnel)","func_2":0,"func_2_label":"Keine bekannte Arbeit","datum_eroeffnung":"1942-06-15","datum_schliessung":"1945-05-15","open_text":"\"June 15, 1942\"","close_text":"\"End of the war\"","peak_population":40,"haftlinge":"","firmen":"","nationen":"Polish, Czech, Germans, Austrians","lat":48.1509,"lon":11.6013,"koppermann_naehe":"kontext","quelle":"USHMM Encyclopedia of Camps and Ghettos Vol. 1 / Holocaust Geographies Collaborative (Knowles et al. 2014)"},"geometry":{"type":"Point","coordinates":[11.6013,48.1509]}},{"type":"Feature","properties":{"id":"03-0672-1","name":"München (Leopoldstrasse)","hauptlager":"Dachau","typ":"KZ / Außenlager","func_1":1,"func_1_label":"Unbekannte/unspezifische Arbeit","func_2":0,"func_2_label":"Keine bekannte Arbeit","datum_eroeffnung":"1945-03-15","datum_schliessung":null,"open_text":"\"First mentioned March 1945\"","close_text":"","peak_population":9,"haftlinge":"","firmen":"","nationen":"","lat":48.1684,"lon":11.5862,"koppermann_naehe":"kontext","quelle":"USHMM Encyclopedia of Camps and Ghettos Vol. 1 / Holocaust Geographies Collaborative (Knowles et al. 2014)"},"geometry":{"type":"Point","coordinates":[11.5862,48.1684]}},{"type":"Feature","properties":{"id":"03-0673-0","name":"München (Lodenfrey)","hauptlager":"Dachau","typ":"KZ / Außenlager","func_1":5,"func_1_label":"Nicht-Rüstungsproduktion (Textil, Glas, Lebensmittel)","func_2":7,"func_2_label":"Ziviler Verteidigungsbau (Bunker, Trümmerräumung)","datum_eroeffnung":"1944-06-15","datum_schliessung":null,"open_text":"\"June 13, 1944\"","close_text":"","peak_population":30,"haftlinge":"Protective Custody","firmen":"Lodenfrey GmbH","nationen":"Polish, Russian, French, Italian, Yugoslavian, 1 German Kapo","lat":48.1629,"lon":11.5978,"koppermann_naehe":"kontext","quelle":"USHMM Encyclopedia of Camps and Ghettos Vol. 1 / Holocaust Geographies Collaborative (Knowles et al. 2014)"},"geometry":{"type":"Point","coordinates":[11.5978,48.1629]}},{"type":"Feature","properties":{"id":"03-0674-0","name":"München (Oberbürgermeister)","hauptlager":"Dachau","typ":"KZ / Außenlager","func_1":1,"func_1_label":"Unbekannte/unspezifische Arbeit","func_2":0,"func_2_label":"Keine bekannte Arbeit","datum_eroeffnung":"1945-01-15","datum_schliessung":"1945-04-15","open_text":"\"January 1, 1945\"","close_text":"\"April 14, 1945\"","peak_population":5,"haftlinge":"","firmen":"","nationen":"","lat":48.1367,"lon":11.5768,"koppermann_naehe":"kontext","quelle":"USHMM Encyclopedia of Camps and Ghettos Vol. 1 / Holocaust Geographies Collaborative (Knowles et al. 2014)"},"geometry":{"type":"Point","coordinates":[11.5768,48.1367]}},{"type":"Feature","properties":{"id":"03-0675-0","name":"München (Parteikanzlei)","hauptlager":"Dachau","typ":"KZ / Außenlager","func_1":7,"func_1_label":"Ziviler Verteidigungsbau (Bunker, Trümmerräumung)","func_2":3,"func_2_label":"Bau (Gebäude, Straßen, Tunnel)","datum_eroeffnung":"1944-06-15","datum_schliessung":"1945-04-15","open_text":"\"Spring 1944\"","close_text":"\"April 22, 1945\"","peak_population":25,"haftlinge":"","firmen":"","nationen":"German, French, Polish, Russian","lat":48.1466,"lon":11.5689,"koppermann_naehe":"kontext","quelle":"USHMM Encyclopedia of Camps and Ghettos Vol. 1 / Holocaust Geographies Collaborative (Knowles et al. 2014)"},"geometry":{"type":"Point","coordinates":[11.5689,48.1466]}},{"type":"Feature","properties":{"id":"03-0676-0","name":"München (Reichsbahn)","hauptlager":"Dachau","typ":"KZ / Außenlager","func_1":7,"func_1_label":"Ziviler Verteidigungsbau (Bunker, Trümmerräumung)","func_2":0,"func_2_label":"Keine bekannte Arbeit","datum_eroeffnung":"1945-01-15","datum_schliessung":"1945-04-15","open_text":"\"January 1945\"","close_text":"\"April 14, 1945\"","peak_population":500,"haftlinge":"","firmen":"","nationen":"","lat":48.1974,"lon":11.6111,"koppermann_naehe":"kontext","quelle":"USHMM Encyclopedia of Camps and Ghettos Vol. 1 / Holocaust Geographies Collaborative (Knowles et al. 2014)"},"geometry":{"type":"Point","coordinates":[11.6111,48.1974]}},{"type":"Feature","properties":{"id":"03-0677-0","name":"München (Reichsführer-SS)","hauptlager":"Dachau","typ":"KZ / Außenlager","func_1":1,"func_1_label":"Unbekannte/unspezifische Arbeit","func_2":0,"func_2_label":"Keine bekannte Arbeit","datum_eroeffnung":"1943-11-15","datum_schliessung":"1945-04-15","open_text":"\"November 8, 1943\"","close_text":"\"April 14, 1945\"","peak_population":13,"haftlinge":"Protective Custody","firmen":"","nationen":"German, Polish","lat":48.1425,"lon":11.5677,"koppermann_naehe":"kontext","quelle":"USHMM Encyclopedia of Camps and Ghettos Vol. 1 / Holocaust Geographies Collaborative (Knowles et al. 2014)"},"geometry":{"type":"Point","coordinates":[11.5677,48.1425]}},{"type":"Feature","properties":{"id":"03-0678-0","name":"München (Reichsführer-SS Adjutantur)","hauptlager":"Dachau","typ":"KZ / Außenlager","func_1":7,"func_1_label":"Ziviler Verteidigungsbau (Bunker, Trümmerräumung)","func_2":0,"func_2_label":"Keine bekannte Arbeit","datum_eroeffnung":"1945-01-15","datum_schliessung":null,"open_text":"\"January 11, 1945\"","close_text":"\"Last mentioned April 14, 1945\"","peak_population":50,"haftlinge":"","firmen":"","nationen":"","lat":48.1425,"lon":11.5677,"koppermann_naehe":"kontext","quelle":"USHMM Encyclopedia of Camps and Ghettos Vol. 1 / Holocaust Geographies Collaborative (Knowles et al. 2014)"},"geometry":{"type":"Point","coordinates":[11.5677,48.1425]}},{"type":"Feature","properties":{"id":"03-0679-0","name":"München (Schuhhaus Meier)","hauptlager":"Dachau","typ":"KZ / Außenlager","func_1":5,"func_1_label":"Nicht-Rüstungsproduktion (Textil, Glas, Lebensmittel)","func_2":0,"func_2_label":"Keine bekannte Arbeit","datum_eroeffnung":"1944-11-15","datum_schliessung":"1945-02-15","open_text":"\"November 1944\"","close_text":"\"February 1945\"","peak_population":12,"haftlinge":"","firmen":"Schuhhaus Meier","nationen":"","lat":48.1407,"lon":11.5771,"koppermann_naehe":"kontext","quelle":"USHMM Encyclopedia of Camps and Ghettos Vol. 1 / Holocaust Geographies Collaborative (Knowles et al. 2014)"},"geometry":{"type":"Point","coordinates":[11.5771,48.1407]}},{"type":"Feature","properties":{"id":"03-0680-0","name":"München (Sprengkommando)","hauptlager":"Dachau","typ":"KZ / Außenlager","func_1":7,"func_1_label":"Ziviler Verteidigungsbau (Bunker, Trümmerräumung)","func_2":0,"func_2_label":"Keine bekannte Arbeit","datum_eroeffnung":null,"datum_schliessung":null,"open_text":"","close_text":"","peak_population":1,"haftlinge":"","firmen":"","nationen":"","lat":48.1391,"lon":11.5802,"koppermann_naehe":"kontext","quelle":"USHMM Encyclopedia of Camps and Ghettos Vol. 1 / Holocaust Geographies Collaborative (Knowles et al. 2014)"},"geometry":{"type":"Point","coordinates":[11.5802,48.1391]}},{"type":"Feature","properties":{"id":"03-0681-0","name":"München (SS-Mannschaftshäuser)","hauptlager":"Dachau","typ":"KZ / Außenlager","func_1":6,"func_1_label":"SS-Lagerbau / Landwirtschaft","func_2":0,"func_2_label":"Keine bekannte Arbeit","datum_eroeffnung":"1942-05-15","datum_schliessung":"1942-11-15","open_text":"\"May 11, 1942\"","close_text":"\"November 18, 1942\"","peak_population":30,"haftlinge":"1 Jehovah's Witnesses","firmen":"","nationen":"German, Polish, Luxemburger","lat":48.1411,"lon":11.5982,"koppermann_naehe":"kontext","quelle":"USHMM Encyclopedia of Camps and Ghettos Vol. 1 / Holocaust Geographies Collaborative (Knowles et al. 2014)"},"geometry":{"type":"Point","coordinates":[11.5982,48.1411]}},{"type":"Feature","properties":{"id":"03-0682-0","name":"München (SS-Oberabschnitt Süd, Möhlstrasse)","hauptlager":"Dachau","typ":"KZ / Außenlager","func_1":6,"func_1_label":"SS-Lagerbau / Landwirtschaft","func_2":0,"func_2_label":"Keine bekannte Arbeit","datum_eroeffnung":"1944-06-15","datum_schliessung":null,"open_text":"\"First mentioned June 9, 1944\"","close_text":"\"Last mentioned April 25, 1945\"","peak_population":10,"haftlinge":"","firmen":"","nationen":"German, Polish, Italian, Russian, Yugoslavian","lat":48.1411,"lon":11.5982,"koppermann_naehe":"kontext","quelle":"USHMM Encyclopedia of Camps and Ghettos Vol. 1 / Holocaust Geographies Collaborative (Knowles et al. 2014)"},"geometry":{"type":"Point","coordinates":[11.5982,48.1411]}},{"type":"Feature","properties":{"id":"03-0683-0","name":"München (SS-Standortkommandantur Bunkerbau)","hauptlager":"Dachau","typ":"KZ / Außenlager","func_1":3,"func_1_label":"Bau (Gebäude, Straßen, Tunnel)","func_2":0,"func_2_label":"Keine bekannte Arbeit","datum_eroeffnung":"1944-07-15","datum_schliessung":null,"open_text":"\"July or August 1944\"","close_text":"","peak_population":10,"haftlinge":"","firmen":"","nationen":"Polish","lat":48.1391,"lon":11.5802,"koppermann_naehe":"kontext","quelle":"USHMM Encyclopedia of Camps and Ghettos Vol. 1 / Holocaust Geographies Collaborative (Knowles et al. 2014)"},"geometry":{"type":"Point","coordinates":[11.5802,48.1391]}},{"type":"Feature","properties":{"id":"03-0684-0","name":"München (SS-Standortkommandantur Kabelbau)","hauptlager":"Dachau","typ":"KZ / Außenlager","func_1":5,"func_1_label":"Nicht-Rüstungsproduktion (Textil, Glas, Lebensmittel)","func_2":0,"func_2_label":"Keine bekannte Arbeit","datum_eroeffnung":"1945-01-15","datum_schliessung":null,"open_text":"\"First mentioned January 1945\"","close_text":"","peak_population":10,"haftlinge":"","firmen":"","nationen":"","lat":48.1391,"lon":11.5802,"koppermann_naehe":"kontext","quelle":"USHMM Encyclopedia of Camps and Ghettos Vol. 1 / Holocaust Geographies Collaborative (Knowles et al. 2014)"},"geometry":{"type":"Point","coordinates":[11.5802,48.1391]}},{"type":"Feature","properties":{"id":"03-0696-0","name":"Neu-Ulm","hauptlager":"Dachau","typ":"KZ / Außenlager","func_1":6,"func_1_label":"SS-Lagerbau / Landwirtschaft","func_2":0,"func_2_label":"Keine bekannte Arbeit","datum_eroeffnung":"1943-07-15","datum_schliessung":null,"open_text":"\"First mentioned July 5, 1943\"","close_text":"\"Shortly before collapse of the Third Reich\"","peak_population":512,"haftlinge":"Jehovah's Witnesses.","firmen":"","nationen":"","lat":48.4,"lon":10.0167,"koppermann_naehe":"kontext","quelle":"USHMM Encyclopedia of Camps and Ghettos Vol. 1 / Holocaust Geographies Collaborative (Knowles et al. 2014)"},"geometry":{"type":"Point","coordinates":[10.0167,48.4]}},{"type":"Feature","properties":{"id":"03-0704-0","name":"Neufahrn","hauptlager":"Dachau","typ":"KZ / Außenlager","func_1":4,"func_1_label":"Rüstung / Munition","func_2":3,"func_2_label":"Bau (Gebäude, Straßen, Tunnel)","datum_eroeffnung":"1945-04-15","datum_schliessung":null,"open_text":"\"First mentioned April 22, 1945\"","close_text":"\"Last mentioned April 26, 1945\"","peak_population":500,"haftlinge":"","firmen":"","nationen":"","lat":48.8167,"lon":11.6667,"koppermann_naehe":"kontext","quelle":"USHMM Encyclopedia of Camps and Ghettos Vol. 1 / Holocaust Geographies Collaborative (Knowles et al. 2014)"},"geometry":{"type":"Point","coordinates":[11.6667,48.8167]}},{"type":"Feature","properties":{"id":"03-0756-1","name":"Ötztal","hauptlager":"Dachau","typ":"KZ / Außenlager","func_1":1,"func_1_label":"Unbekannte/unspezifische Arbeit","func_2":0,"func_2_label":"Keine bekannte Arbeit","datum_eroeffnung":"1945-04-15","datum_schliessung":"1945-05-15","open_text":"\"First transport leaves Dachau for Otzal April 23, 1945\"","close_text":"\"May 4, 1945\"","peak_population":1,"haftlinge":"","firmen":"","nationen":"","lat":47.2333,"lon":10.85,"koppermann_naehe":"kontext","quelle":"USHMM Encyclopedia of Camps and Ghettos Vol. 1 / Holocaust Geographies Collaborative (Knowles et al. 2014)"},"geometry":{"type":"Point","coordinates":[10.85,47.2333]}},{"type":"Feature","properties":{"id":"03-0699-0","name":"Neuburg an der Donau","hauptlager":"Dachau","typ":"KZ / Außenlager","func_1":7,"func_1_label":"Ziviler Verteidigungsbau (Bunker, Trümmerräumung)","func_2":0,"func_2_label":"Keine bekannte Arbeit","datum_eroeffnung":"1945-02-15","datum_schliessung":"1945-03-15","open_text":"\"February 1945\"","close_text":"\"March 1945\"","peak_population":3,"haftlinge":"","firmen":"","nationen":"","lat":48.7333,"lon":11.1833,"koppermann_naehe":"kontext","quelle":"USHMM Encyclopedia of Camps and Ghettos Vol. 1 / Holocaust Geographies Collaborative (Knowles et al. 2014)"},"geometry":{"type":"Point","coordinates":[11.1833,48.7333]}},{"type":"Feature","properties":{"id":"03-0713-0","name":"Neustift im Stubaital [aka Innsbruck II]","hauptlager":"Dachau","typ":"KZ / Außenlager","func_1":3,"func_1_label":"Bau (Gebäude, Straßen, Tunnel)","func_2":0,"func_2_label":"Keine bekannte Arbeit","datum_eroeffnung":"1942-10-15","datum_schliessung":"1945-05-15","open_text":"\"October 10, 1942\"","close_text":"\"May 1945\"","peak_population":60,"haftlinge":"","firmen":"","nationen":"","lat":47.1167,"lon":11.3167,"koppermann_naehe":"kontext","quelle":"USHMM Encyclopedia of Camps and Ghettos Vol. 1 / Holocaust Geographies Collaborative (Knowles et al. 2014)"},"geometry":{"type":"Point","coordinates":[11.3167,47.1167]}},{"type":"Feature","properties":{"id":"03-0738-0","name":"Oberstdorf-Birgsau","hauptlager":"Dachau","typ":"KZ / Außenlager","func_1":3,"func_1_label":"Bau (Gebäude, Straßen, Tunnel)","func_2":0,"func_2_label":"Keine bekannte Arbeit","datum_eroeffnung":"1943-06-15","datum_schliessung":"1945-01-15","open_text":"\"Summer 1943\"","close_text":"\"January 1945\"","peak_population":30,"haftlinge":"Political","firmen":"","nationen":"Polish, German","lat":47.3333,"lon":10.2667,"koppermann_naehe":"kontext","quelle":"USHMM Encyclopedia of Camps and Ghettos Vol. 1 / Holocaust Geographies Collaborative (Knowles et al. 2014)"},"geometry":{"type":"Point","coordinates":[10.2667,47.3333]}},{"type":"Feature","properties":{"id":"03-0755-0","name":"Ottobrunn","hauptlager":"Dachau","typ":"KZ / Außenlager","func_1":3,"func_1_label":"Bau (Gebäude, Straßen, Tunnel)","func_2":0,"func_2_label":"Keine bekannte Arbeit","datum_eroeffnung":"1943-10-15","datum_schliessung":"1945-05-15","open_text":"\"January 1944\"- Article, \"October 1943\"- ITS","close_text":"\"Abandoned May 1, 1945\"","peak_population":475,"haftlinge":"Political or \"Criminals\" no Jews","firmen":"Aircraft Research Institute","nationen":"German, Polish, Italian, Ukrainian, Spanish, Norwegian, Dutch, Greeks, Yugoslavs, Belgian, French","lat":48.0667,"lon":11.6833,"koppermann_naehe":"kontext","quelle":"USHMM Encyclopedia of Camps and Ghettos Vol. 1 / Holocaust Geographies Collaborative (Knowles et al. 2014)"},"geometry":{"type":"Point","coordinates":[11.6833,48.0667]}},{"type":"Feature","properties":{"id":"03-0771-1","name":"Plansee [aka Breitenwang, Plansee, SS-Sonderkommando Plansee] (men)","hauptlager":"Dachau","typ":"KZ / Außenlager","func_1":6,"func_1_label":"SS-Lagerbau / Landwirtschaft","func_2":2,"func_2_label":"Baumaterialien (Steinbruch, Ziegelei, Sägewerk)","datum_eroeffnung":"1944-09-15","datum_schliessung":"1945-05-15","open_text":"\"September 2, 1944\"","close_text":"\"May 5, 1945\"-ITS","peak_population":20,"haftlinge":"POW","firmen":"","nationen":"French, Slavs, German","lat":47.4828,"lon":10.8328,"koppermann_naehe":"kontext","quelle":"USHMM Encyclopedia of Camps and Ghettos Vol. 1 / Holocaust Geographies Collaborative (Knowles et al. 2014)"},"geometry":{"type":"Point","coordinates":[10.8328,47.4828]}},{"type":"Feature","properties":{"id":"03-0771-2","name":"Plansee [aka Breitenwang, Plansee, SS-Sonderkommando Plansee] (women)","hauptlager":"Dachau","typ":"KZ / Außenlager","func_1":6,"func_1_label":"SS-Lagerbau / Landwirtschaft","func_2":0,"func_2_label":"Keine bekannte Arbeit","datum_eroeffnung":"1944-09-15","datum_schliessung":"1945-05-15","open_text":"\"September 2, 1944\"","close_text":"\"May 5, 1945\"-ITS","peak_population":17,"haftlinge":"","firmen":"","nationen":"Hungarian","lat":47.4828,"lon":10.8328,"koppermann_naehe":"kontext","quelle":"USHMM Encyclopedia of Camps and Ghettos Vol. 1 / Holocaust Geographies Collaborative (Knowles et al. 2014)"},"geometry":{"type":"Point","coordinates":[10.8328,47.4828]}},{"type":"Feature","properties":{"id":"03-0799-0","name":"Radolfzell","hauptlager":"Dachau","typ":"KZ / Außenlager","func_1":3,"func_1_label":"Bau (Gebäude, Straßen, Tunnel)","func_2":6,"func_2_label":"SS-Lagerbau / Landwirtschaft","datum_eroeffnung":"1941-05-15","datum_schliessung":"1945-01-15","open_text":"\"May 19, 1941\"","close_text":"","peak_population":90,"haftlinge":"Political, Criminals, emigrants","firmen":"","nationen":"German, Polish, Czech","lat":47.7333,"lon":8.9667,"koppermann_naehe":"kontext","quelle":"USHMM Encyclopedia of Camps and Ghettos Vol. 1 / Holocaust Geographies Collaborative (Knowles et al. 2014)"},"geometry":{"type":"Point","coordinates":[8.9667,47.7333]}},{"type":"Feature","properties":{"id":"03-0815-0","name":"Riederloh [aka Riederloh II]","hauptlager":"Dachau","typ":"KZ / Außenlager","func_1":4,"func_1_label":"Rüstung / Munition","func_2":3,"func_2_label":"Bau (Gebäude, Straßen, Tunnel)","datum_eroeffnung":"1944-09-15","datum_schliessung":"1945-01-15","open_text":"\"September 1944\"","close_text":"\"January 8, 1945\"","peak_population":900,"haftlinge":"Jews","firmen":"Dynamit AG, Berlin Construction Co. and Hebel Construction Co.","nationen":"Polish, Hungarian","lat":47.9049,"lon":10.6413,"koppermann_naehe":"kontext","quelle":"USHMM Encyclopedia of Camps and Ghettos Vol. 1 / Holocaust Geographies Collaborative (Knowles et al. 2014)"},"geometry":{"type":"Point","coordinates":[10.6413,47.9049]}},{"type":"Feature","properties":{"id":"03-0844-1","name":"Rosenheim","hauptlager":"Dachau","typ":"KZ / Außenlager","func_1":1,"func_1_label":"Unbekannte/unspezifische Arbeit","func_2":0,"func_2_label":"Keine bekannte Arbeit","datum_eroeffnung":"1945-04-15","datum_schliessung":"1945-05-15","open_text":"\"First mentioned April 14, 1945\"","close_text":"","peak_population":271,"haftlinge":"","firmen":"","nationen":"","lat":47.85,"lon":12.1333,"koppermann_naehe":"kontext","quelle":"USHMM Encyclopedia of Camps and Ghettos Vol. 1 / Holocaust Geographies Collaborative (Knowles et al. 2014)"},"geometry":{"type":"Point","coordinates":[12.1333,47.85]}},{"type":"Feature","properties":{"id":"03-0858-1","name":"Salzburg (Aufräumungskommando) [aka Salzburg (Aufräumungskommando); Salzburg (Aufräumungskommando- und Entschärfungskommando)]","hauptlager":"Dachau","typ":"KZ / Außenlager","func_1":7,"func_1_label":"Ziviler Verteidigungsbau (Bunker, Trümmerräumung)","func_2":0,"func_2_label":"Keine bekannte Arbeit","datum_eroeffnung":"1945-04-15","datum_schliessung":"1945-05-15","open_text":"\"First mentioned April 14, 1945\"","close_text":"","peak_population":15,"haftlinge":"","firmen":"","nationen":"","lat":47.8,"lon":13.0333,"koppermann_naehe":"kontext","quelle":"USHMM Encyclopedia of Camps and Ghettos Vol. 1 / Holocaust Geographies Collaborative (Knowles et al. 2014)"},"geometry":{"type":"Point","coordinates":[13.0333,47.8]}},{"type":"Feature","properties":{"id":"03-0859-0","name":"Salzburg (Bombensuchkommando)","hauptlager":"Dachau","typ":"KZ / Außenlager","func_1":7,"func_1_label":"Ziviler Verteidigungsbau (Bunker, Trümmerräumung)","func_2":0,"func_2_label":"Keine bekannte Arbeit","datum_eroeffnung":"1944-11-15","datum_schliessung":"1945-05-15","open_text":"\"November 27, 1944\"","close_text":"","peak_population":1,"haftlinge":"","firmen":"","nationen":"Polish, German","lat":47.8005,"lon":13.0444,"koppermann_naehe":"kontext","quelle":"USHMM Encyclopedia of Camps and Ghettos Vol. 1 / Holocaust Geographies Collaborative (Knowles et al. 2014)"},"geometry":{"type":"Point","coordinates":[13.0444,47.8005]}},{"type":"Feature","properties":{"id":"03-0860-1","name":"Salzburg (Polizeidirektion) [aka Salzburg (Hellbrunner Allee)]","hauptlager":"Dachau","typ":"KZ / Außenlager","func_1":1,"func_1_label":"Unbekannte/unspezifische Arbeit","func_2":0,"func_2_label":"Keine bekannte Arbeit","datum_eroeffnung":"1944-12-15","datum_schliessung":null,"open_text":"\"December 1, 1944\"","close_text":"\"Last mentioned April 14, 1945\"","peak_population":90,"haftlinge":"","firmen":"","nationen":"","lat":47.7847,"lon":13.0582,"koppermann_naehe":"kontext","quelle":"USHMM Encyclopedia of Camps and Ghettos Vol. 1 / Holocaust Geographies Collaborative (Knowles et al. 2014)"},"geometry":{"type":"Point","coordinates":[13.0582,47.7847]}},{"type":"Feature","properties":{"id":"03-0861-1","name":"Salzburg (Firma Schürich)","hauptlager":"Dachau","typ":"KZ / Außenlager","func_1":3,"func_1_label":"Bau (Gebäude, Straßen, Tunnel)","func_2":0,"func_2_label":"Keine bekannte Arbeit","datum_eroeffnung":"1942-12-15","datum_schliessung":"1942-12-15","open_text":"\"First mentioned December 11, 1942\"","close_text":"\"December 28, 1942\"","peak_population":1,"haftlinge":"","firmen":"","nationen":"","lat":47.8005,"lon":13.0444,"koppermann_naehe":"kontext","quelle":"USHMM Encyclopedia of Camps and Ghettos Vol. 1 / Holocaust Geographies Collaborative (Knowles et al. 2014)"},"geometry":{"type":"Point","coordinates":[13.0444,47.8005]}},{"type":"Feature","properties":{"id":"03-0862-0","name":"Salzburg (Sprengkommando)","hauptlager":"Dachau","typ":"KZ / Außenlager","func_1":7,"func_1_label":"Ziviler Verteidigungsbau (Bunker, Trümmerräumung)","func_2":3,"func_2_label":"Bau (Gebäude, Straßen, Tunnel)","datum_eroeffnung":"1945-01-15","datum_schliessung":"1945-05-15","open_text":"\"January 12, 1945\"","close_text":"","peak_population":1,"haftlinge":"","firmen":"","nationen":"","lat":47.8005,"lon":13.0444,"koppermann_naehe":"kontext","quelle":"USHMM Encyclopedia of Camps and Ghettos Vol. 1 / Holocaust Geographies Collaborative (Knowles et al. 2014)"},"geometry":{"type":"Point","coordinates":[13.0444,47.8005]}},{"type":"Feature","properties":{"id":"03-0865-0","name":"Saulgau","hauptlager":"Dachau","typ":"KZ / Außenlager","func_1":3,"func_1_label":"Bau (Gebäude, Straßen, Tunnel)","func_2":0,"func_2_label":"Keine bekannte Arbeit","datum_eroeffnung":"1943-08-15","datum_schliessung":"1945-04-15","open_text":"\"August 14, 1943\"","close_text":"\"April 4, 1945\"","peak_population":395,"haftlinge":"No Jewish","firmen":"L. Bautz Co.","nationen":"Russian, German, Italian Polish","lat":48.0167,"lon":9.5,"koppermann_naehe":"kontext","quelle":"USHMM Encyclopedia of Camps and Ghettos Vol. 1 / Holocaust Geographies Collaborative (Knowles et al. 2014)"},"geometry":{"type":"Point","coordinates":[9.5,48.0167]}},{"type":"Feature","properties":{"id":"03-0871-0","name":"Schlachters","hauptlager":"Dachau","typ":"KZ / Außenlager","func_1":1,"func_1_label":"Unbekannte/unspezifische Arbeit","func_2":0,"func_2_label":"Keine bekannte Arbeit","datum_eroeffnung":"1944-04-15","datum_schliessung":"1945-04-15","open_text":"\"April 5, 1944\"","close_text":"\"April 1945\"","peak_population":7,"haftlinge":"Political","firmen":"","nationen":"Russians, Germans, Austrians, Polish, Slovenians","lat":47.5833,"lon":9.75,"koppermann_naehe":"kontext","quelle":"USHMM Encyclopedia of Camps and Ghettos Vol. 1 / Holocaust Geographies Collaborative (Knowles et al. 2014)"},"geometry":{"type":"Point","coordinates":[9.75,47.5833]}},{"type":"Feature","properties":{"id":"03-0873-1","name":"Schleissheim (Aufräumkommando)","hauptlager":"Dachau","typ":"KZ / Außenlager","func_1":7,"func_1_label":"Ziviler Verteidigungsbau (Bunker, Trümmerräumung)","func_2":0,"func_2_label":"Keine bekannte Arbeit","datum_eroeffnung":"1945-04-15","datum_schliessung":null,"open_text":"\"First mentioned April 14, 1945\"","close_text":"","peak_population":1,"haftlinge":"","firmen":"","nationen":"","lat":48.2833,"lon":11.5667,"koppermann_naehe":"kontext","quelle":"USHMM Encyclopedia of Camps and Ghettos Vol. 1 / Holocaust Geographies Collaborative (Knowles et al. 2014)"},"geometry":{"type":"Point","coordinates":[11.5667,48.2833]}},{"type":"Feature","properties":{"id":"03-0874-0","name":"Schleissheim (Berufsschule)","hauptlager":"Dachau","typ":"KZ / Außenlager","func_1":3,"func_1_label":"Bau (Gebäude, Straßen, Tunnel)","func_2":6,"func_2_label":"SS-Lagerbau / Landwirtschaft","datum_eroeffnung":"1941-10-15","datum_schliessung":"1945-05-15","open_text":"\"October 5, 1941\"","close_text":"\"End of April 1945\"","peak_population":105,"haftlinge":"","firmen":"","nationen":"","lat":48.2561,"lon":11.5543,"koppermann_naehe":"kontext","quelle":"USHMM Encyclopedia of Camps and Ghettos Vol. 1 / Holocaust Geographies Collaborative (Knowles et al. 2014)"},"geometry":{"type":"Point","coordinates":[11.5543,48.2561]}},{"type":"Feature","properties":{"id":"03-0879-1","name":"Schloss Itter","hauptlager":"Dachau","typ":"KZ / Außenlager","func_1":3,"func_1_label":"Bau (Gebäude, Straßen, Tunnel)","func_2":0,"func_2_label":"Keine bekannte Arbeit","datum_eroeffnung":"1943-02-15","datum_schliessung":"1945-06-15","open_text":"\"February 1943\"","close_text":"","peak_population":26,"haftlinge":"\"prominent\" prisoners, Political","firmen":"","nationen":"French, Italian, Czech, German, Austrian","lat":47.4667,"lon":12.1333,"koppermann_naehe":"kontext","quelle":"USHMM Encyclopedia of Camps and Ghettos Vol. 1 / Holocaust Geographies Collaborative (Knowles et al. 2014)"},"geometry":{"type":"Point","coordinates":[12.1333,47.4667]}},{"type":"Feature","properties":{"id":"03-0880-1","name":"Schloss Lind [aka St. Marein Bei Neumarkt (Schloss Lind)]","hauptlager":"Dachau","typ":"KZ / Außenlager","func_1":6,"func_1_label":"SS-Lagerbau / Landwirtschaft","func_2":3,"func_2_label":"Bau (Gebäude, Straßen, Tunnel)","datum_eroeffnung":"1942-06-15","datum_schliessung":"1942-11-15","open_text":"","close_text":"\"Early May 1945\"","peak_population":25,"haftlinge":"","firmen":"","nationen":"Polish, German, Czech, Spanish","lat":47.05,"lon":14.4167,"koppermann_naehe":"kontext","quelle":"USHMM Encyclopedia of Camps and Ghettos Vol. 1 / Holocaust Geographies Collaborative (Knowles et al. 2014)"},"geometry":{"type":"Point","coordinates":[14.4167,47.05]}},{"type":"Feature","properties":{"id":"03-0894-1","name":"Seehausen [aka Uffing]","hauptlager":"Dachau","typ":"KZ / Außenlager","func_1":4,"func_1_label":"Rüstung / Munition","func_2":0,"func_2_label":"Keine bekannte Arbeit","datum_eroeffnung":"1944-05-15","datum_schliessung":"1945-04-15","open_text":"\"First mentioned May 12, 1944\"","close_text":"\"April 25, 1945\"- ITS, \"April 14, 1945\"- Zentrale Stelle der Landerjustizverwaltungen","peak_population":65,"haftlinge":"","firmen":"Uffing-Seehausen, Muck- Uffing","nationen":"","lat":47.6833,"lon":11.1833,"koppermann_naehe":"kontext","quelle":"USHMM Encyclopedia of Camps and Ghettos Vol. 1 / Holocaust Geographies Collaborative (Knowles et al. 2014)"},"geometry":{"type":"Point","coordinates":[11.1833,47.6833]}},{"type":"Feature","properties":{"id":"03-0917-0","name":"St. Gilgen [aka Sachsenhausen/Wolfgansee]","hauptlager":"Dachau","typ":"KZ / Außenlager","func_1":3,"func_1_label":"Bau (Gebäude, Straßen, Tunnel)","func_2":0,"func_2_label":"Keine bekannte Arbeit","datum_eroeffnung":"1938-05-15","datum_schliessung":"1942-06-15","open_text":"\"Prisoners arrive shortly after April, 1938\"","close_text":"\"Summer 1942\"","peak_population":10,"haftlinge":"Jehovah's Witnesses, few Political","firmen":"","nationen":"","lat":47.7667,"lon":13.3667,"koppermann_naehe":"kontext","quelle":"USHMM Encyclopedia of Camps and Ghettos Vol. 1 / Holocaust Geographies Collaborative (Knowles et al. 2014)"},"geometry":{"type":"Point","coordinates":[13.3667,47.7667]}},{"type":"Feature","properties":{"id":"03-0918-0","name":"St. Johann in Tirol","hauptlager":"Dachau","typ":"KZ / Außenlager","func_1":3,"func_1_label":"Bau (Gebäude, Straßen, Tunnel)","func_2":0,"func_2_label":"Keine bekannte Arbeit","datum_eroeffnung":"1940-04-15","datum_schliessung":"1941-06-15","open_text":"\"April or May 1940- according to Prisoners\" \"End of August 1940- ITS\"","close_text":"\"End of June 1941\"","peak_population":20,"haftlinge":"","firmen":"","nationen":"","lat":47.5167,"lon":12.4333,"koppermann_naehe":"kontext","quelle":"USHMM Encyclopedia of Camps and Ghettos Vol. 1 / Holocaust Geographies Collaborative (Knowles et al. 2014)"},"geometry":{"type":"Point","coordinates":[12.4333,47.5167]}},{"type":"Feature","properties":{"id":"03-0942-1","name":"Sudelfeld (Luftwaffe)","hauptlager":"Dachau","typ":"KZ / Außenlager","func_1":3,"func_1_label":"Bau (Gebäude, Straßen, Tunnel)","func_2":6,"func_2_label":"SS-Lagerbau / Landwirtschaft","datum_eroeffnung":"1944-01-15","datum_schliessung":null,"open_text":"\"January 1944\"","close_text":"","peak_population":1,"haftlinge":"Jehovah's Witnesses","firmen":"","nationen":"","lat":47.6715,"lon":12.0146,"koppermann_naehe":"kontext","quelle":"USHMM Encyclopedia of Camps and Ghettos Vol. 1 / Holocaust Geographies Collaborative (Knowles et al. 2014)"},"geometry":{"type":"Point","coordinates":[12.0146,47.6715]}},{"type":"Feature","properties":{"id":"05-0010-0","name":"Altenberg","hauptlager":"Early","typ":"Frühes KZ","func_1":1,"func_1_label":"Unbekannte/unspezifische Arbeit","func_2":0,"func_2_label":"Keine bekannte Arbeit","datum_eroeffnung":"1933-04-15","datum_schliessung":null,"open_text":"\"April 1933\"","close_text":"","peak_population":106,"haftlinge":"","firmen":"","nationen":"","lat":50.7667,"lon":13.766699,"koppermann_naehe":"kontext","quelle":"USHMM Encyclopedia of Camps and Ghettos Vol. 1 / Holocaust Geographies Collaborative (Knowles et al. 2014)"},"geometry":{"type":"Point","coordinates":[13.766699,50.7667]}},{"type":"Feature","properties":{"id":"05-0425-0","name":"Heinersdorf","hauptlager":"Early","typ":"Frühes KZ","func_1":1,"func_1_label":"Unbekannte/unspezifische Arbeit","func_2":0,"func_2_label":"Keine bekannte Arbeit","datum_eroeffnung":"1933-04-15","datum_schliessung":null,"open_text":"\"Early April 1933\"","close_text":"","peak_population":0,"haftlinge":"","firmen":"","nationen":"","lat":51.45,"lon":16.5,"koppermann_naehe":"kontext","quelle":"USHMM Encyclopedia of Camps and Ghettos Vol. 1 / Holocaust Geographies Collaborative (Knowles et al. 2014)"},"geometry":{"type":"Point","coordinates":[16.5,51.45]}},{"type":"Feature","properties":{"id":"03-0919-1","name":"St. Lambrecht at Dachau (men)","hauptlager":"Dachau","typ":"KZ / Außenlager","func_1":3,"func_1_label":"Bau (Gebäude, Straßen, Tunnel)","func_2":6,"func_2_label":"SS-Lagerbau / Landwirtschaft","datum_eroeffnung":"1942-05-15","datum_schliessung":"1942-05-15","open_text":"\"May 13, 1942\"-under Dachau, \"November 20, 1942\"- becomes part of Mauthausen","close_text":"","peak_population":1,"haftlinge":"Polish and German Politicals, Red Spaniards, 1 Russian POW, 1 Jew, a few Protective Custody prisoners","firmen":"Guterdirektion Admont und St. Lambrecht","nationen":"German, Polish, Spanish, Czech, Yugoslavian, French, Italian, Hungarian,","lat":47.0667,"lon":14.1333,"koppermann_naehe":"kontext","quelle":"USHMM Encyclopedia of Camps and Ghettos Vol. 1 / Holocaust Geographies Collaborative (Knowles et al. 2014)"},"geometry":{"type":"Point","coordinates":[14.299028,47.069007]}},{"type":"Feature","properties":{"id":"03-0922-1","name":"St. Wolfgang","hauptlager":"Dachau","typ":"KZ / Außenlager","func_1":3,"func_1_label":"Bau (Gebäude, Straßen, Tunnel)","func_2":0,"func_2_label":"Keine bekannte Arbeit","datum_eroeffnung":"1938-06-15","datum_schliessung":"1938-06-15","open_text":"\"Summer 1938\"","close_text":"\"Summer 1938, operated 23 days\"","peak_population":1,"haftlinge":"","firmen":"","nationen":"","lat":47.7333,"lon":13.45,"koppermann_naehe":"kontext","quelle":"USHMM Encyclopedia of Camps and Ghettos Vol. 1 / Holocaust Geographies Collaborative (Knowles et al. 2014)"},"geometry":{"type":"Point","coordinates":[13.45,47.7333]}},{"type":"Feature","properties":{"id":"03-0927-3","name":"Steinhöring [aka Lebensborn-Heim, \"Hochland\"]","hauptlager":"Dachau","typ":"KZ / Außenlager","func_1":5,"func_1_label":"Nicht-Rüstungsproduktion (Textil, Glas, Lebensmittel)","func_2":3,"func_2_label":"Bau (Gebäude, Straßen, Tunnel)","datum_eroeffnung":"1944-09-15","datum_schliessung":"1945-04-15","open_text":"\"First mentioned September 20, 1944\"","close_text":"","peak_population":7,"haftlinge":"Jehovahs Witnesses","firmen":"Lebensborn e. V","nationen":"German background, 3 from Austria, 2, from Netherlands, one from Poland","lat":48.087016,"lon":12.029796,"koppermann_naehe":"kontext","quelle":"USHMM Encyclopedia of Camps and Ghettos Vol. 1 / Holocaust Geographies Collaborative (Knowles et al. 2014)"},"geometry":{"type":"Point","coordinates":[12.029796,48.087016]}},{"type":"Feature","properties":{"id":"03-0931-0","name":"Stephanskirchen (BMW)","hauptlager":"Dachau","typ":"KZ / Außenlager","func_1":4,"func_1_label":"Rüstung / Munition","func_2":7,"func_2_label":"Ziviler Verteidigungsbau (Bunker, Trümmerräumung)","datum_eroeffnung":"1944-11-15","datum_schliessung":"1945-04-15","open_text":"\"First recorded prisoners November 29, 1944\"","close_text":"","peak_population":250,"haftlinge":"","firmen":"BMW","nationen":"","lat":47.855334,"lon":12.184079,"koppermann_naehe":"kontext","quelle":"USHMM Encyclopedia of Camps and Ghettos Vol. 1 / Holocaust Geographies Collaborative (Knowles et al. 2014)"},"geometry":{"type":"Point","coordinates":[12.184079,47.855334]}},{"type":"Feature","properties":{"id":"03-0949-0","name":"Thansau","hauptlager":"Dachau","typ":"KZ / Außenlager","func_1":6,"func_1_label":"SS-Lagerbau / Landwirtschaft","func_2":0,"func_2_label":"Keine bekannte Arbeit","datum_eroeffnung":"1945-01-15","datum_schliessung":"1945-01-15","open_text":"\"Worked two weeks early January 1945\"","close_text":"\"January 17, 1945\"","peak_population":45,"haftlinge":"","firmen":"","nationen":"","lat":47.8333,"lon":12.1667,"koppermann_naehe":"kontext","quelle":"USHMM Encyclopedia of Camps and Ghettos Vol. 1 / Holocaust Geographies Collaborative (Knowles et al. 2014)"},"geometry":{"type":"Point","coordinates":[12.1667,47.8333]}},{"type":"Feature","properties":{"id":"03-0957-0","name":"Traunstein","hauptlager":"Dachau","typ":"KZ / Außenlager","func_1":3,"func_1_label":"Bau (Gebäude, Straßen, Tunnel)","func_2":0,"func_2_label":"Keine bekannte Arbeit","datum_eroeffnung":"1942-10-15","datum_schliessung":"1942-12-15","open_text":"\"October 8, 1942\"","close_text":"\"December 10, 1942\"","peak_population":20,"haftlinge":"","firmen":"","nationen":"German, Austrian","lat":47.8833,"lon":12.65,"koppermann_naehe":"kontext","quelle":"USHMM Encyclopedia of Camps and Ghettos Vol. 1 / Holocaust Geographies Collaborative (Knowles et al. 2014)"},"geometry":{"type":"Point","coordinates":[12.65,47.8833]}},{"type":"Feature","properties":{"id":"03-0968-0","name":"Trostberg","hauptlager":"Dachau","typ":"KZ / Außenlager","func_1":4,"func_1_label":"Rüstung / Munition","func_2":0,"func_2_label":"Keine bekannte Arbeit","datum_eroeffnung":"1944-10-15","datum_schliessung":"1945-05-15","open_text":"\"First mentioned October 20, 1944\"","close_text":"","peak_population":700,"haftlinge":"","firmen":"BMW, Stickstoff- und Kali-Werke,","nationen":"","lat":48.0333,"lon":12.55,"koppermann_naehe":"kontext","quelle":"USHMM Encyclopedia of Camps and Ghettos Vol. 1 / Holocaust Geographies Collaborative (Knowles et al. 2014)"},"geometry":{"type":"Point","coordinates":[12.55,48.0333]}},{"type":"Feature","properties":{"id":"03-0973-0","name":"Überlingen","hauptlager":"Dachau","typ":"KZ / Außenlager","func_1":3,"func_1_label":"Bau (Gebäude, Straßen, Tunnel)","func_2":0,"func_2_label":"Keine bekannte Arbeit","datum_eroeffnung":"1944-09-15","datum_schliessung":"1945-04-15","open_text":"\"September 1944\"","close_text":"\"April 19/20, 1945\"","peak_population":1,"haftlinge":"Politicals, Asocials, Criminals, Gypsies, Homosexuals, Jehovah's witnesses","firmen":"Siemens Bauunion","nationen":"Mostly Italian, some Slovenian, Russian, German, Austrian, and others","lat":47.7667,"lon":9.1667,"koppermann_naehe":"kontext","quelle":"USHMM Encyclopedia of Camps and Ghettos Vol. 1 / Holocaust Geographies Collaborative (Knowles et al. 2014)"},"geometry":{"type":"Point","coordinates":[9.1667,47.7667]}},{"type":"Feature","properties":{"id":"03-0977-0","name":"Ulm (Magirus-Deutz AG)","hauptlager":"Dachau","typ":"KZ / Außenlager","func_1":4,"func_1_label":"Rüstung / Munition","func_2":0,"func_2_label":"Keine bekannte Arbeit","datum_eroeffnung":"1945-01-15","datum_schliessung":"1945-03-15","open_text":"\"January 4, 1945\"","close_text":"\"March 11, 1945\"","peak_population":35,"haftlinge":"","firmen":"Magirus Company","nationen":"Italian, Ukranian, Polish, Czech, 1 German","lat":48.4,"lon":10.0,"koppermann_naehe":"kontext","quelle":"USHMM Encyclopedia of Camps and Ghettos Vol. 1 / Holocaust Geographies Collaborative (Knowles et al. 2014)"},"geometry":{"type":"Point","coordinates":[10.0,48.4]}},{"type":"Feature","properties":{"id":"03-0987-1","name":"Valepp (Bauleitung der Waffen-SS und Polizei) [aka Schliersee]","hauptlager":"Dachau","typ":"KZ / Außenlager","func_1":6,"func_1_label":"SS-Lagerbau / Landwirtschaft","func_2":3,"func_2_label":"Bau (Gebäude, Straßen, Tunnel)","datum_eroeffnung":"1942-11-15","datum_schliessung":"1944-10-15","open_text":"\"First mentioned Novermber 1, 1942\"","close_text":"\"October 30, 1944\"","peak_population":30,"haftlinge":"","firmen":"Construction Project Management of the Waffen SS","nationen":"","lat":47.6167,"lon":11.9,"koppermann_naehe":"kontext","quelle":"USHMM Encyclopedia of Camps and Ghettos Vol. 1 / Holocaust Geographies Collaborative (Knowles et al. 2014)"},"geometry":{"type":"Point","coordinates":[11.9,47.6167]}},{"type":"Feature","properties":{"id":"03-1011-0","name":"Weisssee","hauptlager":"Dachau","typ":"KZ / Außenlager","func_1":2,"func_1_label":"Baumaterialien (Steinbruch, Ziegelei, Sägewerk)","func_2":0,"func_2_label":"Keine bekannte Arbeit","datum_eroeffnung":"1943-06-15","datum_schliessung":"1945-06-15","open_text":"\"1943\"","close_text":"","peak_population":1,"haftlinge":"POW","firmen":"","nationen":"Polish, Russian, Ukranian Mostly, but also French, Greeks, German, Yugoslavs, Belgians, Austrians","lat":48.4667,"lon":12.6333,"koppermann_naehe":"kontext","quelle":"USHMM Encyclopedia of Camps and Ghettos Vol. 1 / Holocaust Geographies Collaborative (Knowles et al. 2014)"},"geometry":{"type":"Point","coordinates":[12.6333,48.4667]}},{"type":"Feature","properties":{"id":"03-1055-1","name":"Zangberg","hauptlager":"Dachau","typ":"KZ / Außenlager","func_1":4,"func_1_label":"Rüstung / Munition","func_2":0,"func_2_label":"Keine bekannte Arbeit","datum_eroeffnung":null,"datum_schliessung":null,"open_text":"","close_text":"\"Last mentioned April 25, 1945\"","peak_population":60,"haftlinge":"","firmen":"Zanberg vineyard Weingut- Betriebs- GmbH","nationen":"","lat":48.2833,"lon":12.4333,"koppermann_naehe":"kontext","quelle":"USHMM Encyclopedia of Camps and Ghettos Vol. 1 / Holocaust Geographies Collaborative (Knowles et al. 2014)"},"geometry":{"type":"Point","coordinates":[12.4333,48.2833]}},{"type":"Feature","properties":{"id":"05-0004-0","name":"Ahrensbök-Holstendorf","hauptlager":"Early","typ":"Frühes KZ","func_1":3,"func_1_label":"Bau (Gebäude, Straßen, Tunnel)","func_2":5,"func_2_label":"Nicht-Rüstungsproduktion (Textil, Glas, Lebensmittel)","datum_eroeffnung":"1933-10-15","datum_schliessung":"1934-05-15","open_text":"\"October 3, 1933\"","close_text":"\"May 9, 1934\"","peak_population":164,"haftlinge":"German Communist Party, Socialist Democratic Party","firmen":"","nationen":"German","lat":54.0167,"lon":10.583299,"koppermann_naehe":"kontext","quelle":"USHMM Encyclopedia of Camps and Ghettos Vol. 1 / Holocaust Geographies Collaborative (Knowles et al. 2014)"},"geometry":{"type":"Point","coordinates":[10.583299,54.0167]}},{"type":"Feature","properties":{"id":"05-0007-0","name":"Alt Daber","hauptlager":"Early","typ":"Frühes KZ","func_1":6,"func_1_label":"SS-Lagerbau / Landwirtschaft","func_2":2,"func_2_label":"Baumaterialien (Steinbruch, Ziegelei, Sägewerk)","datum_eroeffnung":"1933-04-15","datum_schliessung":"1933-07-15","open_text":"\"April 28, 1933\"","close_text":"\"July 11, 1933\"","peak_population":36,"haftlinge":"","firmen":"","nationen":"","lat":53.2,"lon":12.5,"koppermann_naehe":"kontext","quelle":"USHMM Encyclopedia of Camps and Ghettos Vol. 1 / Holocaust Geographies Collaborative (Knowles et al. 2014)"},"geometry":{"type":"Point","coordinates":[12.5,53.2]}},{"type":"Feature","properties":{"id":"05-0016-0","name":"Ankenbuck","hauptlager":"Early","typ":"Frühes KZ","func_1":1,"func_1_label":"Unbekannte/unspezifische Arbeit","func_2":0,"func_2_label":"Keine bekannte Arbeit","datum_eroeffnung":"1933-04-15","datum_schliessung":"1934-03-15","open_text":"\"April 29, 1933\"","close_text":"\"March 1934\"","peak_population":100,"haftlinge":"Communist, Social Democrat Party","firmen":"\"Landesverein Arbeiterkolonien\" of the Inner Mission of the Protestant church of Baden","nationen":"German","lat":48.0,"lon":8.516699,"koppermann_naehe":"kontext","quelle":"USHMM Encyclopedia of Camps and Ghettos Vol. 1 / Holocaust Geographies Collaborative (Knowles et al. 2014)"},"geometry":{"type":"Point","coordinates":[8.516699,48.0]}},{"type":"Feature","properties":{"id":"05-0018-0","name":"Anrath bei Krefeld","hauptlager":"Early","typ":"Frühes KZ","func_1":1,"func_1_label":"Unbekannte/unspezifische Arbeit","func_2":0,"func_2_label":"Keine bekannte Arbeit","datum_eroeffnung":"1933-04-15","datum_schliessung":"1933-08-15","open_text":"\"April 1933\"","close_text":"\"August 1, 1933\"","peak_population":850,"haftlinge":"","firmen":"","nationen":"","lat":51.283298,"lon":6.4667,"koppermann_naehe":"kontext","quelle":"USHMM Encyclopedia of Camps and Ghettos Vol. 1 / Holocaust Geographies Collaborative (Knowles et al. 2014)"},"geometry":{"type":"Point","coordinates":[6.4667,51.283298]}},{"type":"Feature","properties":{"id":"05-0044-3","name":"Bad Sulza","hauptlager":"Early","typ":"Frühes KZ","func_1":2,"func_1_label":"Baumaterialien (Steinbruch, Ziegelei, Sägewerk)","func_2":0,"func_2_label":"Keine bekannte Arbeit","datum_eroeffnung":"1933-11-15","datum_schliessung":"1937-07-15","open_text":"\"November 2, 1933\"","close_text":"\"July 15, 1937\"","peak_population":160,"haftlinge":"Jews, Jehovah Witness, Communist","firmen":"","nationen":"","lat":51.083301,"lon":11.6,"koppermann_naehe":"kontext","quelle":"USHMM Encyclopedia of Camps and Ghettos Vol. 1 / Holocaust Geographies Collaborative (Knowles et al. 2014)"},"geometry":{"type":"Point","coordinates":[11.6,51.083301]}},{"type":"Feature","properties":{"id":"05-0048-0","name":"Bamberg","hauptlager":"Early","typ":"Frühes KZ","func_1":1,"func_1_label":"Unbekannte/unspezifische Arbeit","func_2":0,"func_2_label":"Keine bekannte Arbeit","datum_eroeffnung":"1933-03-15","datum_schliessung":"1933-07-15","open_text":"\"March 1933\"","close_text":"\"July 1933\"","peak_population":40,"haftlinge":"Jews, Jehovah Witness, Communist, Social Democrats, Peoples Party, Trade Union","firmen":"","nationen":"","lat":49.866699,"lon":10.8667,"koppermann_naehe":"kontext","quelle":"USHMM Encyclopedia of Camps and Ghettos Vol. 1 / Holocaust Geographies Collaborative (Knowles et al. 2014)"},"geometry":{"type":"Point","coordinates":[10.8667,49.866699]}},{"type":"Feature","properties":{"id":"05-0053-0","name":"Bautzen (Kupferhammer)","hauptlager":"Early","typ":"Frühes KZ","func_1":1,"func_1_label":"Unbekannte/unspezifische Arbeit","func_2":0,"func_2_label":"Keine bekannte Arbeit","datum_eroeffnung":"1933-04-15","datum_schliessung":"1933-06-15","open_text":"\"April 24, 1933\"","close_text":"\"June 26, 1933\"","peak_population":402,"haftlinge":"","firmen":"","nationen":"","lat":51.1833,"lon":14.4333,"koppermann_naehe":"kontext","quelle":"USHMM Encyclopedia of Camps and Ghettos Vol. 1 / Holocaust Geographies Collaborative (Knowles et al. 2014)"},"geometry":{"type":"Point","coordinates":[14.4333,51.1833]}},{"type":"Feature","properties":{"id":"05-0055-0","name":"Bayreuth (St. Georgen)","hauptlager":"Early","typ":"Frühes KZ","func_1":1,"func_1_label":"Unbekannte/unspezifische Arbeit","func_2":0,"func_2_label":"Keine bekannte Arbeit","datum_eroeffnung":"1933-03-15","datum_schliessung":null,"open_text":"\"March 1933\"","close_text":"","peak_population":240,"haftlinge":"Mostly Socialist, few Communist.","firmen":"","nationen":"","lat":49.95,"lon":11.583299,"koppermann_naehe":"kontext","quelle":"USHMM Encyclopedia of Camps and Ghettos Vol. 1 / Holocaust Geographies Collaborative (Knowles et al. 2014)"},"geometry":{"type":"Point","coordinates":[11.583299,49.95]}},{"type":"Feature","properties":{"id":"06-0447-0","name":"Hof-Moschendorf","hauptlager":"Flossenbürg","typ":"KZ / Außenlager","func_1":4,"func_1_label":"Rüstung / Munition","func_2":0,"func_2_label":"Keine bekannte Arbeit","datum_eroeffnung":"1944-09-15","datum_schliessung":"1945-04-15","open_text":"\"September 3, 1944\"","close_text":"\"April 4, 1945\"","peak_population":102,"haftlinge":"only one Jew, Mostly Politicals","firmen":"","nationen":"Polish, German, Russian, and other countries","lat":50.283298,"lon":11.9333,"koppermann_naehe":"kontext","quelle":"USHMM Encyclopedia of Camps and Ghettos Vol. 1 / Holocaust Geographies Collaborative (Knowles et al. 2014)"},"geometry":{"type":"Point","coordinates":[11.9333,50.283298]}},{"type":"Feature","properties":{"id":"06-0450-1","name":"Hohenstein-Ernstthal","hauptlager":"Flossenbürg","typ":"KZ / Außenlager","func_1":4,"func_1_label":"Rüstung / Munition","func_2":0,"func_2_label":"Keine bekannte Arbeit","datum_eroeffnung":"1945-01-15","datum_schliessung":"1945-04-15","open_text":"\"January 1945\"","close_text":"\"April 1945\"","peak_population":441,"haftlinge":"Jewish, a few Non-Jewish","firmen":"","nationen":"Hungarian, Polish, Russian, Germans, French, 1 Chinese, 1 Czech","lat":50.799999,"lon":12.716699,"koppermann_naehe":"kontext","quelle":"USHMM Encyclopedia of Camps and Ghettos Vol. 1 / Holocaust Geographies Collaborative (Knowles et al. 2014)"},"geometry":{"type":"Point","coordinates":[12.716699,50.799999]}},{"type":"Feature","properties":{"id":"06-0453-3","name":"Holleischen","hauptlager":"Flossenbürg","typ":"KZ / Außenlager","func_1":4,"func_1_label":"Rüstung / Munition","func_2":3,"func_2_label":"Bau (Gebäude, Straßen, Tunnel)","datum_eroeffnung":"1944-04-15","datum_schliessung":"1945-05-15","open_text":"\"April 1944\"","close_text":"","peak_population":1091,"haftlinge":"POW, Few Jews til March 1945","firmen":"Metallwerke Holleischen GmbH","nationen":"Czech, Russians, Polish, Hungarian","lat":49.599998,"lon":13.1,"koppermann_naehe":"kontext","quelle":"USHMM Encyclopedia of Camps and Ghettos Vol. 1 / Holocaust Geographies Collaborative (Knowles et al. 2014)"},"geometry":{"type":"Point","coordinates":[13.1,49.599998]}},{"type":"Feature","properties":{"id":"06-0458-0","name":"Hradischko [aka Beneschau]","hauptlager":"Flossenbürg","typ":"KZ / Außenlager","func_1":3,"func_1_label":"Bau (Gebäude, Straßen, Tunnel)","func_2":0,"func_2_label":"Keine bekannte Arbeit","datum_eroeffnung":"1943-11-15","datum_schliessung":"1945-04-15","open_text":"\"November 1943\"","close_text":"\"April 26, 1945\"","peak_population":500,"haftlinge":"Non-Jews","firmen":"","nationen":"German, Polish, Russian, French, Spanish, Italians","lat":49.866699,"lon":14.4167,"koppermann_naehe":"kontext","quelle":"USHMM Encyclopedia of Camps and Ghettos Vol. 1 / Holocaust Geographies Collaborative (Knowles et al. 2014)"},"geometry":{"type":"Point","coordinates":[14.4167,49.866699]}},{"type":"Feature","properties":{"id":"06-0466-0","name":"Janowitz","hauptlager":"Flossenbürg","typ":"KZ / Außenlager","func_1":2,"func_1_label":"Baumaterialien (Steinbruch, Ziegelei, Sägewerk)","func_2":3,"func_2_label":"Bau (Gebäude, Straßen, Tunnel)","datum_eroeffnung":"1944-07-15","datum_schliessung":"1945-03-15","open_text":"\"July 26, 1944\"","close_text":"\"Middle of March, 1945\"","peak_population":202,"haftlinge":"","firmen":"","nationen":"French, Polish, Russian,","lat":49.669279,"lon":14.58007,"koppermann_naehe":"kontext","quelle":"USHMM Encyclopedia of Camps and Ghettos Vol. 1 / Holocaust Geographies Collaborative (Knowles et al. 2014)"},"geometry":{"type":"Point","coordinates":[14.58007,49.669279]}},{"type":"Feature","properties":{"id":"06-0470-0","name":"Johanngeorgenstadt","hauptlager":"Flossenbürg","typ":"KZ / Außenlager","func_1":4,"func_1_label":"Rüstung / Munition","func_2":0,"func_2_label":"Keine bekannte Arbeit","datum_eroeffnung":"1943-12-15","datum_schliessung":"1945-04-15","open_text":"\"December 1, 1943\"","close_text":"","peak_population":988,"haftlinge":"Political, Non Jews, Gypsies,","firmen":"Erla Machine Works GmbH","nationen":"Russians, Polish, French, German, Czech, Lithuanians, Spanish, Sinti, Roma, Italians, Luxemburgers, and 1 Belgian, 1 Greek, 1 Croat, 1 Slovak","lat":50.4333,"lon":12.7333,"koppermann_naehe":"kontext","quelle":"USHMM Encyclopedia of Camps and Ghettos Vol. 1 / Holocaust Geographies Collaborative (Knowles et al. 2014)"},"geometry":{"type":"Point","coordinates":[12.7333,50.4333]}},{"type":"Feature","properties":{"id":"06-0472-0","name":"Jungfern-Breschan","hauptlager":"Flossenbürg","typ":"KZ / Außenlager","func_1":6,"func_1_label":"SS-Lagerbau / Landwirtschaft","func_2":0,"func_2_label":"Keine bekannte Arbeit","datum_eroeffnung":"1942-07-15","datum_schliessung":"1945-05-15","open_text":"\"July 1942\"","close_text":"","peak_population":30,"haftlinge":"Jews 1st, replaced by Jehovah's Witnesses","firmen":"","nationen":"German, Dutch Czech","lat":50.216701,"lon":14.449999,"koppermann_naehe":"kontext","quelle":"USHMM Encyclopedia of Camps and Ghettos Vol. 1 / Holocaust Geographies Collaborative (Knowles et al. 2014)"},"geometry":{"type":"Point","coordinates":[14.449999,50.216701]}},{"type":"Feature","properties":{"id":"06-0496-0","name":"Kirchham bei Pocking [aka Pocking, Waldstadt, Pocking-Waldstadt]","hauptlager":"Flossenbürg","typ":"KZ / Außenlager","func_1":7,"func_1_label":"Ziviler Verteidigungsbau (Bunker, Trümmerräumung)","func_2":0,"func_2_label":"Keine bekannte Arbeit","datum_eroeffnung":"1945-03-15","datum_schliessung":"1945-05-15","open_text":"\"March 6, 1945\"","close_text":"","peak_population":400,"haftlinge":"Polish Jews, Political","firmen":"","nationen":"Polish, Russians, other countries as well","lat":48.349998,"lon":13.2833,"koppermann_naehe":"kontext","quelle":"USHMM Encyclopedia of Camps and Ghettos Vol. 1 / Holocaust Geographies Collaborative (Knowles et al. 2014)"},"geometry":{"type":"Point","coordinates":[13.2833,48.349998]}},{"type":"Feature","properties":{"id":"06-0522-1","name":"Königstein at Flossenbürg","hauptlager":"Flossenbürg","typ":"KZ / Außenlager","func_1":3,"func_1_label":"Bau (Gebäude, Straßen, Tunnel)","func_2":0,"func_2_label":"Keine bekannte Arbeit","datum_eroeffnung":"1944-11-15","datum_schliessung":"1945-03-15","open_text":"\"March 15, 1933\"","close_text":"\"May 31, 1933\"","peak_population":968,"haftlinge":"Communist, SPD, Jews","firmen":"","nationen":"","lat":50.919002,"lon":14.054749,"koppermann_naehe":"kontext","quelle":"USHMM Encyclopedia of Camps and Ghettos Vol. 1 / Holocaust Geographies Collaborative (Knowles et al. 2014)"},"geometry":{"type":"Point","coordinates":[14.054749,50.919002]}},{"type":"Feature","properties":{"id":"06-0531-0","name":"Krondorf-Sauerbrunn","hauptlager":"Flossenbürg","typ":"KZ / Außenlager","func_1":3,"func_1_label":"Bau (Gebäude, Straßen, Tunnel)","func_2":0,"func_2_label":"Keine bekannte Arbeit","datum_eroeffnung":"1942-08-15","datum_schliessung":"1944-07-15","open_text":"\"August 1942\"","close_text":"\"July 1944\"","peak_population":100,"haftlinge":"","firmen":"Sudetenquell GmbH, Krondorf-Sauerbrunn, Heinrich Mattoni A.G. Contruction, Amt W III of WVHA","nationen":"Germans, Austrians","lat":50.349998,"lon":13.083299,"koppermann_naehe":"kontext","quelle":"USHMM Encyclopedia of Camps and Ghettos Vol. 1 / Holocaust Geographies Collaborative (Knowles et al. 2014)"},"geometry":{"type":"Point","coordinates":[13.083299,50.349998]}},{"type":"Feature","properties":{"id":"06-0568-0","name":"Leitmeritz","hauptlager":"Flossenbürg","typ":"KZ / Außenlager","func_1":3,"func_1_label":"Bau (Gebäude, Straßen, Tunnel)","func_2":0,"func_2_label":"Keine bekannte Arbeit","datum_eroeffnung":"1944-06-15","datum_schliessung":"1945-05-15","open_text":"\"Spring 1944\"","close_text":"\"May 8, 1945\"","peak_population":9000,"haftlinge":"All Nazi oppostition: Religious, Political, ethnic, POWs","firmen":"Elsabe AG, Auto Union Company, Kalkspat K.G.","nationen":"All over Europe","lat":50.533298,"lon":14.133299,"koppermann_naehe":"kontext","quelle":"USHMM Encyclopedia of Camps and Ghettos Vol. 1 / Holocaust Geographies Collaborative (Knowles et al. 2014)"},"geometry":{"type":"Point","coordinates":[14.133299,50.533298]}},{"type":"Feature","properties":{"id":"06-0570-1","name":"Lengenfeld","hauptlager":"Flossenbürg","typ":"KZ / Außenlager","func_1":4,"func_1_label":"Rüstung / Munition","func_2":3,"func_2_label":"Bau (Gebäude, Straßen, Tunnel)","datum_eroeffnung":"1944-10-15","datum_schliessung":"1945-04-15","open_text":"\"October 12, 1944\"","close_text":"","peak_population":859,"haftlinge":"Jews, Non-Jews","firmen":"Leng-Werke","nationen":"Hungarian, Polish, Russian, French, Czech, Italians, Germans, Croats, Yugoslavs, Bulgarian, Greek, Dutch, Belgian, Lithuanians, 1 Albanian, 1 Stateless","lat":50.566699,"lon":12.3667,"koppermann_naehe":"kontext","quelle":"USHMM Encyclopedia of Camps and Ghettos Vol. 1 / Holocaust Geographies Collaborative (Knowles et al. 2014)"},"geometry":{"type":"Point","coordinates":[12.3667,50.566699]}},{"type":"Feature","properties":{"id":"06-0587-0","name":"Lobositz","hauptlager":"Flossenbürg","typ":"KZ / Außenlager","func_1":6,"func_1_label":"SS-Lagerbau / Landwirtschaft","func_2":0,"func_2_label":"Keine bekannte Arbeit","datum_eroeffnung":"1944-06-15","datum_schliessung":"1945-05-15","open_text":"\"Early Summer 1944\"","close_text":"","peak_population":10,"haftlinge":"Jews, non-Jews","firmen":"Auto- Union and Osram","nationen":"All over Europe","lat":50.5167,"lon":14.066699,"koppermann_naehe":"kontext","quelle":"USHMM Encyclopedia of Camps and Ghettos Vol. 1 / Holocaust Geographies Collaborative (Knowles et al. 2014)"},"geometry":{"type":"Point","coordinates":[14.066699,50.5167]}},{"type":"Feature","properties":{"id":"06-0619-2","name":"Mehltheuer","hauptlager":"Flossenbürg","typ":"KZ / Außenlager","func_1":5,"func_1_label":"Nicht-Rüstungsproduktion (Textil, Glas, Lebensmittel)","func_2":0,"func_2_label":"Keine bekannte Arbeit","datum_eroeffnung":"1944-12-15","datum_schliessung":"1945-04-15","open_text":"\"December 1944\"","close_text":"","peak_population":200,"haftlinge":"Jews, Non-Jews","firmen":"VOMAG AG Plauen/Vogtland","nationen":"Polish, German, Hugarian","lat":48.283298,"lon":12.833299,"koppermann_naehe":"kontext","quelle":"USHMM Encyclopedia of Camps and Ghettos Vol. 1 / Holocaust Geographies Collaborative (Knowles et al. 2014)"},"geometry":{"type":"Point","coordinates":[12.833299,48.283298]}},{"type":"Feature","properties":{"id":"06-0620-0","name":"Meissen-Neuhirschstein","hauptlager":"Flossenbürg","typ":"KZ / Außenlager","func_1":3,"func_1_label":"Bau (Gebäude, Straßen, Tunnel)","func_2":0,"func_2_label":"Keine bekannte Arbeit","datum_eroeffnung":"1943-10-15","datum_schliessung":null,"open_text":"\"October 7, 1943\"","close_text":"","peak_population":220,"haftlinge":"","firmen":"","nationen":"Italians, Germans, Poles, Russians, French, Slovenes along with POW Belgian Royal Family","lat":51.150001,"lon":13.4833,"koppermann_naehe":"kontext","quelle":"USHMM Encyclopedia of Camps and Ghettos Vol. 1 / Holocaust Geographies Collaborative (Knowles et al. 2014)"},"geometry":{"type":"Point","coordinates":[13.4833,51.150001]}},{"type":"Feature","properties":{"id":"06-0635-2","name":"Mittweida","hauptlager":"Flossenbürg","typ":"KZ / Außenlager","func_1":5,"func_1_label":"Nicht-Rüstungsproduktion (Textil, Glas, Lebensmittel)","func_2":0,"func_2_label":"Keine bekannte Arbeit","datum_eroeffnung":"1944-10-15","datum_schliessung":"1945-04-15","open_text":"\"October 9, 1944\"","close_text":"","peak_population":503,"haftlinge":"Non-Jews","firmen":"C. Lorenz AG, Standard Electric Company","nationen":"Russian, Polish, Italian, Yugoslavian, Croats, 1 German","lat":50.983299,"lon":12.9833,"koppermann_naehe":"kontext","quelle":"USHMM Encyclopedia of Camps and Ghettos Vol. 1 / Holocaust Geographies Collaborative (Knowles et al. 2014)"},"geometry":{"type":"Point","coordinates":[12.9833,50.983299]}},{"type":"Feature","properties":{"id":"06-0636-3","name":"Mockethal-Zatzschke","hauptlager":"Flossenbürg","typ":"KZ / Außenlager","func_1":3,"func_1_label":"Bau (Gebäude, Straßen, Tunnel)","func_2":0,"func_2_label":"Keine bekannte Arbeit","datum_eroeffnung":"1945-01-15","datum_schliessung":"1945-05-15","open_text":"\"January 10, 1945\"","close_text":"","peak_population":131,"haftlinge":"","firmen":"Deutsche Gasolin AG","nationen":"Italians, Russians, Polish, German, French, Belgian, Bulgarian, and Croatian","lat":50.966701,"lon":13.966699,"koppermann_naehe":"kontext","quelle":"USHMM Encyclopedia of Camps and Ghettos Vol. 1 / Holocaust Geographies Collaborative (Knowles et al. 2014)"},"geometry":{"type":"Point","coordinates":[13.966699,50.966701]}},{"type":"Feature","properties":{"id":"06-0647-0","name":"Mülsen St. Micheln","hauptlager":"Flossenbürg","typ":"KZ / Außenlager","func_1":4,"func_1_label":"Rüstung / Munition","func_2":0,"func_2_label":"Keine bekannte Arbeit","datum_eroeffnung":"1944-01-15","datum_schliessung":"1945-04-15","open_text":"\"January 1944\"","close_text":"","peak_population":809,"haftlinge":"Non-Jews, Jews came in March 1945\"","firmen":"Erla Machine Works GmbH","nationen":"Polish, Czech, French, Russian, German, Italian, Hungarian, Belgian, Slovak, Norwegian, Yugoslavian, Arab","lat":50.75,"lon":12.566699,"koppermann_naehe":"kontext","quelle":"USHMM Encyclopedia of Camps and Ghettos Vol. 1 / Holocaust Geographies Collaborative (Knowles et al. 2014)"},"geometry":{"type":"Point","coordinates":[12.566699,50.75]}},{"type":"Feature","properties":{"id":"06-0706-3","name":"Neurohlau","hauptlager":"Flossenbürg","typ":"KZ / Außenlager","func_1":5,"func_1_label":"Nicht-Rüstungsproduktion (Textil, Glas, Lebensmittel)","func_2":4,"func_2_label":"Rüstung / Munition","datum_eroeffnung":"1942-06-15","datum_schliessung":"1945-04-15","open_text":"\"End of 1942\"","close_text":"","peak_population":1108,"haftlinge":"","firmen":"Bohemia- Keramische Werke A.G., Messerschmidt","nationen":"German, Czech, Albanian, Belgian, Polish, Italian, Bulgarian, French, Russian, Swiss, Stateless","lat":50.2667,"lon":12.8,"koppermann_naehe":"kontext","quelle":"USHMM Encyclopedia of Camps and Ghettos Vol. 1 / Holocaust Geographies Collaborative (Knowles et al. 2014)"},"geometry":{"type":"Point","coordinates":[12.8,50.2667]}},{"type":"Feature","properties":{"id":"06-0728-0","name":"Nürnberg (Siemens-Schuckert Werke)","hauptlager":"Flossenbürg","typ":"KZ / Außenlager","func_1":4,"func_1_label":"Rüstung / Munition","func_2":0,"func_2_label":"Keine bekannte Arbeit","datum_eroeffnung":"1944-10-15","datum_schliessung":"1945-03-15","open_text":"\"October 18, 1944\"","close_text":"\"March 6, 1945\"","peak_population":580,"haftlinge":"","firmen":"","nationen":"","lat":49.4475,"lon":11.0683,"koppermann_naehe":"kontext","quelle":"USHMM Encyclopedia of Camps and Ghettos Vol. 1 / Holocaust Geographies Collaborative (Knowles et al. 2014)"},"geometry":{"type":"Point","coordinates":[11.0683,49.4475]}},{"type":"Feature","properties":{"id":"06-0729-0","name":"Nürnberg (SS-Kaserne)","hauptlager":"Flossenbürg","typ":"KZ / Außenlager","func_1":3,"func_1_label":"Bau (Gebäude, Straßen, Tunnel)","func_2":6,"func_2_label":"SS-Lagerbau / Landwirtschaft","datum_eroeffnung":"1943-02-15","datum_schliessung":"1945-06-15","open_text":"\"February 1943\"","close_text":"","peak_population":200,"haftlinge":"","firmen":"","nationen":"","lat":49.4311,"lon":11.0969,"koppermann_naehe":"kontext","quelle":"USHMM Encyclopedia of Camps and Ghettos Vol. 1 / Holocaust Geographies Collaborative (Knowles et al. 2014)"},"geometry":{"type":"Point","coordinates":[11.0969,49.4311]}},{"type":"Feature","properties":{"id":"06-0731-0","name":"Nürnberg/Eichstätt","hauptlager":"Flossenbürg","typ":"KZ / Außenlager","func_1":1,"func_1_label":"Unbekannte/unspezifische Arbeit","func_2":0,"func_2_label":"Keine bekannte Arbeit","datum_eroeffnung":"1944-06-15","datum_schliessung":null,"open_text":"\"Fall of 1944\"","close_text":"","peak_population":22,"haftlinge":"","firmen":"","nationen":"Czech, Dutch, Polish","lat":48.8833,"lon":11.1833,"koppermann_naehe":"kontext","quelle":"USHMM Encyclopedia of Camps and Ghettos Vol. 1 / Holocaust Geographies Collaborative (Knowles et al. 2014)"},"geometry":{"type":"Point","coordinates":[11.1833,48.8833]}},{"type":"Feature","properties":{"id":"06-0739-1","name":"Obertraubling [aka Regensburg-Obertraubling]","hauptlager":"Flossenbürg","typ":"KZ / Außenlager","func_1":4,"func_1_label":"Rüstung / Munition","func_2":3,"func_2_label":"Bau (Gebäude, Straßen, Tunnel)","datum_eroeffnung":"1945-02-15","datum_schliessung":"1945-04-15","open_text":"\"February 20, 1945\"","close_text":"","peak_population":600,"haftlinge":"Mostly Jews","firmen":"Organisation Todt","nationen":"Various Nationalities","lat":48.966701,"lon":12.1667,"koppermann_naehe":"kontext","quelle":"USHMM Encyclopedia of Camps and Ghettos Vol. 1 / Holocaust Geographies Collaborative (Knowles et al. 2014)"},"geometry":{"type":"Point","coordinates":[12.1667,48.966701]}},{"type":"Feature","properties":{"id":"06-0741-2","name":"Oederan","hauptlager":"Flossenbürg","typ":"KZ / Außenlager","func_1":4,"func_1_label":"Rüstung / Munition","func_2":0,"func_2_label":"Keine bekannte Arbeit","datum_eroeffnung":"1944-10-15","datum_schliessung":"1945-04-15","open_text":"\"October 9, 1944\"","close_text":"","peak_population":501,"haftlinge":"Mostly Jews","firmen":"Deutsche Kuhl- und Kraftmaschinen GmbH Scharfenstein, subsidiary of Auto Union AG","nationen":"Polish, yugoslavian, Austrian, Czech, Hungarian, Dutch, German, 1 Italian, 1 Russian,1 Swiss,1 Slovak","lat":50.866699,"lon":13.1667,"koppermann_naehe":"kontext","quelle":"USHMM Encyclopedia of Camps and Ghettos Vol. 1 / Holocaust Geographies Collaborative (Knowles et al. 2014)"},"geometry":{"type":"Point","coordinates":[13.1667,50.866699]}},{"type":"Feature","properties":{"id":"06-0772-1","name":"Plattling","hauptlager":"Flossenbürg","typ":"KZ / Außenlager","func_1":3,"func_1_label":"Bau (Gebäude, Straßen, Tunnel)","func_2":0,"func_2_label":"Keine bekannte Arbeit","datum_eroeffnung":"1945-02-15","datum_schliessung":"1945-04-15","open_text":"\"February 20, 1945\"","close_text":"","peak_population":500,"haftlinge":"Jews, Catholics, Protestants, atheists, resistance fighters, homosexuals, opponents of the state, criminals and so-called asocials","firmen":"","nationen":"","lat":48.783298,"lon":12.8667,"koppermann_naehe":"kontext","quelle":"USHMM Encyclopedia of Camps and Ghettos Vol. 1 / Holocaust Geographies Collaborative (Knowles et al. 2014)"},"geometry":{"type":"Point","coordinates":[12.8667,48.783298]}},{"type":"Feature","properties":{"id":"05-0061-0","name":"Benninghausen","hauptlager":"Early","typ":"Frühes KZ","func_1":1,"func_1_label":"Unbekannte/unspezifische Arbeit","func_2":0,"func_2_label":"Keine bekannte Arbeit","datum_eroeffnung":"1933-03-15","datum_schliessung":"1933-09-15","open_text":"\"March 29, 1933\"","close_text":"\"September 29, 1933\"","peak_population":346,"haftlinge":"","firmen":"","nationen":"","lat":51.654899,"lon":8.244299,"koppermann_naehe":"kontext","quelle":"USHMM Encyclopedia of Camps and Ghettos Vol. 1 / Holocaust Geographies Collaborative (Knowles et al. 2014)"},"geometry":{"type":"Point","coordinates":[8.244299,51.654899]}},{"type":"Feature","properties":{"id":"05-0066-0","name":"Bergisch Gladbach [aka Stellawerk]","hauptlager":"Early","typ":"Frühes KZ","func_1":1,"func_1_label":"Unbekannte/unspezifische Arbeit","func_2":0,"func_2_label":"Keine bekannte Arbeit","datum_eroeffnung":"1933-06-15","datum_schliessung":"1933-07-15","open_text":"\"June 28/29, 1933\"","close_text":"\"Early July, 1933, some prisoners moved on July 14\"","peak_population":50,"haftlinge":"Communist","firmen":"","nationen":"","lat":50.983299,"lon":7.133299,"koppermann_naehe":"kontext","quelle":"USHMM Encyclopedia of Camps and Ghettos Vol. 1 / Holocaust Geographies Collaborative (Knowles et al. 2014)"},"geometry":{"type":"Point","coordinates":[7.133299,50.983299]}},{"type":"Feature","properties":{"id":"05-0067-3","name":"Bergkamen-Schönhausen","hauptlager":"Early","typ":"Frühes KZ","func_1":1,"func_1_label":"Unbekannte/unspezifische Arbeit","func_2":0,"func_2_label":"Keine bekannte Arbeit","datum_eroeffnung":"1933-04-15","datum_schliessung":"1933-10-15","open_text":"\"April 12, 1933\"","close_text":"\"October 24, 1933\"","peak_population":900,"haftlinge":"SPD, KDP, Trade Unionist","firmen":"","nationen":"","lat":51.6333,"lon":7.633299,"koppermann_naehe":"kontext","quelle":"USHMM Encyclopedia of Camps and Ghettos Vol. 1 / Holocaust Geographies Collaborative (Knowles et al. 2014)"},"geometry":{"type":"Point","coordinates":[7.633299,51.6333]}},{"type":"Feature","properties":{"id":"05-0083-3","name":"Berlin (General-Pape-Strasse)","hauptlager":"Early","typ":"Frühes KZ","func_1":1,"func_1_label":"Unbekannte/unspezifische Arbeit","func_2":0,"func_2_label":"Keine bekannte Arbeit","datum_eroeffnung":"1933-03-15","datum_schliessung":"1933-12-15","open_text":"\"March 1933\"","close_text":"\"December 1933\"","peak_population":2000,"haftlinge":"Communist, Jews","firmen":"","nationen":"","lat":52.5167,"lon":13.4,"koppermann_naehe":"kontext","quelle":"USHMM Encyclopedia of Camps and Ghettos Vol. 1 / Holocaust Geographies Collaborative (Knowles et al. 2014)"},"geometry":{"type":"Point","coordinates":[13.4,52.5167]}},{"type":"Feature","properties":{"id":"05-0087-3","name":"Berlin-Charlottenburg (Maikowski-Haus)","hauptlager":"Early","typ":"Frühes KZ","func_1":1,"func_1_label":"Unbekannte/unspezifische Arbeit","func_2":0,"func_2_label":"Keine bekannte Arbeit","datum_eroeffnung":"1933-04-15","datum_schliessung":"1934-01-15","open_text":"\"April 1933\"","close_text":"\"January 1934\"","peak_population":40,"haftlinge":"Socialist, Jews","firmen":"","nationen":"","lat":52.515998,"lon":13.3104,"koppermann_naehe":"kontext","quelle":"USHMM Encyclopedia of Camps and Ghettos Vol. 1 / Holocaust Geographies Collaborative (Knowles et al. 2014)"},"geometry":{"type":"Point","coordinates":[13.3104,52.515998]}},{"type":"Feature","properties":{"id":"05-0088-3","name":"Berlin-Köpenick","hauptlager":"Early","typ":"Frühes KZ","func_1":1,"func_1_label":"Unbekannte/unspezifische Arbeit","func_2":0,"func_2_label":"Keine bekannte Arbeit","datum_eroeffnung":"1933-03-15","datum_schliessung":null,"open_text":"\"March 1933\"","close_text":"","peak_population":40,"haftlinge":"Political, Jewish","firmen":"","nationen":"","lat":52.422798,"lon":13.5872,"koppermann_naehe":"kontext","quelle":"USHMM Encyclopedia of Camps and Ghettos Vol. 1 / Holocaust Geographies Collaborative (Knowles et al. 2014)"},"geometry":{"type":"Point","coordinates":[13.5872,52.422798]}},{"type":"Feature","properties":{"id":"05-0089-3","name":"Berlin-Kreuzberg (Friedrichstrasse Nr. 234)","hauptlager":"Early","typ":"Frühes KZ","func_1":1,"func_1_label":"Unbekannte/unspezifische Arbeit","func_2":0,"func_2_label":"Keine bekannte Arbeit","datum_eroeffnung":"1932-06-15","datum_schliessung":null,"open_text":"\"Summer 1932\"","close_text":"","peak_population":100,"haftlinge":"Political, Jewish","firmen":"","nationen":"","lat":52.502601,"lon":13.390999,"koppermann_naehe":"kontext","quelle":"USHMM Encyclopedia of Camps and Ghettos Vol. 1 / Holocaust Geographies Collaborative (Knowles et al. 2014)"},"geometry":{"type":"Point","coordinates":[13.390999,52.502601]}},{"type":"Feature","properties":{"id":"05-0090-0","name":"Berlin-Kreuzberg (Hedemannstrasse)","hauptlager":"Early","typ":"Frühes KZ","func_1":1,"func_1_label":"Unbekannte/unspezifische Arbeit","func_2":0,"func_2_label":"Keine bekannte Arbeit","datum_eroeffnung":"1933-02-15","datum_schliessung":"1933-09-15","open_text":"\"February/March 1933\"","close_text":"\"September 1933\"","peak_population":0,"haftlinge":"Socialist, Communist, Jewish","firmen":"","nationen":"","lat":52.502799,"lon":13.3879,"koppermann_naehe":"kontext","quelle":"USHMM Encyclopedia of Camps and Ghettos Vol. 1 / Holocaust Geographies Collaborative (Knowles et al. 2014)"},"geometry":{"type":"Point","coordinates":[13.3879,52.502799]}},{"type":"Feature","properties":{"id":"05-0091-0","name":"Berlin-Plötzensee","hauptlager":"Early","typ":"Frühes KZ","func_1":1,"func_1_label":"Unbekannte/unspezifische Arbeit","func_2":0,"func_2_label":"Keine bekannte Arbeit","datum_eroeffnung":"1933-03-15","datum_schliessung":"1936-06-15","open_text":"\"March 1933\"","close_text":"\"1936\"","peak_population":350,"haftlinge":"Political","firmen":"","nationen":"","lat":52.538501,"lon":13.320199,"koppermann_naehe":"kontext","quelle":"USHMM Encyclopedia of Camps and Ghettos Vol. 1 / Holocaust Geographies Collaborative (Knowles et al. 2014)"},"geometry":{"type":"Point","coordinates":[13.320199,52.538501]}},{"type":"Feature","properties":{"id":"05-0092-0","name":"Berlin-Prenzlauer Berg [aka Wasserturm]","hauptlager":"Early","typ":"Frühes KZ","func_1":1,"func_1_label":"Unbekannte/unspezifische Arbeit","func_2":0,"func_2_label":"Keine bekannte Arbeit","datum_eroeffnung":"1933-03-15","datum_schliessung":"1933-06-15","open_text":"\"Existence can only be verified for an approximate period of three and a half months, from March to June 1933\"","close_text":"","peak_population":19,"haftlinge":"Political, Jewish","firmen":"","nationen":"","lat":52.5511,"lon":13.4232,"koppermann_naehe":"kontext","quelle":"USHMM Encyclopedia of Camps and Ghettos Vol. 1 / Holocaust Geographies Collaborative (Knowles et al. 2014)"},"geometry":{"type":"Point","coordinates":[13.4232,52.5511]}},{"type":"Feature","properties":{"id":"05-0093-0","name":"Berlin-Spandau","hauptlager":"Early","typ":"Frühes KZ","func_1":1,"func_1_label":"Unbekannte/unspezifische Arbeit","func_2":0,"func_2_label":"Keine bekannte Arbeit","datum_eroeffnung":"1933-06-15","datum_schliessung":"1933-03-15","open_text":"\"Early 1933\"","close_text":"\"Prisoners freed after wave of terror on March 3, 1933\"","peak_population":0,"haftlinge":"Mostly Political, Some Jews","firmen":"","nationen":"","lat":52.5341,"lon":13.1817,"koppermann_naehe":"kontext","quelle":"USHMM Encyclopedia of Camps and Ghettos Vol. 1 / Holocaust Geographies Collaborative (Knowles et al. 2014)"},"geometry":{"type":"Point","coordinates":[13.1817,52.5341]}},{"type":"Feature","properties":{"id":"05-0094-0","name":"Berlin-Tiergarten (Universum-Landesausstellungspark)","hauptlager":"Early","typ":"Frühes KZ","func_1":1,"func_1_label":"Unbekannte/unspezifische Arbeit","func_2":0,"func_2_label":"Keine bekannte Arbeit","datum_eroeffnung":"1933-03-15","datum_schliessung":"1933-11-15","open_text":"\"March 1933\"","close_text":"\"November 1933\"","peak_population":75,"haftlinge":"Communist, SPD, Workers Union, Jews, intellectuals","firmen":"","nationen":"","lat":52.5255,"lon":13.3427,"koppermann_naehe":"kontext","quelle":"USHMM Encyclopedia of Camps and Ghettos Vol. 1 / Holocaust Geographies Collaborative (Knowles et al. 2014)"},"geometry":{"type":"Point","coordinates":[13.3427,52.5255]}},{"type":"Feature","properties":{"id":"05-0113-0","name":"Bochum","hauptlager":"Early","typ":"Frühes KZ","func_1":1,"func_1_label":"Unbekannte/unspezifische Arbeit","func_2":0,"func_2_label":"Keine bekannte Arbeit","datum_eroeffnung":"1933-06-15","datum_schliessung":"1933-12-15","open_text":"\"June 1933\"","close_text":"\"December 1933 or February 1934\"","peak_population":0,"haftlinge":"","firmen":"","nationen":"","lat":51.483299,"lon":7.2167,"koppermann_naehe":"kontext","quelle":"USHMM Encyclopedia of Camps and Ghettos Vol. 1 / Holocaust Geographies Collaborative (Knowles et al. 2014)"},"geometry":{"type":"Point","coordinates":[7.2167,51.483299]}},{"type":"Feature","properties":{"id":"05-0122-1","name":"Börgermoor [aka Papenburg I]","hauptlager":"Early","typ":"Frühes KZ","func_1":6,"func_1_label":"SS-Lagerbau / Landwirtschaft","func_2":0,"func_2_label":"Keine bekannte Arbeit","datum_eroeffnung":"1933-06-15","datum_schliessung":"1944-04-15","open_text":"\"June 22,1933\"","close_text":"\"April 25, 1944\"","peak_population":467,"haftlinge":"Communist, Socialist, Jews","firmen":"","nationen":"","lat":53.0167,"lon":7.5,"koppermann_naehe":"kontext","quelle":"USHMM Encyclopedia of Camps and Ghettos Vol. 1 / Holocaust Geographies Collaborative (Knowles et al. 2014)"},"geometry":{"type":"Point","coordinates":[7.5,53.0167]}},{"type":"Feature","properties":{"id":"05-0124-0","name":"Börnicke [also Meissnershof]","hauptlager":"Early","typ":"Frühes KZ","func_1":1,"func_1_label":"Unbekannte/unspezifische Arbeit","func_2":0,"func_2_label":"Keine bekannte Arbeit","datum_eroeffnung":"1933-06-15","datum_schliessung":"1933-08-15","open_text":"\"June 1, 1933\"","close_text":"\"August 1933\"","peak_population":80,"haftlinge":"SPD, Jewish, Prominent Political leaders.","firmen":"","nationen":"","lat":51.6833,"lon":12.949999,"koppermann_naehe":"kontext","quelle":"USHMM Encyclopedia of Camps and Ghettos Vol. 1 / Holocaust Geographies Collaborative (Knowles et al. 2014)"},"geometry":{"type":"Point","coordinates":[12.949999,51.6833]}},{"type":"Feature","properties":{"id":"05-0126-3","name":"Brandenburg an der Havel","hauptlager":"Early","typ":"Frühes KZ","func_1":1,"func_1_label":"Unbekannte/unspezifische Arbeit","func_2":0,"func_2_label":"Keine bekannte Arbeit","datum_eroeffnung":"1933-08-15","datum_schliessung":"1934-01-15","open_text":"\"August 10, 1933\"","close_text":"\"January 31, 1934\"","peak_population":1000,"haftlinge":"Jewish, Communist, SDP","firmen":"","nationen":"","lat":52.416698,"lon":12.55,"koppermann_naehe":"kontext","quelle":"USHMM Encyclopedia of Camps and Ghettos Vol. 1 / Holocaust Geographies Collaborative (Knowles et al. 2014)"},"geometry":{"type":"Point","coordinates":[12.55,52.416698]}},{"type":"Feature","properties":{"id":"05-0132-3","name":"Brauweiler","hauptlager":"Early","typ":"Frühes KZ","func_1":1,"func_1_label":"Unbekannte/unspezifische Arbeit","func_2":0,"func_2_label":"Keine bekannte Arbeit","datum_eroeffnung":"1933-03-15","datum_schliessung":"1934-03-15","open_text":"\"March 13, 1933\"","close_text":"\"March 12, 1934\"","peak_population":895,"haftlinge":"SPD, Communist, Trade Unionist","firmen":"","nationen":"","lat":49.866699,"lon":7.75,"koppermann_naehe":"kontext","quelle":"USHMM Encyclopedia of Camps and Ghettos Vol. 1 / Holocaust Geographies Collaborative (Knowles et al. 2014)"},"geometry":{"type":"Point","coordinates":[7.75,49.866699]}},{"type":"Feature","properties":{"id":"05-0133-1","name":"Breitenau","hauptlager":"Early","typ":"Frühes KZ","func_1":3,"func_1_label":"Bau (Gebäude, Straßen, Tunnel)","func_2":5,"func_2_label":"Nicht-Rüstungsproduktion (Textil, Glas, Lebensmittel)","datum_eroeffnung":"1933-06-15","datum_schliessung":"1937-03-15","open_text":"\"June 16, 1933\"","close_text":"\"March 17, 1937\"","peak_population":470,"haftlinge":"Communist, Socialist, Jews, \"others\" aka anti-nazis etc.","firmen":"The State work Institution Breitenau","nationen":"","lat":51.2,"lon":9.4833,"koppermann_naehe":"kontext","quelle":"USHMM Encyclopedia of Camps and Ghettos Vol. 1 / Holocaust Geographies Collaborative (Knowles et al. 2014)"},"geometry":{"type":"Point","coordinates":[9.4833,51.2]}},{"type":"Feature","properties":{"id":"05-0146-3","name":"Breslau-Dürrgoy","hauptlager":"Early","typ":"Frühes KZ","func_1":3,"func_1_label":"Bau (Gebäude, Straßen, Tunnel)","func_2":0,"func_2_label":"Keine bekannte Arbeit","datum_eroeffnung":"1933-04-15","datum_schliessung":"1933-08-15","open_text":"\"April 28, 1933\"","close_text":"\"August 10, 1933\"","peak_population":400,"haftlinge":"SPD, Social Labor Party, Communists, actors, newspaper publishers, intellectuals","firmen":"","nationen":"","lat":51.099998,"lon":17.0333,"koppermann_naehe":"kontext","quelle":"USHMM Encyclopedia of Camps and Ghettos Vol. 1 / Holocaust Geographies Collaborative (Knowles et al. 2014)"},"geometry":{"type":"Point","coordinates":[17.0333,51.099998]}},{"type":"Feature","properties":{"id":"05-0175-0","name":"Colditz","hauptlager":"Early","typ":"Frühes KZ","func_1":1,"func_1_label":"Unbekannte/unspezifische Arbeit","func_2":0,"func_2_label":"Keine bekannte Arbeit","datum_eroeffnung":"1933-03-15","datum_schliessung":"1934-05-15","open_text":"\"March 21, 1933\"","close_text":"\"May 31, 1934\"","peak_population":700,"haftlinge":"Communist, SPD, Nationalists","firmen":"","nationen":"","lat":51.1333,"lon":12.816699,"koppermann_naehe":"kontext","quelle":"USHMM Encyclopedia of Camps and Ghettos Vol. 1 / Holocaust Geographies Collaborative (Knowles et al. 2014)"},"geometry":{"type":"Point","coordinates":[12.816699,51.1333]}},{"type":"Feature","properties":{"id":"05-0176-1","name":"Columbia-Haus","hauptlager":"Early","typ":"Frühes KZ","func_1":1,"func_1_label":"Unbekannte/unspezifische Arbeit","func_2":0,"func_2_label":"Keine bekannte Arbeit","datum_eroeffnung":"1933-07-15","datum_schliessung":"1936-10-15","open_text":"\"July 1933\"","close_text":"\"October 1, 1936\"","peak_population":400,"haftlinge":"Communist, SPD, Socialist Workers Party","firmen":"","nationen":"","lat":52.0,"lon":13.0,"koppermann_naehe":"kontext","quelle":"USHMM Encyclopedia of Camps and Ghettos Vol. 1 / Holocaust Geographies Collaborative (Knowles et al. 2014)"},"geometry":{"type":"Point","coordinates":[13.0,52.0]}},{"type":"Feature","properties":{"id":"05-0222-0","name":"Dresden (Mathildenstrasse)","hauptlager":"Early","typ":"Frühes KZ","func_1":1,"func_1_label":"Unbekannte/unspezifische Arbeit","func_2":0,"func_2_label":"Keine bekannte Arbeit","datum_eroeffnung":"1933-03-15","datum_schliessung":null,"open_text":"\"March 1933\"","close_text":"\"1934\"","peak_population":0,"haftlinge":"","firmen":"","nationen":"","lat":51.048599,"lon":13.7489,"koppermann_naehe":"kontext","quelle":"USHMM Encyclopedia of Camps and Ghettos Vol. 1 / Holocaust Geographies Collaborative (Knowles et al. 2014)"},"geometry":{"type":"Point","coordinates":[13.7489,51.048599]}},{"type":"Feature","properties":{"id":"05-0235-1","name":"Düsseldorf (Ulmenstrasse) [aka Ulmer Höh]","hauptlager":"Early","typ":"Frühes KZ","func_1":1,"func_1_label":"Unbekannte/unspezifische Arbeit","func_2":0,"func_2_label":"Keine bekannte Arbeit","datum_eroeffnung":"1933-02-15","datum_schliessung":"1933-06-15","open_text":"\"February 28, 1933\"","close_text":"\"Summer 1933\"","peak_population":200,"haftlinge":"","firmen":"","nationen":"","lat":51.216701,"lon":6.766699,"koppermann_naehe":"kontext","quelle":"USHMM Encyclopedia of Camps and Ghettos Vol. 1 / Holocaust Geographies Collaborative (Knowles et al. 2014)"},"geometry":{"type":"Point","coordinates":[6.766699,51.216701]}},{"type":"Feature","properties":{"id":"05-0261-0","name":"Erfurt [Petersburg and Feldstrasse]","hauptlager":"Early","typ":"Frühes KZ","func_1":2,"func_1_label":"Baumaterialien (Steinbruch, Ziegelei, Sägewerk)","func_2":0,"func_2_label":"Keine bekannte Arbeit","datum_eroeffnung":"1933-02-15","datum_schliessung":"1933-09-15","open_text":"\"February 1933\"","close_text":"\"September 9, 1933\"","peak_population":257,"haftlinge":"Communist","firmen":"","nationen":"","lat":50.983299,"lon":11.0333,"koppermann_naehe":"kontext","quelle":"USHMM Encyclopedia of Camps and Ghettos Vol. 1 / Holocaust Geographies Collaborative (Knowles et al. 2014)"},"geometry":{"type":"Point","coordinates":[11.0333,50.983299]}},{"type":"Feature","properties":{"id":"05-0268-0","name":"Esterwegen II [aka Papenburg II]","hauptlager":"Early","typ":"Frühes KZ","func_1":6,"func_1_label":"SS-Lagerbau / Landwirtschaft","func_2":0,"func_2_label":"Keine bekannte Arbeit","datum_eroeffnung":"1933-08-15","datum_schliessung":"1934-06-15","open_text":"\"August 11, 1933\"","close_text":"\"September 23, 1936\" as stated in Papenburg entry","peak_population":1000,"haftlinge":"","firmen":"","nationen":"","lat":52.983299,"lon":7.6167,"koppermann_naehe":"kontext","quelle":"USHMM Encyclopedia of Camps and Ghettos Vol. 1 / Holocaust Geographies Collaborative (Knowles et al. 2014)"},"geometry":{"type":"Point","coordinates":[7.6167,52.983299]}},{"type":"Feature","properties":{"id":"05-0269-0","name":"Esterwegen III [aka Papenburg III]","hauptlager":"Early","typ":"Frühes KZ","func_1":6,"func_1_label":"SS-Lagerbau / Landwirtschaft","func_2":0,"func_2_label":"Keine bekannte Arbeit","datum_eroeffnung":"1933-08-15","datum_schliessung":"1934-06-15","open_text":"\"August 14, 1933\"","close_text":"\"June 20, 1934\" as stated in Papenburg entry","peak_population":834,"haftlinge":"Jews, Notable Figures","firmen":"","nationen":"","lat":53.0,"lon":7.6167,"koppermann_naehe":"kontext","quelle":"USHMM Encyclopedia of Camps and Ghettos Vol. 1 / Holocaust Geographies Collaborative (Knowles et al. 2014)"},"geometry":{"type":"Point","coordinates":[7.6167,53.0]}},{"type":"Feature","properties":{"id":"05-0270-0","name":"Esterwegen IKL","hauptlager":"Early","typ":"Frühes KZ","func_1":6,"func_1_label":"SS-Lagerbau / Landwirtschaft","func_2":0,"func_2_label":"Keine bekannte Arbeit","datum_eroeffnung":"1933-08-15","datum_schliessung":"1936-06-15","open_text":"\"August 1933, erected\"","close_text":"\"June 1936\"","peak_population":950,"haftlinge":"Political Opposition ,Jews, Jehovah's Witnesses, Career Criminals","firmen":"","nationen":"","lat":53.0,"lon":7.6167,"koppermann_naehe":"kontext","quelle":"USHMM Encyclopedia of Camps and Ghettos Vol. 1 / Holocaust Geographies Collaborative (Knowles et al. 2014)"},"geometry":{"type":"Point","coordinates":[7.6167,53.0]}},{"type":"Feature","properties":{"id":"05-0271-3","name":"Eutin","hauptlager":"Early","typ":"Frühes KZ","func_1":6,"func_1_label":"SS-Lagerbau / Landwirtschaft","func_2":0,"func_2_label":"Keine bekannte Arbeit","datum_eroeffnung":"1933-06-15","datum_schliessung":"1934-03-15","open_text":"\"June 18, 1933\"","close_text":"\"March 1934\"","peak_population":37,"haftlinge":"Communist, Social Democats, military misconduct, Jehovah Witnesses, Hobos, Right wing prisoners, asocials, Nazis, union members","firmen":"","nationen":"","lat":54.1333,"lon":10.6167,"koppermann_naehe":"kontext","quelle":"USHMM Encyclopedia of Camps and Ghettos Vol. 1 / Holocaust Geographies Collaborative (Knowles et al. 2014)"},"geometry":{"type":"Point","coordinates":[10.6167,54.1333]}},{"type":"Feature","properties":{"id":"05-0298-1","name":"Fuhlsbüttel [aka Hamburg-Fuhlsbüttel]","hauptlager":"Early","typ":"Frühes KZ","func_1":1,"func_1_label":"Unbekannte/unspezifische Arbeit","func_2":0,"func_2_label":"Keine bekannte Arbeit","datum_eroeffnung":"1944-09-15","datum_schliessung":"1945-04-15","open_text":"\"September 4, 1933\"","close_text":"\"April 1945\"","peak_population":10,"haftlinge":"Communist, Social Democats, Jehovah Witnesses, asocials, anti-Nazis,","firmen":"","nationen":"","lat":53.6333,"lon":10.016699,"koppermann_naehe":"kontext","quelle":"USHMM Encyclopedia of Camps and Ghettos Vol. 1 / Holocaust Geographies Collaborative (Knowles et al. 2014)"},"geometry":{"type":"Point","coordinates":[10.016699,53.6333]}},{"type":"Feature","properties":{"id":"05-0330-1","name":"Glückstadt","hauptlager":"Early","typ":"Frühes KZ","func_1":6,"func_1_label":"SS-Lagerbau / Landwirtschaft","func_2":0,"func_2_label":"Keine bekannte Arbeit","datum_eroeffnung":"1933-03-15","datum_schliessung":"1934-02-15","open_text":"\"March 1933\"","close_text":"\"February 26.1934\"","peak_population":150,"haftlinge":"Communist","firmen":"","nationen":"","lat":53.783298,"lon":9.4167,"koppermann_naehe":"kontext","quelle":"USHMM Encyclopedia of Camps and Ghettos Vol. 1 / Holocaust Geographies Collaborative (Knowles et al. 2014)"},"geometry":{"type":"Point","coordinates":[9.4167,53.783298]}},{"type":"Feature","properties":{"id":"05-0334-3","name":"Gollnow","hauptlager":"Early","typ":"Frühes KZ","func_1":1,"func_1_label":"Unbekannte/unspezifische Arbeit","func_2":0,"func_2_label":"Keine bekannte Arbeit","datum_eroeffnung":"1933-03-15","datum_schliessung":"1933-06-15","open_text":"\"March 1933\"","close_text":"\"June 1933\" most prisoners transferred to Brandenburg and Lichtenburg\"","peak_population":200,"haftlinge":"Communists, Social Democrats","firmen":"","nationen":"","lat":53.566699,"lon":14.816699,"koppermann_naehe":"kontext","quelle":"USHMM Encyclopedia of Camps and Ghettos Vol. 1 / Holocaust Geographies Collaborative (Knowles et al. 2014)"},"geometry":{"type":"Point","coordinates":[14.816699,53.566699]}},{"type":"Feature","properties":{"id":"05-0338-3","name":"Gotteszell","hauptlager":"Early","typ":"Frühes KZ","func_1":1,"func_1_label":"Unbekannte/unspezifische Arbeit","func_2":0,"func_2_label":"Keine bekannte Arbeit","datum_eroeffnung":"1933-03-15","datum_schliessung":"1934-01-15","open_text":"\"March 31, 1933\"","close_text":"January 21, 1934- for womens camp","peak_population":80,"haftlinge":"Communists,","firmen":"","nationen":"","lat":48.966701,"lon":12.966699,"koppermann_naehe":"kontext","quelle":"USHMM Encyclopedia of Camps and Ghettos Vol. 1 / Holocaust Geographies Collaborative (Knowles et al. 2014)"},"geometry":{"type":"Point","coordinates":[12.966699,48.966701]}},{"type":"Feature","properties":{"id":"05-0341-0","name":"Gräfenhainichen","hauptlager":"Early","typ":"Frühes KZ","func_1":1,"func_1_label":"Unbekannte/unspezifische Arbeit","func_2":0,"func_2_label":"Keine bekannte Arbeit","datum_eroeffnung":"1933-06-15","datum_schliessung":"1933-08-15","open_text":"\"Early 1933\"","close_text":"\"August 1933\" most prisoners deported to Lichtenburg","peak_population":0,"haftlinge":"Political","firmen":"","nationen":"","lat":51.716701,"lon":12.4333,"koppermann_naehe":"kontext","quelle":"USHMM Encyclopedia of Camps and Ghettos Vol. 1 / Holocaust Geographies Collaborative (Knowles et al. 2014)"},"geometry":{"type":"Point","coordinates":[12.4333,51.716701]}},{"type":"Feature","properties":{"id":"05-0362-3","name":"Gumpertshof","hauptlager":"Early","typ":"Frühes KZ","func_1":6,"func_1_label":"SS-Lagerbau / Landwirtschaft","func_2":0,"func_2_label":"Keine bekannte Arbeit","datum_eroeffnung":"1933-10-15","datum_schliessung":null,"open_text":"\"October 1933\"","close_text":"","peak_population":50,"haftlinge":"\"asocials\": homosexuals, beggars, tramps etc.","firmen":"","nationen":"","lat":52.4333,"lon":13.583299,"koppermann_naehe":"kontext","quelle":"USHMM Encyclopedia of Camps and Ghettos Vol. 1 / Holocaust Geographies Collaborative (Knowles et al. 2014)"},"geometry":{"type":"Point","coordinates":[13.583299,52.4333]}},{"type":"Feature","properties":{"id":"05-0374-0","name":"Hainewalde","hauptlager":"Early","typ":"Frühes KZ","func_1":6,"func_1_label":"SS-Lagerbau / Landwirtschaft","func_2":2,"func_2_label":"Baumaterialien (Steinbruch, Ziegelei, Sägewerk)","datum_eroeffnung":"1933-03-15","datum_schliessung":"1933-08-15","open_text":"\"March 27, 1933\"","close_text":"\"August 10, 1933\"","peak_population":400,"haftlinge":"Leftists and Jews","firmen":"","nationen":"","lat":50.916698,"lon":14.699999,"koppermann_naehe":"kontext","quelle":"USHMM Encyclopedia of Camps and Ghettos Vol. 1 / Holocaust Geographies Collaborative (Knowles et al. 2014)"},"geometry":{"type":"Point","coordinates":[14.699999,50.916698]}},{"type":"Feature","properties":{"id":"05-0375-0","name":"Hainichen","hauptlager":"Early","typ":"Frühes KZ","func_1":1,"func_1_label":"Unbekannte/unspezifische Arbeit","func_2":0,"func_2_label":"Keine bekannte Arbeit","datum_eroeffnung":"1933-04-15","datum_schliessung":"1933-06-15","open_text":"\"April 4, 1933\"","close_text":"\"June 13, 1933\"","peak_population":300,"haftlinge":"Leftists","firmen":"","nationen":"","lat":50.99572,"lon":11.623074,"koppermann_naehe":"kontext","quelle":"USHMM Encyclopedia of Camps and Ghettos Vol. 1 / Holocaust Geographies Collaborative (Knowles et al. 2014)"},"geometry":{"type":"Point","coordinates":[13.11670000611755,50.96670100362423]}},{"type":"Feature","properties":{"id":"05-0380-0","name":"Halle (Merseburger und Paracelciusstrasse)","hauptlager":"Early","typ":"Frühes KZ","func_1":1,"func_1_label":"Unbekannte/unspezifische Arbeit","func_2":0,"func_2_label":"Keine bekannte Arbeit","datum_eroeffnung":"1933-04-15","datum_schliessung":"1933-06-15","open_text":"\"April 1933\"","close_text":"\"June 1933\" prisoners deported to Lichtenburg","peak_population":0,"haftlinge":"","firmen":"","nationen":"","lat":51.5,"lon":12.0,"koppermann_naehe":"kontext","quelle":"USHMM Encyclopedia of Camps and Ghettos Vol. 1 / Holocaust Geographies Collaborative (Knowles et al. 2014)"},"geometry":{"type":"Point","coordinates":[12.0,51.5]}},{"type":"Feature","properties":{"id":"05-0401-0","name":"Hamburg (Stadthaus und Untersuchungsgefängnis)","hauptlager":"Early","typ":"Frühes KZ","func_1":1,"func_1_label":"Unbekannte/unspezifische Arbeit","func_2":0,"func_2_label":"Keine bekannte Arbeit","datum_eroeffnung":"1933-03-15","datum_schliessung":"1934-01-15","open_text":"\"March 1933\"","close_text":"\"January 4, 1934\"","peak_population":150,"haftlinge":"Communist, Social Democrats, Young Leftists, Trade unionist and Jews","firmen":"","nationen":"","lat":53.549999,"lon":10.0,"koppermann_naehe":"kontext","quelle":"USHMM Encyclopedia of Camps and Ghettos Vol. 1 / Holocaust Geographies Collaborative (Knowles et al. 2014)"},"geometry":{"type":"Point","coordinates":[10.0,53.549999]}},{"type":"Feature","properties":{"id":"05-0740-0","name":"Octumsand","hauptlager":"Early","typ":"Frühes KZ","func_1":1,"func_1_label":"Unbekannte/unspezifische Arbeit","func_2":0,"func_2_label":"Keine bekannte Arbeit","datum_eroeffnung":"1933-05-15","datum_schliessung":"1934-05-15","open_text":"\"May 1933\"","close_text":"\"May 15, 1934\"","peak_population":200,"haftlinge":"","firmen":"","nationen":"","lat":53.116699,"lon":8.649999,"koppermann_naehe":"kontext","quelle":"USHMM Encyclopedia of Camps and Ghettos Vol. 1 / Holocaust Geographies Collaborative (Knowles et al. 2014)"},"geometry":{"type":"Point","coordinates":[8.649999,53.116699]}},{"type":"Feature","properties":{"id":"05-0877-0","name":"Schleusingen","hauptlager":"Early","typ":"Frühes KZ","func_1":1,"func_1_label":"Unbekannte/unspezifische Arbeit","func_2":0,"func_2_label":"Keine bekannte Arbeit","datum_eroeffnung":"1933-06-15","datum_schliessung":null,"open_text":"\"Spring 1933\"","close_text":"","peak_population":1,"haftlinge":"","firmen":"","nationen":"","lat":50.5167,"lon":10.75,"koppermann_naehe":"kontext","quelle":"USHMM Encyclopedia of Camps and Ghettos Vol. 1 / Holocaust Geographies Collaborative (Knowles et al. 2014)"},"geometry":{"type":"Point","coordinates":[10.75,50.5167]}},{"type":"Feature","properties":{"id":"05-0402-0","name":"Hammerstein","hauptlager":"Early","typ":"Frühes KZ","func_1":1,"func_1_label":"Unbekannte/unspezifische Arbeit","func_2":0,"func_2_label":"Keine bekannte Arbeit","datum_eroeffnung":"1933-06-15","datum_schliessung":"1933-08-15","open_text":"\"June 28, 1933\"","close_text":"\"August 8-14, 1933\"","peak_population":250,"haftlinge":"Communist, Jews, Nazi opposition","firmen":"","nationen":"","lat":53.6833,"lon":16.9333,"koppermann_naehe":"kontext","quelle":"USHMM Encyclopedia of Camps and Ghettos Vol. 1 / Holocaust Geographies Collaborative (Knowles et al. 2014)"},"geometry":{"type":"Point","coordinates":[16.9333,53.6833]}},{"type":"Feature","properties":{"id":"05-0417-0","name":"Hassenberg","hauptlager":"Early","typ":"Frühes KZ","func_1":1,"func_1_label":"Unbekannte/unspezifische Arbeit","func_2":0,"func_2_label":"Keine bekannte Arbeit","datum_eroeffnung":"1933-04-15","datum_schliessung":"1933-07-15","open_text":"\"April 13, 1933\"","close_text":"July 10, 1933\"","peak_population":23,"haftlinge":"Communists, Social Democrats","firmen":"","nationen":"","lat":50.25,"lon":11.199999,"koppermann_naehe":"kontext","quelle":"USHMM Encyclopedia of Camps and Ghettos Vol. 1 / Holocaust Geographies Collaborative (Knowles et al. 2014)"},"geometry":{"type":"Point","coordinates":[11.199999,50.25]}},{"type":"Feature","properties":{"id":"05-0420-0","name":"Havelberg","hauptlager":"Early","typ":"Frühes KZ","func_1":6,"func_1_label":"SS-Lagerbau / Landwirtschaft","func_2":0,"func_2_label":"Keine bekannte Arbeit","datum_eroeffnung":"1933-05-15","datum_schliessung":"1933-05-15","open_text":"\"May 16, 1933\"","close_text":"\"May 31, 1933\" deported to Perleberg","peak_population":95,"haftlinge":"","firmen":"","nationen":"","lat":52.816699,"lon":12.083299,"koppermann_naehe":"kontext","quelle":"USHMM Encyclopedia of Camps and Ghettos Vol. 1 / Holocaust Geographies Collaborative (Knowles et al. 2014)"},"geometry":{"type":"Point","coordinates":[12.083299,52.816699]}},{"type":"Feature","properties":{"id":"05-0438-1","name":"Heuberg [aka Stetten am Kalten Markt]","hauptlager":"Early","typ":"Frühes KZ","func_1":3,"func_1_label":"Bau (Gebäude, Straßen, Tunnel)","func_2":2,"func_2_label":"Baumaterialien (Steinbruch, Ziegelei, Sägewerk)","datum_eroeffnung":"1933-03-15","datum_schliessung":null,"open_text":"\"March 20/21. 1933\"","close_text":"","peak_population":3750,"haftlinge":"Communist, SPD, German Democratic Party, Germans People Party, Roma, Sinti, asocials","firmen":"","nationen":"","lat":48.116699,"lon":9.083299,"koppermann_naehe":"kontext","quelle":"USHMM Encyclopedia of Camps and Ghettos Vol. 1 / Holocaust Geographies Collaborative (Knowles et al. 2014)"},"geometry":{"type":"Point","coordinates":[9.083299,48.116699]}},{"type":"Feature","properties":{"id":"05-0452-3","name":"Hohnstein","hauptlager":"Early","typ":"Frühes KZ","func_1":1,"func_1_label":"Unbekannte/unspezifische Arbeit","func_2":0,"func_2_label":"Keine bekannte Arbeit","datum_eroeffnung":"1933-03-15","datum_schliessung":"1934-08-15","open_text":"\"March 14, 1933\"","close_text":"\"August 25, 1934\"","peak_population":600,"haftlinge":"Social Democrats, Jews, Communists, Christians, Intellectuals","firmen":"","nationen":"Czechoslavakian,French, Polish, German, one person of African decent","lat":50.983299,"lon":14.1167,"koppermann_naehe":"kontext","quelle":"USHMM Encyclopedia of Camps and Ghettos Vol. 1 / Holocaust Geographies Collaborative (Knowles et al. 2014)"},"geometry":{"type":"Point","coordinates":[14.1167,50.983299]}},{"type":"Feature","properties":{"id":"05-0498-0","name":"Kislau","hauptlager":"Early","typ":"Frühes KZ","func_1":6,"func_1_label":"SS-Lagerbau / Landwirtschaft","func_2":0,"func_2_label":"Keine bekannte Arbeit","datum_eroeffnung":"1933-04-15","datum_schliessung":null,"open_text":"\"April 23, 1933\"","close_text":"\"Still operating in 1937\"","peak_population":173,"haftlinge":"Every type of Nazi opposition","firmen":"","nationen":"","lat":49.216701,"lon":8.649999,"koppermann_naehe":"kontext","quelle":"USHMM Encyclopedia of Camps and Ghettos Vol. 1 / Holocaust Geographies Collaborative (Knowles et al. 2014)"},"geometry":{"type":"Point","coordinates":[8.649999,49.216701]}},{"type":"Feature","properties":{"id":"05-0510-0","name":"Köln (Mozartstrasse) [aka Braunes Haus]","hauptlager":"Early","typ":"Frühes KZ","func_1":1,"func_1_label":"Unbekannte/unspezifische Arbeit","func_2":0,"func_2_label":"Keine bekannte Arbeit","datum_eroeffnung":"1933-03-15","datum_schliessung":"1933-07-15","open_text":"\"First mentioned March 1933\"","close_text":"\"Disbanded by end of July 1933\"","peak_population":20,"haftlinge":"Communist Party, sub-orginzations, and sympathizers","firmen":"","nationen":"","lat":50.9333,"lon":6.949999,"koppermann_naehe":"kontext","quelle":"USHMM Encyclopedia of Camps and Ghettos Vol. 1 / Holocaust Geographies Collaborative (Knowles et al. 2014)"},"geometry":{"type":"Point","coordinates":[6.949999,50.9333]}},{"type":"Feature","properties":{"id":"05-0513-0","name":"Köln (\"Klingelpütz\")","hauptlager":"Early","typ":"Frühes KZ","func_1":1,"func_1_label":"Unbekannte/unspezifische Arbeit","func_2":0,"func_2_label":"Keine bekannte Arbeit","datum_eroeffnung":"1933-03-15","datum_schliessung":"1933-10-15","open_text":"\"March 1, 1933\"","close_text":"\"October/November 1933\"","peak_population":350,"haftlinge":"Mostly Communist party and sub-organizations, very few SDP","firmen":"","nationen":"","lat":50.8929,"lon":7.08298,"koppermann_naehe":"kontext","quelle":"USHMM Encyclopedia of Camps and Ghettos Vol. 1 / Holocaust Geographies Collaborative (Knowles et al. 2014)"},"geometry":{"type":"Point","coordinates":[7.08298,50.8929]}},{"type":"Feature","properties":{"id":"05-0514-1","name":"Köln (Bonner Wall)","hauptlager":"Early","typ":"Frühes KZ","func_1":1,"func_1_label":"Unbekannte/unspezifische Arbeit","func_2":0,"func_2_label":"Keine bekannte Arbeit","datum_eroeffnung":"1933-03-15","datum_schliessung":"1934-03-15","open_text":"\"March 4, 1933\"","close_text":"\"March 26, 1934\"","peak_population":200,"haftlinge":"Political, Jews","firmen":"","nationen":"","lat":50.917499,"lon":6.9527,"koppermann_naehe":"kontext","quelle":"USHMM Encyclopedia of Camps and Ghettos Vol. 1 / Holocaust Geographies Collaborative (Knowles et al. 2014)"},"geometry":{"type":"Point","coordinates":[6.9527,50.917499]}},{"type":"Feature","properties":{"id":"05-0520-0","name":"Königsbrück bei Dresden","hauptlager":"Early","typ":"Frühes KZ","func_1":1,"func_1_label":"Unbekannte/unspezifische Arbeit","func_2":0,"func_2_label":"Keine bekannte Arbeit","datum_eroeffnung":"1933-03-15","datum_schliessung":"1933-05-15","open_text":"\"March 22, 1933\"","close_text":"\"May 28, 1933\"","peak_population":71,"haftlinge":"","firmen":"","nationen":"","lat":51.2667,"lon":13.899999,"koppermann_naehe":"kontext","quelle":"USHMM Encyclopedia of Camps and Ghettos Vol. 1 / Holocaust Geographies Collaborative (Knowles et al. 2014)"},"geometry":{"type":"Point","coordinates":[13.899999,51.2667]}},{"type":"Feature","properties":{"id":"05-0522-1","name":"Königstein","hauptlager":"Early","typ":"Frühes KZ","func_1":1,"func_1_label":"Unbekannte/unspezifische Arbeit","func_2":0,"func_2_label":"Keine bekannte Arbeit","datum_eroeffnung":"1933-03-15","datum_schliessung":"1933-05-15","open_text":"\"November 15, 1944\"","close_text":"\"March 17, 1945\"","peak_population":215,"haftlinge":"only one jew(Turk) , political","firmen":"","nationen":"Russian, Polish, French, Italians, Czech, Germans, Dutch, Yugoslavs, Belgian, Croats, Lithuanians, 1 Albanian, 1 Spaniard, 1 Turk","lat":50.916698,"lon":14.066699,"koppermann_naehe":"kontext","quelle":"USHMM Encyclopedia of Camps and Ghettos Vol. 1 / Holocaust Geographies Collaborative (Knowles et al. 2014)"},"geometry":{"type":"Point","coordinates":[14.066699,50.916698]}},{"type":"Feature","properties":{"id":"05-0533-1","name":"Kuhlen [aka Rickling, Falkenried, Innere Mission]","hauptlager":"Early","typ":"Frühes KZ","func_1":6,"func_1_label":"SS-Lagerbau / Landwirtschaft","func_2":0,"func_2_label":"Keine bekannte Arbeit","datum_eroeffnung":"1933-07-15","datum_schliessung":"1933-10-15","open_text":"\"July 18, 1933\"","close_text":"\"October 1933\"","peak_population":191,"haftlinge":"Social Democrats, Communists","firmen":"Landesverein für Innere Mission in Schleswig-Holstein ran by the Evangelical State Church","nationen":"Mostly German, one Swiss, and One Swede","lat":53.916698,"lon":9.2333,"koppermann_naehe":"kontext","quelle":"USHMM Encyclopedia of Camps and Ghettos Vol. 1 / Holocaust Geographies Collaborative (Knowles et al. 2014)"},"geometry":{"type":"Point","coordinates":[9.2333,53.916698]}},{"type":"Feature","properties":{"id":"05-0541-0","name":"Landau [aka Schutzhaftlager in der Laundauer Fortkaserne]","hauptlager":"Early","typ":"Frühes KZ","func_1":6,"func_1_label":"SS-Lagerbau / Landwirtschaft","func_2":0,"func_2_label":"Keine bekannte Arbeit","datum_eroeffnung":"1933-03-15","datum_schliessung":"1933-07-15","open_text":"\"March 11, 1933\"","close_text":"\"July 15, 1933\"","peak_population":40,"haftlinge":"Social Democrats, Communists, Jews","firmen":"","nationen":"","lat":49.2,"lon":8.1167,"koppermann_naehe":"kontext","quelle":"USHMM Encyclopedia of Camps and Ghettos Vol. 1 / Holocaust Geographies Collaborative (Knowles et al. 2014)"},"geometry":{"type":"Point","coordinates":[8.1167,49.2]}},{"type":"Feature","properties":{"id":"05-0555-1","name":"Langlütjen II","hauptlager":"Early","typ":"Frühes KZ","func_1":1,"func_1_label":"Unbekannte/unspezifische Arbeit","func_2":0,"func_2_label":"Keine bekannte Arbeit","datum_eroeffnung":"1933-10-15","datum_schliessung":"1934-01-15","open_text":"\"October 1933\"","close_text":"\"January 25, 1934\"","peak_population":10,"haftlinge":"Political opposition","firmen":"","nationen":"","lat":53.549999,"lon":8.583299,"koppermann_naehe":"kontext","quelle":"USHMM Encyclopedia of Camps and Ghettos Vol. 1 / Holocaust Geographies Collaborative (Knowles et al. 2014)"},"geometry":{"type":"Point","coordinates":[8.583299,53.549999]}},{"type":"Feature","properties":{"id":"05-0564-0","name":"Leipzig","hauptlager":"Early","typ":"Frühes KZ","func_1":3,"func_1_label":"Bau (Gebäude, Straßen, Tunnel)","func_2":0,"func_2_label":"Keine bekannte Arbeit","datum_eroeffnung":"1933-03-15","datum_schliessung":"1933-09-15","open_text":"\"March 10, 1933\"","close_text":"\"September 1933\"","peak_population":191,"haftlinge":"Leftists","firmen":"","nationen":"","lat":51.299999,"lon":12.333299,"koppermann_naehe":"kontext","quelle":"USHMM Encyclopedia of Camps and Ghettos Vol. 1 / Holocaust Geographies Collaborative (Knowles et al. 2014)"},"geometry":{"type":"Point","coordinates":[12.333299,51.299999]}},{"type":"Feature","properties":{"id":"05-0575-1","name":"Leschwitz bei Görlitz [aka Weinhübel]","hauptlager":"Early","typ":"Frühes KZ","func_1":6,"func_1_label":"SS-Lagerbau / Landwirtschaft","func_2":0,"func_2_label":"Keine bekannte Arbeit","datum_eroeffnung":"1933-03-15","datum_schliessung":"1933-08-15","open_text":"\"As early as March 1933\"","close_text":"\"August 30, 1933\"","peak_population":1800,"haftlinge":"Socialist, Communist, and Political opponents","firmen":"","nationen":"German, Czech","lat":51.116699,"lon":14.9833,"koppermann_naehe":"kontext","quelle":"USHMM Encyclopedia of Camps and Ghettos Vol. 1 / Holocaust Geographies Collaborative (Knowles et al. 2014)"},"geometry":{"type":"Point","coordinates":[14.9833,51.116699]}},{"type":"Feature","properties":{"id":"05-0577-1","name":"Lichtenburg (men)","hauptlager":"Early","typ":"Frühes KZ","func_1":1,"func_1_label":"Unbekannte/unspezifische Arbeit","func_2":0,"func_2_label":"Keine bekannte Arbeit","datum_eroeffnung":"1933-07-15","datum_schliessung":"1937-08-15","open_text":"\"July 17, 1933\"","close_text":"\"August 18, 1937\"","peak_population":2000,"haftlinge":"Social Democrats, Communists, Jehovah's Witnesses","firmen":"","nationen":"","lat":51.662467,"lon":12.932142,"koppermann_naehe":"kontext","quelle":"USHMM Encyclopedia of Camps and Ghettos Vol. 1 / Holocaust Geographies Collaborative (Knowles et al. 2014)"},"geometry":{"type":"Point","coordinates":[12.932142,51.662467]}},{"type":"Feature","properties":{"id":"05-0577-2","name":"Lichtenburg (women)","hauptlager":"Early","typ":"Frühes KZ","func_1":1,"func_1_label":"Unbekannte/unspezifische Arbeit","func_2":0,"func_2_label":"Keine bekannte Arbeit","datum_eroeffnung":"1937-12-15","datum_schliessung":"1939-05-15","open_text":"\"December 1937\"","close_text":"\"May 1939\"","peak_population":0,"haftlinge":"Jehovah's Witnesses, Social Democrats, Communists","firmen":"","nationen":"","lat":51.662467,"lon":12.932142,"koppermann_naehe":"kontext","quelle":"USHMM Encyclopedia of Camps and Ghettos Vol. 1 / Holocaust Geographies Collaborative (Knowles et al. 2014)"},"geometry":{"type":"Point","coordinates":[12.932142,51.662467]}},{"type":"Feature","properties":{"id":"05-0603-0","name":"Magdeburg","hauptlager":"Early","typ":"Frühes KZ","func_1":1,"func_1_label":"Unbekannte/unspezifische Arbeit","func_2":0,"func_2_label":"Keine bekannte Arbeit","datum_eroeffnung":"1933-05-15","datum_schliessung":"1933-05-15","open_text":"\"May 1933\"","close_text":"\"August 1933\"","peak_population":200,"haftlinge":"Leftists, Social Democrats, Communists, trade unionist, Reichsbanner","firmen":"","nationen":"","lat":52.166698,"lon":11.6667,"koppermann_naehe":"kontext","quelle":"USHMM Encyclopedia of Camps and Ghettos Vol. 1 / Holocaust Geographies Collaborative (Knowles et al. 2014)"},"geometry":{"type":"Point","coordinates":[11.6667,52.166698]}},{"type":"Feature","properties":{"id":"05-0632-0","name":"Missler (Walsroder Strasse) [aka Bremen-Findorf]","hauptlager":"Early","typ":"Frühes KZ","func_1":1,"func_1_label":"Unbekannte/unspezifische Arbeit","func_2":0,"func_2_label":"Keine bekannte Arbeit","datum_eroeffnung":"1933-03-15","datum_schliessung":"1933-07-15","open_text":"\"March 1933\"","close_text":"\"July-September 1933\"","peak_population":100,"haftlinge":"Political, Communists","firmen":"","nationen":"","lat":53.093399,"lon":8.8022,"koppermann_naehe":"kontext","quelle":"USHMM Encyclopedia of Camps and Ghettos Vol. 1 / Holocaust Geographies Collaborative (Knowles et al. 2014)"},"geometry":{"type":"Point","coordinates":[8.8022,53.093399]}},{"type":"Feature","properties":{"id":"05-0641-1","name":"Moringen-Solling (men)","hauptlager":"Early","typ":"Frühes KZ","func_1":2,"func_1_label":"Baumaterialien (Steinbruch, Ziegelei, Sägewerk)","func_2":0,"func_2_label":"Keine bekannte Arbeit","datum_eroeffnung":"1933-04-15","datum_schliessung":"1933-11-15","open_text":"\"April 8, 1933\"","close_text":"\"November 28, 1933\"","peak_population":168,"haftlinge":"Political, mostly Communists","firmen":"","nationen":"","lat":52.599998,"lon":11.75,"koppermann_naehe":"kontext","quelle":"USHMM Encyclopedia of Camps and Ghettos Vol. 1 / Holocaust Geographies Collaborative (Knowles et al. 2014)"},"geometry":{"type":"Point","coordinates":[11.75,52.599998]}},{"type":"Feature","properties":{"id":"05-0664-3","name":"München (Ettstrasse)","hauptlager":"Early","typ":"Frühes KZ","func_1":1,"func_1_label":"Unbekannte/unspezifische Arbeit","func_2":0,"func_2_label":"Keine bekannte Arbeit","datum_eroeffnung":"1933-03-15","datum_schliessung":"1933-06-15","open_text":"\"March 1933\"","close_text":"\"Fall 1933\"","peak_population":150,"haftlinge":"Political","firmen":"","nationen":"","lat":48.139301,"lon":11.571,"koppermann_naehe":"kontext","quelle":"USHMM Encyclopedia of Camps and Ghettos Vol. 1 / Holocaust Geographies Collaborative (Knowles et al. 2014)"},"geometry":{"type":"Point","coordinates":[11.571,48.139301]}},{"type":"Feature","properties":{"id":"05-0641-2","name":"Moringen-Solling (women)","hauptlager":"Early","typ":"Frühes KZ","func_1":1,"func_1_label":"Unbekannte/unspezifische Arbeit","func_2":0,"func_2_label":"Keine bekannte Arbeit","datum_eroeffnung":"1933-11-15","datum_schliessung":null,"open_text":"\"November 1, 1933\"","close_text":"\"March 21, 1938, 514 prisoners transported to Lichtenburg\"","peak_population":514,"haftlinge":"communists, Social Democrats, regime critics, Jewish returnees, and, most prominently, Jehovahs Witnesses","firmen":"","nationen":"","lat":52.599998,"lon":11.75,"koppermann_naehe":"kontext","quelle":"USHMM Encyclopedia of Camps and Ghettos Vol. 1 / Holocaust Geographies Collaborative (Knowles et al. 2014)"},"geometry":{"type":"Point","coordinates":[11.75,52.599998]}},{"type":"Feature","properties":{"id":"05-0685-3","name":"München-Stadelheim","hauptlager":"Early","typ":"Frühes KZ","func_1":0,"func_1_label":"Keine bekannte Arbeit","func_2":0,"func_2_label":"Keine bekannte Arbeit","datum_eroeffnung":"1933-03-15","datum_schliessung":"1933-06-15","open_text":"\"March 1933\"","close_text":"\"Fall 1933\"- men, \"January 1936\"-women","peak_population":0,"haftlinge":"Non-Communist Journalists, Political Prisoners","firmen":"","nationen":"","lat":48.099998,"lon":11.592,"koppermann_naehe":"kontext","quelle":"USHMM Encyclopedia of Camps and Ghettos Vol. 1 / Holocaust Geographies Collaborative (Knowles et al. 2014)"},"geometry":{"type":"Point","coordinates":[11.592,48.099998]}},{"type":"Feature","properties":{"id":"05-0709-0","name":"Neustadt an der Haardt [aka Rheinpfalz]","hauptlager":"Early","typ":"Frühes KZ","func_1":6,"func_1_label":"SS-Lagerbau / Landwirtschaft","func_2":0,"func_2_label":"Keine bekannte Arbeit","datum_eroeffnung":"1933-03-15","datum_schliessung":"1933-06-15","open_text":"\"March 18, 1933\"","close_text":"\"June 1933\"","peak_population":287,"haftlinge":"Communists, Socialist Workers Party, other political","firmen":"","nationen":"","lat":49.349998,"lon":8.149999,"koppermann_naehe":"kontext","quelle":"USHMM Encyclopedia of Camps and Ghettos Vol. 1 / Holocaust Geographies Collaborative (Knowles et al. 2014)"},"geometry":{"type":"Point","coordinates":[8.149999,49.349998]}},{"type":"Feature","properties":{"id":"05-0715-1","name":"Neusustrum [aka Papenburg V]","hauptlager":"Early","typ":"Frühes KZ","func_1":6,"func_1_label":"SS-Lagerbau / Landwirtschaft","func_2":0,"func_2_label":"Keine bekannte Arbeit","datum_eroeffnung":"1933-10-15","datum_schliessung":"1934-04-15","open_text":"\"October 2, 1933\"","close_text":"\"April 1, 1934\"","peak_population":1000,"haftlinge":"Communists, Jehovah Witnesses, and Homosexuals","firmen":"","nationen":"","lat":52.8833,"lon":7.2167,"koppermann_naehe":"kontext","quelle":"USHMM Encyclopedia of Camps and Ghettos Vol. 1 / Holocaust Geographies Collaborative (Knowles et al. 2014)"},"geometry":{"type":"Point","coordinates":[7.2167,52.8833]}},{"type":"Feature","properties":{"id":"05-0724-1","name":"Nohra","hauptlager":"Early","typ":"Frühes KZ","func_1":0,"func_1_label":"Keine bekannte Arbeit","func_2":0,"func_2_label":"Keine bekannte Arbeit","datum_eroeffnung":"1933-02-15","datum_schliessung":"1933-04-15","open_text":"\"February 28, 1933\"","close_text":"\"April 12, 1933\"","peak_population":220,"haftlinge":"Communists","firmen":"","nationen":"","lat":50.966701,"lon":11.6667,"koppermann_naehe":"kontext","quelle":"USHMM Encyclopedia of Camps and Ghettos Vol. 1 / Holocaust Geographies Collaborative (Knowles et al. 2014)"},"geometry":{"type":"Point","coordinates":[11.6667,50.966701]}},{"type":"Feature","properties":{"id":"05-0685-2","name":"München-Stadelheim (women)","hauptlager":"Early","typ":"Frühes KZ","func_1":0,"func_1_label":"Keine bekannte Arbeit","func_2":0,"func_2_label":"Keine bekannte Arbeit","datum_eroeffnung":"1933-06-15","datum_schliessung":"1936-01-15","open_text":"\"March 1933\"","close_text":"\"Fall 1933\"- men, \"January 1936\"-women","peak_population":100,"haftlinge":"Non-Communist Journalists, Political Prisoners","firmen":"","nationen":"","lat":48.099998,"lon":11.592,"koppermann_naehe":"kontext","quelle":"USHMM Encyclopedia of Camps and Ghettos Vol. 1 / Holocaust Geographies Collaborative (Knowles et al. 2014)"},"geometry":{"type":"Point","coordinates":[11.592,48.099998]}},{"type":"Feature","properties":{"id":"05-0742-0","name":"Oelsnitz im Erzgebirge","hauptlager":"Early","typ":"Frühes KZ","func_1":1,"func_1_label":"Unbekannte/unspezifische Arbeit","func_2":0,"func_2_label":"Keine bekannte Arbeit","datum_eroeffnung":"1933-03-15","datum_schliessung":null,"open_text":"\"March 1933\"","close_text":"","peak_population":10,"haftlinge":"Poltical","firmen":"","nationen":"","lat":50.716701,"lon":12.699999,"koppermann_naehe":"kontext","quelle":"USHMM Encyclopedia of Camps and Ghettos Vol. 1 / Holocaust Geographies Collaborative (Knowles et al. 2014)"},"geometry":{"type":"Point","coordinates":[12.699999,50.716701]}},{"type":"Feature","properties":{"id":"05-0746-0","name":"Oldenburg","hauptlager":"Early","typ":"Frühes KZ","func_1":1,"func_1_label":"Unbekannte/unspezifische Arbeit","func_2":0,"func_2_label":"Keine bekannte Arbeit","datum_eroeffnung":"1933-03-15","datum_schliessung":null,"open_text":"\"March 3, 1933\"","close_text":"","peak_population":90,"haftlinge":"Communists","firmen":"","nationen":"","lat":53.95,"lon":13.55,"koppermann_naehe":"kontext","quelle":"USHMM Encyclopedia of Camps and Ghettos Vol. 1 / Holocaust Geographies Collaborative (Knowles et al. 2014)"},"geometry":{"type":"Point","coordinates":[13.55,53.95]}},{"type":"Feature","properties":{"id":"05-0747-0","name":"Oranienburg","hauptlager":"Early","typ":"Frühes KZ","func_1":1,"func_1_label":"Unbekannte/unspezifische Arbeit","func_2":0,"func_2_label":"Keine bekannte Arbeit","datum_eroeffnung":"1933-03-15","datum_schliessung":null,"open_text":"\"March 21, 1933\"","close_text":"","peak_population":911,"haftlinge":"Communists, Socialists, Jews","firmen":"","nationen":"","lat":52.75,"lon":13.2333,"koppermann_naehe":"kontext","quelle":"USHMM Encyclopedia of Camps and Ghettos Vol. 1 / Holocaust Geographies Collaborative (Knowles et al. 2014)"},"geometry":{"type":"Point","coordinates":[13.2333,52.75]}},{"type":"Feature","properties":{"id":"05-0754-3","name":"Osthofen","hauptlager":"Early","typ":"Frühes KZ","func_1":3,"func_1_label":"Bau (Gebäude, Straßen, Tunnel)","func_2":0,"func_2_label":"Keine bekannte Arbeit","datum_eroeffnung":"1933-03-15","datum_schliessung":"1934-07-15","open_text":"\"March 1933\"","close_text":"\"July 1934\"","peak_population":200,"haftlinge":"Communists, Social Democrats, Trade Unionists,Members of the Reichsbanner Schwarz-Rot-Gold, the Eiserne Front, Jews, Center Party, Sevene day adventists, Jehovah's witnesses","firmen":"","nationen":"","lat":49.7,"lon":8.333299,"koppermann_naehe":"kontext","quelle":"USHMM Encyclopedia of Camps and Ghettos Vol. 1 / Holocaust Geographies Collaborative (Knowles et al. 2014)"},"geometry":{"type":"Point","coordinates":[8.333299,49.7]}},{"type":"Feature","properties":{"id":"05-0759-0","name":"Papenburg [aka Emsland]","hauptlager":"Early","typ":"Frühes KZ","func_1":6,"func_1_label":"SS-Lagerbau / Landwirtschaft","func_2":0,"func_2_label":"Keine bekannte Arbeit","datum_eroeffnung":"1933-08-15","datum_schliessung":null,"open_text":"\"August 2, 1933\"","close_text":"","peak_population":1162,"haftlinge":"Communists, Jews","firmen":"","nationen":"","lat":53.066699,"lon":7.4,"koppermann_naehe":"kontext","quelle":"USHMM Encyclopedia of Camps and Ghettos Vol. 1 / Holocaust Geographies Collaborative (Knowles et al. 2014)"},"geometry":{"type":"Point","coordinates":[7.4,53.066699]}},{"type":"Feature","properties":{"id":"05-0760-0","name":"Pappenheim bei Oschatz","hauptlager":"Early","typ":"Frühes KZ","func_1":1,"func_1_label":"Unbekannte/unspezifische Arbeit","func_2":0,"func_2_label":"Keine bekannte Arbeit","datum_eroeffnung":"1933-04-15","datum_schliessung":"1933-05-15","open_text":"\"April 8, 1933\"","close_text":"\"May 27, 1933\"","peak_population":150,"haftlinge":"Communists","firmen":"","nationen":"","lat":50.783298,"lon":10.449999,"koppermann_naehe":"kontext","quelle":"USHMM Encyclopedia of Camps and Ghettos Vol. 1 / Holocaust Geographies Collaborative (Knowles et al. 2014)"},"geometry":{"type":"Point","coordinates":[10.449999,50.783298]}},{"type":"Feature","properties":{"id":"05-0768-0","name":"Perleberg","hauptlager":"Early","typ":"Frühes KZ","func_1":1,"func_1_label":"Unbekannte/unspezifische Arbeit","func_2":0,"func_2_label":"Keine bekannte Arbeit","datum_eroeffnung":"1933-05-15","datum_schliessung":"1933-06-15","open_text":"\"May 24, 1933\"","close_text":"\"June 28, 1933\"","peak_population":95,"haftlinge":"","firmen":"","nationen":"","lat":53.066699,"lon":11.8667,"koppermann_naehe":"kontext","quelle":"USHMM Encyclopedia of Camps and Ghettos Vol. 1 / Holocaust Geographies Collaborative (Knowles et al. 2014)"},"geometry":{"type":"Point","coordinates":[11.8667,53.066699]}},{"type":"Feature","properties":{"id":"05-0773-0","name":"Plaue bei Flöha","hauptlager":"Early","typ":"Frühes KZ","func_1":6,"func_1_label":"SS-Lagerbau / Landwirtschaft","func_2":0,"func_2_label":"Keine bekannte Arbeit","datum_eroeffnung":"1933-03-15","datum_schliessung":"1933-06-15","open_text":"\"March 8, 1933\"","close_text":"\"June 10, 1933\"","peak_population":174,"haftlinge":"","firmen":"","nationen":"","lat":50.849998,"lon":13.066699,"koppermann_naehe":"kontext","quelle":"USHMM Encyclopedia of Camps and Ghettos Vol. 1 / Holocaust Geographies Collaborative (Knowles et al. 2014)"},"geometry":{"type":"Point","coordinates":[13.066699,50.849998]}},{"type":"Feature","properties":{"id":"05-0785-0","name":"Porz [aka Hochkreuz]","hauptlager":"Early","typ":"Frühes KZ","func_1":1,"func_1_label":"Unbekannte/unspezifische Arbeit","func_2":0,"func_2_label":"Keine bekannte Arbeit","datum_eroeffnung":"1933-07-15","datum_schliessung":"1933-08-15","open_text":"\"July 1933\"","close_text":"\"August 1933\"","peak_population":45,"haftlinge":"Communists, SPD","firmen":"","nationen":"","lat":50.8833,"lon":7.05,"koppermann_naehe":"kontext","quelle":"USHMM Encyclopedia of Camps and Ghettos Vol. 1 / Holocaust Geographies Collaborative (Knowles et al. 2014)"},"geometry":{"type":"Point","coordinates":[7.05,50.8833]}},{"type":"Feature","properties":{"id":"05-0797-1","name":"Quednau","hauptlager":"Early","typ":"Frühes KZ","func_1":1,"func_1_label":"Unbekannte/unspezifische Arbeit","func_2":0,"func_2_label":"Keine bekannte Arbeit","datum_eroeffnung":"1933-03-15","datum_schliessung":"1933-08-15","open_text":"\"March 1933\"","close_text":"\"August 1933\"","peak_population":55,"haftlinge":"SPD, Communists","firmen":"","nationen":"","lat":54.75,"lon":20.549999,"koppermann_naehe":"kontext","quelle":"USHMM Encyclopedia of Camps and Ghettos Vol. 1 / Holocaust Geographies Collaborative (Knowles et al. 2014)"},"geometry":{"type":"Point","coordinates":[20.549999,54.75]}},{"type":"Feature","properties":{"id":"05-0811-0","name":"Reichenbach [aka Langenbielau]","hauptlager":"Early","typ":"Frühes KZ","func_1":1,"func_1_label":"Unbekannte/unspezifische Arbeit","func_2":0,"func_2_label":"Keine bekannte Arbeit","datum_eroeffnung":"1933-03-15","datum_schliessung":"1933-06-15","open_text":"\"March 8, 1933\"","close_text":"\"Late May or Early June 1933\"","peak_population":2,"haftlinge":"SPD, Communists","firmen":"","nationen":"","lat":50.599998,"lon":12.3,"koppermann_naehe":"kontext","quelle":"USHMM Encyclopedia of Camps and Ghettos Vol. 1 / Holocaust Geographies Collaborative (Knowles et al. 2014)"},"geometry":{"type":"Point","coordinates":[12.3,50.599998]}},{"type":"Feature","properties":{"id":"05-0734-0","name":"Oberfranken and Unterfranken Camps","hauptlager":"Early","typ":"Frühes KZ","func_1":1,"func_1_label":"Unbekannte/unspezifische Arbeit","func_2":0,"func_2_label":"Keine bekannte Arbeit","datum_eroeffnung":"1933-03-15","datum_schliessung":"1933-06-15","open_text":"\"Various dates in March, 1933\"","close_text":"\"Various dates in May and June, 1933\"","peak_population":300,"haftlinge":"Communists, Social Democrats, Trade unionists, Bavarian Peoples Party,","firmen":"","nationen":"","lat":50.966701,"lon":11.6667,"koppermann_naehe":"kontext","quelle":"USHMM Encyclopedia of Camps and Ghettos Vol. 1 / Holocaust Geographies Collaborative (Knowles et al. 2014)"},"geometry":{"type":"Point","coordinates":[11.6667,50.966701]}},{"type":"Feature","properties":{"id":"05-0846-0","name":"Rosslau","hauptlager":"Early","typ":"Frühes KZ","func_1":1,"func_1_label":"Unbekannte/unspezifische Arbeit","func_2":0,"func_2_label":"Keine bekannte Arbeit","datum_eroeffnung":"1933-08-15","datum_schliessung":"1934-07-15","open_text":"\"August 30, 1933\"","close_text":"\"July 31, 1934\"","peak_population":25,"haftlinge":"Communists, SPD","firmen":"","nationen":"","lat":51.8833,"lon":12.25,"koppermann_naehe":"kontext","quelle":"USHMM Encyclopedia of Camps and Ghettos Vol. 1 / Holocaust Geographies Collaborative (Knowles et al. 2014)"},"geometry":{"type":"Point","coordinates":[12.25,51.8833]}},{"type":"Feature","properties":{"id":"05-0855-3","name":"Sachsenburg (and subcamps)","hauptlager":"Early","typ":"Frühes KZ","func_1":3,"func_1_label":"Bau (Gebäude, Straßen, Tunnel)","func_2":0,"func_2_label":"Keine bekannte Arbeit","datum_eroeffnung":"1933-05-15","datum_schliessung":"1937-07-15","open_text":"\"May 2, 1933\"","close_text":"\"July 1937\"","peak_population":1305,"haftlinge":"Communists, Social Democrats, Jews, Protestant and Catholic clergy, Jehovahs Witnesses, some nationalists, criminals, and asocials.","firmen":"","nationen":"","lat":50.95,"lon":13.0333,"koppermann_naehe":"kontext","quelle":"USHMM Encyclopedia of Camps and Ghettos Vol. 1 / Holocaust Geographies Collaborative (Knowles et al. 2014)"},"geometry":{"type":"Point","coordinates":[13.0333,50.95]}},{"type":"Feature","properties":{"id":"05-0898-3","name":"Senftenberg","hauptlager":"Early","typ":"Frühes KZ","func_1":1,"func_1_label":"Unbekannte/unspezifische Arbeit","func_2":0,"func_2_label":"Keine bekannte Arbeit","datum_eroeffnung":"1933-03-15","datum_schliessung":null,"open_text":"\"March 1933\"","close_text":"","peak_population":265,"haftlinge":"Social Democrats, Communists,","firmen":"","nationen":"","lat":51.5167,"lon":14.016699,"koppermann_naehe":"kontext","quelle":"USHMM Encyclopedia of Camps and Ghettos Vol. 1 / Holocaust Geographies Collaborative (Knowles et al. 2014)"},"geometry":{"type":"Point","coordinates":[14.016699,51.5167]}},{"type":"Feature","properties":{"id":"05-0908-0","name":"Sonnenburg","hauptlager":"Early","typ":"Frühes KZ","func_1":6,"func_1_label":"SS-Lagerbau / Landwirtschaft","func_2":0,"func_2_label":"Keine bekannte Arbeit","datum_eroeffnung":"1933-04-15","datum_schliessung":"1933-04-15","open_text":"\"April 3, 1933\"","close_text":"\"April 23, 1933\"","peak_population":1226,"haftlinge":"Political Opposition, and few Jews","firmen":"","nationen":"","lat":52.75,"lon":14.0333,"koppermann_naehe":"kontext","quelle":"USHMM Encyclopedia of Camps and Ghettos Vol. 1 / Holocaust Geographies Collaborative (Knowles et al. 2014)"},"geometry":{"type":"Point","coordinates":[14.0333,52.75]}},{"type":"Feature","properties":{"id":"05-0812-0","name":"Remscheid-Lüttringhausen","hauptlager":"Early","typ":"Frühes KZ","func_1":1,"func_1_label":"Unbekannte/unspezifische Arbeit","func_2":0,"func_2_label":"Keine bekannte Arbeit","datum_eroeffnung":"1933-03-15","datum_schliessung":null,"open_text":"\"March 1933\"","close_text":"\"August 1933, unknown number of detainees dispatched\"","peak_population":100,"haftlinge":"Communists","firmen":"","nationen":"","lat":51.233299,"lon":7.2333,"koppermann_naehe":"kontext","quelle":"USHMM Encyclopedia of Camps and Ghettos Vol. 1 / Holocaust Geographies Collaborative (Knowles et al. 2014)"},"geometry":{"type":"Point","coordinates":[7.2333,51.233299]}},{"type":"Feature","properties":{"id":"05-0932-0","name":"Stettin-Bredow [aka Vulkanwerft]","hauptlager":"Early","typ":"Frühes KZ","func_1":1,"func_1_label":"Unbekannte/unspezifische Arbeit","func_2":0,"func_2_label":"Keine bekannte Arbeit","datum_eroeffnung":"1933-10-15","datum_schliessung":"1934-03-15","open_text":"\"End of October 1933\"","close_text":"\"March 9, 1934\"","peak_population":33,"haftlinge":"Political Opposition","firmen":"","nationen":"","lat":53.416698,"lon":14.5333,"koppermann_naehe":"kontext","quelle":"USHMM Encyclopedia of Camps and Ghettos Vol. 1 / Holocaust Geographies Collaborative (Knowles et al. 2014)"},"geometry":{"type":"Point","coordinates":[14.5333,53.416698]}},{"type":"Feature","properties":{"id":"05-0938-0","name":"Struppen","hauptlager":"Early","typ":"Frühes KZ","func_1":1,"func_1_label":"Unbekannte/unspezifische Arbeit","func_2":0,"func_2_label":"Keine bekannte Arbeit","datum_eroeffnung":"1933-03-15","datum_schliessung":"1933-05-15","open_text":"\"March 1933\"","close_text":"\"May 1933\"","peak_population":1,"haftlinge":"","firmen":"","nationen":"","lat":50.9333,"lon":14.016699,"koppermann_naehe":"kontext","quelle":"USHMM Encyclopedia of Camps and Ghettos Vol. 1 / Holocaust Geographies Collaborative (Knowles et al. 2014)"},"geometry":{"type":"Point","coordinates":[14.016699,50.9333]}},{"type":"Feature","properties":{"id":"05-0941-2","name":"Stuttgart","hauptlager":"Early","typ":"Frühes KZ","func_1":1,"func_1_label":"Unbekannte/unspezifische Arbeit","func_2":0,"func_2_label":"Keine bekannte Arbeit","datum_eroeffnung":"1933-03-15","datum_schliessung":"1933-03-15","open_text":"\"March 1, 1933\"","close_text":"\"March 31, 1933\"","peak_population":1,"haftlinge":"","firmen":"","nationen":"","lat":48.7667,"lon":9.1833,"koppermann_naehe":"kontext","quelle":"USHMM Encyclopedia of Camps and Ghettos Vol. 1 / Holocaust Geographies Collaborative (Knowles et al. 2014)"},"geometry":{"type":"Point","coordinates":[9.1833,48.7667]}},{"type":"Feature","properties":{"id":"05-0934-0","name":"Stollberg-Hoheneck","hauptlager":"Early","typ":"Frühes KZ","func_1":1,"func_1_label":"Unbekannte/unspezifische Arbeit","func_2":0,"func_2_label":"Keine bekannte Arbeit","datum_eroeffnung":"1933-03-15","datum_schliessung":null,"open_text":"\"March 1933\"","close_text":"","peak_population":1,"haftlinge":"","firmen":"","nationen":"","lat":50.716701,"lon":12.8,"koppermann_naehe":"kontext","quelle":"USHMM Encyclopedia of Camps and Ghettos Vol. 1 / Holocaust Geographies Collaborative (Knowles et al. 2014)"},"geometry":{"type":"Point","coordinates":[12.8,50.716701]}},{"type":"Feature","properties":{"id":"05-0989-0","name":"Vechta","hauptlager":"Early","typ":"Frühes KZ","func_1":6,"func_1_label":"SS-Lagerbau / Landwirtschaft","func_2":0,"func_2_label":"Keine bekannte Arbeit","datum_eroeffnung":"1933-07-15","datum_schliessung":"1935-04-15","open_text":"\"July 1933\"","close_text":"\"April 1, 1935\"","peak_population":113,"haftlinge":"Communists, Social Democrats, Poltical Jews, Center Party, and others","firmen":"","nationen":"","lat":52.716701,"lon":8.2833,"koppermann_naehe":"kontext","quelle":"USHMM Encyclopedia of Camps and Ghettos Vol. 1 / Holocaust Geographies Collaborative (Knowles et al. 2014)"},"geometry":{"type":"Point","coordinates":[8.2833,52.716701]}},{"type":"Feature","properties":{"id":"05-1000-3","name":"Waldheim","hauptlager":"Early","typ":"Frühes KZ","func_1":1,"func_1_label":"Unbekannte/unspezifische Arbeit","func_2":0,"func_2_label":"Keine bekannte Arbeit","datum_eroeffnung":"1933-03-15","datum_schliessung":"1933-05-15","open_text":"\"March 18, 1933\"","close_text":"\"May 12, 1933\"","peak_population":1,"haftlinge":"","firmen":"","nationen":"","lat":51.066699,"lon":13.016699,"koppermann_naehe":"kontext","quelle":"USHMM Encyclopedia of Camps and Ghettos Vol. 1 / Holocaust Geographies Collaborative (Knowles et al. 2014)"},"geometry":{"type":"Point","coordinates":[13.016699,51.066699]}},{"type":"Feature","properties":{"id":"05-1010-0","name":"Weissenfels","hauptlager":"Early","typ":"Frühes KZ","func_1":0,"func_1_label":"Keine bekannte Arbeit","func_2":0,"func_2_label":"Keine bekannte Arbeit","datum_eroeffnung":"1933-03-15","datum_schliessung":"1933-08-15","open_text":"\"March 1933\"","close_text":"\"August 12, 1933\"","peak_population":200,"haftlinge":"Communists, SPD","firmen":"","nationen":"","lat":50.583301,"lon":7.4,"koppermann_naehe":"kontext","quelle":"USHMM Encyclopedia of Camps and Ghettos Vol. 1 / Holocaust Geographies Collaborative (Knowles et al. 2014)"},"geometry":{"type":"Point","coordinates":[7.4,50.583301]}},{"type":"Feature","properties":{"id":"05-1012-0","name":"Weisswasser","hauptlager":"Early","typ":"Frühes KZ","func_1":1,"func_1_label":"Unbekannte/unspezifische Arbeit","func_2":0,"func_2_label":"Keine bekannte Arbeit","datum_eroeffnung":"1933-03-15","datum_schliessung":null,"open_text":"\"March 1933\"","close_text":"","peak_population":1,"haftlinge":"","firmen":"","nationen":"","lat":51.5167,"lon":14.633299,"koppermann_naehe":"kontext","quelle":"USHMM Encyclopedia of Camps and Ghettos Vol. 1 / Holocaust Geographies Collaborative (Knowles et al. 2014)"},"geometry":{"type":"Point","coordinates":[14.633299,51.5167]}},{"type":"Feature","properties":{"id":"05-1016-0","name":"Werden","hauptlager":"Early","typ":"Frühes KZ","func_1":1,"func_1_label":"Unbekannte/unspezifische Arbeit","func_2":0,"func_2_label":"Keine bekannte Arbeit","datum_eroeffnung":"1933-06-15","datum_schliessung":"1933-06-15","open_text":"\"Spring 1933\"","close_text":"\"June 1933\"","peak_population":1,"haftlinge":"","firmen":"","nationen":"","lat":51.3833,"lon":7.0,"koppermann_naehe":"kontext","quelle":"USHMM Encyclopedia of Camps and Ghettos Vol. 1 / Holocaust Geographies Collaborative (Knowles et al. 2014)"},"geometry":{"type":"Point","coordinates":[7.0,51.3833]}},{"type":"Feature","properties":{"id":"05-1044-3","name":"Wittmoor","hauptlager":"Early","typ":"Frühes KZ","func_1":6,"func_1_label":"SS-Lagerbau / Landwirtschaft","func_2":0,"func_2_label":"Keine bekannte Arbeit","datum_eroeffnung":"1933-03-15","datum_schliessung":"1933-10-15","open_text":"\"March 1933\"","close_text":"\"October 18, 1933\"","peak_population":140,"haftlinge":"","firmen":"","nationen":"","lat":53.2,"lon":11.816699,"koppermann_naehe":"kontext","quelle":"USHMM Encyclopedia of Camps and Ghettos Vol. 1 / Holocaust Geographies Collaborative (Knowles et al. 2014)"},"geometry":{"type":"Point","coordinates":[11.816699,53.2]}},{"type":"Feature","properties":{"id":"05-0976-0","name":"Ulm-Oberer Kuhberg","hauptlager":"Early","typ":"Frühes KZ","func_1":1,"func_1_label":"Unbekannte/unspezifische Arbeit","func_2":0,"func_2_label":"Keine bekannte Arbeit","datum_eroeffnung":"1933-11-15","datum_schliessung":"1933-07-15","open_text":"\"November 16, 1933\"","close_text":"\"July 11, 1933\"","peak_population":600,"haftlinge":"Political opponents, SPD, Communists, asocials","firmen":"","nationen":"","lat":48.400001,"lon":10.0,"koppermann_naehe":"kontext","quelle":"USHMM Encyclopedia of Camps and Ghettos Vol. 1 / Holocaust Geographies Collaborative (Knowles et al. 2014)"},"geometry":{"type":"Point","coordinates":[10.0,48.400001]}},{"type":"Feature","properties":{"id":"05-1064-0","name":"Zschorlau","hauptlager":"Early","typ":"Frühes KZ","func_1":1,"func_1_label":"Unbekannte/unspezifische Arbeit","func_2":0,"func_2_label":"Keine bekannte Arbeit","datum_eroeffnung":"1933-04-15","datum_schliessung":"1933-07-15","open_text":"\"April 21, 1933\"","close_text":"\"July 12, 1933\"","peak_population":207,"haftlinge":"Mostly Communists, one Jew,","firmen":"","nationen":"","lat":50.566699,"lon":12.649999,"koppermann_naehe":"kontext","quelle":"USHMM Encyclopedia of Camps and Ghettos Vol. 1 / Holocaust Geographies Collaborative (Knowles et al. 2014)"},"geometry":{"type":"Point","coordinates":[12.649999,50.566699]}},{"type":"Feature","properties":{"id":"05-1065-0","name":"Zweibrücken","hauptlager":"Early","typ":"Frühes KZ","func_1":1,"func_1_label":"Unbekannte/unspezifische Arbeit","func_2":0,"func_2_label":"Keine bekannte Arbeit","datum_eroeffnung":"1933-03-15","datum_schliessung":"1933-06-15","open_text":"\"March 1933\"","close_text":"\"June 1933\"","peak_population":400,"haftlinge":"","firmen":"","nationen":"","lat":51.400001,"lon":14.716699,"koppermann_naehe":"kontext","quelle":"USHMM Encyclopedia of Camps and Ghettos Vol. 1 / Holocaust Geographies Collaborative (Knowles et al. 2014)"},"geometry":{"type":"Point","coordinates":[14.716699,51.400001]}},{"type":"Feature","properties":{"id":"05-1066-0","name":"Zwickau","hauptlager":"Early","typ":"Frühes KZ","func_1":1,"func_1_label":"Unbekannte/unspezifische Arbeit","func_2":0,"func_2_label":"Keine bekannte Arbeit","datum_eroeffnung":"1933-03-15","datum_schliessung":"1934-02-15","open_text":"\"March 10, 1933\"","close_text":"\"February 1, 1934\"","peak_population":275,"haftlinge":"","firmen":"","nationen":"Polish, Russian, French, Italians,Hugarians, Czech, Belgain, German, Bulgarian, Croats, Yugoslavs, Lithuanian, Spaniard, Dutch, Greek, Slovak","lat":50.733299,"lon":12.5,"koppermann_naehe":"kontext","quelle":"USHMM Encyclopedia of Camps and Ghettos Vol. 1 / Holocaust Geographies Collaborative (Knowles et al. 2014)"},"geometry":{"type":"Point","coordinates":[12.5,50.733299]}},{"type":"Feature","properties":{"id":"06-0727-0","name":"Nossen-Rosswein","hauptlager":"Flossenbürg","typ":"KZ / Außenlager","func_1":3,"func_1_label":"Bau (Gebäude, Straßen, Tunnel)","func_2":0,"func_2_label":"Keine bekannte Arbeit","datum_eroeffnung":"1944-11-15","datum_schliessung":"1945-04-15","open_text":"\"November 5, 1944\"","close_text":"\"April 13, 1945, evacuation march begins\"","peak_population":482,"haftlinge":"","firmen":"","nationen":"","lat":51.049999,"lon":13.3,"koppermann_naehe":"kontext","quelle":"USHMM Encyclopedia of Camps and Ghettos Vol. 1 / Holocaust Geographies Collaborative (Knowles et al. 2014)"},"geometry":{"type":"Point","coordinates":[13.3,51.049999]}},{"type":"Feature","properties":{"id":"05-1051-0","name":"Wuppertal-Barmen [aka Kemna]","hauptlager":"Early","typ":"Frühes KZ","func_1":1,"func_1_label":"Unbekannte/unspezifische Arbeit","func_2":0,"func_2_label":"Keine bekannte Arbeit","datum_eroeffnung":"1933-07-15","datum_schliessung":"1934-01-15","open_text":"\"Beginning of July 1933\"","close_text":"\"January19, 1934\"","peak_population":1000,"haftlinge":"Workers Party, Communists,","firmen":"","nationen":"","lat":51.2667,"lon":7.1833,"koppermann_naehe":"kontext","quelle":"USHMM Encyclopedia of Camps and Ghettos Vol. 1 / Holocaust Geographies Collaborative (Knowles et al. 2014)"},"geometry":{"type":"Point","coordinates":[7.1833,51.2667]}},{"type":"Feature","properties":{"id":"06-0012-0","name":"Altenhammer","hauptlager":"Flossenbürg","typ":"KZ / Außenlager","func_1":4,"func_1_label":"Rüstung / Munition","func_2":2,"func_2_label":"Baumaterialien (Steinbruch, Ziegelei, Sägewerk)","datum_eroeffnung":"1945-06-15","datum_schliessung":"1945-04-15","open_text":"\"End 1944/Early 1945\"","close_text":"\"April 16, 1945\"","peak_population":552,"haftlinge":"Polish, Jewish","firmen":"Messerschmitt","nationen":"Polish, Czech, French, Italian, German, others","lat":49.416698,"lon":12.316699,"koppermann_naehe":"kontext","quelle":"USHMM Encyclopedia of Camps and Ghettos Vol. 1 / Holocaust Geographies Collaborative (Knowles et al. 2014)"},"geometry":{"type":"Point","coordinates":[12.316699,49.416698]}},{"type":"Feature","properties":{"id":"06-0019-0","name":"Ansbach at Flossenbürg","hauptlager":"Flossenbürg","typ":"KZ / Außenlager","func_1":7,"func_1_label":"Ziviler Verteidigungsbau (Bunker, Trümmerräumung)","func_2":0,"func_2_label":"Keine bekannte Arbeit","datum_eroeffnung":"1945-03-15","datum_schliessung":"1945-04-15","open_text":"\"March 13, 1945\"","close_text":"\"April 4, 1945\"","peak_population":700,"haftlinge":"Non Jewish Poles and Russians, and Jewish Poles, Russians and Hungarians","firmen":"","nationen":"Polish, Russian, Hungary","lat":49.299999,"lon":10.583299,"koppermann_naehe":"kontext","quelle":"USHMM Encyclopedia of Camps and Ghettos Vol. 1 / Holocaust Geographies Collaborative (Knowles et al. 2014)"},"geometry":{"type":"Point","coordinates":[10.583299,49.299999]}},{"type":"Feature","properties":{"id":"06-0027-0","name":"Aue","hauptlager":"Flossenbürg","typ":"KZ / Außenlager","func_1":3,"func_1_label":"Bau (Gebäude, Straßen, Tunnel)","func_2":0,"func_2_label":"Keine bekannte Arbeit","datum_eroeffnung":"1944-11-15","datum_schliessung":"1945-04-15","open_text":"\"November 24, 1944\"","close_text":"\"End of April\"","peak_population":20,"haftlinge":"Jewish","firmen":"","nationen":"Hungarian","lat":49.083301,"lon":11.266699,"koppermann_naehe":"kontext","quelle":"USHMM Encyclopedia of Camps and Ghettos Vol. 1 / Holocaust Geographies Collaborative (Knowles et al. 2014)"},"geometry":{"type":"Point","coordinates":[11.266699,49.083301]}},{"type":"Feature","properties":{"id":"06-0054-1","name":"Bayreuth","hauptlager":"Flossenbürg","typ":"KZ / Außenlager","func_1":4,"func_1_label":"Rüstung / Munition","func_2":0,"func_2_label":"Keine bekannte Arbeit","datum_eroeffnung":"1944-06-15","datum_schliessung":"1945-04-15","open_text":"\"June 13, 1944\"","close_text":"","peak_population":63,"haftlinge":"","firmen":"","nationen":"Polish, Russian, Czech, Austrian, German French","lat":49.95,"lon":11.583299,"koppermann_naehe":"kontext","quelle":"USHMM Encyclopedia of Camps and Ghettos Vol. 1 / Holocaust Geographies Collaborative (Knowles et al. 2014)"},"geometry":{"type":"Point","coordinates":[11.583299,49.95]}},{"type":"Feature","properties":{"id":"06-0158-3","name":"Brüx","hauptlager":"Flossenbürg","typ":"KZ / Außenlager","func_1":9,"func_1_label":"Öl- und Kohleproduktion","func_2":4,"func_2_label":"Rüstung / Munition","datum_eroeffnung":"1944-09-15","datum_schliessung":"1944-10-15","open_text":"\"September 1, 1944\"","close_text":"\"October 7, 1944\"","peak_population":998,"haftlinge":"POW, concentration camp workers","firmen":"Sudetenlandische Bergbau AG, Sudetenlandische Treibstoffwerke ?","nationen":"Polish, Russian, French, German, other european countries as well","lat":50.533298,"lon":13.649999,"koppermann_naehe":"kontext","quelle":"USHMM Encyclopedia of Camps and Ghettos Vol. 1 / Holocaust Geographies Collaborative (Knowles et al. 2014)"},"geometry":{"type":"Point","coordinates":[13.649999,50.533298]}},{"type":"Feature","properties":{"id":"06-0170-3","name":"Chemnitz","hauptlager":"Flossenbürg","typ":"KZ / Außenlager","func_1":4,"func_1_label":"Rüstung / Munition","func_2":0,"func_2_label":"Keine bekannte Arbeit","datum_eroeffnung":"1944-10-15","datum_schliessung":"1945-06-15","open_text":"\"October 24, 1944, transport of 510 female prisoners from Auschwitz\"","close_text":"","peak_population":490,"haftlinge":"Political, Jewish, a few Gypsies and Asocials","firmen":"Astrawerke AG","nationen":"Polish, Russian, Italians, Slovenian","lat":50.833301,"lon":12.9167,"koppermann_naehe":"kontext","quelle":"USHMM Encyclopedia of Camps and Ghettos Vol. 1 / Holocaust Geographies Collaborative (Knowles et al. 2014)"},"geometry":{"type":"Point","coordinates":[12.9167,50.833301]}},{"type":"Feature","properties":{"id":"06-0215-0","name":"Dresden-Friedrichstadt (RAW) and Dresden (Reichsbahn)","hauptlager":"Flossenbürg","typ":"KZ / Außenlager","func_1":7,"func_1_label":"Ziviler Verteidigungsbau (Bunker, Trümmerräumung)","func_2":0,"func_2_label":"Keine bekannte Arbeit","datum_eroeffnung":"1945-03-15","datum_schliessung":"1945-05-15","open_text":"\"Late March 1945\"","close_text":"\"May 8, 1945\" Some prisoner reports contradict this date","peak_population":586,"haftlinge":"English, Belgian Italian POWs, Political, Asocial, Gypsies, Jews, Non Jews","firmen":"Heinkel-Werke","nationen":"English, Belgian, Italians, Polish, Czech, Russian, Lithuanian, German, French, Croats","lat":51.049999,"lon":13.75,"koppermann_naehe":"kontext","quelle":"USHMM Encyclopedia of Camps and Ghettos Vol. 1 / Holocaust Geographies Collaborative (Knowles et al. 2014)"},"geometry":{"type":"Point","coordinates":[13.75,51.049999]}},{"type":"Feature","properties":{"id":"06-0216-0","name":"Dresden (Behelfsheim)","hauptlager":"Flossenbürg","typ":"KZ / Außenlager","func_1":1,"func_1_label":"Unbekannte/unspezifische Arbeit","func_2":0,"func_2_label":"Keine bekannte Arbeit","datum_eroeffnung":null,"datum_schliessung":null,"open_text":"\"Only mention dated April 13, 1945\"","close_text":"","peak_population":103,"haftlinge":"Jewish, POW, Protective custody","firmen":"","nationen":"Russian, Dutch, Hungarian, Yugoslavian, Slovene, Italian, Polish","lat":51.051,"lon":13.7336,"koppermann_naehe":"kontext","quelle":"USHMM Encyclopedia of Camps and Ghettos Vol. 1 / Holocaust Geographies Collaborative (Knowles et al. 2014)"},"geometry":{"type":"Point","coordinates":[13.7336,51.051]}},{"type":"Feature","properties":{"id":"06-0217-3","name":"Dresden (Bernsdorf & Co.)","hauptlager":"Flossenbürg","typ":"KZ / Außenlager","func_1":4,"func_1_label":"Rüstung / Munition","func_2":0,"func_2_label":"Keine bekannte Arbeit","datum_eroeffnung":"1944-11-15","datum_schliessung":"1945-04-15","open_text":"\"November 26, 1944\"","close_text":"\"April 14, 1945\"","peak_population":500,"haftlinge":"Jewish","firmen":"Bernsdorf & Co. munitions Factory","nationen":"Polish, Czech, French, Germans, Hungarian, Lithuanians, Russians","lat":51.042098,"lon":13.7974,"koppermann_naehe":"kontext","quelle":"USHMM Encyclopedia of Camps and Ghettos Vol. 1 / Holocaust Geographies Collaborative (Knowles et al. 2014)"},"geometry":{"type":"Point","coordinates":[13.7974,51.042098]}},{"type":"Feature","properties":{"id":"06-0218-0","name":"Dresden (SS-Pionier-Kaserne)","hauptlager":"Flossenbürg","typ":"KZ / Außenlager","func_1":3,"func_1_label":"Bau (Gebäude, Straßen, Tunnel)","func_2":0,"func_2_label":"Keine bekannte Arbeit","datum_eroeffnung":"1942-06-15","datum_schliessung":"1945-04-15","open_text":"\"June 1942\"","close_text":"\"April 15, 1945\"","peak_population":200,"haftlinge":"Preventive custody, Asocials","firmen":"","nationen":"Russian, Czech, Polish, Italians, Germans, Serbian, Belgian, Slovenes","lat":51.091999,"lon":13.7299,"koppermann_naehe":"kontext","quelle":"USHMM Encyclopedia of Camps and Ghettos Vol. 1 / Holocaust Geographies Collaborative (Knowles et al. 2014)"},"geometry":{"type":"Point","coordinates":[13.7299,51.091999]}},{"type":"Feature","properties":{"id":"06-0219-2","name":"Dresden (Universelle)","hauptlager":"Flossenbürg","typ":"KZ / Außenlager","func_1":4,"func_1_label":"Rüstung / Munition","func_2":0,"func_2_label":"Keine bekannte Arbeit","datum_eroeffnung":"1944-10-15","datum_schliessung":"1945-04-15","open_text":"\"October 9, 1944\"","close_text":"","peak_population":679,"haftlinge":"Asocials, Criminals, Politicals, only 2 Jewish women","firmen":"J.C. Muller & Co.","nationen":"Polish, Russians, Latvians, Yugoslavs, Sovenes, Czech, Italians, Belgians, Greek Croatian, Romanian","lat":51.0401,"lon":13.7158,"koppermann_naehe":"kontext","quelle":"USHMM Encyclopedia of Camps and Ghettos Vol. 1 / Holocaust Geographies Collaborative (Knowles et al. 2014)"},"geometry":{"type":"Point","coordinates":[13.7158,51.0401]}},{"type":"Feature","properties":{"id":"06-0220-2","name":"Dresden (Zeiss-Ikon, Goehle-Werk)","hauptlager":"Flossenbürg","typ":"KZ / Außenlager","func_1":4,"func_1_label":"Rüstung / Munition","func_2":0,"func_2_label":"Keine bekannte Arbeit","datum_eroeffnung":"1944-10-15","datum_schliessung":"1945-06-15","open_text":"\"October 9, 1944\"","close_text":"","peak_population":684,"haftlinge":"","firmen":"Zeiss-Ikon AG Goehle-Werk","nationen":"Polish, German, Russian, French, Hungarian","lat":51.081001,"lon":13.727199,"koppermann_naehe":"kontext","quelle":"USHMM Encyclopedia of Camps and Ghettos Vol. 1 / Holocaust Geographies Collaborative (Knowles et al. 2014)"},"geometry":{"type":"Point","coordinates":[13.727199,51.081001]}},{"type":"Feature","properties":{"id":"06-0221-2","name":"Dresden (Zeiss-Ikon, Werk Reick)","hauptlager":"Flossenbürg","typ":"KZ / Außenlager","func_1":7,"func_1_label":"Ziviler Verteidigungsbau (Bunker, Trümmerräumung)","func_2":0,"func_2_label":"Keine bekannte Arbeit","datum_eroeffnung":"1944-10-15","datum_schliessung":"1945-06-15","open_text":"\"October 22, 1944\"","close_text":"","peak_population":362,"haftlinge":"Jews","firmen":"Ziess-Ikon AG Reick","nationen":"Mostly Russian and Polish, 1 Italian, 1 German 1 Yugoslav","lat":51.011699,"lon":13.804499,"koppermann_naehe":"kontext","quelle":"USHMM Encyclopedia of Camps and Ghettos Vol. 1 / Holocaust Geographies Collaborative (Knowles et al. 2014)"},"geometry":{"type":"Point","coordinates":[13.804499,51.011699]}},{"type":"Feature","properties":{"id":"06-0246-1","name":"Eisenberg","hauptlager":"Flossenbürg","typ":"KZ / Außenlager","func_1":3,"func_1_label":"Bau (Gebäude, Straßen, Tunnel)","func_2":0,"func_2_label":"Keine bekannte Arbeit","datum_eroeffnung":"1943-06-15","datum_schliessung":"1945-04-15","open_text":"\"Summer 1943\"","close_text":"","peak_population":30,"haftlinge":"French POWs,","firmen":"","nationen":"Russian, Germans, Polish","lat":50.549999,"lon":13.516699,"koppermann_naehe":"kontext","quelle":"USHMM Encyclopedia of Camps and Ghettos Vol. 1 / Holocaust Geographies Collaborative (Knowles et al. 2014)"},"geometry":{"type":"Point","coordinates":[13.516699,50.549999]}},{"type":"Feature","properties":{"id":"06-0272-2","name":"Falkenau","hauptlager":"Flossenbürg","typ":"KZ / Außenlager","func_1":4,"func_1_label":"Rüstung / Munition","func_2":0,"func_2_label":"Keine bekannte Arbeit","datum_eroeffnung":"1943-12-15","datum_schliessung":"1944-07-15","open_text":"\"December 1943\"","close_text":"\"July 1944\"","peak_population":750,"haftlinge":"","firmen":"Luftfahrgeratewerk Hakenfelde GmbH- subsidiary of Siemens & Halske A.G. and Siemens- Schuchertwerke A.G.","nationen":"Polish, Czech, Yugoslavian, German, French","lat":50.1833,"lon":12.633299,"koppermann_naehe":"kontext","quelle":"USHMM Encyclopedia of Camps and Ghettos Vol. 1 / Holocaust Geographies Collaborative (Knowles et al. 2014)"},"geometry":{"type":"Point","coordinates":[12.633299,50.1833]}},{"type":"Feature","properties":{"id":"06-0286-0","name":"Flöha","hauptlager":"Flossenbürg","typ":"KZ / Außenlager","func_1":4,"func_1_label":"Rüstung / Munition","func_2":0,"func_2_label":"Keine bekannte Arbeit","datum_eroeffnung":"1944-03-15","datum_schliessung":"1945-05-15","open_text":"\"March 18, 1944\"","close_text":"\"May 6, 1945\"","peak_population":800,"haftlinge":"Politicals, Students. Jewish","firmen":"Erla- Maschinenwerk GmbH Leipzig","nationen":"French, Russian, Poles, Hungarian, German, Czech, Italian, Lithuanian, Yugoslavian, and 2 stateless people","lat":50.866699,"lon":13.066699,"koppermann_naehe":"kontext","quelle":"USHMM Encyclopedia of Camps and Ghettos Vol. 1 / Holocaust Geographies Collaborative (Knowles et al. 2014)"},"geometry":{"type":"Point","coordinates":[13.066699,50.866699]}},{"type":"Feature","properties":{"id":"06-0288-3","name":"Flossenbürg","hauptlager":"Flossenbürg","typ":"KZ / Außenlager","func_1":3,"func_1_label":"Bau (Gebäude, Straßen, Tunnel)","func_2":0,"func_2_label":"Keine bekannte Arbeit","datum_eroeffnung":"1938-06-15","datum_schliessung":"1945-04-15","open_text":"\"Spring 1938\"","close_text":"","peak_population":14500,"haftlinge":"All Nazi oppostition: Religious(Jews in large numbers didnt arrive til fall 1944), Political, ethnic, POWs","firmen":"German Earth and Stone Works, Ltd.","nationen":"All over Europe","lat":49.735698,"lon":12.3569,"koppermann_naehe":"kontext","quelle":"USHMM Encyclopedia of Camps and Ghettos Vol. 1 / Holocaust Geographies Collaborative (Knowles et al. 2014)"},"geometry":{"type":"Point","coordinates":[12.3569,49.735698]}},{"type":"Feature","properties":{"id":"06-0292-2","name":"Freiberg","hauptlager":"Flossenbürg","typ":"KZ / Außenlager","func_1":4,"func_1_label":"Rüstung / Munition","func_2":0,"func_2_label":"Keine bekannte Arbeit","datum_eroeffnung":"1944-08-15","datum_schliessung":"1945-03-15","open_text":"\"August 31, 1944\"","close_text":"\"March 31, 1945\"","peak_population":1002,"haftlinge":"Jewish, and others","firmen":"Arado- Flugzeugwerke","nationen":"Czech, Slovaks, Germans, Yugoslavs, Dutch, Hungarians, Polish, one Italian, Russian and American","lat":50.916698,"lon":13.3667,"koppermann_naehe":"kontext","quelle":"USHMM Encyclopedia of Camps and Ghettos Vol. 1 / Holocaust Geographies Collaborative (Knowles et al. 2014)"},"geometry":{"type":"Point","coordinates":[13.3667,50.916698]}},{"type":"Feature","properties":{"id":"06-0307-1","name":"Ganacker","hauptlager":"Flossenbürg","typ":"KZ / Außenlager","func_1":7,"func_1_label":"Ziviler Verteidigungsbau (Bunker, Trümmerräumung)","func_2":0,"func_2_label":"Keine bekannte Arbeit","datum_eroeffnung":"1945-02-15","datum_schliessung":"1945-04-15","open_text":"\"February 21, 1945\"","close_text":"","peak_population":440,"haftlinge":"Jewish","firmen":"Polensky and Zollner, Munchshofen","nationen":"Polish, Belgian French, Greek Czech, German, Dutch, also individual jews from Slovakia, Yugoslavia, Serbia, Turkey, Russia, Lithuanian","lat":48.716701,"lon":12.6833,"koppermann_naehe":"kontext","quelle":"USHMM Encyclopedia of Camps and Ghettos Vol. 1 / Holocaust Geographies Collaborative (Knowles et al. 2014)"},"geometry":{"type":"Point","coordinates":[12.6833,48.716701]}},{"type":"Feature","properties":{"id":"06-0343-1","name":"Grafenreuth","hauptlager":"Flossenbürg","typ":"KZ / Außenlager","func_1":3,"func_1_label":"Bau (Gebäude, Straßen, Tunnel)","func_2":5,"func_2_label":"Nicht-Rüstungsproduktion (Textil, Glas, Lebensmittel)","datum_eroeffnung":"1943-06-15","datum_schliessung":"1945-04-15","open_text":"\"June 1943\"","close_text":"","peak_population":140,"haftlinge":"","firmen":"Construction Administration, Riebel & Cie Brickworks","nationen":"German, Polish, Russian, French, Czech, Yugoslavs, Italians","lat":49.7,"lon":12.3027,"koppermann_naehe":"kontext","quelle":"USHMM Encyclopedia of Camps and Ghettos Vol. 1 / Holocaust Geographies Collaborative (Knowles et al. 2014)"},"geometry":{"type":"Point","coordinates":[12.3027,49.7]}},{"type":"Feature","properties":{"id":"06-0345-2","name":"Graslitz","hauptlager":"Flossenbürg","typ":"KZ / Außenlager","func_1":4,"func_1_label":"Rüstung / Munition","func_2":7,"func_2_label":"Ziviler Verteidigungsbau (Bunker, Trümmerräumung)","datum_eroeffnung":"1944-08-15","datum_schliessung":"1945-06-15","open_text":"\"August 7, 1944\"","close_text":"","peak_population":877,"haftlinge":"Gypsies, \"Reichsdeutche, Poles, Czech, Jews (later)","firmen":"Luftfahrgeratewerk Hakenfelde GmbH- subsidiary of Siemens & Halske A.G. and Siemens- Schuchertwerke A.G.","nationen":"Polish, Czech, Roma, Sinti","lat":50.333301,"lon":12.516699,"koppermann_naehe":"kontext","quelle":"USHMM Encyclopedia of Camps and Ghettos Vol. 1 / Holocaust Geographies Collaborative (Knowles et al. 2014)"},"geometry":{"type":"Point","coordinates":[12.516699,50.333301]}},{"type":"Feature","properties":{"id":"06-0349-1","name":"Gröditz","hauptlager":"Flossenbürg","typ":"KZ / Außenlager","func_1":4,"func_1_label":"Rüstung / Munition","func_2":0,"func_2_label":"Keine bekannte Arbeit","datum_eroeffnung":"1944-09-15","datum_schliessung":"1945-06-15","open_text":"\"September 30,1944\"","close_text":"","peak_population":769,"haftlinge":"Jewish","firmen":"Mittledeutsche Stahlwerke GmbH owned by Flick Company","nationen":"Poles, French, Russians, and Italians being the biggest groups. Some Belgians, Germans, Croatians, Luxemburgers, Dutch, and Czechs","lat":51.216701,"lon":14.6167,"koppermann_naehe":"kontext","quelle":"USHMM Encyclopedia of Camps and Ghettos Vol. 1 / Holocaust Geographies Collaborative (Knowles et al. 2014)"},"geometry":{"type":"Point","coordinates":[14.6167,51.216701]}},{"type":"Feature","properties":{"id":"06-0363-3","name":"Gundelsdorf (with Knellendorf)","hauptlager":"Flossenbürg","typ":"KZ / Außenlager","func_1":5,"func_1_label":"Nicht-Rüstungsproduktion (Textil, Glas, Lebensmittel)","func_2":0,"func_2_label":"Keine bekannte Arbeit","datum_eroeffnung":"1944-09-15","datum_schliessung":null,"open_text":"\"September 12, 1944\"","close_text":"\"Last mentioned April 13, 1945\"","peak_population":101,"haftlinge":"Jewish","firmen":"","nationen":"Polish","lat":50.283298,"lon":11.3,"koppermann_naehe":"kontext","quelle":"USHMM Encyclopedia of Camps and Ghettos Vol. 1 / Holocaust Geographies Collaborative (Knowles et al. 2014)"},"geometry":{"type":"Point","coordinates":[11.3,50.283298]}},{"type":"Feature","properties":{"id":"06-0375-2","name":"Hainichen at Flossenbürg","hauptlager":"Flossenbürg","typ":"KZ / Außenlager","func_1":3,"func_1_label":"Bau (Gebäude, Straßen, Tunnel)","func_2":0,"func_2_label":"Keine bekannte Arbeit","datum_eroeffnung":"1944-09-15","datum_schliessung":"1945-06-15","open_text":"\"September 8, 1944\"","close_text":"","peak_population":464,"haftlinge":"Jewish","firmen":"Framo-Werke GmbH","nationen":"Polish, Hungarian, Romanian, Lithuanian, Dutch,","lat":50.969454,"lon":13.122099,"koppermann_naehe":"kontext","quelle":"USHMM Encyclopedia of Camps and Ghettos Vol. 1 / Holocaust Geographies Collaborative (Knowles et al. 2014)"},"geometry":{"type":"Point","coordinates":[13.122099,50.969454]}},{"type":"Feature","properties":{"id":"06-0411-0","name":"Happurg","hauptlager":"Flossenbürg","typ":"KZ / Außenlager","func_1":3,"func_1_label":"Bau (Gebäude, Straßen, Tunnel)","func_2":0,"func_2_label":"Keine bekannte Arbeit","datum_eroeffnung":"1944-05-15","datum_schliessung":"1945-04-15","open_text":"\"May 17, 1944\"","close_text":"\"April 1945\"","peak_population":600,"haftlinge":"","firmen":"BMW","nationen":"","lat":49.5,"lon":11.466699,"koppermann_naehe":"kontext","quelle":"USHMM Encyclopedia of Camps and Ghettos Vol. 1 / Holocaust Geographies Collaborative (Knowles et al. 2014)"},"geometry":{"type":"Point","coordinates":[11.466699,49.5]}},{"type":"Feature","properties":{"id":"06-0427-2","name":"Helmbrechts","hauptlager":"Flossenbürg","typ":"KZ / Außenlager","func_1":4,"func_1_label":"Rüstung / Munition","func_2":0,"func_2_label":"Keine bekannte Arbeit","datum_eroeffnung":"1944-07-15","datum_schliessung":"1944-04-15","open_text":"\"July 19, 1944\"","close_text":"","peak_population":621,"haftlinge":"Non Jewish, and Jewish","firmen":"Kabel-Metall- Neumeyer","nationen":"","lat":50.233299,"lon":11.699999,"koppermann_naehe":"kontext","quelle":"USHMM Encyclopedia of Camps and Ghettos Vol. 1 / Holocaust Geographies Collaborative (Knowles et al. 2014)"},"geometry":{"type":"Point","coordinates":[11.699999,50.233299]}},{"type":"Feature","properties":{"id":"06-0431-0","name":"Hersbruck","hauptlager":"Flossenbürg","typ":"KZ / Außenlager","func_1":3,"func_1_label":"Bau (Gebäude, Straßen, Tunnel)","func_2":0,"func_2_label":"Keine bekannte Arbeit","datum_eroeffnung":"1944-05-15","datum_schliessung":"1945-06-15","open_text":"\"May 17, 1944\"","close_text":"","peak_population":5863,"haftlinge":"Italian Resistance fighter, Professors, Politicals","firmen":"","nationen":"","lat":49.5167,"lon":11.4333,"koppermann_naehe":"kontext","quelle":"USHMM Encyclopedia of Camps and Ghettos Vol. 1 / Holocaust Geographies Collaborative (Knowles et al. 2014)"},"geometry":{"type":"Point","coordinates":[11.4333,49.5167]}},{"type":"Feature","properties":{"id":"06-0432-2","name":"Hertine","hauptlager":"Flossenbürg","typ":"KZ / Außenlager","func_1":4,"func_1_label":"Rüstung / Munition","func_2":6,"func_2_label":"SS-Lagerbau / Landwirtschaft","datum_eroeffnung":"1944-10-15","datum_schliessung":"1945-05-15","open_text":"\"October 10, 1944, transport of 599 Hungarian Jewish women arrived from Auschwitz\"","close_text":"","peak_population":626,"haftlinge":"Jewish","firmen":"Fabrik zur Verwertung Chemischer Erzeugnisse Hertine GmbH subsidiary of Dynamit Nobel AG","nationen":"Hungarian","lat":50.599998,"lon":13.899999,"koppermann_naehe":"kontext","quelle":"USHMM Encyclopedia of Camps and Ghettos Vol. 1 / Holocaust Geographies Collaborative (Knowles et al. 2014)"},"geometry":{"type":"Point","coordinates":[13.899999,50.599998]}},{"type":"Feature","properties":{"id":"06-0774-2","name":"Plauen (Baumwollspinnerei und Industriewerke)","hauptlager":"Flossenbürg","typ":"KZ / Außenlager","func_1":4,"func_1_label":"Rüstung / Munition","func_2":0,"func_2_label":"Keine bekannte Arbeit","datum_eroeffnung":"1944-09-15","datum_schliessung":"1945-04-15","open_text":"\"September 16/17, 1944\"","close_text":"","peak_population":400,"haftlinge":"Probably all Non-Jews","firmen":"Plauener Baumwollspinnerei AG and Industriewerke AG","nationen":"Russians, Polish, Yugoslavs, Italians, French","lat":51.0167,"lon":13.716699,"koppermann_naehe":"kontext","quelle":"USHMM Encyclopedia of Camps and Ghettos Vol. 1 / Holocaust Geographies Collaborative (Knowles et al. 2014)"},"geometry":{"type":"Point","coordinates":[13.716699,51.0167]}},{"type":"Feature","properties":{"id":"06-0775-1","name":"Plauen (Horn GmbH)","hauptlager":"Flossenbürg","typ":"KZ / Außenlager","func_1":4,"func_1_label":"Rüstung / Munition","func_2":0,"func_2_label":"Keine bekannte Arbeit","datum_eroeffnung":"1944-11-15","datum_schliessung":"1945-06-15","open_text":"\"November 9, 1944\"","close_text":"","peak_population":50,"haftlinge":"only one Jew","firmen":"","nationen":"Polish, Russian, French,Yugoslavian, Czech, Belgian, Italian, German","lat":50.4951,"lon":12.1383,"koppermann_naehe":"kontext","quelle":"USHMM Encyclopedia of Camps and Ghettos Vol. 1 / Holocaust Geographies Collaborative (Knowles et al. 2014)"},"geometry":{"type":"Point","coordinates":[12.1383,50.4951]}},{"type":"Feature","properties":{"id":"12-0800-0","name":"Radom [aka Radom (Szkolna Street)]","hauptlager":"Lublin","typ":"KZ / Außenlager","func_1":4,"func_1_label":"Rüstung / Munition","func_2":5,"func_2_label":"Nicht-Rüstungsproduktion (Textil, Glas, Lebensmittel)","datum_eroeffnung":"1944-01-15","datum_schliessung":null,"open_text":"\"First mentioned January 17, 1944\"","close_text":"","peak_population":2000,"haftlinge":"","firmen":"","nationen":"","lat":51.347654,"lon":21.178141,"koppermann_naehe":"lazarett_ort","quelle":"USHMM Encyclopedia of Camps and Ghettos Vol. 1 / Holocaust Geographies Collaborative (Knowles et al. 2014)"},"geometry":{"type":"Point","coordinates":[21.178141,51.347654]}},{"type":"Feature","properties":{"id":"12-0960-0","name":"Trawniki (third)","hauptlager":"Lublin","typ":"KZ / Außenlager","func_1":6,"func_1_label":"SS-Lagerbau / Landwirtschaft","func_2":0,"func_2_label":"Keine bekannte Arbeit","datum_eroeffnung":"1943-09-15","datum_schliessung":"1944-05-15","open_text":"\"September 1943\"","close_text":"\"May 1944\"","peak_population":6000,"haftlinge":"","firmen":"","nationen":"","lat":51.1333,"lon":22.9979,"koppermann_naehe":"operationsgebiet","quelle":"USHMM Encyclopedia of Camps and Ghettos Vol. 1 / Holocaust Geographies Collaborative (Knowles et al. 2014)"},"geometry":{"type":"Point","coordinates":[22.9979,51.133300000000006]}},{"type":"Feature","properties":{"id":"13-0501-0","name":"Klagenfurt-Lendorf","hauptlager":"Mauthausen","typ":"KZ / Außenlager","func_1":3,"func_1_label":"Bau (Gebäude, Straßen, Tunnel)","func_2":7,"func_2_label":"Ziviler Verteidigungsbau (Bunker, Trümmerräumung)","datum_eroeffnung":"1943-11-15","datum_schliessung":null,"open_text":"\"November 19, 1943\"","close_text":"","peak_population":1,"haftlinge":"","firmen":"","nationen":"","lat":46.6333,"lon":14.3,"koppermann_naehe":"kontext","quelle":"USHMM Encyclopedia of Camps and Ghettos Vol. 1 / Holocaust Geographies Collaborative (Knowles et al. 2014)"},"geometry":{"type":"Point","coordinates":[14.3,46.6333]}},{"type":"Feature","properties":{"id":"06-0781-0","name":"Porschdorf","hauptlager":"Flossenbürg","typ":"KZ / Außenlager","func_1":3,"func_1_label":"Bau (Gebäude, Straßen, Tunnel)","func_2":0,"func_2_label":"Keine bekannte Arbeit","datum_eroeffnung":"1945-02-15","datum_schliessung":"1945-05-15","open_text":"\"February 3, 1945\"","close_text":"","peak_population":250,"haftlinge":"","firmen":"Dr. Rimpf of the Mineralolbau GmbH","nationen":"Italian, Russian, Polish, French, Belgian, German, 1 Dutch, 1 Croat","lat":50.9333,"lon":14.133299,"koppermann_naehe":"kontext","quelle":"USHMM Encyclopedia of Camps and Ghettos Vol. 1 / Holocaust Geographies Collaborative (Knowles et al. 2014)"},"geometry":{"type":"Point","coordinates":[14.133299,50.9333]}},{"type":"Feature","properties":{"id":"09-0314-1","name":"Gelnhausen [aka Rothenbergen bei Glenhausen]","hauptlager":"Hinzert","typ":"KZ / Außenlager","func_1":3,"func_1_label":"Bau (Gebäude, Straßen, Tunnel)","func_2":0,"func_2_label":"Keine bekannte Arbeit","datum_eroeffnung":"1944-06-15","datum_schliessung":"1945-03-15","open_text":"\"Summer 1944\"","close_text":"\"March 1945\"?","peak_population":80,"haftlinge":"","firmen":"","nationen":"","lat":50.2,"lon":9.1833,"koppermann_naehe":"kontext","quelle":"USHMM Encyclopedia of Camps and Ghettos Vol. 1 / Holocaust Geographies Collaborative (Knowles et al. 2014)"},"geometry":{"type":"Point","coordinates":[9.1833,50.2]}},{"type":"Feature","properties":{"id":"09-0430-1","name":"Hermeskeil","hauptlager":"Hinzert","typ":"KZ / Außenlager","func_1":5,"func_1_label":"Nicht-Rüstungsproduktion (Textil, Glas, Lebensmittel)","func_2":3,"func_2_label":"Bau (Gebäude, Straßen, Tunnel)","datum_eroeffnung":"1940-03-15","datum_schliessung":null,"open_text":"\"March 23, 1940\"","close_text":"\"Last mentioned April 22, 1944\"","peak_population":90,"haftlinge":"","firmen":"Paul Dietrich, Laubach, Bahnmeisterei, Muller & Froitzheim, J.C. Dittgen KG, Peter Blaumeyer, Ehrenrich & Co.","nationen":"","lat":49.650001,"lon":6.949999,"koppermann_naehe":"kontext","quelle":"USHMM Encyclopedia of Camps and Ghettos Vol. 1 / Holocaust Geographies Collaborative (Knowles et al. 2014)"},"geometry":{"type":"Point","coordinates":[6.949999,49.650001]}},{"type":"Feature","properties":{"id":"09-0454-0","name":"Homburg-Nord (OT-Polizeihaftlager)","hauptlager":"Hinzert","typ":"KZ / Außenlager","func_1":1,"func_1_label":"Unbekannte/unspezifische Arbeit","func_2":0,"func_2_label":"Keine bekannte Arbeit","datum_eroeffnung":"1939-12-15","datum_schliessung":"1940-09-15","open_text":"\"December 13, 1939\"","close_text":"\"September 18, 1940\"","peak_population":300,"haftlinge":"People not complying with the National Socialist way of Life","firmen":"","nationen":"","lat":49.349998,"lon":7.3,"koppermann_naehe":"kontext","quelle":"USHMM Encyclopedia of Camps and Ghettos Vol. 1 / Holocaust Geographies Collaborative (Knowles et al. 2014)"},"geometry":{"type":"Point","coordinates":[7.3,49.349998]}},{"type":"Feature","properties":{"id":"09-0497-0","name":"Kirrberg (OT-Polizeihaftlager)","hauptlager":"Hinzert","typ":"KZ / Außenlager","func_1":1,"func_1_label":"Unbekannte/unspezifische Arbeit","func_2":0,"func_2_label":"Keine bekannte Arbeit","datum_eroeffnung":"1940-10-15","datum_schliessung":"1940-09-15","open_text":"\"First mentioned October 11, 1940\"","close_text":"\"September 18, 1940\"","peak_population":170,"haftlinge":"People not complying with the National Socialist way of Life","firmen":"","nationen":"","lat":49.299999,"lon":7.3667,"koppermann_naehe":"kontext","quelle":"USHMM Encyclopedia of Camps and Ghettos Vol. 1 / Holocaust Geographies Collaborative (Knowles et al. 2014)"},"geometry":{"type":"Point","coordinates":[7.3667,49.299999]}},{"type":"Feature","properties":{"id":"09-0548-0","name":"Langendiebach I and II","hauptlager":"Hinzert","typ":"KZ / Außenlager","func_1":7,"func_1_label":"Ziviler Verteidigungsbau (Bunker, Trümmerräumung)","func_2":0,"func_2_label":"Keine bekannte Arbeit","datum_eroeffnung":"1944-06-15","datum_schliessung":"1944-04-15","open_text":"\"1942\"-ITS, \"June 13, 1944\"-Others, \"Fall 1933(Probably September 13, 1944)- Langendiebach II","close_text":"\"April 18, 1944\" Langendiebach I,","peak_population":110,"haftlinge":"POWs","firmen":"","nationen":"French(of African Origin), 1 Greek","lat":50.166698,"lon":8.9833,"koppermann_naehe":"kontext","quelle":"USHMM Encyclopedia of Camps and Ghettos Vol. 1 / Holocaust Geographies Collaborative (Knowles et al. 2014)"},"geometry":{"type":"Point","coordinates":[8.9833,50.166698]}},{"type":"Feature","properties":{"id":"10-0789-0","name":"Prawienischken","hauptlager":"Kauen","typ":"KZ / Außenlager","func_1":2,"func_1_label":"Baumaterialien (Steinbruch, Ziegelei, Sägewerk)","func_2":0,"func_2_label":"Keine bekannte Arbeit","datum_eroeffnung":"1943-11-15","datum_schliessung":null,"open_text":"\"Transfer completed in November 1943\"","close_text":"\"Last mentioned May 10, 1944 for men, May 15, 1944 for women\"","peak_population":1,"haftlinge":"","firmen":"","nationen":"","lat":54.916698,"lon":24.233299,"koppermann_naehe":"kontext","quelle":"USHMM Encyclopedia of Camps and Ghettos Vol. 1 / Holocaust Geographies Collaborative (Knowles et al. 2014)"},"geometry":{"type":"Point","coordinates":[24.233299,54.916698]}},{"type":"Feature","properties":{"id":"11-1025-0","name":"Wieliczka","hauptlager":"Krakau-Plaszów","typ":"KZ / Außenlager","func_1":4,"func_1_label":"Rüstung / Munition","func_2":0,"func_2_label":"Keine bekannte Arbeit","datum_eroeffnung":"1944-05-15","datum_schliessung":"1944-09-15","open_text":"\"May 1944\"","close_text":"\"Abandoned September 1944\"","peak_population":1,"haftlinge":"","firmen":"","nationen":"","lat":49.9833,"lon":20.0667,"koppermann_naehe":"operationsgebiet","quelle":"USHMM Encyclopedia of Camps and Ghettos Vol. 1 / Holocaust Geographies Collaborative (Knowles et al. 2014)"},"geometry":{"type":"Point","coordinates":[20.0667,49.9833]}},{"type":"Feature","properties":{"id":"11-1054-0","name":"Olcza [aka Zakopane, Zakopane-Olcza]","hauptlager":"Krakau-Plaszów","typ":"KZ / Außenlager","func_1":3,"func_1_label":"Bau (Gebäude, Straßen, Tunnel)","func_2":0,"func_2_label":"Keine bekannte Arbeit","datum_eroeffnung":"1943-06-15","datum_schliessung":"1944-06-15","open_text":"\"Beginning of 1943\"","close_text":"\"Dissolved Spring of 1944\"","peak_population":1,"haftlinge":"","firmen":"","nationen":"","lat":49.3,"lon":19.9667,"koppermann_naehe":"kontext","quelle":"USHMM Encyclopedia of Camps and Ghettos Vol. 1 / Holocaust Geographies Collaborative (Knowles et al. 2014)"},"geometry":{"type":"Point","coordinates":[19.9667,49.3]}},{"type":"Feature","properties":{"id":"09-0607-0","name":"Mainz-Finthen [aka Finthen]","hauptlager":"Hinzert","typ":"KZ / Außenlager","func_1":3,"func_1_label":"Bau (Gebäude, Straßen, Tunnel)","func_2":7,"func_2_label":"Ziviler Verteidigungsbau (Bunker, Trümmerräumung)","datum_eroeffnung":"1944-06-15","datum_schliessung":"1945-06-15","open_text":"\"Summer 1944\"","close_text":"","peak_population":220,"haftlinge":"","firmen":"","nationen":"Dutch, Luxemburgers","lat":50.0,"lon":8.266699,"koppermann_naehe":"kontext","quelle":"USHMM Encyclopedia of Camps and Ghettos Vol. 1 / Holocaust Geographies Collaborative (Knowles et al. 2014)"},"geometry":{"type":"Point","coordinates":[8.266699,50.0]}},{"type":"Feature","properties":{"id":"09-0608-0","name":"Mainz-Gustavsburg","hauptlager":"Hinzert","typ":"KZ / Außenlager","func_1":4,"func_1_label":"Rüstung / Munition","func_2":0,"func_2_label":"Keine bekannte Arbeit","datum_eroeffnung":"1944-12-15","datum_schliessung":"1945-03-15","open_text":"\"December 6, 1944\"","close_text":"\"March 19, 1945\"","peak_population":1,"haftlinge":"","firmen":"","nationen":"","lat":49.997,"lon":8.31914,"koppermann_naehe":"kontext","quelle":"USHMM Encyclopedia of Camps and Ghettos Vol. 1 / Holocaust Geographies Collaborative (Knowles et al. 2014)"},"geometry":{"type":"Point","coordinates":[8.31914,49.997]}},{"type":"Feature","properties":{"id":"09-0610-0","name":"Mainz-Weisenau","hauptlager":"Hinzert","typ":"KZ / Außenlager","func_1":3,"func_1_label":"Bau (Gebäude, Straßen, Tunnel)","func_2":0,"func_2_label":"Keine bekannte Arbeit","datum_eroeffnung":"1945-01-15","datum_schliessung":"1945-01-15","open_text":"\"January 1, 1945\"- Gudrun Schwarz","close_text":"\"January 1945\"- Hinzert Files","peak_population":1,"haftlinge":"","firmen":"","nationen":"","lat":49.983299,"lon":8.3,"koppermann_naehe":"kontext","quelle":"USHMM Encyclopedia of Camps and Ghettos Vol. 1 / Holocaust Geographies Collaborative (Knowles et al. 2014)"},"geometry":{"type":"Point","coordinates":[8.3,49.983299]}},{"type":"Feature","properties":{"id":"09-0629-0","name":"Michelbach (Schmelz)","hauptlager":"Hinzert","typ":"KZ / Außenlager","func_1":2,"func_1_label":"Baumaterialien (Steinbruch, Ziegelei, Sägewerk)","func_2":0,"func_2_label":"Keine bekannte Arbeit","datum_eroeffnung":"1940-06-15","datum_schliessung":null,"open_text":"\"First mentioned August 12, 1940\"","close_text":"","peak_population":1,"haftlinge":"","firmen":"Betting Hartsteinwerke GmbH","nationen":"","lat":49.466701,"lon":6.8333,"koppermann_naehe":"kontext","quelle":"USHMM Encyclopedia of Camps and Ghettos Vol. 1 / Holocaust Geographies Collaborative (Knowles et al. 2014)"},"geometry":{"type":"Point","coordinates":[6.8333,49.466701]}},{"type":"Feature","properties":{"id":"09-0698-0","name":"Neubrücke [aka Neubrücke-Hoppstädten, Neubrücke/Nahe]","hauptlager":"Hinzert","typ":"KZ / Außenlager","func_1":3,"func_1_label":"Bau (Gebäude, Straßen, Tunnel)","func_2":0,"func_2_label":"Keine bekannte Arbeit","datum_eroeffnung":"1944-06-15","datum_schliessung":"1945-03-15","open_text":"\"Summer 1944\"","close_text":"","peak_population":200,"haftlinge":"","firmen":"Deutschen Eisenwerke","nationen":"Moslty Luxemburgers, Poles, and Dutch","lat":49.599998,"lon":7.1833,"koppermann_naehe":"kontext","quelle":"USHMM Encyclopedia of Camps and Ghettos Vol. 1 / Holocaust Geographies Collaborative (Knowles et al. 2014)"},"geometry":{"type":"Point","coordinates":[7.1833,49.599998]}},{"type":"Feature","properties":{"id":"09-0814-0","name":"Rheinzabern (OT-Polizeihaftlager)","hauptlager":"Hinzert","typ":"KZ / Außenlager","func_1":1,"func_1_label":"Unbekannte/unspezifische Arbeit","func_2":0,"func_2_label":"Keine bekannte Arbeit","datum_eroeffnung":"1940-04-15","datum_schliessung":"1940-09-15","open_text":"\"First mentioned April 26, 1940\"","close_text":"\"September 18, 1940\"","peak_population":1,"haftlinge":"People not complying to the National Socialist way of life","firmen":"","nationen":"","lat":49.118,"lon":8.277899,"koppermann_naehe":"kontext","quelle":"USHMM Encyclopedia of Camps and Ghettos Vol. 1 / Holocaust Geographies Collaborative (Knowles et al. 2014)"},"geometry":{"type":"Point","coordinates":[8.277899,49.118]}},{"type":"Feature","properties":{"id":"09-0897-0","name":"Seligenstadt","hauptlager":"Hinzert","typ":"KZ / Außenlager","func_1":6,"func_1_label":"SS-Lagerbau / Landwirtschaft","func_2":0,"func_2_label":"Keine bekannte Arbeit","datum_eroeffnung":"1944-09-15","datum_schliessung":"1944-12-15","open_text":"\"Probably September 22, 1944\"","close_text":"\"Proabbly dissolved by December 2, 1944\"","peak_population":1,"haftlinge":"","firmen":"","nationen":"Mostly Luxemburgers, Polish, Belgian","lat":50.049999,"lon":8.9833,"koppermann_naehe":"kontext","quelle":"USHMM Encyclopedia of Camps and Ghettos Vol. 1 / Holocaust Geographies Collaborative (Knowles et al. 2014)"},"geometry":{"type":"Point","coordinates":[8.9833,50.049999]}},{"type":"Feature","properties":{"id":"09-0966-0","name":"Trier (Sicherungsstab)","hauptlager":"Hinzert","typ":"KZ / Außenlager","func_1":1,"func_1_label":"Unbekannte/unspezifische Arbeit","func_2":0,"func_2_label":"Keine bekannte Arbeit","datum_eroeffnung":"1940-06-15","datum_schliessung":null,"open_text":"\"First mentioned June 2, 1940, may have been as late as May 1941\"","close_text":"","peak_population":1,"haftlinge":"People not complying with the National Socialist way of life","firmen":"","nationen":"","lat":49.75,"lon":6.633299,"koppermann_naehe":"lazarett_ort","quelle":"USHMM Encyclopedia of Camps and Ghettos Vol. 1 / Holocaust Geographies Collaborative (Knowles et al. 2014)"},"geometry":{"type":"Point","coordinates":[6.633299,49.75]}},{"type":"Feature","properties":{"id":"16-0057-3","name":"Beendorf (\"AIII\") [aka Helmstedt]","hauptlager":"Neuengamme","typ":"KZ / Außenlager","func_1":4,"func_1_label":"Rüstung / Munition","func_2":3,"func_2_label":"Bau (Gebäude, Straßen, Tunnel)","datum_eroeffnung":"1943-12-15","datum_schliessung":"1945-04-15","open_text":"\"December 1943\"","close_text":"\"Probably evacuated April 8, 1945\"","peak_population":4350,"haftlinge":"Some Jewish","firmen":"Askania- Werke AG, Hakenfelde GmbH subsidiary of Siemens&Halske and Siemens-Schuckertwerke","nationen":"German, French","lat":52.237981,"lon":11.091363,"koppermann_naehe":"kontext","quelle":"USHMM Encyclopedia of Camps and Ghettos Vol. 1 / Holocaust Geographies Collaborative (Knowles et al. 2014)"},"geometry":{"type":"Point","coordinates":[11.091363,52.237981]}},{"type":"Feature","properties":{"id":"16-0119-2","name":"Boizenburg","hauptlager":"Neuengamme","typ":"KZ / Außenlager","func_1":4,"func_1_label":"Rüstung / Munition","func_2":0,"func_2_label":"Keine bekannte Arbeit","datum_eroeffnung":"1944-08-15","datum_schliessung":"1945-05-15","open_text":"\"August 1944\"","close_text":"\"Late April/Early May 1945\"","peak_population":400,"haftlinge":"Jewish","firmen":"Thomsen & Co.","nationen":"Hungarian","lat":53.3833,"lon":10.7167,"koppermann_naehe":"kontext","quelle":"USHMM Encyclopedia of Camps and Ghettos Vol. 1 / Holocaust Geographies Collaborative (Knowles et al. 2014)"},"geometry":{"type":"Point","coordinates":[10.7167,53.3833]}},{"type":"Feature","properties":{"id":"16-0129-1","name":"Braunschweig (Büssing NAG)","hauptlager":"Neuengamme","typ":"KZ / Außenlager","func_1":4,"func_1_label":"Rüstung / Munition","func_2":0,"func_2_label":"Keine bekannte Arbeit","datum_eroeffnung":"1944-06-15","datum_schliessung":"1945-06-15","open_text":"\"Camp completed end of October, 1944\"","close_text":"\"Evacuated end of March, 1945\"","peak_population":1,"haftlinge":"Mostly Polish Jews, some Hungarian and Czech Jews as well, a few criminals","firmen":"Bussing","nationen":"Polish, Russian, French, German","lat":52.2667,"lon":10.5333,"koppermann_naehe":"kontext","quelle":"USHMM Encyclopedia of Camps and Ghettos Vol. 1 / Holocaust Geographies Collaborative (Knowles et al. 2014)"},"geometry":{"type":"Point","coordinates":[10.5333,52.2667]}},{"type":"Feature","properties":{"id":"16-0130-2","name":"Braunschweig (SS-Reitschule)","hauptlager":"Neuengamme","typ":"KZ / Außenlager","func_1":7,"func_1_label":"Ziviler Verteidigungsbau (Bunker, Trümmerräumung)","func_2":0,"func_2_label":"Keine bekannte Arbeit","datum_eroeffnung":"1944-12-15","datum_schliessung":"1945-02-15","open_text":"\"Around Christmas 1944\"","close_text":"\"Evacuated Mid to late February, 1945, camp existed for 2 months\"","peak_population":800,"haftlinge":"Jewish","firmen":"","nationen":"Mostly Hungarian, Czech as well","lat":52.2419,"lon":10.5415,"koppermann_naehe":"kontext","quelle":"USHMM Encyclopedia of Camps and Ghettos Vol. 1 / Holocaust Geographies Collaborative (Knowles et al. 2014)"},"geometry":{"type":"Point","coordinates":[10.5415,52.2419]}},{"type":"Feature","properties":{"id":"16-0131-1","name":"Braunschweig (Truppenwirtschaftslager)","hauptlager":"Neuengamme","typ":"KZ / Außenlager","func_1":3,"func_1_label":"Bau (Gebäude, Straßen, Tunnel)","func_2":6,"func_2_label":"SS-Lagerbau / Landwirtschaft","datum_eroeffnung":"1944-03-15","datum_schliessung":"1944-06-15","open_text":"\"March 25, 1944\"","close_text":"\"June 5, 1944\"","peak_population":1,"haftlinge":"","firmen":"","nationen":"","lat":52.2641,"lon":10.5264,"koppermann_naehe":"kontext","quelle":"USHMM Encyclopedia of Camps and Ghettos Vol. 1 / Holocaust Geographies Collaborative (Knowles et al. 2014)"},"geometry":{"type":"Point","coordinates":[10.5264,52.2641]}},{"type":"Feature","properties":{"id":"16-0134-0","name":"Bremen-Blumenthal [aka Bremen Deschimag, Bahrsplate]","hauptlager":"Neuengamme","typ":"KZ / Außenlager","func_1":4,"func_1_label":"Rüstung / Munition","func_2":0,"func_2_label":"Keine bekannte Arbeit","datum_eroeffnung":"1944-08-15","datum_schliessung":"1945-04-15","open_text":"\"August/September 1944\"","close_text":"\"April 9, 1945\"","peak_population":929,"haftlinge":"Some Jewish","firmen":"Krupp Company, Deschimag AG, Oberbaurat Meiners, Bremen Wollkammerei","nationen":"Belgian, Polish, Russian, Ukranian, a few German","lat":53.0833,"lon":8.8,"koppermann_naehe":"kontext","quelle":"USHMM Encyclopedia of Camps and Ghettos Vol. 1 / Holocaust Geographies Collaborative (Knowles et al. 2014)"},"geometry":{"type":"Point","coordinates":[8.8,53.0833]}},{"type":"Feature","properties":{"id":"16-0135-0","name":"Bremen-Farge","hauptlager":"Neuengamme","typ":"KZ / Außenlager","func_1":3,"func_1_label":"Bau (Gebäude, Straßen, Tunnel)","func_2":0,"func_2_label":"Keine bekannte Arbeit","datum_eroeffnung":"1944-08-15","datum_schliessung":"1945-04-15","open_text":"\"August 1, 1944\"","close_text":"\"Evacuation began April 10, 1945\"","peak_population":2092,"haftlinge":"","firmen":"Krupp Company, Deschimag AG, Oberbaurat Meiners, Bremen Vulkan- Shipyard","nationen":"Polish, Russian, French, Greek","lat":53.2014,"lon":8.53107,"koppermann_naehe":"kontext","quelle":"USHMM Encyclopedia of Camps and Ghettos Vol. 1 / Holocaust Geographies Collaborative (Knowles et al. 2014)"},"geometry":{"type":"Point","coordinates":[8.53107,53.2014]}},{"type":"Feature","properties":{"id":"16-0136-1","name":"Bremen-Neuenland [aka Bremen-Kriegsmarine]","hauptlager":"Neuengamme","typ":"KZ / Außenlager","func_1":3,"func_1_label":"Bau (Gebäude, Straßen, Tunnel)","func_2":0,"func_2_label":"Keine bekannte Arbeit","datum_eroeffnung":"1944-08-15","datum_schliessung":"1944-11-15","open_text":"\"August 1944\"","close_text":"\"November 1944\"","peak_population":1000,"haftlinge":"Polish Political","firmen":"Krupp Company, Deschimag AG,","nationen":"French, Russian, Belgian, Italian, Spanish","lat":53.075,"lon":8.80708,"koppermann_naehe":"kontext","quelle":"USHMM Encyclopedia of Camps and Ghettos Vol. 1 / Holocaust Geographies Collaborative (Knowles et al. 2014)"},"geometry":{"type":"Point","coordinates":[8.80708,53.075]}},{"type":"Feature","properties":{"id":"17-0790-0","name":"Prenzlau-Kleine Heide [also Hindenburg, Birkenhain]","hauptlager":"Ravensbrück","typ":"KZ / Außenlager","func_1":3,"func_1_label":"Bau (Gebäude, Straßen, Tunnel)","func_2":6,"func_2_label":"SS-Lagerbau / Landwirtschaft","datum_eroeffnung":"1943-06-15","datum_schliessung":"1945-06-15","open_text":"\"In all likelihood, late summer 1943\"","close_text":"\"Dissolution presumably took place in late March, 1945\"","peak_population":172,"haftlinge":"","firmen":"","nationen":"","lat":53.3167,"lon":13.8667,"koppermann_naehe":"kontext","quelle":"USHMM Encyclopedia of Camps and Ghettos Vol. 1 / Holocaust Geographies Collaborative (Knowles et al. 2014)"},"geometry":{"type":"Point","coordinates":[13.8667,53.3167]}},{"type":"Feature","properties":{"id":"18-0837-0","name":"Riga (Lenta) (SD-Werkstätte)","hauptlager":"Riga-Kaiserwald","typ":"KZ / Außenlager","func_1":5,"func_1_label":"Nicht-Rüstungsproduktion (Textil, Glas, Lebensmittel)","func_2":0,"func_2_label":"Keine bekannte Arbeit","datum_eroeffnung":"1943-08-15","datum_schliessung":"1944-08-15","open_text":"\"August 18, 1943\"","close_text":"\"August 25, 1944\"","peak_population":1083,"haftlinge":"","firmen":"","nationen":"","lat":56.9465,"lon":24.1049,"koppermann_naehe":"kontext","quelle":"USHMM Encyclopedia of Camps and Ghettos Vol. 1 / Holocaust Geographies Collaborative (Knowles et al. 2014)"},"geometry":{"type":"Point","coordinates":[24.1049,56.9465]}},{"type":"Feature","properties":{"id":"18-0838-0","name":"Riga (Mühlgraben) [aka Ultra]","hauptlager":"Riga-Kaiserwald","typ":"KZ / Außenlager","func_1":6,"func_1_label":"SS-Lagerbau / Landwirtschaft","func_2":0,"func_2_label":"Keine bekannte Arbeit","datum_eroeffnung":"1943-08-15","datum_schliessung":"1944-08-15","open_text":"\"August 18, 1943\"","close_text":"\"Evacuated August 6, 1944\"","peak_population":1500,"haftlinge":"","firmen":"","nationen":"","lat":56.9465,"lon":24.1049,"koppermann_naehe":"kontext","quelle":"USHMM Encyclopedia of Camps and Ghettos Vol. 1 / Holocaust Geographies Collaborative (Knowles et al. 2014)"},"geometry":{"type":"Point","coordinates":[24.1049,56.9465]}},{"type":"Feature","properties":{"id":"16-0137-2","name":"Bremen-Obernheide","hauptlager":"Neuengamme","typ":"KZ / Außenlager","func_1":7,"func_1_label":"Ziviler Verteidigungsbau (Bunker, Trümmerräumung)","func_2":3,"func_2_label":"Bau (Gebäude, Straßen, Tunnel)","datum_eroeffnung":"1944-09-15","datum_schliessung":"1945-04-15","open_text":"\"September 1944\"","close_text":"\"April 1945\"","peak_population":800,"haftlinge":"Jewish","firmen":"Karl Gesselmann, Hermann Bodecker, Heinrich Ebeling, Kirbitz & Breiter, Stehmeyer & Bischoff, Heitmann, Friedrich Rodieck, Dietrich Rohlfs, Siemer & Muller, Luning & Sohn","nationen":"Hungarian, Polish","lat":53.0034,"lon":8.74371,"koppermann_naehe":"kontext","quelle":"USHMM Encyclopedia of Camps and Ghettos Vol. 1 / Holocaust Geographies Collaborative (Knowles et al. 2014)"},"geometry":{"type":"Point","coordinates":[8.74371,53.0034]}},{"type":"Feature","properties":{"id":"16-0138-0","name":"Bremen-Osterort [aka bremen-Riespott, Bremen-Kriegsmarine]","hauptlager":"Neuengamme","typ":"KZ / Außenlager","func_1":4,"func_1_label":"Rüstung / Munition","func_2":7,"func_2_label":"Ziviler Verteidigungsbau (Bunker, Trümmerräumung)","datum_eroeffnung":"1944-11-15","datum_schliessung":"1945-04-15","open_text":"\"November 28, 1944\"","close_text":"\"Evacuation began April 6, 1945\"","peak_population":1000,"haftlinge":"","firmen":"Weser- Flug, Deschimag AG, Norddeutsche Hutte","nationen":"French","lat":53.0741,"lon":8.81054,"koppermann_naehe":"kontext","quelle":"USHMM Encyclopedia of Camps and Ghettos Vol. 1 / Holocaust Geographies Collaborative (Knowles et al. 2014)"},"geometry":{"type":"Point","coordinates":[8.81054,53.0741]}},{"type":"Feature","properties":{"id":"16-0139-0","name":"Bremen-Schützenhof [aka Bremen Deschimag]","hauptlager":"Neuengamme","typ":"KZ / Außenlager","func_1":4,"func_1_label":"Rüstung / Munition","func_2":0,"func_2_label":"Keine bekannte Arbeit","datum_eroeffnung":"1944-12-15","datum_schliessung":"1945-04-15","open_text":"\"December 25/26, 1944\"","close_text":"\"Evacuated beggining of April, 1945\"","peak_population":1000,"haftlinge":"Jewish from all the listed countries, and Non-Jews from all the listed countries","firmen":"Deschimag AG, Krupp Co.","nationen":"Czech, German, Russian, Polish, Belgian","lat":53.1263,"lon":8.7472,"koppermann_naehe":"kontext","quelle":"USHMM Encyclopedia of Camps and Ghettos Vol. 1 / Holocaust Geographies Collaborative (Knowles et al. 2014)"},"geometry":{"type":"Point","coordinates":[8.7472,53.1263]}},{"type":"Feature","properties":{"id":"16-0140-2","name":"Bremen-Uphusen (Behelfswohnbau)","hauptlager":"Neuengamme","typ":"KZ / Außenlager","func_1":3,"func_1_label":"Bau (Gebäude, Straßen, Tunnel)","func_2":0,"func_2_label":"Keine bekannte Arbeit","datum_eroeffnung":"1945-02-15","datum_schliessung":"1945-04-15","open_text":"\"February 1945\"","close_text":"\"April 1945\"","peak_population":100,"haftlinge":"All Jewish","firmen":"Friedrich Rodieck, Luning & Sohn,  Diedrich Rohlfs","nationen":"Hungarian, Polish","lat":53.0272,"lon":8.97978,"koppermann_naehe":"kontext","quelle":"USHMM Encyclopedia of Camps and Ghettos Vol. 1 / Holocaust Geographies Collaborative (Knowles et al. 2014)"},"geometry":{"type":"Point","coordinates":[8.97978,53.0272]}},{"type":"Feature","properties":{"id":"16-0141-2","name":"Bremen-Vegesack","hauptlager":"Neuengamme","typ":"KZ / Außenlager","func_1":7,"func_1_label":"Ziviler Verteidigungsbau (Bunker, Trümmerräumung)","func_2":0,"func_2_label":"Keine bekannte Arbeit","datum_eroeffnung":"1944-07-15","datum_schliessung":"1944-08-15","open_text":"\"July 1944\"","close_text":"\"September 1944\"","peak_population":500,"haftlinge":"Maybe Jewish","firmen":"","nationen":"Polish","lat":53.1841,"lon":8.6194,"koppermann_naehe":"kontext","quelle":"USHMM Encyclopedia of Camps and Ghettos Vol. 1 / Holocaust Geographies Collaborative (Knowles et al. 2014)"},"geometry":{"type":"Point","coordinates":[8.6194,53.1841]}},{"type":"Feature","properties":{"id":"16-0142-1","name":"Bremen (Borgward-Werke)","hauptlager":"Neuengamme","typ":"KZ / Außenlager","func_1":4,"func_1_label":"Rüstung / Munition","func_2":0,"func_2_label":"Keine bekannte Arbeit","datum_eroeffnung":"1944-08-15","datum_schliessung":"1944-10-15","open_text":"\"August 25, 1944\"","close_text":"\"October 12, 1944\"","peak_population":1000,"haftlinge":"","firmen":"Borgward- Werke","nationen":"","lat":53.0526,"lon":8.8213,"koppermann_naehe":"kontext","quelle":"USHMM Encyclopedia of Camps and Ghettos Vol. 1 / Holocaust Geographies Collaborative (Knowles et al. 2014)"},"geometry":{"type":"Point","coordinates":[8.8213,53.0526]}},{"type":"Feature","properties":{"id":"16-0143-0","name":"Bremen (Hindenburgkaserne)","hauptlager":"Neuengamme","typ":"KZ / Außenlager","func_1":7,"func_1_label":"Ziviler Verteidigungsbau (Bunker, Trümmerräumung)","func_2":3,"func_2_label":"Bau (Gebäude, Straßen, Tunnel)","datum_eroeffnung":"1943-09-15","datum_schliessung":"1944-09-15","open_text":"\"First prisoners September 1943\"","close_text":"\"Camp destroyed September 26, 1944\"","peak_population":500,"haftlinge":"Jewish","firmen":"Karl Gesselmann, Hermann Bodecker, Heinrich Ebeling, Kirbitz & Breiter, Stehmeyer & Bischoff, Heitmann, Friedrich Rodieck, Dietrich Rohlfs, Siemer & Muller, Luning & Sohn","nationen":"Hungarian, Polish","lat":53.0533,"lon":8.8191,"koppermann_naehe":"kontext","quelle":"USHMM Encyclopedia of Camps and Ghettos Vol. 1 / Holocaust Geographies Collaborative (Knowles et al. 2014)"},"geometry":{"type":"Point","coordinates":[8.8191,53.0533]}},{"type":"Feature","properties":{"id":"16-0200-1","name":"Darss-Wieck","hauptlager":"Neuengamme","typ":"KZ / Außenlager","func_1":6,"func_1_label":"SS-Lagerbau / Landwirtschaft","func_2":0,"func_2_label":"Keine bekannte Arbeit","datum_eroeffnung":"1941-01-15","datum_schliessung":"1941-02-15","open_text":"\"January 1941\"","close_text":"\"February 1941\"","peak_population":50,"haftlinge":"Jehovah's Witnesses","firmen":"","nationen":"","lat":54.433111,"lon":12.550507,"koppermann_naehe":"kontext","quelle":"USHMM Encyclopedia of Camps and Ghettos Vol. 1 / Holocaust Geographies Collaborative (Knowles et al. 2014)"},"geometry":{"type":"Point","coordinates":[12.550507,54.43311]}},{"type":"Feature","properties":{"id":"16-0201-1","name":"Darss-Zingst","hauptlager":"Neuengamme","typ":"KZ / Außenlager","func_1":6,"func_1_label":"SS-Lagerbau / Landwirtschaft","func_2":0,"func_2_label":"Keine bekannte Arbeit","datum_eroeffnung":"1941-12-15","datum_schliessung":"1942-04-15","open_text":"\"December 1941\"","close_text":"\"April 1942\"","peak_population":50,"haftlinge":"Jehovah's Witnesses","firmen":"","nationen":"","lat":54.4355,"lon":12.6831,"koppermann_naehe":"kontext","quelle":"USHMM Encyclopedia of Camps and Ghettos Vol. 1 / Holocaust Geographies Collaborative (Knowles et al. 2014)"},"geometry":{"type":"Point","coordinates":[12.6831,54.4355]}},{"type":"Feature","properties":{"id":"06-0787-0","name":"Pottenstein","hauptlager":"Flossenbürg","typ":"KZ / Außenlager","func_1":3,"func_1_label":"Bau (Gebäude, Straßen, Tunnel)","func_2":0,"func_2_label":"Keine bekannte Arbeit","datum_eroeffnung":"1942-10-15","datum_schliessung":"1945-04-15","open_text":"\"October 12, 1942\"","close_text":"\"April 16, 1945\"","peak_population":649,"haftlinge":"","firmen":"","nationen":"","lat":49.7667,"lon":11.4167,"koppermann_naehe":"kontext","quelle":"USHMM Encyclopedia of Camps and Ghettos Vol. 1 / Holocaust Geographies Collaborative (Knowles et al. 2014)"},"geometry":{"type":"Point","coordinates":[11.4167,49.7667]}},{"type":"Feature","properties":{"id":"06-0798-0","name":"Rabstein","hauptlager":"Flossenbürg","typ":"KZ / Außenlager","func_1":4,"func_1_label":"Rüstung / Munition","func_2":0,"func_2_label":"Keine bekannte Arbeit","datum_eroeffnung":"1944-06-15","datum_schliessung":"1945-05-15","open_text":"\"Summer 1944\"","close_text":"","peak_population":690,"haftlinge":"","firmen":"Flugzeubau GmbH","nationen":"Romanians, Ukranian, Croat,Lithuanian, Polish, Italian, French, Belgian, Swiss, Czech","lat":49.583301,"lon":13.1,"koppermann_naehe":"kontext","quelle":"USHMM Encyclopedia of Camps and Ghettos Vol. 1 / Holocaust Geographies Collaborative (Knowles et al. 2014)"},"geometry":{"type":"Point","coordinates":[13.1,49.583301]}},{"type":"Feature","properties":{"id":"06-0809-1","name":"Regensburg [aka Colosseum]","hauptlager":"Flossenbürg","typ":"KZ / Außenlager","func_1":7,"func_1_label":"Ziviler Verteidigungsbau (Bunker, Trümmerräumung)","func_2":5,"func_2_label":"Nicht-Rüstungsproduktion (Textil, Glas, Lebensmittel)","datum_eroeffnung":"1945-03-15","datum_schliessung":"1945-04-15","open_text":"\"March 9, 1945\"","close_text":"","peak_population":400,"haftlinge":"","firmen":"","nationen":"Hungarians, Czech, Italian, Croat, Russian, Blegian, Polish","lat":49.0167,"lon":12.1,"koppermann_naehe":"kontext","quelle":"USHMM Encyclopedia of Camps and Ghettos Vol. 1 / Holocaust Geographies Collaborative (Knowles et al. 2014)"},"geometry":{"type":"Point","coordinates":[12.1,49.0167]}},{"type":"Feature","properties":{"id":"06-0841-3","name":"Rochlitz","hauptlager":"Flossenbürg","typ":"KZ / Außenlager","func_1":4,"func_1_label":"Rüstung / Munition","func_2":0,"func_2_label":"Keine bekannte Arbeit","datum_eroeffnung":"1944-09-15","datum_schliessung":"1945-03-15","open_text":"\"Septenber 14, 1944\"","close_text":"\"March 28, 1945\"","peak_population":402,"haftlinge":"Jewish","firmen":"Mechanik GmbH Rochlitz subsidiary of The Leipzig Pitter-Werkzeugmaschinenbau Concern","nationen":"Polish, Hungarian and Transylvanian","lat":51.049999,"lon":12.8,"koppermann_naehe":"kontext","quelle":"USHMM Encyclopedia of Camps and Ghettos Vol. 1 / Holocaust Geographies Collaborative (Knowles et al. 2014)"},"geometry":{"type":"Point","coordinates":[12.8,51.049999]}},{"type":"Feature","properties":{"id":"06-0853-1","name":"Saal an der Donau [aka Ring Me]","hauptlager":"Flossenbürg","typ":"KZ / Außenlager","func_1":3,"func_1_label":"Bau (Gebäude, Straßen, Tunnel)","func_2":0,"func_2_label":"Keine bekannte Arbeit","datum_eroeffnung":"1944-11-15","datum_schliessung":"1945-04-15","open_text":"\"November 1944\"","close_text":"","peak_population":671,"haftlinge":"Mostly Jewish","firmen":"Messerschmitt","nationen":"","lat":48.8833,"lon":11.9167,"koppermann_naehe":"kontext","quelle":"USHMM Encyclopedia of Camps and Ghettos Vol. 1 / Holocaust Geographies Collaborative (Knowles et al. 2014)"},"geometry":{"type":"Point","coordinates":[11.9167,48.8833]}},{"type":"Feature","properties":{"id":"06-0872-0","name":"Schlackenwerth","hauptlager":"Flossenbürg","typ":"KZ / Außenlager","func_1":3,"func_1_label":"Bau (Gebäude, Straßen, Tunnel)","func_2":6,"func_2_label":"SS-Lagerbau / Landwirtschaft","datum_eroeffnung":"1943-05-15","datum_schliessung":"1945-06-15","open_text":"\"May 1943\"","close_text":"","peak_population":121,"haftlinge":"No Jews","firmen":"","nationen":"German, a Belgian, French, Italian, Yugoslavian, 1 Dutch, 1 Croat, Polish, Russians, Czech, 1 Hungarian","lat":50.299999,"lon":12.949999,"koppermann_naehe":"kontext","quelle":"USHMM Encyclopedia of Camps and Ghettos Vol. 1 / Holocaust Geographies Collaborative (Knowles et al. 2014)"},"geometry":{"type":"Point","coordinates":[12.949999,50.299999]}},{"type":"Feature","properties":{"id":"06-0888-0","name":"Schönheide","hauptlager":"Flossenbürg","typ":"KZ / Außenlager","func_1":3,"func_1_label":"Bau (Gebäude, Straßen, Tunnel)","func_2":0,"func_2_label":"Keine bekannte Arbeit","datum_eroeffnung":"1945-02-15","datum_schliessung":"1945-04-15","open_text":"\"February 21, 1945\"","close_text":"","peak_population":50,"haftlinge":"Jews and Non Jews","firmen":"R. Fuess Company","nationen":"Czech, Polish, Germans, Hungarian, Bulgarian, Russian, French, Italians, Belgian, Yugoslavian","lat":50.5,"lon":12.5333,"koppermann_naehe":"kontext","quelle":"USHMM Encyclopedia of Camps and Ghettos Vol. 1 / Holocaust Geographies Collaborative (Knowles et al. 2014)"},"geometry":{"type":"Point","coordinates":[12.5333,50.5]}},{"type":"Feature","properties":{"id":"06-0896-0","name":"Seifhennersdorf","hauptlager":"Flossenbürg","typ":"KZ / Außenlager","func_1":3,"func_1_label":"Bau (Gebäude, Straßen, Tunnel)","func_2":0,"func_2_label":"Keine bekannte Arbeit","datum_eroeffnung":"1944-01-15","datum_schliessung":"1945-03-15","open_text":"\"January 17, 1944\"","close_text":"\"March 16, 1945\"","peak_population":30,"haftlinge":"","firmen":"","nationen":"German,Yugoslavs, Polish, Russian, Czech","lat":50.9333,"lon":14.6167,"koppermann_naehe":"kontext","quelle":"USHMM Encyclopedia of Camps and Ghettos Vol. 1 / Holocaust Geographies Collaborative (Knowles et al. 2014)"},"geometry":{"type":"Point","coordinates":[14.6167,50.9333]}},{"type":"Feature","properties":{"id":"06-0902-1","name":"Siegmar-Schönau","hauptlager":"Flossenbürg","typ":"KZ / Außenlager","func_1":7,"func_1_label":"Ziviler Verteidigungsbau (Bunker, Trümmerräumung)","func_2":0,"func_2_label":"Keine bekannte Arbeit","datum_eroeffnung":"1944-09-15","datum_schliessung":"1945-06-15","open_text":"\"September 10, 1944\"","close_text":"","peak_population":401,"haftlinge":"Jews","firmen":"Auto Union AG","nationen":"Polish","lat":50.816699,"lon":12.85,"koppermann_naehe":"kontext","quelle":"USHMM Encyclopedia of Camps and Ghettos Vol. 1 / Holocaust Geographies Collaborative (Knowles et al. 2014)"},"geometry":{"type":"Point","coordinates":[12.85,50.816699]}},{"type":"Feature","properties":{"id":"06-0916-1","name":"St. Georgenthal","hauptlager":"Flossenbürg","typ":"KZ / Außenlager","func_1":4,"func_1_label":"Rüstung / Munition","func_2":3,"func_2_label":"Bau (Gebäude, Straßen, Tunnel)","datum_eroeffnung":"1944-10-15","datum_schliessung":"1945-02-15","open_text":"\"October 10, 1944\"","close_text":"\"February 28, 1945\"","peak_population":50,"haftlinge":"1 German Political, No Jews","firmen":"A. Schultze Jr.","nationen":"Mostly Polish, and Russian, some French, Italian and Czech, 1 German","lat":50.866699,"lon":14.566699,"koppermann_naehe":"kontext","quelle":"USHMM Encyclopedia of Camps and Ghettos Vol. 1 / Holocaust Geographies Collaborative (Knowles et al. 2014)"},"geometry":{"type":"Point","coordinates":[14.566699,50.866699]}},{"type":"Feature","properties":{"id":"06-0928-0","name":"Steinschönau","hauptlager":"Flossenbürg","typ":"KZ / Außenlager","func_1":3,"func_1_label":"Bau (Gebäude, Straßen, Tunnel)","func_2":0,"func_2_label":"Keine bekannte Arbeit","datum_eroeffnung":"1944-09-15","datum_schliessung":"1945-01-15","open_text":"\"September 1944\"","close_text":"\"January 1945\"","peak_population":48,"haftlinge":"Non- Jewish, Political","firmen":"","nationen":"Polish, Russian, French, Czech, Italians and 1 German","lat":50.7667,"lon":14.816699,"koppermann_naehe":"kontext","quelle":"USHMM Encyclopedia of Camps and Ghettos Vol. 1 / Holocaust Geographies Collaborative (Knowles et al. 2014)"},"geometry":{"type":"Point","coordinates":[14.816699,50.7667]}},{"type":"Feature","properties":{"id":"06-0940-1","name":"Stulln","hauptlager":"Flossenbürg","typ":"KZ / Außenlager","func_1":3,"func_1_label":"Bau (Gebäude, Straßen, Tunnel)","func_2":0,"func_2_label":"Keine bekannte Arbeit","datum_eroeffnung":"1942-06-15","datum_schliessung":"1942-10-15","open_text":"\"Early 1942\"","close_text":"\"October 1942, prisoners transfered, last mentioned October 17, 1942\"","peak_population":204,"haftlinge":"POWs, others","firmen":"","nationen":"German, Russian, Polish","lat":49.416698,"lon":12.133299,"koppermann_naehe":"kontext","quelle":"USHMM Encyclopedia of Camps and Ghettos Vol. 1 / Holocaust Geographies Collaborative (Knowles et al. 2014)"},"geometry":{"type":"Point","coordinates":[12.133299,49.416698]}},{"type":"Feature","properties":{"id":"06-0993-2","name":"Venusberg","hauptlager":"Flossenbürg","typ":"KZ / Außenlager","func_1":4,"func_1_label":"Rüstung / Munition","func_2":0,"func_2_label":"Keine bekannte Arbeit","datum_eroeffnung":"1945-01-15","datum_schliessung":"1945-04-15","open_text":"\"January 15, 1945\"","close_text":"","peak_population":1000,"haftlinge":"Jewish","firmen":"Junkers Airplane","nationen":"Mostly Hungarian, Polish, Greek, French, Dutch, Italian, Czech, Slovakian, German, Turks, Yugoslavian","lat":50.7,"lon":13.016699,"koppermann_naehe":"kontext","quelle":"USHMM Encyclopedia of Camps and Ghettos Vol. 1 / Holocaust Geographies Collaborative (Knowles et al. 2014)"},"geometry":{"type":"Point","coordinates":[13.016699,50.7]}},{"type":"Feature","properties":{"id":"06-1039-2","name":"Wilischthal","hauptlager":"Flossenbürg","typ":"KZ / Außenlager","func_1":4,"func_1_label":"Rüstung / Munition","func_2":6,"func_2_label":"SS-Lagerbau / Landwirtschaft","datum_eroeffnung":"1944-10-15","datum_schliessung":"1945-04-15","open_text":"\"October 30, 1944\"","close_text":"\"April 15, 1945\"","peak_population":299,"haftlinge":"Jewish","firmen":"Deutsch Kuhl- und Kraftmaschinen GmbH subsidary of Auto Union AG","nationen":"Hungarians, Czech, Italian, Dutch, Russian, Belgian, Polish, Yugoslavian, French","lat":50.75,"lon":13.0333,"koppermann_naehe":"kontext","quelle":"USHMM Encyclopedia of Camps and Ghettos Vol. 1 / Holocaust Geographies Collaborative (Knowles et al. 2014)"},"geometry":{"type":"Point","coordinates":[13.0333,50.75]}},{"type":"Feature","properties":{"id":"06-1048-0","name":"Wolkenburg","hauptlager":"Flossenbürg","typ":"KZ / Außenlager","func_1":5,"func_1_label":"Nicht-Rüstungsproduktion (Textil, Glas, Lebensmittel)","func_2":0,"func_2_label":"Keine bekannte Arbeit","datum_eroeffnung":"1944-08-15","datum_schliessung":"1945-04-15","open_text":"\"August 19, 1944\"","close_text":"","peak_population":376,"haftlinge":"Gypsies","firmen":"Opta Radio AG Leipzig","nationen":"Sinti, Roma, Polish, German, Russians, Dutch, Italians, Yugoslaves, Czech, Belgian, French, 9 Stateless","lat":51.599998,"lon":14.266699,"koppermann_naehe":"kontext","quelle":"USHMM Encyclopedia of Camps and Ghettos Vol. 1 / Holocaust Geographies Collaborative (Knowles et al. 2014)"},"geometry":{"type":"Point","coordinates":[14.266699,51.599998]}},{"type":"Feature","properties":{"id":"06-1052-0","name":"Würzburg","hauptlager":"Flossenbürg","typ":"KZ / Außenlager","func_1":3,"func_1_label":"Bau (Gebäude, Straßen, Tunnel)","func_2":7,"func_2_label":"Ziviler Verteidigungsbau (Bunker, Trümmerräumung)","datum_eroeffnung":"1943-04-15","datum_schliessung":"1945-03-15","open_text":"\"April 17, 1943\"","close_text":"\"March 22, 1945\"","peak_population":58,"haftlinge":"Non- Jewish","firmen":"","nationen":"German, Yugoslav, Greek, French, Czech, Russian, Polish","lat":49.799999,"lon":9.9333,"koppermann_naehe":"kontext","quelle":"USHMM Encyclopedia of Camps and Ghettos Vol. 1 / Holocaust Geographies Collaborative (Knowles et al. 2014)"},"geometry":{"type":"Point","coordinates":[9.9333,49.799999]}},{"type":"Feature","properties":{"id":"06-1062-1","name":"Zschachwitz","hauptlager":"Flossenbürg","typ":"KZ / Außenlager","func_1":4,"func_1_label":"Rüstung / Munition","func_2":0,"func_2_label":"Keine bekannte Arbeit","datum_eroeffnung":"1944-10-15","datum_schliessung":"1945-04-15","open_text":"\"October 13, 1944\"","close_text":"\"April 26, 1945\"","peak_population":985,"haftlinge":"Jewish","firmen":"Braunschweig, of the Muhlenbau und Industrie AG","nationen":"Polish","lat":51.0,"lon":13.85,"koppermann_naehe":"kontext","quelle":"USHMM Encyclopedia of Camps and Ghettos Vol. 1 / Holocaust Geographies Collaborative (Knowles et al. 2014)"},"geometry":{"type":"Point","coordinates":[13.85,51.0]}},{"type":"Feature","properties":{"id":"06-1063-2","name":"Zschopau","hauptlager":"Flossenbürg","typ":"KZ / Außenlager","func_1":4,"func_1_label":"Rüstung / Munition","func_2":0,"func_2_label":"Keine bekannte Arbeit","datum_eroeffnung":"1944-11-15","datum_schliessung":"1945-04-15","open_text":"\"November 22, 1944\"","close_text":"\"April 14, 1945\"","peak_population":497,"haftlinge":"","firmen":"Mitteldeutschen Motorenwerke Taucha a subsidiary of The Auto Union Company","nationen":"Hungarians, Polish, French, Slovaks, Belgians, Yugoslavs, Germans,Czech","lat":50.75,"lon":13.066699,"koppermann_naehe":"kontext","quelle":"USHMM Encyclopedia of Camps and Ghettos Vol. 1 / Holocaust Geographies Collaborative (Knowles et al. 2014)"},"geometry":{"type":"Point","coordinates":[13.066699,50.75]}},{"type":"Feature","properties":{"id":"07-0052-0","name":"Bautzen","hauptlager":"Gross Rosen","typ":"KZ / Außenlager","func_1":5,"func_1_label":"Nicht-Rüstungsproduktion (Textil, Glas, Lebensmittel)","func_2":0,"func_2_label":"Keine bekannte Arbeit","datum_eroeffnung":"1944-10-15","datum_schliessung":"1945-04-15","open_text":"\"First transport, October 17, 1944\"","close_text":"\"Evacuated April 19, 1945\"","peak_population":500,"haftlinge":"","firmen":"","nationen":"","lat":51.1833,"lon":14.4333,"koppermann_naehe":"kontext","quelle":"USHMM Encyclopedia of Camps and Ghettos Vol. 1 / Holocaust Geographies Collaborative (Knowles et al. 2014)"},"geometry":{"type":"Point","coordinates":[14.4333,51.1833]}},{"type":"Feature","properties":{"id":"07-0127-0","name":"Spohla/Brandhofen","hauptlager":"Gross Rosen","typ":"KZ / Außenlager","func_1":7,"func_1_label":"Ziviler Verteidigungsbau (Bunker, Trümmerräumung)","func_2":0,"func_2_label":"Keine bekannte Arbeit","datum_eroeffnung":"1945-03-15","datum_schliessung":"1945-04-15","open_text":"\"March 1, 1945\"","close_text":"\"Liberated April 21, 1945\"","peak_population":500,"haftlinge":"","firmen":"","nationen":"","lat":51.400001,"lon":14.266699,"koppermann_naehe":"kontext","quelle":"USHMM Encyclopedia of Camps and Ghettos Vol. 1 / Holocaust Geographies Collaborative (Knowles et al. 2014)"},"geometry":{"type":"Point","coordinates":[14.266699,51.400001]}},{"type":"Feature","properties":{"id":"07-0311-0","name":"Gebhardsdorf [aka Friedeberg]","hauptlager":"Gross Rosen","typ":"KZ / Außenlager","func_1":4,"func_1_label":"Rüstung / Munition","func_2":0,"func_2_label":"Keine bekannte Arbeit","datum_eroeffnung":"1944-09-15","datum_schliessung":"1945-01-15","open_text":"\"Probably established in September, 1944\"","close_text":"\"January 18, 1945\"","peak_population":300,"haftlinge":"","firmen":"","nationen":"","lat":50.966701,"lon":15.333299,"koppermann_naehe":"kontext","quelle":"USHMM Encyclopedia of Camps and Ghettos Vol. 1 / Holocaust Geographies Collaborative (Knowles et al. 2014)"},"geometry":{"type":"Point","coordinates":[15.333299,50.966701]}},{"type":"Feature","properties":{"id":"06-1066-0","name":"Zwickau at Flossenbürg","hauptlager":"Flossenbürg","typ":"KZ / Außenlager","func_1":1,"func_1_label":"Unbekannte/unspezifische Arbeit","func_2":0,"func_2_label":"Keine bekannte Arbeit","datum_eroeffnung":"1944-09-15","datum_schliessung":"1945-04-15","open_text":"\"September 13, 1933\"","close_text":"\"April 14, 1945\"","peak_population":966,"haftlinge":"Leftists, Christians, Jews, Social Democrats, and Communists","firmen":"","nationen":"","lat":50.710217,"lon":12.473373,"koppermann_naehe":"kontext","quelle":"USHMM Encyclopedia of Camps and Ghettos Vol. 1 / Holocaust Geographies Collaborative (Knowles et al. 2014)"},"geometry":{"type":"Point","coordinates":[12.473373,50.710217]}},{"type":"Feature","properties":{"id":"06-1067-2","name":"Zwodau","hauptlager":"Flossenbürg","typ":"KZ / Außenlager","func_1":4,"func_1_label":"Rüstung / Munition","func_2":3,"func_2_label":"Bau (Gebäude, Straßen, Tunnel)","datum_eroeffnung":"1943-12-15","datum_schliessung":"1945-04-15","open_text":"\"As early as December 1943\"","close_text":"","peak_population":745,"haftlinge":"some Italian military internees, Hungarian Jews","firmen":"Luftfahrtgerate werk Hakenfelde Gmbh subsidiary of Siemens & Halske AG and Siemens-Schukertwerke AG","nationen":"Polish, German, French, Czech, Yugoslav, Hungarian","lat":50.1833,"lon":12.633299,"koppermann_naehe":"kontext","quelle":"USHMM Encyclopedia of Camps and Ghettos Vol. 1 / Holocaust Geographies Collaborative (Knowles et al. 2014)"},"geometry":{"type":"Point","coordinates":[12.633299,50.1833]}},{"type":"Feature","properties":{"id":"07-0026-0","name":"Aslau","hauptlager":"Gross Rosen","typ":"KZ / Außenlager","func_1":1,"func_1_label":"Unbekannte/unspezifische Arbeit","func_2":0,"func_2_label":"Keine bekannte Arbeit","datum_eroeffnung":"1944-07-15","datum_schliessung":"1945-02-15","open_text":"\"First transport July 14, 1944\"","close_text":"\"February 10, 1945\"","peak_population":550,"haftlinge":"","firmen":"Weserflug Aircraft Company","nationen":"Polish, Russian, French, German, Italian, Czech","lat":51.316699,"lon":15.75,"koppermann_naehe":"kontext","quelle":"USHMM Encyclopedia of Camps and Ghettos Vol. 1 / Holocaust Geographies Collaborative (Knowles et al. 2014)"},"geometry":{"type":"Point","coordinates":[15.75,51.316699]}},{"type":"Feature","properties":{"id":"07-0046-1","name":"Bad Warmbrunn","hauptlager":"Gross Rosen","typ":"KZ / Außenlager","func_1":4,"func_1_label":"Rüstung / Munition","func_2":0,"func_2_label":"Keine bekannte Arbeit","datum_eroeffnung":"1944-11-15","datum_schliessung":null,"open_text":"\"First mentioned transport November 1944\"","close_text":"","peak_population":800,"haftlinge":"Jewish","firmen":"","nationen":"Polish, Hungarian mostly, and Belgian, Dutch, Greek, and Czech","lat":50.033298,"lon":15.699999,"koppermann_naehe":"kontext","quelle":"USHMM Encyclopedia of Camps and Ghettos Vol. 1 / Holocaust Geographies Collaborative (Knowles et al. 2014)"},"geometry":{"type":"Point","coordinates":[15.699999,50.033298]}},{"type":"Feature","properties":{"id":"07-0051-2","name":"Bausnitz","hauptlager":"Gross Rosen","typ":"KZ / Außenlager","func_1":1,"func_1_label":"Unbekannte/unspezifische Arbeit","func_2":0,"func_2_label":"Keine bekannte Arbeit","datum_eroeffnung":"1944-03-15","datum_schliessung":null,"open_text":"\"March 23, 1944\"","close_text":"","peak_population":70,"haftlinge":"Jewish","firmen":"","nationen":"Poland, Hungarian","lat":50.549999,"lon":15.9833,"koppermann_naehe":"kontext","quelle":"USHMM Encyclopedia of Camps and Ghettos Vol. 1 / Holocaust Geographies Collaborative (Knowles et al. 2014)"},"geometry":{"type":"Point","coordinates":[15.9833,50.549999]}},{"type":"Feature","properties":{"id":"07-0097-2","name":"Bernsdorf","hauptlager":"Gross Rosen","typ":"KZ / Außenlager","func_1":5,"func_1_label":"Nicht-Rüstungsproduktion (Textil, Glas, Lebensmittel)","func_2":0,"func_2_label":"Keine bekannte Arbeit","datum_eroeffnung":"1940-31-15","datum_schliessung":"1945-05-15","open_text":"\"June 1941\"- First established, \"March 18, 1944\"- becomes subcamp of Gross-Rosen","close_text":"\"before May 10, 1945, SS guards fled May 9, 1945\"","peak_population":425,"haftlinge":"Jewish","firmen":"","nationen":"Polish, Hungarian, Bohemian, Slovakian, German","lat":50.650001,"lon":15.966699,"koppermann_naehe":"kontext","quelle":"USHMM Encyclopedia of Camps and Ghettos Vol. 1 / Holocaust Geographies Collaborative (Knowles et al. 2014)"},"geometry":{"type":"Point","coordinates":[15.966699,50.650001]}},{"type":"Feature","properties":{"id":"07-0098-2","name":"Bersdorf-Friedeberg","hauptlager":"Gross Rosen","typ":"KZ / Außenlager","func_1":5,"func_1_label":"Nicht-Rüstungsproduktion (Textil, Glas, Lebensmittel)","func_2":0,"func_2_label":"Keine bekannte Arbeit","datum_eroeffnung":"1944-07-15","datum_schliessung":"1945-02-15","open_text":"\"One day in July, 1944\"","close_text":"\"Evacuation began February 1945\"","peak_population":80,"haftlinge":"Jewish","firmen":"","nationen":"","lat":51.033298,"lon":16.299999,"koppermann_naehe":"kontext","quelle":"USHMM Encyclopedia of Camps and Ghettos Vol. 1 / Holocaust Geographies Collaborative (Knowles et al. 2014)"},"geometry":{"type":"Point","coordinates":[16.299999,51.033298]}},{"type":"Feature","properties":{"id":"07-0100-0","name":"Biesnitzer Grund [aka Görlitz]","hauptlager":"Gross Rosen","typ":"KZ / Außenlager","func_1":4,"func_1_label":"Rüstung / Munition","func_2":0,"func_2_label":"Keine bekannte Arbeit","datum_eroeffnung":"1944-08-15","datum_schliessung":"1945-02-15","open_text":"\"August 1944\"","close_text":"\"Evacuated February 18, 1945\"","peak_population":1600,"haftlinge":"","firmen":"","nationen":"","lat":51.150001,"lon":15.016699,"koppermann_naehe":"kontext","quelle":"USHMM Encyclopedia of Camps and Ghettos Vol. 1 / Holocaust Geographies Collaborative (Knowles et al. 2014)"},"geometry":{"type":"Point","coordinates":[15.016699,51.150001]}},{"type":"Feature","properties":{"id":"07-0102-0","name":"Birnbäumel","hauptlager":"Gross Rosen","typ":"KZ / Außenlager","func_1":7,"func_1_label":"Ziviler Verteidigungsbau (Bunker, Trümmerräumung)","func_2":0,"func_2_label":"Keine bekannte Arbeit","datum_eroeffnung":"1944-10-15","datum_schliessung":"1945-01-15","open_text":"\"October 22, 1944, first prisoners transported\"","close_text":"\"Probably evacuated January 19, 1945\"","peak_population":1000,"haftlinge":"All Jewish","firmen":"Unternehmen Barthold","nationen":"","lat":51.466701,"lon":17.149999,"koppermann_naehe":"kontext","quelle":"USHMM Encyclopedia of Camps and Ghettos Vol. 1 / Holocaust Geographies Collaborative (Knowles et al. 2014)"},"geometry":{"type":"Point","coordinates":[17.149999,51.466701]}},{"type":"Feature","properties":{"id":"07-0120-0","name":"Bolkenhain","hauptlager":"Gross Rosen","typ":"KZ / Außenlager","func_1":4,"func_1_label":"Rüstung / Munition","func_2":0,"func_2_label":"Keine bekannte Arbeit","datum_eroeffnung":"1944-08-15","datum_schliessung":"1945-02-15","open_text":"\"August 1944\"","close_text":"\"Mid- February 1945\"","peak_population":600,"haftlinge":"Almost All Jewish","firmen":"","nationen":"Mostly Hungarian and Polish, a few greek and German","lat":50.916698,"lon":16.1,"koppermann_naehe":"kontext","quelle":"USHMM Encyclopedia of Camps and Ghettos Vol. 1 / Holocaust Geographies Collaborative (Knowles et al. 2014)"},"geometry":{"type":"Point","coordinates":[16.1,50.916698]}},{"type":"Feature","properties":{"id":"07-0145-0","name":"Breslau-Lissa","hauptlager":"Gross Rosen","typ":"KZ / Außenlager","func_1":3,"func_1_label":"Bau (Gebäude, Straßen, Tunnel)","func_2":0,"func_2_label":"Keine bekannte Arbeit","datum_eroeffnung":"1942-08-15","datum_schliessung":"1945-01-15","open_text":"\"Mid August 1942, first transport probably arrived August 18, 1942\"","close_text":"\"Evacuated January 23, 1945\"","peak_population":500,"haftlinge":"","firmen":"","nationen":"Russians, Germans, Polish, Czech, Ukranian","lat":51.1445,"lon":16.8911,"koppermann_naehe":"kontext","quelle":"USHMM Encyclopedia of Camps and Ghettos Vol. 1 / Holocaust Geographies Collaborative (Knowles et al. 2014)"},"geometry":{"type":"Point","coordinates":[16.8911,51.1445]}},{"type":"Feature","properties":{"id":"07-0147-2","name":"Breslau-Hundsfeld","hauptlager":"Gross Rosen","typ":"KZ / Außenlager","func_1":4,"func_1_label":"Rüstung / Munition","func_2":0,"func_2_label":"Keine bekannte Arbeit","datum_eroeffnung":"1944-07-15","datum_schliessung":"1945-01-15","open_text":"\"July 1944\"","close_text":"\"Probably evacuated January 25, 1945\"","peak_population":1,"haftlinge":"Jewish","firmen":"Rheinmetall-Borsig Co.","nationen":"Polish, Hungarian","lat":51.1459,"lon":17.0356,"koppermann_naehe":"kontext","quelle":"USHMM Encyclopedia of Camps and Ghettos Vol. 1 / Holocaust Geographies Collaborative (Knowles et al. 2014)"},"geometry":{"type":"Point","coordinates":[17.0356,51.1459]}},{"type":"Feature","properties":{"id":"07-0148-0","name":"Breslau I","hauptlager":"Gross Rosen","typ":"KZ / Außenlager","func_1":4,"func_1_label":"Rüstung / Munition","func_2":0,"func_2_label":"Keine bekannte Arbeit","datum_eroeffnung":"1944-06-15","datum_schliessung":"1945-01-15","open_text":"\"First transport late August 1944\"","close_text":"\"Probably evacuated January 23, 1945\"","peak_population":2000,"haftlinge":"","firmen":"Fahrzeug- und Motorenwerke","nationen":"Polish, Russians, Czech mostly, some Yugoslavs, Dutch, French, Belgians, Germans","lat":51.099998,"lon":17.0333,"koppermann_naehe":"kontext","quelle":"USHMM Encyclopedia of Camps and Ghettos Vol. 1 / Holocaust Geographies Collaborative (Knowles et al. 2014)"},"geometry":{"type":"Point","coordinates":[17.0333,51.099998]}},{"type":"Feature","properties":{"id":"07-0149-0","name":"Breslau II","hauptlager":"Gross Rosen","typ":"KZ / Außenlager","func_1":4,"func_1_label":"Rüstung / Munition","func_2":0,"func_2_label":"Keine bekannte Arbeit","datum_eroeffnung":"1944-06-15","datum_schliessung":"1945-01-15","open_text":"\"First transport late August 1944\"","close_text":"\"Probably evacuated January 23, 1945\"","peak_population":2000,"haftlinge":"","firmen":"Linke Hofmann Werke, Borsig- Werke","nationen":"Polish, Ukrainians, Belgians, French, Czech, 13 Chinese","lat":51.1087,"lon":17.0388,"koppermann_naehe":"kontext","quelle":"USHMM Encyclopedia of Camps and Ghettos Vol. 1 / Holocaust Geographies Collaborative (Knowles et al. 2014)"},"geometry":{"type":"Point","coordinates":[17.0388,51.1087]}},{"type":"Feature","properties":{"id":"07-0151-0","name":"Brieg [aka Pampitz]","hauptlager":"Gross Rosen","typ":"KZ / Außenlager","func_1":3,"func_1_label":"Bau (Gebäude, Straßen, Tunnel)","func_2":0,"func_2_label":"Keine bekannte Arbeit","datum_eroeffnung":"1944-08-15","datum_schliessung":"1945-01-15","open_text":"\"August 7, 1944\"","close_text":"January 25, 1945\"","peak_population":1000,"haftlinge":"","firmen":"","nationen":"Polish, Russian, Czech","lat":50.866699,"lon":17.1667,"koppermann_naehe":"kontext","quelle":"USHMM Encyclopedia of Camps and Ghettos Vol. 1 / Holocaust Geographies Collaborative (Knowles et al. 2014)"},"geometry":{"type":"Point","coordinates":[17.1667,50.866699]}},{"type":"Feature","properties":{"id":"07-0156-3","name":"Brünnlitz","hauptlager":"Gross Rosen","typ":"KZ / Außenlager","func_1":4,"func_1_label":"Rüstung / Munition","func_2":0,"func_2_label":"Keine bekannte Arbeit","datum_eroeffnung":"1944-10-15","datum_schliessung":"1945-05-15","open_text":"\"October 22, 1944\"","close_text":"\"May 6, 1945\"","peak_population":998,"haftlinge":"Jews and Non-Jews","firmen":"Deutsche- Emailfabrik, Low Beer Textile company","nationen":"Polish, German, Hungarian, French, Czech, Slovak, Dutch, and Yugoslavian Jews","lat":49.6333,"lon":16.5167,"koppermann_naehe":"kontext","quelle":"USHMM Encyclopedia of Camps and Ghettos Vol. 1 / Holocaust Geographies Collaborative (Knowles et al. 2014)"},"geometry":{"type":"Point","coordinates":[16.5167,49.6333]}},{"type":"Feature","properties":{"id":"07-0162-3","name":"Bunzlau I","hauptlager":"Gross Rosen","typ":"KZ / Außenlager","func_1":3,"func_1_label":"Bau (Gebäude, Straßen, Tunnel)","func_2":0,"func_2_label":"Keine bekannte Arbeit","datum_eroeffnung":"1944-05-15","datum_schliessung":"1945-02-15","open_text":"\"May 1944\"","close_text":"\"February 10, 1945\"","peak_population":1000,"haftlinge":"Jews and Non-Jews","firmen":"","nationen":"Polish, Hungarian","lat":51.2667,"lon":15.566699,"koppermann_naehe":"kontext","quelle":"USHMM Encyclopedia of Camps and Ghettos Vol. 1 / Holocaust Geographies Collaborative (Knowles et al. 2014)"},"geometry":{"type":"Point","coordinates":[15.566699,51.2667]}},{"type":"Feature","properties":{"id":"07-0163-0","name":"Bunzlau II","hauptlager":"Gross Rosen","typ":"KZ / Außenlager","func_1":4,"func_1_label":"Rüstung / Munition","func_2":0,"func_2_label":"Keine bekannte Arbeit","datum_eroeffnung":"1944-10-15","datum_schliessung":"1945-02-15","open_text":"\"October 1944\"","close_text":"\"February 11, 1945\"","peak_population":650,"haftlinge":"","firmen":"Weser Flugzeugbau GmbH","nationen":"Mostly Polish and Russian. Others include German, French, Yugoslavs, Croat, Beglian, Italian, Czech, Volksdeutsch","lat":51.2659,"lon":15.5657,"koppermann_naehe":"kontext","quelle":"USHMM Encyclopedia of Camps and Ghettos Vol. 1 / Holocaust Geographies Collaborative (Knowles et al. 2014)"},"geometry":{"type":"Point","coordinates":[15.5657,51.2659]}},{"type":"Feature","properties":{"id":"07-0171-2","name":"Christianstadt","hauptlager":"Gross Rosen","typ":"KZ / Außenlager","func_1":6,"func_1_label":"SS-Lagerbau / Landwirtschaft","func_2":4,"func_2_label":"Rüstung / Munition","datum_eroeffnung":"1944-06-15","datum_schliessung":"1945-02-15","open_text":"\"Early 1944\"","close_text":"\"February 2 or 3, 1945\"","peak_population":1000,"haftlinge":"Jewish","firmen":"IG Farben, Dynamite AG","nationen":"Polish, Czech, Hungarian, Dutch, Austrian","lat":51.783298,"lon":15.25,"koppermann_naehe":"kontext","quelle":"USHMM Encyclopedia of Camps and Ghettos Vol. 1 / Holocaust Geographies Collaborative (Knowles et al. 2014)"},"geometry":{"type":"Point","coordinates":[15.25,51.783298]}},{"type":"Feature","properties":{"id":"07-0237-0","name":"Dyhernfurt I","hauptlager":"Gross Rosen","typ":"KZ / Außenlager","func_1":4,"func_1_label":"Rüstung / Munition","func_2":0,"func_2_label":"Keine bekannte Arbeit","datum_eroeffnung":"1943-06-15","datum_schliessung":"1945-01-15","open_text":"\"Mid- 1943\"","close_text":"\"January 24, 1945\"","peak_population":300,"haftlinge":"","firmen":"IG Farben sister Company Anorgana GmbH, Luranil Baugesellschaft mbH","nationen":"Russian, German, Czech, Polish","lat":51.2667,"lon":16.716699,"koppermann_naehe":"kontext","quelle":"USHMM Encyclopedia of Camps and Ghettos Vol. 1 / Holocaust Geographies Collaborative (Knowles et al. 2014)"},"geometry":{"type":"Point","coordinates":[16.716699,51.2667]}},{"type":"Feature","properties":{"id":"07-0293-2","name":"Freiburg in Schlesien","hauptlager":"Gross Rosen","typ":"KZ / Außenlager","func_1":4,"func_1_label":"Rüstung / Munition","func_2":0,"func_2_label":"Keine bekannte Arbeit","datum_eroeffnung":"1944-08-15","datum_schliessung":"1945-04-15","open_text":"\"August 1944\"","close_text":"\"March or April, 1945\"","peak_population":1000,"haftlinge":"Jewish","firmen":"Hildebrand und Frey Company, Allgemeine Elektrizitats- Gesellschaft","nationen":"","lat":50.866699,"lon":16.333299,"koppermann_naehe":"kontext","quelle":"USHMM Encyclopedia of Camps and Ghettos Vol. 1 / Holocaust Geographies Collaborative (Knowles et al. 2014)"},"geometry":{"type":"Point","coordinates":[16.333299,50.866699]}},{"type":"Feature","properties":{"id":"07-0238-0","name":"Dyhernfurt II [aka Lager Elfenhain]","hauptlager":"Gross Rosen","typ":"KZ / Außenlager","func_1":3,"func_1_label":"Bau (Gebäude, Straßen, Tunnel)","func_2":0,"func_2_label":"Keine bekannte Arbeit","datum_eroeffnung":"1943-06-15","datum_schliessung":"1945-01-15","open_text":"\"Summer 1943\"","close_text":"\"January 24, 1945\"","peak_population":3037,"haftlinge":"Jews and Non-Jews","firmen":"Luranil Company, Simon und Halfpaap company, Robert Hahn company, Arbeitsgemeinschaft Wilhelm Beck-Alfred Kohler, Horst Dylla, Strassenbaugensellschaft E. Kemna und Co., Reichwalder Ziegelei, Paul Garbe, Baugemeinschaft Grafschaft Glatz, H.R. Heincke, Fl","nationen":"Mostly Polish, Russian and Hungarian. Others include German, French, Yugoslavs, Croat, Dutch, Italian, Czech","lat":51.2728,"lon":16.7086,"koppermann_naehe":"kontext","quelle":"USHMM Encyclopedia of Camps and Ghettos Vol. 1 / Holocaust Geographies Collaborative (Knowles et al. 2014)"},"geometry":{"type":"Point","coordinates":[16.7086,51.2728]}},{"type":"Feature","properties":{"id":"07-0295-1","name":"Friedland","hauptlager":"Gross Rosen","typ":"KZ / Außenlager","func_1":4,"func_1_label":"Rüstung / Munition","func_2":0,"func_2_label":"Keine bekannte Arbeit","datum_eroeffnung":"1944-09-15","datum_schliessung":"1945-05-15","open_text":"\"September 8, 1944\"","close_text":"","peak_population":510,"haftlinge":"Jewish","firmen":"Vereinigte Deutsche Metallwerke, Fritz Schuber","nationen":"Polish, Slovak,","lat":49.916698,"lon":17.366699,"koppermann_naehe":"kontext","quelle":"USHMM Encyclopedia of Camps and Ghettos Vol. 1 / Holocaust Geographies Collaborative (Knowles et al. 2014)"},"geometry":{"type":"Point","coordinates":[17.366699,49.916698]}},{"type":"Feature","properties":{"id":"07-0300-1","name":"Fünfteichen","hauptlager":"Gross Rosen","typ":"KZ / Außenlager","func_1":4,"func_1_label":"Rüstung / Munition","func_2":0,"func_2_label":"Keine bekannte Arbeit","datum_eroeffnung":"1943-09-15","datum_schliessung":"1945-01-15","open_text":"\"Septmeber 1943\"","close_text":"","peak_population":6500,"haftlinge":"Jews and Non-Jews","firmen":"Maschinenfabriken Friedrich Krupp Berthawerk AG","nationen":"Mostly Polish, Hungarian, also French, Dutch, Belgian, Russian Czech, German and Croats","lat":51.049999,"lon":17.316699,"koppermann_naehe":"kontext","quelle":"USHMM Encyclopedia of Camps and Ghettos Vol. 1 / Holocaust Geographies Collaborative (Knowles et al. 2014)"},"geometry":{"type":"Point","coordinates":[17.316699,51.049999]}},{"type":"Feature","properties":{"id":"07-0304-2","name":"Gabersdorf","hauptlager":"Gross Rosen","typ":"KZ / Außenlager","func_1":5,"func_1_label":"Nicht-Rüstungsproduktion (Textil, Glas, Lebensmittel)","func_2":0,"func_2_label":"Keine bekannte Arbeit","datum_eroeffnung":"1944-03-15","datum_schliessung":"1945-05-15","open_text":"\"March 18, 1944\"","close_text":"","peak_population":400,"haftlinge":"Mostly Jews","firmen":"Fa Vereinigte Textilwerke & Co. K.H. Barthel, Aloys Haase, J.A. Kluge und Etrich","nationen":"Polish, Czech, Hungarian, Slovak","lat":50.599998,"lon":15.9333,"koppermann_naehe":"kontext","quelle":"USHMM Encyclopedia of Camps and Ghettos Vol. 1 / Holocaust Geographies Collaborative (Knowles et al. 2014)"},"geometry":{"type":"Point","coordinates":[15.9333,50.599998]}},{"type":"Feature","properties":{"id":"07-0306-3","name":"Gablonz","hauptlager":"Gross Rosen","typ":"KZ / Außenlager","func_1":4,"func_1_label":"Rüstung / Munition","func_2":0,"func_2_label":"Keine bekannte Arbeit","datum_eroeffnung":"1944-11-15","datum_schliessung":"1945-05-15","open_text":"\"November 1944\"","close_text":"\"May 8, 1945\"","peak_population":500,"haftlinge":"","firmen":"","nationen":"","lat":50.716701,"lon":15.1833,"koppermann_naehe":"kontext","quelle":"USHMM Encyclopedia of Camps and Ghettos Vol. 1 / Holocaust Geographies Collaborative (Knowles et al. 2014)"},"geometry":{"type":"Point","coordinates":[15.1833,50.716701]}},{"type":"Feature","properties":{"id":"07-0310-0","name":"Gassen","hauptlager":"Gross Rosen","typ":"KZ / Außenlager","func_1":4,"func_1_label":"Rüstung / Munition","func_2":0,"func_2_label":"Keine bekannte Arbeit","datum_eroeffnung":"1944-10-15","datum_schliessung":"1945-02-15","open_text":"\"October 1944\"","close_text":"\"February 12, 1945\"","peak_population":700,"haftlinge":"","firmen":"Focke-Wulf","nationen":"Mostly Polish, Russian, French, Croats, Czech, few Italians and Belgians","lat":51.75,"lon":15.016699,"koppermann_naehe":"kontext","quelle":"USHMM Encyclopedia of Camps and Ghettos Vol. 1 / Holocaust Geographies Collaborative (Knowles et al. 2014)"},"geometry":{"type":"Point","coordinates":[15.016699,51.75]}},{"type":"Feature","properties":{"id":"07-0319-1","name":"Geppersdorf","hauptlager":"Gross Rosen","typ":"KZ / Außenlager","func_1":1,"func_1_label":"Unbekannte/unspezifische Arbeit","func_2":0,"func_2_label":"Keine bekannte Arbeit","datum_eroeffnung":"1945-01-15","datum_schliessung":"1945-05-15","open_text":"\"Late January 1945\"","close_text":"","peak_population":400,"haftlinge":"Jews and Non-Jews","firmen":"","nationen":"Mostly Polish, German, Hungarian, Dutch and French Jews, also German, Polish and French non Jews","lat":51.0,"lon":15.516699,"koppermann_naehe":"kontext","quelle":"USHMM Encyclopedia of Camps and Ghettos Vol. 1 / Holocaust Geographies Collaborative (Knowles et al. 2014)"},"geometry":{"type":"Point","coordinates":[15.516699,51.0]}},{"type":"Feature","properties":{"id":"07-0340-2","name":"Gräben","hauptlager":"Gross Rosen","typ":"KZ / Außenlager","func_1":5,"func_1_label":"Nicht-Rüstungsproduktion (Textil, Glas, Lebensmittel)","func_2":0,"func_2_label":"Keine bekannte Arbeit","datum_eroeffnung":"1944-06-15","datum_schliessung":"1945-02-15","open_text":"\"Late May/Early June 1944\"","close_text":"\"February 8, 1945\"","peak_population":500,"haftlinge":"Jewish","firmen":"","nationen":"Hungarian, Czech, French, Dutch, Belgian","lat":52.233299,"lon":12.4333,"koppermann_naehe":"kontext","quelle":"USHMM Encyclopedia of Camps and Ghettos Vol. 1 / Holocaust Geographies Collaborative (Knowles et al. 2014)"},"geometry":{"type":"Point","coordinates":[12.4333,52.233299]}},{"type":"Feature","properties":{"id":"07-0342-2","name":"Grafenort","hauptlager":"Gross Rosen","typ":"KZ / Außenlager","func_1":3,"func_1_label":"Bau (Gebäude, Straßen, Tunnel)","func_2":0,"func_2_label":"Keine bekannte Arbeit","datum_eroeffnung":"1945-04-15","datum_schliessung":"1945-05-15","open_text":"\"Late March/Early April 1945\"","close_text":"","peak_population":200,"haftlinge":"","firmen":"","nationen":"","lat":50.349998,"lon":15.633299,"koppermann_naehe":"kontext","quelle":"USHMM Encyclopedia of Camps and Ghettos Vol. 1 / Holocaust Geographies Collaborative (Knowles et al. 2014)"},"geometry":{"type":"Point","coordinates":[15.633299,50.349998]}},{"type":"Feature","properties":{"id":"07-0344-2","name":"Gräflich Röhrsdorf","hauptlager":"Gross Rosen","typ":"KZ / Außenlager","func_1":5,"func_1_label":"Nicht-Rüstungsproduktion (Textil, Glas, Lebensmittel)","func_2":0,"func_2_label":"Keine bekannte Arbeit","datum_eroeffnung":"1944-09-15","datum_schliessung":"1945-01-15","open_text":"\"September 4, 1944\"","close_text":"\"January 1945\"","peak_population":250,"haftlinge":"","firmen":"","nationen":"","lat":50.966701,"lon":15.383299,"koppermann_naehe":"kontext","quelle":"USHMM Encyclopedia of Camps and Ghettos Vol. 1 / Holocaust Geographies Collaborative (Knowles et al. 2014)"},"geometry":{"type":"Point","coordinates":[15.383299,50.966701]}},{"type":"Feature","properties":{"id":"07-0351-0","name":"Gross-Koschen","hauptlager":"Gross Rosen","typ":"KZ / Außenlager","func_1":4,"func_1_label":"Rüstung / Munition","func_2":0,"func_2_label":"Keine bekannte Arbeit","datum_eroeffnung":"1944-06-15","datum_schliessung":"1945-04-15","open_text":"\"Late Summer 1944\"","close_text":"\"End of March, 1945\"","peak_population":800,"haftlinge":"","firmen":"","nationen":"","lat":51.5,"lon":14.05,"koppermann_naehe":"kontext","quelle":"USHMM Encyclopedia of Camps and Ghettos Vol. 1 / Holocaust Geographies Collaborative (Knowles et al. 2014)"},"geometry":{"type":"Point","coordinates":[14.05,51.5]}},{"type":"Feature","properties":{"id":"07-0353-3","name":"Gross Rosen","hauptlager":"Gross Rosen","typ":"KZ / Außenlager","func_1":2,"func_1_label":"Baumaterialien (Steinbruch, Ziegelei, Sägewerk)","func_2":6,"func_2_label":"SS-Lagerbau / Landwirtschaft","datum_eroeffnung":"1940-05-15","datum_schliessung":"1945-02-15","open_text":"\"May 11, 1940\"","close_text":"","peak_population":1890,"haftlinge":"All Nazi Opposition: Religion, Ethnic, Political, POW, No more Jews from October 1942","firmen":"Siemens, IG Farben, Blaupunkt,","nationen":"Varying Nationalities","lat":50.998199,"lon":16.2777,"koppermann_naehe":"kontext","quelle":"USHMM Encyclopedia of Camps and Ghettos Vol. 1 / Holocaust Geographies Collaborative (Knowles et al. 2014)"},"geometry":{"type":"Point","coordinates":[16.2777,50.998199]}},{"type":"Feature","properties":{"id":"07-0355-1","name":"Grulich","hauptlager":"Gross Rosen","typ":"KZ / Außenlager","func_1":4,"func_1_label":"Rüstung / Munition","func_2":0,"func_2_label":"Keine bekannte Arbeit","datum_eroeffnung":"1944-10-15","datum_schliessung":"1945-05-15","open_text":"\"Late September/ Early October 1944\"","close_text":"\"Evacuated between May 6 and 8, 1945\"","peak_population":736,"haftlinge":"","firmen":"Fahrzeug u. Motorenwerke","nationen":"Russian, Polish, Yugoslavian","lat":50.2667,"lon":15.5333,"koppermann_naehe":"kontext","quelle":"USHMM Encyclopedia of Camps and Ghettos Vol. 1 / Holocaust Geographies Collaborative (Knowles et al. 2014)"},"geometry":{"type":"Point","coordinates":[15.5333,50.2667]}},{"type":"Feature","properties":{"id":"07-0356-3","name":"Grünberg I","hauptlager":"Gross Rosen","typ":"KZ / Außenlager","func_1":5,"func_1_label":"Nicht-Rüstungsproduktion (Textil, Glas, Lebensmittel)","func_2":0,"func_2_label":"Keine bekannte Arbeit","datum_eroeffnung":null,"datum_schliessung":"1945-01-15","open_text":"\"1942\"","close_text":"\"January 29, 1945\"","peak_population":1000,"haftlinge":"French POW, Jewish","firmen":"Deutsche Wollenwaren Manufaktur Factory","nationen":"French, Polish, German, Czech","lat":51.9333,"lon":15.5,"koppermann_naehe":"kontext","quelle":"USHMM Encyclopedia of Camps and Ghettos Vol. 1 / Holocaust Geographies Collaborative (Knowles et al. 2014)"},"geometry":{"type":"Point","coordinates":[15.5,51.9333]}},{"type":"Feature","properties":{"id":"07-0357-0","name":"Grünberg II","hauptlager":"Gross Rosen","typ":"KZ / Außenlager","func_1":5,"func_1_label":"Nicht-Rüstungsproduktion (Textil, Glas, Lebensmittel)","func_2":0,"func_2_label":"Keine bekannte Arbeit","datum_eroeffnung":"1944-10-15","datum_schliessung":null,"open_text":"\"October 1944\"","close_text":"","peak_population":180,"haftlinge":"Jewish","firmen":"Deutsche Wollenwaren Manufaktur Factory","nationen":"Hungarian","lat":51.9356,"lon":15.5062,"koppermann_naehe":"kontext","quelle":"USHMM Encyclopedia of Camps and Ghettos Vol. 1 / Holocaust Geographies Collaborative (Knowles et al. 2014)"},"geometry":{"type":"Point","coordinates":[15.5062,51.9356]}},{"type":"Feature","properties":{"id":"07-0361-2","name":"Guben","hauptlager":"Gross Rosen","typ":"KZ / Außenlager","func_1":4,"func_1_label":"Rüstung / Munition","func_2":0,"func_2_label":"Keine bekannte Arbeit","datum_eroeffnung":"1944-06-15","datum_schliessung":null,"open_text":"\"Summer 1944\"","close_text":"\"Last mentioned Febraury 1945\"","peak_population":950,"haftlinge":"Mostly Jewish","firmen":"Lorenz Radio Company","nationen":"Hungarian","lat":51.283298,"lon":14.716699,"koppermann_naehe":"kontext","quelle":"USHMM Encyclopedia of Camps and Ghettos Vol. 1 / Holocaust Geographies Collaborative (Knowles et al. 2014)"},"geometry":{"type":"Point","coordinates":[14.716699,51.283298]}},{"type":"Feature","properties":{"id":"07-0376-0","name":"Halbau","hauptlager":"Gross Rosen","typ":"KZ / Außenlager","func_1":4,"func_1_label":"Rüstung / Munition","func_2":0,"func_2_label":"Keine bekannte Arbeit","datum_eroeffnung":"1944-07-15","datum_schliessung":"1945-02-15","open_text":"\"July 15, 1944\"","close_text":"\"Evacuated February 12, 1945\"","peak_population":1050,"haftlinge":"","firmen":"Winkler Factory","nationen":"Mostly Polish, but also Russian, Czech, Italian, Greek, Yugoslavian, Dutch, German","lat":51.5,"lon":15.199999,"koppermann_naehe":"kontext","quelle":"USHMM Encyclopedia of Camps and Ghettos Vol. 1 / Holocaust Geographies Collaborative (Knowles et al. 2014)"},"geometry":{"type":"Point","coordinates":[15.199999,51.5]}},{"type":"Feature","properties":{"id":"07-0377-0","name":"Halbstadt","hauptlager":"Gross Rosen","typ":"KZ / Außenlager","func_1":4,"func_1_label":"Rüstung / Munition","func_2":5,"func_2_label":"Nicht-Rüstungsproduktion (Textil, Glas, Lebensmittel)","datum_eroeffnung":"1944-10-15","datum_schliessung":"1945-05-15","open_text":"\"October 27, 1944, first transport from Auschwitz II forming subcamp of Gross Rosen\"\"","close_text":"\"Liberated May 9, 1945\"","peak_population":1750,"haftlinge":"","firmen":"","nationen":"","lat":50.616699,"lon":16.25,"koppermann_naehe":"kontext","quelle":"USHMM Encyclopedia of Camps and Ghettos Vol. 1 / Holocaust Geographies Collaborative (Knowles et al. 2014)"},"geometry":{"type":"Point","coordinates":[16.25,50.616699]}},{"type":"Feature","properties":{"id":"07-0414-1","name":"Hartmannsdorf","hauptlager":"Gross Rosen","typ":"KZ / Außenlager","func_1":4,"func_1_label":"Rüstung / Munition","func_2":5,"func_2_label":"Nicht-Rüstungsproduktion (Textil, Glas, Lebensmittel)","datum_eroeffnung":"1944-04-15","datum_schliessung":"1945-03-15","open_text":"\"April 1944\"","close_text":"\"March 19, 1945","peak_population":1000,"haftlinge":"Russian Nationals","firmen":"","nationen":"Polish, Russian, Czech, Fewer in number:German Italian, Dutch, and French","lat":51.0167,"lon":15.25,"koppermann_naehe":"kontext","quelle":"USHMM Encyclopedia of Camps and Ghettos Vol. 1 / Holocaust Geographies Collaborative (Knowles et al. 2014)"},"geometry":{"type":"Point","coordinates":[15.25,51.0167]}},{"type":"Feature","properties":{"id":"07-0442-1","name":"Hirschberg (Arbeitskommando)","hauptlager":"Gross Rosen","typ":"KZ / Außenlager","func_1":3,"func_1_label":"Bau (Gebäude, Straßen, Tunnel)","func_2":0,"func_2_label":"Keine bekannte Arbeit","datum_eroeffnung":"1943-05-15","datum_schliessung":"1944-01-15","open_text":"\"Late April/Early May 1943\"","close_text":"\"January 1944\"","peak_population":105,"haftlinge":"","firmen":"Prix Gesselschaft mbH company associate of Schlesische Zellwole AG","nationen":"Polish","lat":50.900798,"lon":15.725099,"koppermann_naehe":"kontext","quelle":"USHMM Encyclopedia of Camps and Ghettos Vol. 1 / Holocaust Geographies Collaborative (Knowles et al. 2014)"},"geometry":{"type":"Point","coordinates":[15.725099,50.900798]}},{"type":"Feature","properties":{"id":"07-0476-0","name":"Kamenz","hauptlager":"Gross Rosen","typ":"KZ / Außenlager","func_1":4,"func_1_label":"Rüstung / Munition","func_2":0,"func_2_label":"Keine bekannte Arbeit","datum_eroeffnung":"1944-11-15","datum_schliessung":"1945-03-15","open_text":"\"November 1944\"","close_text":"\"March 10, 1945\"","peak_population":750,"haftlinge":"","firmen":"","nationen":"","lat":51.2667,"lon":14.1,"koppermann_naehe":"kontext","quelle":"USHMM Encyclopedia of Camps and Ghettos Vol. 1 / Holocaust Geographies Collaborative (Knowles et al. 2014)"},"geometry":{"type":"Point","coordinates":[14.1,51.2667]}},{"type":"Feature","properties":{"id":"07-0634-0","name":"Mittelsteine","hauptlager":"Gross Rosen","typ":"KZ / Außenlager","func_1":4,"func_1_label":"Rüstung / Munition","func_2":0,"func_2_label":"Keine bekannte Arbeit","datum_eroeffnung":"1944-08-15","datum_schliessung":"1945-06-15","open_text":"\"August 23, 1944\"","close_text":"\"Evacuated March-April 1945\"","peak_population":400,"haftlinge":"","firmen":"","nationen":"","lat":50.5167,"lon":16.483299,"koppermann_naehe":"kontext","quelle":"USHMM Encyclopedia of Camps and Ghettos Vol. 1 / Holocaust Geographies Collaborative (Knowles et al. 2014)"},"geometry":{"type":"Point","coordinates":[16.483299,50.5167]}},{"type":"Feature","properties":{"id":"07-0443-1","name":"Hirschberg (Arbeitslager)","hauptlager":"Gross Rosen","typ":"KZ / Außenlager","func_1":5,"func_1_label":"Nicht-Rüstungsproduktion (Textil, Glas, Lebensmittel)","func_2":0,"func_2_label":"Keine bekannte Arbeit","datum_eroeffnung":"1944-03-15","datum_schliessung":"1945-02-15","open_text":"\"March 1944\"","close_text":"\"Mid-February 1945\"","peak_population":1000,"haftlinge":"Mostly Jewish","firmen":"Zellwolle Wood Woll, Askania- Werke","nationen":"Polish, Belgian, Dutch, Hungarian, and other countries","lat":50.9044,"lon":15.7194,"koppermann_naehe":"kontext","quelle":"USHMM Encyclopedia of Camps and Ghettos Vol. 1 / Holocaust Geographies Collaborative (Knowles et al. 2014)"},"geometry":{"type":"Point","coordinates":[15.7194,50.9044]}},{"type":"Feature","properties":{"id":"07-0444-1","name":"Hirschberg/Buchwald-Hohenwiese","hauptlager":"Gross Rosen","typ":"KZ / Außenlager","func_1":6,"func_1_label":"SS-Lagerbau / Landwirtschaft","func_2":0,"func_2_label":"Keine bekannte Arbeit","datum_eroeffnung":"1944-11-15","datum_schliessung":"1945-02-15","open_text":"\"November 14, 1944\"","close_text":"\"February 18, 1945\"","peak_population":1,"haftlinge":"","firmen":"","nationen":"","lat":50.824298,"lon":15.8169,"koppermann_naehe":"kontext","quelle":"USHMM Encyclopedia of Camps and Ghettos Vol. 1 / Holocaust Geographies Collaborative (Knowles et al. 2014)"},"geometry":{"type":"Point","coordinates":[15.8169,50.824298]}},{"type":"Feature","properties":{"id":"07-0446-2","name":"Hochweiler","hauptlager":"Gross Rosen","typ":"KZ / Außenlager","func_1":7,"func_1_label":"Ziviler Verteidigungsbau (Bunker, Trümmerräumung)","func_2":0,"func_2_label":"Keine bekannte Arbeit","datum_eroeffnung":null,"datum_schliessung":null,"open_text":"","close_text":"","peak_population":1000,"haftlinge":"Jewish","firmen":"Unternehmen Barthold","nationen":"","lat":51.483299,"lon":17.316699,"koppermann_naehe":"kontext","quelle":"USHMM Encyclopedia of Camps and Ghettos Vol. 1 / Holocaust Geographies Collaborative (Knowles et al. 2014)"},"geometry":{"type":"Point","coordinates":[17.316699,51.483299]}},{"type":"Feature","properties":{"id":"07-0499-1","name":"Kittlitztreben [aka Kretschamberg]","hauptlager":"Gross Rosen","typ":"KZ / Außenlager","func_1":4,"func_1_label":"Rüstung / Munition","func_2":0,"func_2_label":"Keine bekannte Arbeit","datum_eroeffnung":"1944-03-15","datum_schliessung":"1945-02-15","open_text":"\"Late February/ Early March 1944\"","close_text":"","peak_population":1750,"haftlinge":"Jewish","firmen":"Grülich, Hübsch, Koder, Konrad, Krause, Kunigals, Kunnith, Leistikoff, Madebrun, Mischke, Poikett, Reiners, Schulz, Tiessler, Wiedermann, Zimke, Peuke und Jeche, and Stein und Teer","nationen":"Mostly Polish, and Hungarian, some German, Austrian, and Belgian","lat":51.3833,"lon":15.6,"koppermann_naehe":"kontext","quelle":"USHMM Encyclopedia of Camps and Ghettos Vol. 1 / Holocaust Geographies Collaborative (Knowles et al. 2014)"},"geometry":{"type":"Point","coordinates":[15.6,51.3833]}},{"type":"Feature","properties":{"id":"07-0529-3","name":"Kratzau I","hauptlager":"Gross Rosen","typ":"KZ / Außenlager","func_1":4,"func_1_label":"Rüstung / Munition","func_2":5,"func_2_label":"Nicht-Rüstungsproduktion (Textil, Glas, Lebensmittel)","datum_eroeffnung":"1944-10-15","datum_schliessung":"1945-06-15","open_text":"\"October 1944\"","close_text":"","peak_population":1000,"haftlinge":"","firmen":"Tanwald Textile Works, Deutsche Industriewerke AG ammunition factory","nationen":"Polish, Czech, French, Dutch, Danish","lat":50.816699,"lon":14.9833,"koppermann_naehe":"kontext","quelle":"USHMM Encyclopedia of Camps and Ghettos Vol. 1 / Holocaust Geographies Collaborative (Knowles et al. 2014)"},"geometry":{"type":"Point","coordinates":[14.9833,50.816699]}},{"type":"Feature","properties":{"id":"07-0530-2","name":"Kratzau II","hauptlager":"Gross Rosen","typ":"KZ / Außenlager","func_1":4,"func_1_label":"Rüstung / Munition","func_2":0,"func_2_label":"Keine bekannte Arbeit","datum_eroeffnung":"1944-06-15","datum_schliessung":null,"open_text":"\"Autumn 1944\"","close_text":"","peak_population":150,"haftlinge":"Jewish","firmen":"","nationen":"French, Hungarian, Greek","lat":50.9884,"lon":14.3938,"koppermann_naehe":"kontext","quelle":"USHMM Encyclopedia of Camps and Ghettos Vol. 1 / Holocaust Geographies Collaborative (Knowles et al. 2014)"},"geometry":{"type":"Point","coordinates":[14.3938,50.9884]}},{"type":"Feature","properties":{"id":"07-0536-2","name":"Kurzbach","hauptlager":"Gross Rosen","typ":"KZ / Außenlager","func_1":7,"func_1_label":"Ziviler Verteidigungsbau (Bunker, Trümmerräumung)","func_2":0,"func_2_label":"Keine bekannte Arbeit","datum_eroeffnung":"1944-10-15","datum_schliessung":"1945-02-15","open_text":"\"Late October 1944\"","close_text":"\"Late January 1945\"","peak_population":1000,"haftlinge":"Jewish","firmen":"Barthold","nationen":"","lat":51.3955,"lon":17.3682,"koppermann_naehe":"kontext","quelle":"USHMM Encyclopedia of Camps and Ghettos Vol. 1 / Holocaust Geographies Collaborative (Knowles et al. 2014)"},"geometry":{"type":"Point","coordinates":[17.3682,51.3955]}},{"type":"Feature","properties":{"id":"07-0542-0","name":"Landeshut","hauptlager":"Gross Rosen","typ":"KZ / Außenlager","func_1":4,"func_1_label":"Rüstung / Munition","func_2":0,"func_2_label":"Keine bekannte Arbeit","datum_eroeffnung":"1944-07-15","datum_schliessung":"1945-05-15","open_text":"\"July 1944\"","close_text":"","peak_population":300,"haftlinge":"Some Jewish","firmen":"","nationen":"Polish, Some Russians, Croats, Czechs, French, Germans","lat":50.783298,"lon":16.0333,"koppermann_naehe":"kontext","quelle":"USHMM Encyclopedia of Camps and Ghettos Vol. 1 / Holocaust Geographies Collaborative (Knowles et al. 2014)"},"geometry":{"type":"Point","coordinates":[16.0333,50.783298]}},{"type":"Feature","properties":{"id":"07-0546-3","name":"Langenbielau I [aka Reichenbach, Reichenbach Sportschule]","hauptlager":"Gross Rosen","typ":"KZ / Außenlager","func_1":4,"func_1_label":"Rüstung / Munition","func_2":3,"func_2_label":"Bau (Gebäude, Straßen, Tunnel)","datum_eroeffnung":"1944-06-15","datum_schliessung":"1945-05-15","open_text":"\"Autumn 1944\"","close_text":"","peak_population":2400,"haftlinge":"Some Jewish","firmen":"","nationen":"Hungarian, Polish, Dutch","lat":50.6833,"lon":16.616699,"koppermann_naehe":"kontext","quelle":"USHMM Encyclopedia of Camps and Ghettos Vol. 1 / Holocaust Geographies Collaborative (Knowles et al. 2014)"},"geometry":{"type":"Point","coordinates":[16.616699,50.6833]}},{"type":"Feature","properties":{"id":"07-0719-0","name":"Niederoderwitz","hauptlager":"Gross Rosen","typ":"KZ / Außenlager","func_1":5,"func_1_label":"Nicht-Rüstungsproduktion (Textil, Glas, Lebensmittel)","func_2":0,"func_2_label":"Keine bekannte Arbeit","datum_eroeffnung":"1944-12-15","datum_schliessung":"1945-06-15","open_text":"\"December 30, 1944\"","close_text":"\"End of Febrauary or beginning of March 1945\"","peak_population":180,"haftlinge":"","firmen":"","nationen":"","lat":50.95,"lon":14.7333,"koppermann_naehe":"kontext","quelle":"USHMM Encyclopedia of Camps and Ghettos Vol. 1 / Holocaust Geographies Collaborative (Knowles et al. 2014)"},"geometry":{"type":"Point","coordinates":[14.7333,50.95]}},{"type":"Feature","properties":{"id":"07-1061-0","name":"Zittau [aka Klein-Schönau]","hauptlager":"Gross Rosen","typ":"KZ / Außenlager","func_1":4,"func_1_label":"Rüstung / Munition","func_2":0,"func_2_label":"Keine bekannte Arbeit","datum_eroeffnung":"1944-10-15","datum_schliessung":"1945-05-15","open_text":"\"First transport October 28, 1944\"","close_text":"\"Liberated May 8, 1945\"","peak_population":5000,"haftlinge":"","firmen":"","nationen":"","lat":50.900001,"lon":14.833299,"koppermann_naehe":"kontext","quelle":"USHMM Encyclopedia of Camps and Ghettos Vol. 1 / Holocaust Geographies Collaborative (Knowles et al. 2014)"},"geometry":{"type":"Point","coordinates":[14.833299,50.900001]}},{"type":"Feature","properties":{"id":"07-0547-2","name":"Langenbielau II","hauptlager":"Gross Rosen","typ":"KZ / Außenlager","func_1":1,"func_1_label":"Unbekannte/unspezifische Arbeit","func_2":0,"func_2_label":"Keine bekannte Arbeit","datum_eroeffnung":"1945-02-15","datum_schliessung":"1945-05-15","open_text":"\"First mentioned Febraury 2, 1945\"","close_text":"","peak_population":1,"haftlinge":"","firmen":"Lehmann and G.F. Flechtner","nationen":"Hungarian, Polish, Dutch","lat":50.6908,"lon":16.6229,"koppermann_naehe":"kontext","quelle":"USHMM Encyclopedia of Camps and Ghettos Vol. 1 / Holocaust Geographies Collaborative (Knowles et al. 2014)"},"geometry":{"type":"Point","coordinates":[16.6229,50.6908]}},{"type":"Feature","properties":{"id":"07-0579-2","name":"Liebau","hauptlager":"Gross Rosen","typ":"KZ / Außenlager","func_1":4,"func_1_label":"Rüstung / Munition","func_2":0,"func_2_label":"Keine bekannte Arbeit","datum_eroeffnung":"1944-09-15","datum_schliessung":"1945-05-15","open_text":"\"September 1944\"","close_text":"","peak_population":5550,"haftlinge":"Jewish","firmen":"Kurt Laske Furniture Factory, Heinz Wendt machine Factory, Nordland GmbH","nationen":"Hungarian, French, Polish, Belgian, Dutch","lat":50.707901,"lon":15.9937,"koppermann_naehe":"kontext","quelle":"USHMM Encyclopedia of Camps and Ghettos Vol. 1 / Holocaust Geographies Collaborative (Knowles et al. 2014)"},"geometry":{"type":"Point","coordinates":[15.9937,50.707901]}},{"type":"Feature","properties":{"id":"07-0599-3","name":"Ludwigsdorf","hauptlager":"Gross Rosen","typ":"KZ / Außenlager","func_1":4,"func_1_label":"Rüstung / Munition","func_2":7,"func_2_label":"Ziviler Verteidigungsbau (Bunker, Trümmerräumung)","datum_eroeffnung":"1944-06-15","datum_schliessung":"1945-05-15","open_text":"\"Summer 1944\"","close_text":"","peak_population":0,"haftlinge":"Jewish, and French Nationals","firmen":"Dynamit AG, Molke Werke","nationen":"Polish, Dutch, Belgian, French","lat":50.616699,"lon":16.483299,"koppermann_naehe":"kontext","quelle":"USHMM Encyclopedia of Camps and Ghettos Vol. 1 / Holocaust Geographies Collaborative (Knowles et al. 2014)"},"geometry":{"type":"Point","coordinates":[16.483299,50.616699]}},{"type":"Feature","properties":{"id":"07-0606-2","name":"Mährisch Weisswasser","hauptlager":"Gross Rosen","typ":"KZ / Außenlager","func_1":1,"func_1_label":"Unbekannte/unspezifische Arbeit","func_2":0,"func_2_label":"Keine bekannte Arbeit","datum_eroeffnung":"1944-09-15","datum_schliessung":"1945-05-15","open_text":"\"September 1944\"","close_text":"","peak_population":650,"haftlinge":"Jewish","firmen":"Telefunken Company","nationen":"Hungarian, French, Polish, Romanian","lat":50.0167,"lon":16.75,"koppermann_naehe":"kontext","quelle":"USHMM Encyclopedia of Camps and Ghettos Vol. 1 / Holocaust Geographies Collaborative (Knowles et al. 2014)"},"geometry":{"type":"Point","coordinates":[16.75,50.0167]}},{"type":"Feature","properties":{"id":"07-0625-2","name":"Merzdorf","hauptlager":"Gross Rosen","typ":"KZ / Außenlager","func_1":5,"func_1_label":"Nicht-Rüstungsproduktion (Textil, Glas, Lebensmittel)","func_2":0,"func_2_label":"Keine bekannte Arbeit","datum_eroeffnung":"1944-06-15","datum_schliessung":"1945-05-15","open_text":"\"Summer 1944\"","close_text":"","peak_population":500,"haftlinge":"Jewish","firmen":"Kramsta- Methner und Frahne AG","nationen":"","lat":50.845001,"lon":16.0268,"koppermann_naehe":"kontext","quelle":"USHMM Encyclopedia of Camps and Ghettos Vol. 1 / Holocaust Geographies Collaborative (Knowles et al. 2014)"},"geometry":{"type":"Point","coordinates":[16.0268,50.845001]}},{"type":"Feature","properties":{"id":"07-0707-2","name":"Neusalz","hauptlager":"Gross Rosen","typ":"KZ / Außenlager","func_1":5,"func_1_label":"Nicht-Rüstungsproduktion (Textil, Glas, Lebensmittel)","func_2":6,"func_2_label":"SS-Lagerbau / Landwirtschaft","datum_eroeffnung":"1944-07-15","datum_schliessung":"1945-01-15","open_text":"\"July 6, 1944\"","close_text":"\"Evacuated January 31, 1945\"","peak_population":897,"haftlinge":"Jewish","firmen":"","nationen":"Hungarian, Polish","lat":51.799999,"lon":15.716699,"koppermann_naehe":"kontext","quelle":"USHMM Encyclopedia of Camps and Ghettos Vol. 1 / Holocaust Geographies Collaborative (Knowles et al. 2014)"},"geometry":{"type":"Point","coordinates":[15.716699,51.799999]}},{"type":"Feature","properties":{"id":"07-0722-0","name":"Niesky [aka Wiesengrund]","hauptlager":"Gross Rosen","typ":"KZ / Außenlager","func_1":4,"func_1_label":"Rüstung / Munition","func_2":0,"func_2_label":"Keine bekannte Arbeit","datum_eroeffnung":"1944-06-15","datum_schliessung":"1945-04-15","open_text":"\"June 9, 1944\"","close_text":"\"April 18, 1945\"","peak_population":1100,"haftlinge":"Jews and Non Jews","firmen":"Christoph & Unmack AG","nationen":"Polish, Yugoslavian, French, Czech, Russian, Uzbek","lat":51.299999,"lon":14.816699,"koppermann_naehe":"kontext","quelle":"USHMM Encyclopedia of Camps and Ghettos Vol. 1 / Holocaust Geographies Collaborative (Knowles et al. 2014)"},"geometry":{"type":"Point","coordinates":[14.816699,51.299999]}},{"type":"Feature","properties":{"id":"07-0723-1","name":"Nimptsch","hauptlager":"Gross Rosen","typ":"KZ / Außenlager","func_1":7,"func_1_label":"Ziviler Verteidigungsbau (Bunker, Trümmerräumung)","func_2":0,"func_2_label":"Keine bekannte Arbeit","datum_eroeffnung":"1945-01-15","datum_schliessung":"1945-05-15","open_text":"\"Likely January 10, 1945\"","close_text":"\"Liberated May 8, 1945\"","peak_population":500,"haftlinge":"","firmen":"","nationen":"Polish, Czech, Russian","lat":50.716701,"lon":16.85,"koppermann_naehe":"kontext","quelle":"USHMM Encyclopedia of Camps and Ghettos Vol. 1 / Holocaust Geographies Collaborative (Knowles et al. 2014)"},"geometry":{"type":"Point","coordinates":[16.85,50.716701]}},{"type":"Feature","properties":{"id":"07-0733-2","name":"Ober-Altstadt","hauptlager":"Gross Rosen","typ":"KZ / Außenlager","func_1":5,"func_1_label":"Nicht-Rüstungsproduktion (Textil, Glas, Lebensmittel)","func_2":7,"func_2_label":"Ziviler Verteidigungsbau (Bunker, Trümmerräumung)","datum_eroeffnung":"1944-03-15","datum_schliessung":"1945-05-15","open_text":"\"March 18, 1944\"","close_text":"\"Liberated May 9, 1945\"","peak_population":936,"haftlinge":"Mostly Jews","firmen":"Siemens-Motorwerke","nationen":"Mostly Polish and Hungarian, few Slovs, Germans, Belgian, Czech and Russian","lat":50.583301,"lon":15.899999,"koppermann_naehe":"kontext","quelle":"USHMM Encyclopedia of Camps and Ghettos Vol. 1 / Holocaust Geographies Collaborative (Knowles et al. 2014)"},"geometry":{"type":"Point","coordinates":[15.899999,50.583301]}},{"type":"Feature","properties":{"id":"07-0735-2","name":"Ober-Hohenelbe","hauptlager":"Gross Rosen","typ":"KZ / Außenlager","func_1":4,"func_1_label":"Rüstung / Munition","func_2":0,"func_2_label":"Keine bekannte Arbeit","datum_eroeffnung":"1944-09-15","datum_schliessung":"1945-05-15","open_text":"\"September 12, 1944\"","close_text":"\"Liberated May 9, 1945\"","peak_population":400,"haftlinge":"Jewish","firmen":"Lorenz Factory","nationen":"Hungarian, Slovaks, Polish","lat":50.650001,"lon":15.6,"koppermann_naehe":"kontext","quelle":"USHMM Encyclopedia of Camps and Ghettos Vol. 1 / Holocaust Geographies Collaborative (Knowles et al. 2014)"},"geometry":{"type":"Point","coordinates":[15.6,50.650001]}},{"type":"Feature","properties":{"id":"07-0761-2","name":"Parschnitz","hauptlager":"Gross Rosen","typ":"KZ / Außenlager","func_1":5,"func_1_label":"Nicht-Rüstungsproduktion (Textil, Glas, Lebensmittel)","func_2":0,"func_2_label":"Keine bekannte Arbeit","datum_eroeffnung":"1944-03-15","datum_schliessung":"1945-05-15","open_text":"\"March 12-18, 1944\"","close_text":"","peak_population":2164,"haftlinge":"Jewish","firmen":"Aloys Haase, Gebruder Walzer, C. G., Johann Etrick, K. G., Berling Fa AEG","nationen":"Hungarian, Slovaks, Polish, Bohemian, French, Dutch","lat":50.583301,"lon":15.966699,"koppermann_naehe":"kontext","quelle":"USHMM Encyclopedia of Camps and Ghettos Vol. 1 / Holocaust Geographies Collaborative (Knowles et al. 2014)"},"geometry":{"type":"Point","coordinates":[15.966699,50.583301]}},{"type":"Feature","properties":{"id":"07-0769-2","name":"Peterswaldau","hauptlager":"Gross Rosen","typ":"KZ / Außenlager","func_1":4,"func_1_label":"Rüstung / Munition","func_2":0,"func_2_label":"Keine bekannte Arbeit","datum_eroeffnung":"1944-04-15","datum_schliessung":"1945-05-15","open_text":"\"Around April 1, 1944\"","close_text":"","peak_population":1500,"haftlinge":"Jewish","firmen":"Diehl GmbH & Co., Ferdinand Haase Textile Factory","nationen":"Hungarian","lat":50.716701,"lon":16.6,"koppermann_naehe":"kontext","quelle":"USHMM Encyclopedia of Camps and Ghettos Vol. 1 / Holocaust Geographies Collaborative (Knowles et al. 2014)"},"geometry":{"type":"Point","coordinates":[16.6,50.716701]}},{"type":"Feature","properties":{"id":"07-0810-0","name":"Reichenau","hauptlager":"Gross Rosen","typ":"KZ / Außenlager","func_1":4,"func_1_label":"Rüstung / Munition","func_2":7,"func_2_label":"Ziviler Verteidigungsbau (Bunker, Trümmerräumung)","datum_eroeffnung":"1944-03-15","datum_schliessung":"1945-05-15","open_text":"\"March 1944\"","close_text":"","peak_population":300,"haftlinge":"2 Jews, rest Non-Jewish prisoners","firmen":"Gesselschaft fur Technische Und Wirtschafliche Entwicklung mbH","nationen":"Polish, Czech, French, Belgians, Russians, Germans, 2 Ukranians, Norwegians, and Italians","lat":50.6833,"lon":15.1667,"koppermann_naehe":"kontext","quelle":"USHMM Encyclopedia of Camps and Ghettos Vol. 1 / Holocaust Geographies Collaborative (Knowles et al. 2014)"},"geometry":{"type":"Point","coordinates":[15.1667,50.6833]}},{"type":"Feature","properties":{"id":"07-0816-0","name":"Riese/Dörnhau","hauptlager":"Gross Rosen","typ":"KZ / Außenlager","func_1":3,"func_1_label":"Bau (Gebäude, Straßen, Tunnel)","func_2":8,"func_2_label":"Sterbelager (Sammlung Sterbender)","datum_eroeffnung":"1944-06-15","datum_schliessung":"1945-05-15","open_text":"\"June 1944\"","close_text":"","peak_population":1400,"haftlinge":"Jewish","firmen":"Butzer und Holzmann, Artur Becker Tiefbau AG, Krause Schallhorn and Eule","nationen":"Various European Nationalities","lat":50.6833,"lon":16.399999,"koppermann_naehe":"kontext","quelle":"USHMM Encyclopedia of Camps and Ghettos Vol. 1 / Holocaust Geographies Collaborative (Knowles et al. 2014)"},"geometry":{"type":"Point","coordinates":[16.399999,50.6833]}},{"type":"Feature","properties":{"id":"07-0817-0","name":"Riese/Erlenbusch","hauptlager":"Gross Rosen","typ":"KZ / Außenlager","func_1":6,"func_1_label":"SS-Lagerbau / Landwirtschaft","func_2":3,"func_2_label":"Bau (Gebäude, Straßen, Tunnel)","datum_eroeffnung":"1944-05-15","datum_schliessung":null,"open_text":"\"May 27, 1944\"","close_text":"","peak_population":500,"haftlinge":"Just Jewish","firmen":"","nationen":"Hungary, Poland","lat":50.716701,"lon":16.366699,"koppermann_naehe":"kontext","quelle":"USHMM Encyclopedia of Camps and Ghettos Vol. 1 / Holocaust Geographies Collaborative (Knowles et al. 2014)"},"geometry":{"type":"Point","coordinates":[16.366699,50.716701]}},{"type":"Feature","properties":{"id":"07-0818-0","name":"Riese/Falkenberg [aka Eule]","hauptlager":"Gross Rosen","typ":"KZ / Außenlager","func_1":3,"func_1_label":"Bau (Gebäude, Straßen, Tunnel)","func_2":0,"func_2_label":"Keine bekannte Arbeit","datum_eroeffnung":"1943-05-15","datum_schliessung":"1945-02-15","open_text":"\"Late April/Early May 1943\"","close_text":"\"First 10 days of February 1945\"","peak_population":1500,"haftlinge":"Jewish","firmen":"Hoffmannswerke/Bielitz, Wayss und Freytag, Hoch- und Tiefbau, Deutsche Hoch- und Tiefbaugesellschaft, Seidenspinner, Urban, Dybo, Fix","nationen":"Greek, Yugoslav, Polish, Hungarian","lat":50.616699,"lon":16.483299,"koppermann_naehe":"kontext","quelle":"USHMM Encyclopedia of Camps and Ghettos Vol. 1 / Holocaust Geographies Collaborative (Knowles et al. 2014)"},"geometry":{"type":"Point","coordinates":[16.483299,50.616699]}},{"type":"Feature","properties":{"id":"07-0819-0","name":"Riese/Fürstenstein","hauptlager":"Gross Rosen","typ":"KZ / Außenlager","func_1":3,"func_1_label":"Bau (Gebäude, Straßen, Tunnel)","func_2":0,"func_2_label":"Keine bekannte Arbeit","datum_eroeffnung":"1944-05-15","datum_schliessung":"1945-05-15","open_text":"\"May 1944\", \"Late February/Early March 1945\"- new prisoners arrive","close_text":"\"May 7, 1945\"","peak_population":1000,"haftlinge":"Jewish","firmen":"","nationen":"Hungarian, Greek, Slovak","lat":50.8427,"lon":16.291099,"koppermann_naehe":"kontext","quelle":"USHMM Encyclopedia of Camps and Ghettos Vol. 1 / Holocaust Geographies Collaborative (Knowles et al. 2014)"},"geometry":{"type":"Point","coordinates":[16.291099,50.8427]}},{"type":"Feature","properties":{"id":"07-0820-1","name":"Riese/Kaltwasser","hauptlager":"Gross Rosen","typ":"KZ / Außenlager","func_1":3,"func_1_label":"Bau (Gebäude, Straßen, Tunnel)","func_2":2,"func_2_label":"Baumaterialien (Steinbruch, Ziegelei, Sägewerk)","datum_eroeffnung":"1944-06-15","datum_schliessung":"1944-12-15","open_text":"\"Late August 1944\"","close_text":"\"December 1944\"","peak_population":1500,"haftlinge":"Jewish","firmen":"","nationen":"Polish Jews","lat":50.676498,"lon":16.388599,"koppermann_naehe":"kontext","quelle":"USHMM Encyclopedia of Camps and Ghettos Vol. 1 / Holocaust Geographies Collaborative (Knowles et al. 2014)"},"geometry":{"type":"Point","coordinates":[16.388599,50.676498]}},{"type":"Feature","properties":{"id":"07-0821-0","name":"Riese/Lärche","hauptlager":"Gross Rosen","typ":"KZ / Außenlager","func_1":3,"func_1_label":"Bau (Gebäude, Straßen, Tunnel)","func_2":0,"func_2_label":"Keine bekannte Arbeit","datum_eroeffnung":"1944-12-15","datum_schliessung":"1945-02-15","open_text":"\"Mid- December 1944\"","close_text":"\"February 8, 1945\"","peak_population":650,"haftlinge":"Jewish","firmen":"Butzer und Holzmann, Argo- Waldenburg, and Lingen","nationen":"Various European Nationalities mainly, Polish, Hungarian and Greek","lat":50.733299,"lon":16.333299,"koppermann_naehe":"kontext","quelle":"USHMM Encyclopedia of Camps and Ghettos Vol. 1 / Holocaust Geographies Collaborative (Knowles et al. 2014)"},"geometry":{"type":"Point","coordinates":[16.333299,50.733299]}},{"type":"Feature","properties":{"id":"09-0441-0","name":"Hinzert","hauptlager":"Hinzert","typ":"KZ / Außenlager","func_1":1,"func_1_label":"Unbekannte/unspezifische Arbeit","func_2":0,"func_2_label":"Keine bekannte Arbeit","datum_eroeffnung":"1938-06-15","datum_schliessung":"1945-03-15","open_text":"\"1938, then reopened October 39\"","close_text":"\"March 2-3, 1945\"","peak_population":1500,"haftlinge":"","firmen":"","nationen":"","lat":49.7,"lon":6.9,"koppermann_naehe":"lazarett_ort","quelle":"USHMM Encyclopedia of Camps and Ghettos Vol. 1 / Holocaust Geographies Collaborative (Knowles et al. 2014)"},"geometry":{"type":"Point","coordinates":[6.9,49.7]}},{"type":"Feature","properties":{"id":"09-0456-0","name":"Hoppstädten","hauptlager":"Hinzert","typ":"KZ / Außenlager","func_1":7,"func_1_label":"Ziviler Verteidigungsbau (Bunker, Trümmerräumung)","func_2":0,"func_2_label":"Keine bekannte Arbeit","datum_eroeffnung":null,"datum_schliessung":null,"open_text":"","close_text":"","peak_population":1,"haftlinge":"","firmen":"","nationen":"","lat":49.616699,"lon":7.199999,"koppermann_naehe":"kontext","quelle":"USHMM Encyclopedia of Camps and Ghettos Vol. 1 / Holocaust Geographies Collaborative (Knowles et al. 2014)"},"geometry":{"type":"Point","coordinates":[7.199999,49.616699]}},{"type":"Feature","properties":{"id":"09-0609-0","name":"Mainz-Ingelheimerau [aka Mainz-Ingelheimer Aue]","hauptlager":"Hinzert","typ":"KZ / Außenlager","func_1":5,"func_1_label":"Nicht-Rüstungsproduktion (Textil, Glas, Lebensmittel)","func_2":7,"func_2_label":"Ziviler Verteidigungsbau (Bunker, Trümmerräumung)","datum_eroeffnung":"1944-06-15","datum_schliessung":"1944-12-15","open_text":"\"Early Summer 1944\"","close_text":"\"December 1944\"","peak_population":292,"haftlinge":"","firmen":"","nationen":"","lat":50.0198,"lon":8.23391,"koppermann_naehe":"kontext","quelle":"USHMM Encyclopedia of Camps and Ghettos Vol. 1 / Holocaust Geographies Collaborative (Knowles et al. 2014)"},"geometry":{"type":"Point","coordinates":[8.23391,50.0198]}},{"type":"Feature","properties":{"id":"07-0822-0","name":"Riese/Märzbachtal","hauptlager":"Gross Rosen","typ":"KZ / Außenlager","func_1":3,"func_1_label":"Bau (Gebäude, Straßen, Tunnel)","func_2":0,"func_2_label":"Keine bekannte Arbeit","datum_eroeffnung":"1944-06-15","datum_schliessung":"1945-02-15","open_text":"\"Late May/Early June 1944\"","close_text":"\"February 1945\"","peak_population":800,"haftlinge":"Jewish","firmen":"Otto Trebitz, Argo- Waldenburg, Muhlhausen, Wieden und Petersil","nationen":"Romanian, Hungarian, Polish, Slovakian","lat":50.684398,"lon":16.378499,"koppermann_naehe":"kontext","quelle":"USHMM Encyclopedia of Camps and Ghettos Vol. 1 / Holocaust Geographies Collaborative (Knowles et al. 2014)"},"geometry":{"type":"Point","coordinates":[16.378499,50.684398]}},{"type":"Feature","properties":{"id":"07-0823-0","name":"Riese/Säuferwasser","hauptlager":"Gross Rosen","typ":"KZ / Außenlager","func_1":3,"func_1_label":"Bau (Gebäude, Straßen, Tunnel)","func_2":0,"func_2_label":"Keine bekannte Arbeit","datum_eroeffnung":"1944-08-15","datum_schliessung":"1945-06-15","open_text":"\"At least since August 23, 1944, prisoners may have arrived as early as May 24, 1944\"","close_text":"","peak_population":417,"haftlinge":"Jewish","firmen":"Holzman Company","nationen":"Polish, Hungarian, Greek","lat":50.6753,"lon":16.393299,"koppermann_naehe":"kontext","quelle":"USHMM Encyclopedia of Camps and Ghettos Vol. 1 / Holocaust Geographies Collaborative (Knowles et al. 2014)"},"geometry":{"type":"Point","coordinates":[16.393299,50.6753]}},{"type":"Feature","properties":{"id":"07-0824-0","name":"Riese/Schotterwerk [aka Oberwüstegiersdorf]","hauptlager":"Gross Rosen","typ":"KZ / Außenlager","func_1":2,"func_1_label":"Baumaterialien (Steinbruch, Ziegelei, Sägewerk)","func_2":3,"func_2_label":"Bau (Gebäude, Straßen, Tunnel)","datum_eroeffnung":"1945-06-15","datum_schliessung":"1945-05-15","open_text":"\"Late April or in May, 1944\"","close_text":"","peak_population":1245,"haftlinge":"Jewish","firmen":"Lenz, Steinhage, Schallhorn, Holzmann","nationen":"Polish, Hungarian, Greek, Slovak","lat":50.671798,"lon":16.375999,"koppermann_naehe":"kontext","quelle":"USHMM Encyclopedia of Camps and Ghettos Vol. 1 / Holocaust Geographies Collaborative (Knowles et al. 2014)"},"geometry":{"type":"Point","coordinates":[16.375999,50.671798]}},{"type":"Feature","properties":{"id":"07-0825-0","name":"Riese/Tannhausen","hauptlager":"Gross Rosen","typ":"KZ / Außenlager","func_1":1,"func_1_label":"Unbekannte/unspezifische Arbeit","func_2":0,"func_2_label":"Keine bekannte Arbeit","datum_eroeffnung":"1944-05-15","datum_schliessung":"1945-06-15","open_text":"\"Late April/Early May 1944\"","close_text":"","peak_population":273,"haftlinge":"Jewish","firmen":"Todt Organization","nationen":"Hungarian, Greek, Polish, and other Western European Countries","lat":50.7,"lon":16.369899,"koppermann_naehe":"kontext","quelle":"USHMM Encyclopedia of Camps and Ghettos Vol. 1 / Holocaust Geographies Collaborative (Knowles et al. 2014)"},"geometry":{"type":"Point","coordinates":[16.369899,50.7]}},{"type":"Feature","properties":{"id":"07-0826-0","name":"Riese/Wolfsberg","hauptlager":"Gross Rosen","typ":"KZ / Außenlager","func_1":3,"func_1_label":"Bau (Gebäude, Straßen, Tunnel)","func_2":0,"func_2_label":"Keine bekannte Arbeit","datum_eroeffnung":"1944-05-15","datum_schliessung":"1945-02-15","open_text":"\"May 1944\"","close_text":"\"Evacuated Febraury 16, 1945\"","peak_population":2048,"haftlinge":"All Jewish","firmen":"VDM, Tebe und Bucer, Ackerhmann, Dubner, Geppardt, Hotze, Hutto, Jank, Kemna, Otto Weil, Lam","nationen":"Mostly Polish and Hungarian, few Greek, Germans, Dutch","lat":50.701999,"lon":16.420799,"koppermann_naehe":"kontext","quelle":"USHMM Encyclopedia of Camps and Ghettos Vol. 1 / Holocaust Geographies Collaborative (Knowles et al. 2014)"},"geometry":{"type":"Point","coordinates":[16.420799,50.701999]}},{"type":"Feature","properties":{"id":"07-0827-0","name":"Riese/Wüstegiersdorf [aka Lager V]","hauptlager":"Gross Rosen","typ":"KZ / Außenlager","func_1":2,"func_1_label":"Baumaterialien (Steinbruch, Ziegelei, Sägewerk)","func_2":3,"func_2_label":"Bau (Gebäude, Straßen, Tunnel)","datum_eroeffnung":"1944-05-15","datum_schliessung":"1945-02-15","open_text":"\"May 1944\"","close_text":"\"Probably evacuated February 24, 1945\"","peak_population":850,"haftlinge":"Jewish","firmen":"Messinger, Tiefbau, Sager und Worner, Wayss und Freytag, Hoch und Tiefbau, Fix, Dubner, Websky, Holzman, Schallhorn, Lenz, Krup [Krupp?] AG, NSKK","nationen":"Mostly Polish and Hungarian","lat":50.687198,"lon":16.385,"koppermann_naehe":"kontext","quelle":"USHMM Encyclopedia of Camps and Ghettos Vol. 1 / Holocaust Geographies Collaborative (Knowles et al. 2014)"},"geometry":{"type":"Point","coordinates":[16.385,50.687198]}},{"type":"Feature","properties":{"id":"07-0828-1","name":"Riese/Wüstewaltersdorf [aka Stenzelberg]","hauptlager":"Gross Rosen","typ":"KZ / Außenlager","func_1":3,"func_1_label":"Bau (Gebäude, Straßen, Tunnel)","func_2":0,"func_2_label":"Keine bekannte Arbeit","datum_eroeffnung":null,"datum_schliessung":"1945-02-15","open_text":"","close_text":"\"Middle or February, 1945\"","peak_population":500,"haftlinge":"Jewish","firmen":"Gebruder Butzer & Holzmann and Hutto Hydrierwerke A.G.","nationen":"Greek, Dutch, Hungarian, Czech, Polish, Yugoslavian","lat":50.698001,"lon":16.4416,"koppermann_naehe":"kontext","quelle":"USHMM Encyclopedia of Camps and Ghettos Vol. 1 / Holocaust Geographies Collaborative (Knowles et al. 2014)"},"geometry":{"type":"Point","coordinates":[16.4416,50.698001]}},{"type":"Feature","properties":{"id":"07-0829-0","name":"Riese/Zentralrevier or Zentralkrankenrevier in Tannhausen [aka Blumenau]","hauptlager":"Gross Rosen","typ":"Sterbelager","func_1":8,"func_1_label":"Sterbelager (Sammlung Sterbender)","func_2":0,"func_2_label":"Keine bekannte Arbeit","datum_eroeffnung":"1944-06-15","datum_schliessung":"1945-06-15","open_text":"\"Latter half of 1944\"","close_text":"\"Late June 1945\"","peak_population":1000,"haftlinge":"Sick Camp was Camp hospital","firmen":"","nationen":"","lat":51.0,"lon":16.0,"koppermann_naehe":"kontext","quelle":"USHMM Encyclopedia of Camps and Ghettos Vol. 1 / Holocaust Geographies Collaborative (Knowles et al. 2014)"},"geometry":{"type":"Point","coordinates":[16.0,51.0]}},{"type":"Feature","properties":{"id":"09-0626-0","name":"Merzhausen","hauptlager":"Hinzert","typ":"KZ / Außenlager","func_1":7,"func_1_label":"Ziviler Verteidigungsbau (Bunker, Trümmerräumung)","func_2":0,"func_2_label":"Keine bekannte Arbeit","datum_eroeffnung":"1944-06-15","datum_schliessung":"1955-08-15","open_text":"\"June 14, 1944, first inmates arrive\"","close_text":"\"Evacuated August 18, 1944\"","peak_population":30,"haftlinge":"","firmen":"","nationen":"","lat":50.316699,"lon":8.466699,"koppermann_naehe":"kontext","quelle":"USHMM Encyclopedia of Camps and Ghettos Vol. 1 / Holocaust Geographies Collaborative (Knowles et al. 2014)"},"geometry":{"type":"Point","coordinates":[8.466699,50.316699]}},{"type":"Feature","properties":{"id":"09-0995-0","name":"Vicht (OT-Polizeihaftlager)","hauptlager":"Hinzert","typ":"KZ / Außenlager","func_1":1,"func_1_label":"Unbekannte/unspezifische Arbeit","func_2":0,"func_2_label":"Keine bekannte Arbeit","datum_eroeffnung":"1930-12-15","datum_schliessung":"1941-06-15","open_text":"\"First mentioned December 5, 1939\"","close_text":"\"Middle of 1941\"","peak_population":180,"haftlinge":"","firmen":"","nationen":"","lat":50.733299,"lon":6.266699,"koppermann_naehe":"kontext","quelle":"USHMM Encyclopedia of Camps and Ghettos Vol. 1 / Holocaust Geographies Collaborative (Knowles et al. 2014)"},"geometry":{"type":"Point","coordinates":[6.266699,50.733299]}},{"type":"Feature","properties":{"id":"09-1056-0","name":"Zeltingen [aka Zeltingen an der Mosel]","hauptlager":"Hinzert","typ":"KZ / Außenlager","func_1":3,"func_1_label":"Bau (Gebäude, Straßen, Tunnel)","func_2":0,"func_2_label":"Keine bekannte Arbeit","datum_eroeffnung":"1944-06-15","datum_schliessung":"1945-06-15","open_text":"\"Most likely Summer or Fall 1944","close_text":"\"Early 1945\"","peak_population":9,"haftlinge":"","firmen":"","nationen":"","lat":49.95,"lon":7.016699,"koppermann_naehe":"kontext","quelle":"USHMM Encyclopedia of Camps and Ghettos Vol. 1 / Holocaust Geographies Collaborative (Knowles et al. 2014)"},"geometry":{"type":"Point","coordinates":[7.016699,49.95]}},{"type":"Feature","properties":{"id":"07-0857-2","name":"Sackisch","hauptlager":"Gross Rosen","typ":"KZ / Außenlager","func_1":4,"func_1_label":"Rüstung / Munition","func_2":0,"func_2_label":"Keine bekannte Arbeit","datum_eroeffnung":"1944-06-15","datum_schliessung":"1945-05-15","open_text":"\"Probably late August or early September\"","close_text":"","peak_population":950,"haftlinge":"Jewish","firmen":"Vereinigte Deutsche Metallwerke, Sehmann, Goldschmidt and Telefunken","nationen":"Polish, Hungarian, Czech, Yugoslavian","lat":50.4333,"lon":16.25,"koppermann_naehe":"kontext","quelle":"USHMM Encyclopedia of Camps and Ghettos Vol. 1 / Holocaust Geographies Collaborative (Knowles et al. 2014)"},"geometry":{"type":"Point","coordinates":[16.25,50.4333]}},{"type":"Feature","properties":{"id":"07-0867-2","name":"Schatzlar","hauptlager":"Gross Rosen","typ":"KZ / Außenlager","func_1":5,"func_1_label":"Nicht-Rüstungsproduktion (Textil, Glas, Lebensmittel)","func_2":0,"func_2_label":"Keine bekannte Arbeit","datum_eroeffnung":"1944-06-15","datum_schliessung":"1945-05-15","open_text":"\"June 9, 1944\"","close_text":"","peak_population":125,"haftlinge":"Jewish","firmen":"","nationen":"","lat":50.650001,"lon":15.899999,"koppermann_naehe":"kontext","quelle":"USHMM Encyclopedia of Camps and Ghettos Vol. 1 / Holocaust Geographies Collaborative (Knowles et al. 2014)"},"geometry":{"type":"Point","coordinates":[15.899999,50.650001]}},{"type":"Feature","properties":{"id":"07-0869-3","name":"Schertendorf","hauptlager":"Gross Rosen","typ":"KZ / Außenlager","func_1":4,"func_1_label":"Rüstung / Munition","func_2":0,"func_2_label":"Keine bekannte Arbeit","datum_eroeffnung":null,"datum_schliessung":"1945-02-15","open_text":"","close_text":"\"Early February 1945\"","peak_population":100,"haftlinge":"Jewish","firmen":"Christ u Co., Beuchelt","nationen":"","lat":51.966701,"lon":15.449999,"koppermann_naehe":"kontext","quelle":"USHMM Encyclopedia of Camps and Ghettos Vol. 1 / Holocaust Geographies Collaborative (Knowles et al. 2014)"},"geometry":{"type":"Point","coordinates":[15.449999,51.966701]}},{"type":"Feature","properties":{"id":"07-0875-2","name":"Schlesiersee I","hauptlager":"Gross Rosen","typ":"KZ / Außenlager","func_1":7,"func_1_label":"Ziviler Verteidigungsbau (Bunker, Trümmerräumung)","func_2":0,"func_2_label":"Keine bekannte Arbeit","datum_eroeffnung":"1944-10-15","datum_schliessung":null,"open_text":"\"Early October 1944\"","close_text":"","peak_population":1000,"haftlinge":"Jewish","firmen":"Kraus Company","nationen":"Polish, Hungarian","lat":51.8833,"lon":16.066699,"koppermann_naehe":"kontext","quelle":"USHMM Encyclopedia of Camps and Ghettos Vol. 1 / Holocaust Geographies Collaborative (Knowles et al. 2014)"},"geometry":{"type":"Point","coordinates":[16.066699,51.8833]}},{"type":"Feature","properties":{"id":"07-0876-2","name":"Schlesiersee II [aka Pürschkau]","hauptlager":"Gross Rosen","typ":"KZ / Außenlager","func_1":7,"func_1_label":"Ziviler Verteidigungsbau (Bunker, Trümmerräumung)","func_2":0,"func_2_label":"Keine bekannte Arbeit","datum_eroeffnung":"1944-10-15","datum_schliessung":"1945-01-15","open_text":"\"October 1944\"","close_text":"","peak_population":1000,"haftlinge":"Jewish","firmen":"Kraus Company","nationen":"Polish, Hungarian","lat":51.871185,"lon":16.119218,"koppermann_naehe":"operationsgebiet","quelle":"USHMM Encyclopedia of Camps and Ghettos Vol. 1 / Holocaust Geographies Collaborative (Knowles et al. 2014)"},"geometry":{"type":"Point","coordinates":[19.587722004269768,51.016671002712094]}},{"type":"Feature","properties":{"id":"07-0916-2","name":"St. Georgenthal at Gross Rosen","hauptlager":"Gross Rosen","typ":"KZ / Außenlager","func_1":5,"func_1_label":"Nicht-Rüstungsproduktion (Textil, Glas, Lebensmittel)","func_2":0,"func_2_label":"Keine bekannte Arbeit","datum_eroeffnung":null,"datum_schliessung":"1945-05-15","open_text":"\"1943\"","close_text":"","peak_population":310,"haftlinge":"Jewish","firmen":"","nationen":"Polish, Czech, Russian, French Italian and other varying Nationalities","lat":50.875104,"lon":14.574472,"koppermann_naehe":"kontext","quelle":"USHMM Encyclopedia of Camps and Ghettos Vol. 1 / Holocaust Geographies Collaborative (Knowles et al. 2014)"},"geometry":{"type":"Point","coordinates":[14.574472,50.875104]}},{"type":"Feature","properties":{"id":"07-0962-1","name":"Treskau","hauptlager":"Gross Rosen","typ":"KZ / Außenlager","func_1":3,"func_1_label":"Bau (Gebäude, Straßen, Tunnel)","func_2":0,"func_2_label":"Keine bekannte Arbeit","datum_eroeffnung":"1943-08-15","datum_schliessung":"1945-01-15","open_text":"\"First mentioned August 30, 1943\"","close_text":"\"January 20, 1945\"","peak_population":105,"haftlinge":"Political, Russian, Career Criminal, Polish","firmen":"","nationen":"Polish, Russian, Czech, Ukranian, Germans","lat":52.5167,"lon":16.983299,"koppermann_naehe":"kontext","quelle":"USHMM Encyclopedia of Camps and Ghettos Vol. 1 / Holocaust Geographies Collaborative (Knowles et al. 2014)"},"geometry":{"type":"Point","coordinates":[16.983299,52.5167]}},{"type":"Feature","properties":{"id":"07-0999-1","name":"Waldenburg","hauptlager":"Gross Rosen","typ":"KZ / Außenlager","func_1":3,"func_1_label":"Bau (Gebäude, Straßen, Tunnel)","func_2":0,"func_2_label":"Keine bekannte Arbeit","datum_eroeffnung":"1944-06-15","datum_schliessung":"1945-05-15","open_text":"\"Early 1944\"","close_text":"\"May 7-8, 1945\"","peak_population":565,"haftlinge":"Jewish","firmen":"Hoch und Tiefbau AG, Philip Holzman, IG Farben AG, AEG, Synthetische Benzing - Fabrik Mathildenhohe","nationen":"Polish, Hungarian,Czech","lat":50.7667,"lon":16.2833,"koppermann_naehe":"kontext","quelle":"USHMM Encyclopedia of Camps and Ghettos Vol. 1 / Holocaust Geographies Collaborative (Knowles et al. 2014)"},"geometry":{"type":"Point","coordinates":[16.2833,50.7667]}},{"type":"Feature","properties":{"id":"07-1013-2","name":"Weisswasser","hauptlager":"Gross Rosen","typ":"KZ / Außenlager","func_1":5,"func_1_label":"Nicht-Rüstungsproduktion (Textil, Glas, Lebensmittel)","func_2":0,"func_2_label":"Keine bekannte Arbeit","datum_eroeffnung":"1944-09-15","datum_schliessung":"1945-02-15","open_text":"\"Beginning of September, 1944\"","close_text":"\"Evacuated February 26, 1945\"","peak_population":300,"haftlinge":"Jewish","firmen":"Philips-Valvo Factory, VEB Lausitzer Glass Part I","nationen":"Hungarian","lat":51.5167,"lon":14.633299,"koppermann_naehe":"kontext","quelle":"USHMM Encyclopedia of Camps and Ghettos Vol. 1 / Holocaust Geographies Collaborative (Knowles et al. 2014)"},"geometry":{"type":"Point","coordinates":[14.633299,51.5167]}},{"type":"Feature","properties":{"id":"07-1034-2","name":"Wiesau","hauptlager":"Gross Rosen","typ":"KZ / Außenlager","func_1":3,"func_1_label":"Bau (Gebäude, Straßen, Tunnel)","func_2":0,"func_2_label":"Keine bekannte Arbeit","datum_eroeffnung":"1944-05-15","datum_schliessung":null,"open_text":"\"May 10, 1944\"","close_text":"\"Last mentioned January 1945\"","peak_population":68,"haftlinge":"Jewish","firmen":"Kuppers Company","nationen":"Hungarian","lat":51.299999,"lon":15.566699,"koppermann_naehe":"kontext","quelle":"USHMM Encyclopedia of Camps and Ghettos Vol. 1 / Holocaust Geographies Collaborative (Knowles et al. 2014)"},"geometry":{"type":"Point","coordinates":[15.566699,51.299999]}},{"type":"Feature","properties":{"id":"07-1060-2","name":"Zillerthal-Erdmannsdorf","hauptlager":"Gross Rosen","typ":"KZ / Außenlager","func_1":5,"func_1_label":"Nicht-Rüstungsproduktion (Textil, Glas, Lebensmittel)","func_2":0,"func_2_label":"Keine bekannte Arbeit","datum_eroeffnung":"1944-06-15","datum_schliessung":"1945-05-15","open_text":"\"Late May/Early June 1944\"","close_text":"\"Liberated May 8, 1945\"","peak_population":200,"haftlinge":"","firmen":"","nationen":"","lat":50.853298,"lon":15.777,"koppermann_naehe":"kontext","quelle":"USHMM Encyclopedia of Camps and Ghettos Vol. 1 / Holocaust Geographies Collaborative (Knowles et al. 2014)"},"geometry":{"type":"Point","coordinates":[15.777,50.853298]}},{"type":"Feature","properties":{"id":"08-0014-0","name":"Amersfoort","hauptlager":"Herzogenbusch","typ":"KZ / Außenlager","func_1":3,"func_1_label":"Bau (Gebäude, Straßen, Tunnel)","func_2":0,"func_2_label":"Keine bekannte Arbeit","datum_eroeffnung":"1943-05-15","datum_schliessung":"1943-07-15","open_text":"\"May 1943\"","close_text":"\"July 1943\"","peak_population":670,"haftlinge":"","firmen":"Luftwaffe","nationen":"","lat":52.150001,"lon":5.383299,"koppermann_naehe":"kontext","quelle":"USHMM Encyclopedia of Camps and Ghettos Vol. 1 / Holocaust Geographies Collaborative (Knowles et al. 2014)"},"geometry":{"type":"Point","coordinates":[5.383299,52.150001]}},{"type":"Feature","properties":{"id":"08-0021-0","name":"Arnheim (first)","hauptlager":"Herzogenbusch","typ":"KZ / Außenlager","func_1":3,"func_1_label":"Bau (Gebäude, Straßen, Tunnel)","func_2":0,"func_2_label":"Keine bekannte Arbeit","datum_eroeffnung":"1943-07-15","datum_schliessung":"1943-08-15","open_text":"\"July 1943\" 1st period, \"January 1944\"- 2nd period","close_text":"\"August 1943\" 1st period, \"September 1944\"- 2nd Period,","peak_population":1,"haftlinge":"Jewish","firmen":"Luftwaffe","nationen":"","lat":51.983299,"lon":5.916699,"koppermann_naehe":"kontext","quelle":"USHMM Encyclopedia of Camps and Ghettos Vol. 1 / Holocaust Geographies Collaborative (Knowles et al. 2014)"},"geometry":{"type":"Point","coordinates":[5.916699,51.983299]}},{"type":"Feature","properties":{"id":"08-0021-0","name":"Arnheim (second)","hauptlager":"Herzogenbusch","typ":"KZ / Außenlager","func_1":3,"func_1_label":"Bau (Gebäude, Straßen, Tunnel)","func_2":0,"func_2_label":"Keine bekannte Arbeit","datum_eroeffnung":"1944-01-15","datum_schliessung":"1944-09-15","open_text":"\"July 1943\" 1st period, \"January 1944\"- 2nd period","close_text":"\"August 1943\" 1st period, \"September 1944\"- 2nd Period,","peak_population":30,"haftlinge":"Jewish","firmen":"Luftwaffe","nationen":"","lat":52.00126,"lon":5.92928,"koppermann_naehe":"kontext","quelle":"USHMM Encyclopedia of Camps and Ghettos Vol. 1 / Holocaust Geographies Collaborative (Knowles et al. 2014)"},"geometry":{"type":"Point","coordinates":[5.92928,52.00126]}},{"type":"Feature","properties":{"id":"08-0243-0","name":"Eindhoven","hauptlager":"Herzogenbusch","typ":"KZ / Außenlager","func_1":3,"func_1_label":"Bau (Gebäude, Straßen, Tunnel)","func_2":0,"func_2_label":"Keine bekannte Arbeit","datum_eroeffnung":"1943-09-15","datum_schliessung":"1944-06-15","open_text":"\"September 1943\"","close_text":"\"June 1944\"","peak_population":1,"haftlinge":"","firmen":"Bauleitung Der Luftwaffe","nationen":"","lat":51.45,"lon":5.4667,"koppermann_naehe":"kontext","quelle":"USHMM Encyclopedia of Camps and Ghettos Vol. 1 / Holocaust Geographies Collaborative (Knowles et al. 2014)"},"geometry":{"type":"Point","coordinates":[5.4667,51.45]}},{"type":"Feature","properties":{"id":"08-0323-0","name":"Gilze-Rijen [aka Breda]","hauptlager":"Herzogenbusch","typ":"KZ / Außenlager","func_1":3,"func_1_label":"Bau (Gebäude, Straßen, Tunnel)","func_2":0,"func_2_label":"Keine bekannte Arbeit","datum_eroeffnung":"1943-08-15","datum_schliessung":"1944-05-15","open_text":"\"August 1943\"","close_text":"\"May 1944\"","peak_population":22,"haftlinge":"Black Market Criminals","firmen":"Bauleitung Der Luftwaffe","nationen":"","lat":51.533298,"lon":4.949999,"koppermann_naehe":"kontext","quelle":"USHMM Encyclopedia of Camps and Ghettos Vol. 1 / Holocaust Geographies Collaborative (Knowles et al. 2014)"},"geometry":{"type":"Point","coordinates":[4.949999,51.533298]}},{"type":"Feature","properties":{"id":"08-0370-0","name":"Haaren","hauptlager":"Herzogenbusch","typ":"KZ / Außenlager","func_1":6,"func_1_label":"SS-Lagerbau / Landwirtschaft","func_2":0,"func_2_label":"Keine bekannte Arbeit","datum_eroeffnung":"1943-01-15","datum_schliessung":"1944-09-15","open_text":"\"January 1943\"","close_text":"\"September 1944\"","peak_population":1,"haftlinge":"","firmen":"","nationen":"","lat":51.599998,"lon":5.2333,"koppermann_naehe":"kontext","quelle":"USHMM Encyclopedia of Camps and Ghettos Vol. 1 / Holocaust Geographies Collaborative (Knowles et al. 2014)"},"geometry":{"type":"Point","coordinates":[5.2333,51.599998]}},{"type":"Feature","properties":{"id":"08-0433-3","name":"Herzogenbusch","hauptlager":"Herzogenbusch","typ":"KZ / Außenlager","func_1":0,"func_1_label":"Keine bekannte Arbeit","func_2":0,"func_2_label":"Keine bekannte Arbeit","datum_eroeffnung":"1943-01-15","datum_schliessung":"1944-10-15","open_text":"\"January 5, 1943\"","close_text":"","peak_population":9000,"haftlinge":"All Nazi Opposition: Ethnic, Religion, Political, Career Criminals, Asocials","firmen":"","nationen":"Belgian, French","lat":51.7,"lon":5.316699,"koppermann_naehe":"kontext","quelle":"USHMM Encyclopedia of Camps and Ghettos Vol. 1 / Holocaust Geographies Collaborative (Knowles et al. 2014)"},"geometry":{"type":"Point","coordinates":[5.316699,51.7]}},{"type":"Feature","properties":{"id":"08-0434-2","name":"Herzogenbusch (Continental Gummiwerke AG)","hauptlager":"Herzogenbusch","typ":"KZ / Außenlager","func_1":4,"func_1_label":"Rüstung / Munition","func_2":0,"func_2_label":"Keine bekannte Arbeit","datum_eroeffnung":"1943-12-15","datum_schliessung":"1944-09-15","open_text":"\"December 1943\"","close_text":"\"September 1944\"","peak_population":1,"haftlinge":"","firmen":"Continental- Werk","nationen":"","lat":51.6585,"lon":5.29854,"koppermann_naehe":"kontext","quelle":"USHMM Encyclopedia of Camps and Ghettos Vol. 1 / Holocaust Geographies Collaborative (Knowles et al. 2014)"},"geometry":{"type":"Point","coordinates":[5.29854,51.6585]}},{"type":"Feature","properties":{"id":"08-0560-0","name":"Leeuwarden","hauptlager":"Herzogenbusch","typ":"KZ / Außenlager","func_1":7,"func_1_label":"Ziviler Verteidigungsbau (Bunker, Trümmerräumung)","func_2":0,"func_2_label":"Keine bekannte Arbeit","datum_eroeffnung":"1944-02-15","datum_schliessung":"1944-03-15","open_text":"\"February 1944\"","close_text":"\"March 1944\"","peak_population":40,"haftlinge":"","firmen":"","nationen":"","lat":53.2,"lon":5.783299,"koppermann_naehe":"kontext","quelle":"USHMM Encyclopedia of Camps and Ghettos Vol. 1 / Holocaust Geographies Collaborative (Knowles et al. 2014)"},"geometry":{"type":"Point","coordinates":[5.783299,53.2]}},{"type":"Feature","properties":{"id":"08-0637-1","name":"Moerdijk","hauptlager":"Herzogenbusch","typ":"KZ / Außenlager","func_1":7,"func_1_label":"Ziviler Verteidigungsbau (Bunker, Trümmerräumung)","func_2":0,"func_2_label":"Keine bekannte Arbeit","datum_eroeffnung":"1943-03-15","datum_schliessung":"1944-02-15","open_text":"\"March 1943\"","close_text":"\"February 1944\"","peak_population":500,"haftlinge":"Jewish, and Non Jews","firmen":"Organistation Todt","nationen":"","lat":51.678708,"lon":4.604387,"koppermann_naehe":"kontext","quelle":"USHMM Encyclopedia of Camps and Ghettos Vol. 1 / Holocaust Geographies Collaborative (Knowles et al. 2014)"},"geometry":{"type":"Point","coordinates":[4.604387,51.678708]}},{"type":"Feature","properties":{"id":"08-0843-1","name":"Rosendaal","hauptlager":"Herzogenbusch","typ":"KZ / Außenlager","func_1":7,"func_1_label":"Ziviler Verteidigungsbau (Bunker, Trümmerräumung)","func_2":0,"func_2_label":"Keine bekannte Arbeit","datum_eroeffnung":"1944-02-15","datum_schliessung":"1944-04-15","open_text":"\"February 1944\"","close_text":"\"April 1944\"","peak_population":1,"haftlinge":"Jewish","firmen":"Organistation Todt","nationen":"","lat":52.0167,"lon":5.9667,"koppermann_naehe":"kontext","quelle":"USHMM Encyclopedia of Camps and Ghettos Vol. 1 / Holocaust Geographies Collaborative (Knowles et al. 2014)"},"geometry":{"type":"Point","coordinates":[5.9667,52.0167]}},{"type":"Feature","properties":{"id":"10-0485-0","name":"Kauen-Schanzen","hauptlager":"Kauen","typ":"KZ / Außenlager","func_1":3,"func_1_label":"Bau (Gebäude, Straßen, Tunnel)","func_2":0,"func_2_label":"Keine bekannte Arbeit","datum_eroeffnung":"1943-12-15","datum_schliessung":"1944-07-15","open_text":"\"December 16, 1943\"","close_text":"\"July 12, 1944\"","peak_population":1,"haftlinge":"","firmen":"","nationen":"","lat":54.8677,"lon":23.9384,"koppermann_naehe":"kontext","quelle":"USHMM Encyclopedia of Camps and Ghettos Vol. 1 / Holocaust Geographies Collaborative (Knowles et al. 2014)"},"geometry":{"type":"Point","coordinates":[23.9384,54.8677]}},{"type":"Feature","properties":{"id":"10-0489-0","name":"Kazlu Ruda","hauptlager":"Kauen","typ":"KZ / Außenlager","func_1":1,"func_1_label":"Unbekannte/unspezifische Arbeit","func_2":0,"func_2_label":"Keine bekannte Arbeit","datum_eroeffnung":"1944-06-15","datum_schliessung":"1944-07-15","open_text":"\"1944\"","close_text":"\"Evacuated July 1944\"","peak_population":500,"haftlinge":"","firmen":"","nationen":"","lat":54.7667,"lon":23.5,"koppermann_naehe":"kontext","quelle":"USHMM Encyclopedia of Camps and Ghettos Vol. 1 / Holocaust Geographies Collaborative (Knowles et al. 2014)"},"geometry":{"type":"Point","coordinates":[23.5,54.7667]}},{"type":"Feature","properties":{"id":"10-0490-0","name":"Kedahnen","hauptlager":"Kauen","typ":"KZ / Außenlager","func_1":1,"func_1_label":"Unbekannte/unspezifische Arbeit","func_2":0,"func_2_label":"Keine bekannte Arbeit","datum_eroeffnung":"1943-12-15","datum_schliessung":"1944-07-15","open_text":"\"First mentioned December 1943\"","close_text":"\"July 1944\"","peak_population":300,"haftlinge":"","firmen":"","nationen":"","lat":55.288299,"lon":23.974599,"koppermann_naehe":"kontext","quelle":"USHMM Encyclopedia of Camps and Ghettos Vol. 1 / Holocaust Geographies Collaborative (Knowles et al. 2014)"},"geometry":{"type":"Point","coordinates":[23.974599,55.288299]}},{"type":"Feature","properties":{"id":"10-0524-0","name":"Koschedaren","hauptlager":"Kauen","typ":"KZ / Außenlager","func_1":6,"func_1_label":"SS-Lagerbau / Landwirtschaft","func_2":0,"func_2_label":"Keine bekannte Arbeit","datum_eroeffnung":null,"datum_schliessung":"1944-07-15","open_text":"","close_text":"\"Evacuated July 1944\"","peak_population":400,"haftlinge":"","firmen":"","nationen":"","lat":54.866699,"lon":24.45,"koppermann_naehe":"kontext","quelle":"USHMM Encyclopedia of Camps and Ghettos Vol. 1 / Holocaust Geographies Collaborative (Knowles et al. 2014)"},"geometry":{"type":"Point","coordinates":[24.45,54.866699]}},{"type":"Feature","properties":{"id":"08-0901-0","name":"'s-Gravenhage","hauptlager":"Herzogenbusch","typ":"KZ / Außenlager","func_1":6,"func_1_label":"SS-Lagerbau / Landwirtschaft","func_2":0,"func_2_label":"Keine bekannte Arbeit","datum_eroeffnung":"1943-09-15","datum_schliessung":"1944-07-15","open_text":"\"September 1943\"","close_text":"\"July 1944\"","peak_population":1,"haftlinge":"","firmen":"","nationen":"","lat":52.083301,"lon":4.3,"koppermann_naehe":"kontext","quelle":"USHMM Encyclopedia of Camps and Ghettos Vol. 1 / Holocaust Geographies Collaborative (Knowles et al. 2014)"},"geometry":{"type":"Point","coordinates":[4.3,52.083301]}},{"type":"Feature","properties":{"id":"08-0920-0","name":"St. Michielsgestel","hauptlager":"Herzogenbusch","typ":"KZ / Außenlager","func_1":6,"func_1_label":"SS-Lagerbau / Landwirtschaft","func_2":0,"func_2_label":"Keine bekannte Arbeit","datum_eroeffnung":"1943-01-15","datum_schliessung":"1944-09-15","open_text":"\"January 1943\"","close_text":"\"September 1944\"","peak_population":1,"haftlinge":"","firmen":"","nationen":"","lat":51.6333,"lon":5.349999,"koppermann_naehe":"kontext","quelle":"USHMM Encyclopedia of Camps and Ghettos Vol. 1 / Holocaust Geographies Collaborative (Knowles et al. 2014)"},"geometry":{"type":"Point","coordinates":[5.349999,51.6333]}},{"type":"Feature","properties":{"id":"08-0992-0","name":"Venlo","hauptlager":"Herzogenbusch","typ":"KZ / Außenlager","func_1":6,"func_1_label":"SS-Lagerbau / Landwirtschaft","func_2":0,"func_2_label":"Keine bekannte Arbeit","datum_eroeffnung":"1943-09-15","datum_schliessung":"1944-09-15","open_text":"\"September 1943\"","close_text":"\"September 1944\"","peak_population":1,"haftlinge":"Non Jews, and Jews for a brief time","firmen":"","nationen":"","lat":51.366699,"lon":6.166699,"koppermann_naehe":"kontext","quelle":"USHMM Encyclopedia of Camps and Ghettos Vol. 1 / Holocaust Geographies Collaborative (Knowles et al. 2014)"},"geometry":{"type":"Point","coordinates":[6.166699,51.366699]}},{"type":"Feature","properties":{"id":"09-0039-0","name":"Bad Nauheim (OT-Polizeihaftlager)","hauptlager":"Hinzert","typ":"KZ / Außenlager","func_1":6,"func_1_label":"SS-Lagerbau / Landwirtschaft","func_2":0,"func_2_label":"Keine bekannte Arbeit","datum_eroeffnung":"1940-06-15","datum_schliessung":"1940-06-15","open_text":"\"End of 1939/Early 1940\"","close_text":"\"1940\"","peak_population":350,"haftlinge":"Police Custody/Protective Custody Prisoners","firmen":"","nationen":"","lat":50.366699,"lon":8.75,"koppermann_naehe":"kontext","quelle":"USHMM Encyclopedia of Camps and Ghettos Vol. 1 / Holocaust Geographies Collaborative (Knowles et al. 2014)"},"geometry":{"type":"Point","coordinates":[8.75,50.366699]}},{"type":"Feature","properties":{"id":"09-0172-0","name":"Cochem [aka Brutting und Treis]","hauptlager":"Hinzert","typ":"KZ / Außenlager","func_1":1,"func_1_label":"Unbekannte/unspezifische Arbeit","func_2":0,"func_2_label":"Keine bekannte Arbeit","datum_eroeffnung":"1944-03-15","datum_schliessung":null,"open_text":"\"March 1944\"","close_text":"","peak_population":700,"haftlinge":"","firmen":"Bosch","nationen":"Varying European Nationalities","lat":50.1333,"lon":7.15,"koppermann_naehe":"kontext","quelle":"USHMM Encyclopedia of Camps and Ghettos Vol. 1 / Holocaust Geographies Collaborative (Knowles et al. 2014)"},"geometry":{"type":"Point","coordinates":[7.15,50.1333]}},{"type":"Feature","properties":{"id":"09-0290-0","name":"Frankenthal-Mörsch (OT-Polizeihaftlager)","hauptlager":"Hinzert","typ":"KZ / Außenlager","func_1":3,"func_1_label":"Bau (Gebäude, Straßen, Tunnel)","func_2":0,"func_2_label":"Keine bekannte Arbeit","datum_eroeffnung":"1940-07-15","datum_schliessung":"1940-09-15","open_text":"\"First mentioned July 25, 1940\"","close_text":"\"September 18, 1940, presumably the universal close date for OT camps\"","peak_population":1,"haftlinge":"People not complying with the National Socialist way of Life","firmen":"","nationen":"","lat":49.533298,"lon":8.35,"koppermann_naehe":"kontext","quelle":"USHMM Encyclopedia of Camps and Ghettos Vol. 1 / Holocaust Geographies Collaborative (Knowles et al. 2014)"},"geometry":{"type":"Point","coordinates":[8.35,49.533298]}},{"type":"Feature","properties":{"id":"09-0982-0","name":"Usingen","hauptlager":"Hinzert","typ":"KZ / Außenlager","func_1":3,"func_1_label":"Bau (Gebäude, Straßen, Tunnel)","func_2":0,"func_2_label":"Keine bekannte Arbeit","datum_eroeffnung":"1944-06-15","datum_schliessung":"1944-08-15","open_text":"\"June 14, 1944\"","close_text":"\"August 18, 1944\"","peak_population":30,"haftlinge":"","firmen":"","nationen":"","lat":50.333301,"lon":8.5333,"koppermann_naehe":"kontext","quelle":"USHMM Encyclopedia of Camps and Ghettos Vol. 1 / Holocaust Geographies Collaborative (Knowles et al. 2014)"},"geometry":{"type":"Point","coordinates":[8.5333,50.333301]}},{"type":"Feature","properties":{"id":"09-0983-0","name":"Uthlede (OT-Polizeihaftlager) [aka Uttlede]","hauptlager":"Hinzert","typ":"KZ / Außenlager","func_1":1,"func_1_label":"Unbekannte/unspezifische Arbeit","func_2":0,"func_2_label":"Keine bekannte Arbeit","datum_eroeffnung":"1940-04-15","datum_schliessung":"1940-09-15","open_text":"\"First mentioned April 26, 1940\"","close_text":"\"September 18, 1940\"","peak_population":170,"haftlinge":"People not complying with the National Socialist way of life","firmen":"","nationen":"","lat":53.316699,"lon":8.583299,"koppermann_naehe":"kontext","quelle":"USHMM Encyclopedia of Camps and Ghettos Vol. 1 / Holocaust Geographies Collaborative (Knowles et al. 2014)"},"geometry":{"type":"Point","coordinates":[8.583299,53.316699]}},{"type":"Feature","properties":{"id":"12-0161-0","name":"Budzyn","hauptlager":"Lublin","typ":"KZ / Außenlager","func_1":4,"func_1_label":"Rüstung / Munition","func_2":0,"func_2_label":"Keine bekannte Arbeit","datum_eroeffnung":"1943-10-15","datum_schliessung":"1944-05-15","open_text":"\"October 1943\"","close_text":"\"May 1944\"","peak_population":1,"haftlinge":"","firmen":"Heinkel","nationen":"","lat":50.95,"lon":22.2,"koppermann_naehe":"operationsgebiet","quelle":"USHMM Encyclopedia of Camps and Ghettos Vol. 1 / Holocaust Geographies Collaborative (Knowles et al. 2014)"},"geometry":{"type":"Point","coordinates":[22.2,50.95]}},{"type":"Feature","properties":{"id":"09-0998-0","name":"Wächtersbach","hauptlager":"Hinzert","typ":"KZ / Außenlager","func_1":3,"func_1_label":"Bau (Gebäude, Straßen, Tunnel)","func_2":0,"func_2_label":"Keine bekannte Arbeit","datum_eroeffnung":"1944-09-15","datum_schliessung":null,"open_text":"\"First mentioned September 12, 1944\"","close_text":"\"last mentioned March 23, 1945\"","peak_population":1,"haftlinge":"","firmen":"Karl Budde, Dampfasage- und Hobelwerk","nationen":"","lat":50.2667,"lon":9.3,"koppermann_naehe":"kontext","quelle":"USHMM Encyclopedia of Camps and Ghettos Vol. 1 / Holocaust Geographies Collaborative (Knowles et al. 2014)"},"geometry":{"type":"Point","coordinates":[9.3,50.2667]}},{"type":"Feature","properties":{"id":"09-1035-0","name":"Wiesbaden-Unter den Eichen [aka Wiesbaden]","hauptlager":"Hinzert","typ":"KZ / Außenlager","func_1":3,"func_1_label":"Bau (Gebäude, Straßen, Tunnel)","func_2":7,"func_2_label":"Ziviler Verteidigungsbau (Bunker, Trümmerräumung)","datum_eroeffnung":"1944-03-15","datum_schliessung":"1945-03-15","open_text":"\"March 20, 1944\"","close_text":"\"March 24, 1945\"","peak_population":100,"haftlinge":"","firmen":"","nationen":"Mostly Luxemburgers, few Dutch, French, German, Belgian","lat":50.083301,"lon":8.25,"koppermann_naehe":"kontext","quelle":"USHMM Encyclopedia of Camps and Ghettos Vol. 1 / Holocaust Geographies Collaborative (Knowles et al. 2014)"},"geometry":{"type":"Point","coordinates":[8.25,50.083301]}},{"type":"Feature","properties":{"id":"09-1036-0","name":"Wiesbaden-Erbenheim [aka Wiesbaden-Fliegerhorst, Erbenheim]","hauptlager":"Hinzert","typ":"KZ / Außenlager","func_1":1,"func_1_label":"Unbekannte/unspezifische Arbeit","func_2":0,"func_2_label":"Keine bekannte Arbeit","datum_eroeffnung":"1944-06-15","datum_schliessung":null,"open_text":"\"Summer 1944\"","close_text":"","peak_population":1,"haftlinge":"","firmen":"","nationen":"Mostly Luxemburgers","lat":50.0673,"lon":8.26567,"koppermann_naehe":"kontext","quelle":"USHMM Encyclopedia of Camps and Ghettos Vol. 1 / Holocaust Geographies Collaborative (Knowles et al. 2014)"},"geometry":{"type":"Point","coordinates":[8.26567,50.0673]}},{"type":"Feature","properties":{"id":"09-1043-0","name":"Wittlich [aka Wittlich an der Mosel]","hauptlager":"Hinzert","typ":"KZ / Außenlager","func_1":3,"func_1_label":"Bau (Gebäude, Straßen, Tunnel)","func_2":0,"func_2_label":"Keine bekannte Arbeit","datum_eroeffnung":"1940-04-15","datum_schliessung":"1943-02-15","open_text":"\"April 29, 1940\"","close_text":"\"February 28, 1943\"","peak_population":200,"haftlinge":"A few Luxemburger Jews","firmen":"Christian Krutwig, Eifel Autobahn","nationen":"Mostly Poland, Italian, Luxemburger","lat":49.992402,"lon":6.890016,"koppermann_naehe":"kontext","quelle":"USHMM Encyclopedia of Camps and Ghettos Vol. 1 / Holocaust Geographies Collaborative (Knowles et al. 2014)"},"geometry":{"type":"Point","coordinates":[6.883299008621085,49.992402]}},{"type":"Feature","properties":{"id":"10-0488-3","name":"Kauen [aka Kaunas, Kovno, Kowno, also Slobodka]","hauptlager":"Kauen","typ":"KZ / Außenlager","func_1":4,"func_1_label":"Rüstung / Munition","func_2":6,"func_2_label":"SS-Lagerbau / Landwirtschaft","datum_eroeffnung":"1943-06-15","datum_schliessung":"1944-06-15","open_text":"Fall 1943","close_text":"","peak_population":16000,"haftlinge":"Jewish","firmen":"","nationen":"Lithuanian","lat":54.8833,"lon":23.899999,"koppermann_naehe":"kontext","quelle":"USHMM Encyclopedia of Camps and Ghettos Vol. 1 / Holocaust Geographies Collaborative (Knowles et al. 2014)"},"geometry":{"type":"Point","coordinates":[23.899999,54.8833]}},{"type":"Feature","properties":{"id":"10-0868-3","name":"Schaulen","hauptlager":"Kauen","typ":"KZ / Außenlager","func_1":6,"func_1_label":"SS-Lagerbau / Landwirtschaft","func_2":5,"func_2_label":"Nicht-Rüstungsproduktion (Textil, Glas, Lebensmittel)","datum_eroeffnung":"1943-09-15","datum_schliessung":"1944-07-15","open_text":"\"July 1941\"- Ghetto, \"September 17, 1943\"- Sub camp of Kauen","close_text":"\"Evacuated July 21, 1944\"","peak_population":2000,"haftlinge":"Jewish","firmen":"Frankel, Hardt, Knittel, Welker, Rubereit, Sager, Worner, Bazun","nationen":"Lithuanian, Polish, German","lat":55.9333,"lon":23.316699,"koppermann_naehe":"kontext","quelle":"USHMM Encyclopedia of Camps and Ghettos Vol. 1 / Holocaust Geographies Collaborative (Knowles et al. 2014)"},"geometry":{"type":"Point","coordinates":[23.316699,55.9333]}},{"type":"Feature","properties":{"id":"11-0473-1","name":"Kabelwerk Krakau (men)","hauptlager":"Krakau-Plaszów","typ":"KZ / Außenlager","func_1":5,"func_1_label":"Nicht-Rüstungsproduktion (Textil, Glas, Lebensmittel)","func_2":0,"func_2_label":"Keine bekannte Arbeit","datum_eroeffnung":"1942-07-15","datum_schliessung":"1944-09-15","open_text":"\"July 1942\"","close_text":"\"September 1944\"","peak_population":250,"haftlinge":"Jewish","firmen":"Kabelwerk, Allgemeine Elektrizitats Gesellschaft","nationen":"Polish","lat":50.0446,"lon":19.9868,"koppermann_naehe":"operationsgebiet","quelle":"USHMM Encyclopedia of Camps and Ghettos Vol. 1 / Holocaust Geographies Collaborative (Knowles et al. 2014)"},"geometry":{"type":"Point","coordinates":[19.9868,50.0446]}},{"type":"Feature","properties":{"id":"11-0473-2","name":"Kabelwerk Krakau (women)","hauptlager":"Krakau-Plaszów","typ":"KZ / Außenlager","func_1":5,"func_1_label":"Nicht-Rüstungsproduktion (Textil, Glas, Lebensmittel)","func_2":0,"func_2_label":"Keine bekannte Arbeit","datum_eroeffnung":"1942-07-15","datum_schliessung":"1944-09-15","open_text":"\"July 1942\"","close_text":"\"September 1944\"","peak_population":0,"haftlinge":"Jewish","firmen":"Kabelwerk, Allgemeine Elektrizitats Gesellschaft","nationen":"Polish","lat":50.0446,"lon":19.9868,"koppermann_naehe":"operationsgebiet","quelle":"USHMM Encyclopedia of Camps and Ghettos Vol. 1 / Holocaust Geographies Collaborative (Knowles et al. 2014)"},"geometry":{"type":"Point","coordinates":[19.9868,50.0446]}},{"type":"Feature","properties":{"id":"11-0527-3","name":"Krakau-Plaszów","hauptlager":"Krakau-Plaszów","typ":"KZ / Außenlager","func_1":1,"func_1_label":"Unbekannte/unspezifische Arbeit","func_2":0,"func_2_label":"Keine bekannte Arbeit","datum_eroeffnung":"1942-10-15","datum_schliessung":"1945-01-15","open_text":"","close_text":"","peak_population":1,"haftlinge":"Jews and Non- Jews, Gypsies","firmen":"Deutsche Ausrustungswerke","nationen":"Polish, Hungarian","lat":50.0327,"lon":19.9618,"koppermann_naehe":"operationsgebiet","quelle":"USHMM Encyclopedia of Camps and Ghettos Vol. 1 / Holocaust Geographies Collaborative (Knowles et al. 2014)"},"geometry":{"type":"Point","coordinates":[19.9618,50.0327]}},{"type":"Feature","properties":{"id":"11-0630-3","name":"Mielec","hauptlager":"Krakau-Plaszów","typ":"KZ / Außenlager","func_1":4,"func_1_label":"Rüstung / Munition","func_2":0,"func_2_label":"Keine bekannte Arbeit","datum_eroeffnung":"1942-03-15","datum_schliessung":"1944-06-15","open_text":"\"March 7-9, 1942\"","close_text":"\"Summer 1944\"","peak_population":4000,"haftlinge":"Jewish and Polish","firmen":"Heinkel","nationen":"Polish","lat":50.2833,"lon":21.4333,"koppermann_naehe":"operationsgebiet","quelle":"USHMM Encyclopedia of Camps and Ghettos Vol. 1 / Holocaust Geographies Collaborative (Knowles et al. 2014)"},"geometry":{"type":"Point","coordinates":[21.4333,50.2833]}},{"type":"Feature","properties":{"id":"12-0779-0","name":"Poniatowa","hauptlager":"Lublin","typ":"KZ / Außenlager","func_1":3,"func_1_label":"Bau (Gebäude, Straßen, Tunnel)","func_2":0,"func_2_label":"Keine bekannte Arbeit","datum_eroeffnung":"1943-06-15","datum_schliessung":"1943-11-15","open_text":"\"End of February 1943\"","close_text":"\"November 3, 1943, all prisoners killed as part of operation harvest festival\"","peak_population":20000,"haftlinge":"","firmen":"","nationen":"","lat":51.1833,"lon":22.1333,"koppermann_naehe":"operationsgebiet","quelle":"USHMM Encyclopedia of Camps and Ghettos Vol. 1 / Holocaust Geographies Collaborative (Knowles et al. 2014)"},"geometry":{"type":"Point","coordinates":[22.1333,51.1833]}},{"type":"Feature","properties":{"id":"11-1053-0","name":"Zablocie","hauptlager":"Krakau-Plaszów","typ":"KZ / Außenlager","func_1":4,"func_1_label":"Rüstung / Munition","func_2":5,"func_2_label":"Nicht-Rüstungsproduktion (Textil, Glas, Lebensmittel)","datum_eroeffnung":"1943-06-15","datum_schliessung":"1944-06-15","open_text":"\"Spring 1943\"","close_text":"","peak_population":1100,"haftlinge":"Jewish and Polish","firmen":"Deutsche Emailewarenfabrik- Email und Metallwaren aller Art, Kurt Hodermann, Kuhnpast","nationen":"Polish","lat":49.9667,"lon":20.1833,"koppermann_naehe":"operationsgebiet","quelle":"USHMM Encyclopedia of Camps and Ghettos Vol. 1 / Holocaust Geographies Collaborative (Knowles et al. 2014)"},"geometry":{"type":"Point","coordinates":[20.1833,49.9667]}},{"type":"Feature","properties":{"id":"12-0569-0","name":"Lemberg [aka Lemberg (Weststrasse), Lemberg (Janowska)]","hauptlager":"Lublin","typ":"KZ / Außenlager","func_1":6,"func_1_label":"SS-Lagerbau / Landwirtschaft","func_2":0,"func_2_label":"Keine bekannte Arbeit","datum_eroeffnung":"1944-01-15","datum_schliessung":"1944-07-15","open_text":"\"January 1944\"","close_text":"\"July 1944\"","peak_population":2000,"haftlinge":"Jewish","firmen":"Deutsche Ausrustungswerke","nationen":"","lat":49.8333,"lon":24.0,"koppermann_naehe":"operationsgebiet","quelle":"USHMM Encyclopedia of Camps and Ghettos Vol. 1 / Holocaust Geographies Collaborative (Knowles et al. 2014)"},"geometry":{"type":"Point","coordinates":[24.0,49.8333]}},{"type":"Feature","properties":{"id":"12-0595-0","name":"Lublin (Alter Flughafen) (women)","hauptlager":"Lublin","typ":"KZ / Außenlager","func_1":6,"func_1_label":"SS-Lagerbau / Landwirtschaft","func_2":0,"func_2_label":"Keine bekannte Arbeit","datum_eroeffnung":"1943-10-15","datum_schliessung":"1944-07-15","open_text":"\"October 22, 1943, becomes part of Lublin system\"","close_text":"\"Liberated July 24, 1944\"","peak_population":1,"haftlinge":"","firmen":"Fabrik Plage-Laskewicz","nationen":"","lat":51.25,"lon":22.5667,"koppermann_naehe":"kontext","quelle":"USHMM Encyclopedia of Camps and Ghettos Vol. 1 / Holocaust Geographies Collaborative (Knowles et al. 2014)"},"geometry":{"type":"Point","coordinates":[22.5667,51.25]}},{"type":"Feature","properties":{"id":"12-0598-3","name":"Lublin [aka Majdanek]","hauptlager":"Lublin","typ":"KZ / Außenlager","func_1":5,"func_1_label":"Nicht-Rüstungsproduktion (Textil, Glas, Lebensmittel)","func_2":0,"func_2_label":"Keine bekannte Arbeit","datum_eroeffnung":"1943-02-15","datum_schliessung":"1944-07-15","open_text":"\"February 16, 1943\"","close_text":"","peak_population":25000,"haftlinge":"Polish, Jewish, Soviet POW, Polish Political","firmen":"","nationen":"Slovaks, Polish, German, Russian, Belarusian, Galician","lat":51.2228,"lon":22.5985,"koppermann_naehe":"kontext","quelle":"USHMM Encyclopedia of Camps and Ghettos Vol. 1 / Holocaust Geographies Collaborative (Knowles et al. 2014)"},"geometry":{"type":"Point","coordinates":[22.5985,51.2228]}},{"type":"Feature","properties":{"id":"13-0015-1","name":"Amstetten [aka Bahnbau I] (men)","hauptlager":"Mauthausen","typ":"KZ / Außenlager","func_1":7,"func_1_label":"Ziviler Verteidigungsbau (Bunker, Trümmerräumung)","func_2":0,"func_2_label":"Keine bekannte Arbeit","datum_eroeffnung":"1945-03-15","datum_schliessung":"1945-04-15","open_text":"\"March 19, 1945\"","close_text":"\"April 18, 1945\"","peak_population":2966,"haftlinge":"Mostly Jewish","firmen":"","nationen":"","lat":48.1167,"lon":14.8667,"koppermann_naehe":"kontext","quelle":"USHMM Encyclopedia of Camps and Ghettos Vol. 1 / Holocaust Geographies Collaborative (Knowles et al. 2014)"},"geometry":{"type":"Point","coordinates":[14.8667,48.1167]}},{"type":"Feature","properties":{"id":"13-0015-2","name":"Amstetten [aka Bahnbau II] (women)","hauptlager":"Mauthausen","typ":"KZ / Außenlager","func_1":7,"func_1_label":"Ziviler Verteidigungsbau (Bunker, Trümmerräumung)","func_2":0,"func_2_label":"Keine bekannte Arbeit","datum_eroeffnung":"1945-03-15","datum_schliessung":"1945-04-15","open_text":"\"March 20, 1945\"","close_text":"\"April 18, 1945\"","peak_population":500,"haftlinge":"Political, Jewish, Gypsies, Asocials, Jehovah's Witnesses,","firmen":"","nationen":"French, Hungarain, Russian, Belgian,  Polish, German, Italian, Dutch, Czech, Slovak, Yugoslavs, 1 of the following: British, Latvian, Rumanian,Spanish, American","lat":48.1167,"lon":14.8667,"koppermann_naehe":"kontext","quelle":"USHMM Encyclopedia of Camps and Ghettos Vol. 1 / Holocaust Geographies Collaborative (Knowles et al. 2014)"},"geometry":{"type":"Point","coordinates":[14.8667,48.1167]}},{"type":"Feature","properties":{"id":"13-0037-0","name":"Bachmanning","hauptlager":"Mauthausen","typ":"KZ / Außenlager","func_1":2,"func_1_label":"Baumaterialien (Steinbruch, Ziegelei, Sägewerk)","func_2":0,"func_2_label":"Keine bekannte Arbeit","datum_eroeffnung":"1942-06-15","datum_schliessung":"1944-08-15","open_text":"\"1942\"","close_text":"\"Evacuated August 29, 1944\"","peak_population":937,"haftlinge":"Political, Spanish Republicans, Polish,","firmen":"DAW","nationen":"Spanish, Polish, Yugoslavian","lat":48.1167,"lon":13.8,"koppermann_naehe":"kontext","quelle":"USHMM Encyclopedia of Camps and Ghettos Vol. 1 / Holocaust Geographies Collaborative (Knowles et al. 2014)"},"geometry":{"type":"Point","coordinates":[13.8,48.1167]}},{"type":"Feature","properties":{"id":"13-0150-1","name":"Bretstein","hauptlager":"Mauthausen","typ":"KZ / Außenlager","func_1":6,"func_1_label":"SS-Lagerbau / Landwirtschaft","func_2":3,"func_2_label":"Bau (Gebäude, Straßen, Tunnel)","datum_eroeffnung":"1941-08-15","datum_schliessung":"1943-08-15","open_text":"\"August 1, 1941\"","close_text":"\"August 30, 1943\"","peak_population":170,"haftlinge":"Spanish Republicans, Jehovahs Witnesses","firmen":"Deutsche Versuchsanstalt fur Ernahrung und Verpflegung GmbH","nationen":"Spanish,German","lat":47.3333,"lon":14.4167,"koppermann_naehe":"kontext","quelle":"USHMM Encyclopedia of Camps and Ghettos Vol. 1 / Holocaust Geographies Collaborative (Knowles et al. 2014)"},"geometry":{"type":"Point","coordinates":[14.4167,47.3333]}},{"type":"Feature","properties":{"id":"13-0239-0","name":"Ebensee","hauptlager":"Mauthausen","typ":"KZ / Außenlager","func_1":3,"func_1_label":"Bau (Gebäude, Straßen, Tunnel)","func_2":0,"func_2_label":"Keine bekannte Arbeit","datum_eroeffnung":"1943-11-15","datum_schliessung":"1945-05-15","open_text":"\"First sizeable transport November 19, 1943\"","close_text":"","peak_population":18500,"haftlinge":"Jewish, Non-Jewish, POW, Political","firmen":"","nationen":"Polish, Yugoslavians, Russians, Hungarian, Italian, French","lat":47.8,"lon":13.7667,"koppermann_naehe":"kontext","quelle":"USHMM Encyclopedia of Camps and Ghettos Vol. 1 / Holocaust Geographies Collaborative (Knowles et al. 2014)"},"geometry":{"type":"Point","coordinates":[13.7667,47.8]}},{"type":"Feature","properties":{"id":"13-0247-0","name":"Eisenerz","hauptlager":"Mauthausen","typ":"KZ / Außenlager","func_1":4,"func_1_label":"Rüstung / Munition","func_2":0,"func_2_label":"Keine bekannte Arbeit","datum_eroeffnung":"1943-06-15","datum_schliessung":"1945-03-15","open_text":"\"June 15, 1943\"","close_text":"\"March 14, 1945\"","peak_population":500,"haftlinge":"","firmen":"Reichswerke AG","nationen":"Polish","lat":47.5333,"lon":14.8833,"koppermann_naehe":"kontext","quelle":"USHMM Encyclopedia of Camps and Ghettos Vol. 1 / Holocaust Geographies Collaborative (Knowles et al. 2014)"},"geometry":{"type":"Point","coordinates":[14.8833,47.5333]}},{"type":"Feature","properties":{"id":"13-0259-1","name":"Enns, Ennsdorf","hauptlager":"Mauthausen","typ":"KZ / Außenlager","func_1":7,"func_1_label":"Ziviler Verteidigungsbau (Bunker, Trümmerräumung)","func_2":0,"func_2_label":"Keine bekannte Arbeit","datum_eroeffnung":"1945-04-15","datum_schliessung":"1945-04-15","open_text":"\"First mentioned April 10, 1945\"","close_text":"\"April 19, 1945\"","peak_population":2000,"haftlinge":"","firmen":"","nationen":"","lat":48.2,"lon":14.4667,"koppermann_naehe":"kontext","quelle":"USHMM Encyclopedia of Camps and Ghettos Vol. 1 / Holocaust Geographies Collaborative (Knowles et al. 2014)"},"geometry":{"type":"Point","coordinates":[14.4667,48.2]}},{"type":"Feature","properties":{"id":"13-0347-0","name":"Grein","hauptlager":"Mauthausen","typ":"KZ / Außenlager","func_1":3,"func_1_label":"Bau (Gebäude, Straßen, Tunnel)","func_2":0,"func_2_label":"Keine bekannte Arbeit","datum_eroeffnung":"1944-03-15","datum_schliessung":"1945-02-15","open_text":"First mentioned March 22, 1944\"","close_text":"\"February 20, 1945\"","peak_population":120,"haftlinge":"","firmen":"Koller, Voigt & Haefner AG, Werk Linz","nationen":"","lat":48.2167,"lon":14.85,"koppermann_naehe":"kontext","quelle":"USHMM Encyclopedia of Camps and Ghettos Vol. 1 / Holocaust Geographies Collaborative (Knowles et al. 2014)"},"geometry":{"type":"Point","coordinates":[14.85,48.2167]}},{"type":"Feature","properties":{"id":"13-0354-0","name":"Grossraming [aka Aschau]","hauptlager":"Mauthausen","typ":"KZ / Außenlager","func_1":3,"func_1_label":"Bau (Gebäude, Straßen, Tunnel)","func_2":2,"func_2_label":"Baumaterialien (Steinbruch, Ziegelei, Sägewerk)","datum_eroeffnung":"1942-06-15","datum_schliessung":"1944-08-15","open_text":"\"Fall 1942\"","close_text":"\"Evacuated August 29, 1944\"","peak_population":136,"haftlinge":"Yugoslav Nationals, Political, very few Jews","firmen":"Ennskraftwerke AG, Deutschen Ausrustungswerke GmbH","nationen":"Yugoslavian, Germans, Polish, Czech, Spaniards, Gypsies","lat":47.8833,"lon":14.55,"koppermann_naehe":"kontext","quelle":"USHMM Encyclopedia of Camps and Ghettos Vol. 1 / Holocaust Geographies Collaborative (Knowles et al. 2014)"},"geometry":{"type":"Point","coordinates":[14.55,47.8833]}},{"type":"Feature","properties":{"id":"13-0364-3","name":"Gunskirchen-Wels [aka Waldwerke, Wels, Notbehelfsheimbau, SS-Arbeitslager Gunskirchen]","hauptlager":"Mauthausen","typ":"KZ / Außenlager","func_1":0,"func_1_label":"Keine bekannte Arbeit","func_2":0,"func_2_label":"Keine bekannte Arbeit","datum_eroeffnung":"1945-03-15","datum_schliessung":"1945-05-15","open_text":"\"March 12, 1945\"","close_text":"\"Liberated May 5, 1945\"","peak_population":16000,"haftlinge":"Hungarian Jews, Political prisoners from all over","firmen":"","nationen":"Polish, Russian, Hungarian, German, Austrian, Czech, Yugoslavian","lat":48.1167,"lon":13.8833,"koppermann_naehe":"kontext","quelle":"USHMM Encyclopedia of Camps and Ghettos Vol. 1 / Holocaust Geographies Collaborative (Knowles et al. 2014)"},"geometry":{"type":"Point","coordinates":[13.8833,48.1167]}},{"type":"Feature","properties":{"id":"13-0367-0","name":"Gusen","hauptlager":"Mauthausen","typ":"KZ / Außenlager","func_1":4,"func_1_label":"Rüstung / Munition","func_2":0,"func_2_label":"Keine bekannte Arbeit","datum_eroeffnung":"1940-05-15","datum_schliessung":"1945-05-15","open_text":"\"May 25, 1940\"","close_text":"","peak_population":7312,"haftlinge":"Poles, French \"Night and Fog\" Prisoners, Spainards who fought against Franco,","firmen":"Kastenhof and Pierbauer stone quarries, Messerschmitt AG, Steyr-Werke","nationen":"Polish, French, Spanish","lat":48.2508,"lon":14.4642,"koppermann_naehe":"kontext","quelle":"USHMM Encyclopedia of Camps and Ghettos Vol. 1 / Holocaust Geographies Collaborative (Knowles et al. 2014)"},"geometry":{"type":"Point","coordinates":[14.4642,48.2508]}},{"type":"Feature","properties":{"id":"13-0445-2","name":"Hirtenberg [aka Waffen-SS-Arbeitslager Hirtenberg, Gustloff-Werke]","hauptlager":"Mauthausen","typ":"KZ / Außenlager","func_1":4,"func_1_label":"Rüstung / Munition","func_2":0,"func_2_label":"Keine bekannte Arbeit","datum_eroeffnung":"1944-09-15","datum_schliessung":"1945-04-15","open_text":"\"first mentioned September 28, 1944\"","close_text":"\"April 15, 1945\"","peak_population":459,"haftlinge":"Mostly Political, few Jewish and Asocials","firmen":"Gustloff","nationen":"Hungarian, Slovak, Italians, Yugoslavs, Polish, Croats, German","lat":47.9167,"lon":16.1833,"koppermann_naehe":"kontext","quelle":"USHMM Encyclopedia of Camps and Ghettos Vol. 1 / Holocaust Geographies Collaborative (Knowles et al. 2014)"},"geometry":{"type":"Point","coordinates":[16.1833,47.9167]}},{"type":"Feature","properties":{"id":"13-0563-0","name":"Leibnitz-Graz [aka Aflenz, Kalksteinwerke]","hauptlager":"Mauthausen","typ":"KZ / Außenlager","func_1":3,"func_1_label":"Bau (Gebäude, Straßen, Tunnel)","func_2":4,"func_2_label":"Rüstung / Munition","datum_eroeffnung":"1944-02-15","datum_schliessung":"1945-04-15","open_text":"\"February 8, 1944\"","close_text":"\"April 2, 1945\"","peak_population":711,"haftlinge":"","firmen":"","nationen":"Mostly Russians, and Polish, other include: Yugoslavs, French, Italians, 1 Chinese","lat":46.7814,"lon":15.5415,"koppermann_naehe":"kontext","quelle":"USHMM Encyclopedia of Camps and Ghettos Vol. 1 / Holocaust Geographies Collaborative (Knowles et al. 2014)"},"geometry":{"type":"Point","coordinates":[15.5415,46.7814]}},{"type":"Feature","properties":{"id":"13-0572-2","name":"Lenzing","hauptlager":"Mauthausen","typ":"KZ / Außenlager","func_1":5,"func_1_label":"Nicht-Rüstungsproduktion (Textil, Glas, Lebensmittel)","func_2":3,"func_2_label":"Bau (Gebäude, Straßen, Tunnel)","datum_eroeffnung":"1944-10-15","datum_schliessung":"1945-05-15","open_text":"\"October 30, 1944\"","close_text":"\"Liberated May 5, 1945\"","peak_population":577,"haftlinge":"POW, forced Laborers, Jewish, Political","firmen":"Zellwolle- und Papierfabrik Lenzing,","nationen":"Polish, Bulgarian, Yugoslavian, Slovakian, Greek, French","lat":47.9667,"lon":13.6167,"koppermann_naehe":"kontext","quelle":"USHMM Encyclopedia of Camps and Ghettos Vol. 1 / Holocaust Geographies Collaborative (Knowles et al. 2014)"},"geometry":{"type":"Point","coordinates":[13.6167,47.9667]}},{"type":"Feature","properties":{"id":"13-0581-0","name":"Linz I","hauptlager":"Mauthausen","typ":"KZ / Außenlager","func_1":3,"func_1_label":"Bau (Gebäude, Straßen, Tunnel)","func_2":0,"func_2_label":"Keine bekannte Arbeit","datum_eroeffnung":"1942-12-15","datum_schliessung":"1944-08-15","open_text":"\"December 1942\"","close_text":"August 3, 1944\"","peak_population":569,"haftlinge":"Political, Protective Custody, POWs, \"Russian civilian workers\", Wehrmacht","firmen":"Steyr-Daimler Puch AG, Alpine Montanbetriebre, Oberdonau GmbH, Stahlbau G mbH","nationen":"Polish, Russians, German, Yugoslavs","lat":48.3,"lon":14.3,"koppermann_naehe":"kontext","quelle":"USHMM Encyclopedia of Camps and Ghettos Vol. 1 / Holocaust Geographies Collaborative (Knowles et al. 2014)"},"geometry":{"type":"Point","coordinates":[14.3,48.3]}},{"type":"Feature","properties":{"id":"13-0582-0","name":"Linz II","hauptlager":"Mauthausen","typ":"KZ / Außenlager","func_1":7,"func_1_label":"Ziviler Verteidigungsbau (Bunker, Trümmerräumung)","func_2":0,"func_2_label":"Keine bekannte Arbeit","datum_eroeffnung":null,"datum_schliessung":null,"open_text":"","close_text":"","peak_population":285,"haftlinge":"Political, Protective Custody, POWs, \"Russian civilian workers\"","firmen":"","nationen":"Russian, Polish, German","lat":48.3061,"lon":14.2863,"koppermann_naehe":"kontext","quelle":"USHMM Encyclopedia of Camps and Ghettos Vol. 1 / Holocaust Geographies Collaborative (Knowles et al. 2014)"},"geometry":{"type":"Point","coordinates":[14.2863,48.3061]}},{"type":"Feature","properties":{"id":"13-0583-0","name":"Linz III","hauptlager":"Mauthausen","typ":"KZ / Außenlager","func_1":4,"func_1_label":"Rüstung / Munition","func_2":0,"func_2_label":"Keine bekannte Arbeit","datum_eroeffnung":"1944-05-15","datum_schliessung":"1945-05-15","open_text":"\"May 26, 1944\"","close_text":"","peak_population":5660,"haftlinge":"Mostly Political, Russian Civilian, Smaller number: Jewish,  Jehovah's Witnesses, and \"prisoners watched over in secure conditions\", Wehrmacht, French and Polish civilians, POW, Red Spaniards","firmen":"German Erd- and Steinwerke GmbH , Oberdonau GmbH, Stahlbau GmbH, Hutte","nationen":"Russian, Polish, German, French, Italian, Yugoslavian, and other european countries","lat":48.245368,"lon":14.315186,"koppermann_naehe":"kontext","quelle":"USHMM Encyclopedia of Camps and Ghettos Vol. 1 / Holocaust Geographies Collaborative (Knowles et al. 2014)"},"geometry":{"type":"Point","coordinates":[14.315186,48.245368]}},{"type":"Feature","properties":{"id":"13-0589-0","name":"Loiblpass (south)","hauptlager":"Mauthausen","typ":"KZ / Außenlager","func_1":3,"func_1_label":"Bau (Gebäude, Straßen, Tunnel)","func_2":0,"func_2_label":"Keine bekannte Arbeit","datum_eroeffnung":"1943-06-15","datum_schliessung":"1945-05-15","open_text":"\"First transport June 3, 1943\"","close_text":"\"Closing begins May 7, 1945\"","peak_population":1274,"haftlinge":"","firmen":"","nationen":"Polish, Soviet, Yugoslov, Czech, German, Norwegian, Luxembourgish, Spanish, Hungarian, and others","lat":46.432775,"lon":14.260018,"koppermann_naehe":"kontext","quelle":"USHMM Encyclopedia of Camps and Ghettos Vol. 1 / Holocaust Geographies Collaborative (Knowles et al. 2014)"},"geometry":{"type":"Point","coordinates":[14.260018,46.432775]}},{"type":"Feature","properties":{"id":"13-0618-0","name":"Mauthausen","hauptlager":"Mauthausen","typ":"KZ / Außenlager","func_1":3,"func_1_label":"Bau (Gebäude, Straßen, Tunnel)","func_2":2,"func_2_label":"Baumaterialien (Steinbruch, Ziegelei, Sägewerk)","datum_eroeffnung":"1938-06-15","datum_schliessung":"1945-05-15","open_text":"\"Fall 1938\"","close_text":"","peak_population":45000,"haftlinge":"Political, Red Spaniards, Soviet POWs, Polish/Czech/Hungarian Jews,","firmen":"","nationen":"Polish, Russian, Spanish, Czech, Hungarian, Dutch and many other countries in Europe","lat":48.2562,"lon":14.4866,"koppermann_naehe":"kontext","quelle":"USHMM Encyclopedia of Camps and Ghettos Vol. 1 / Holocaust Geographies Collaborative (Knowles et al. 2014)"},"geometry":{"type":"Point","coordinates":[14.4866,48.2562]}},{"type":"Feature","properties":{"id":"13-0621-0","name":"Melk (\"Quarz\") [aka Kommando \"Quarz\"]","hauptlager":"Mauthausen","typ":"KZ / Außenlager","func_1":4,"func_1_label":"Rüstung / Munition","func_2":3,"func_2_label":"Bau (Gebäude, Straßen, Tunnel)","datum_eroeffnung":"1944-01-15","datum_schliessung":"1945-04-15","open_text":"\"January 1944\"","close_text":"\"April 19, 1945\"","peak_population":10352,"haftlinge":"40% Jewish","firmen":"Quarz GmbH also leased to Braun & Boveri, Czernilofsky, Himmelstoss & Sittner, Hofmann & Maculan, Philipp Holzmann AG, Lang & Manhoffer, Latzel & Kutscha, Mahal & Co., Mayreder, Kraus & Co., Bau AG Negrelli, Rella, Stigler & Rous, STUAG, Schachtbau Wayss","nationen":"Poles, Hungarians, French, Soviet citizens, Germans, Italians, Greeks and Yugoslavs also some from Albania, Egypt, Denmark, Portugal, Turkey, the USA","lat":48.2167,"lon":15.3167,"koppermann_naehe":"kontext","quelle":"USHMM Encyclopedia of Camps and Ghettos Vol. 1 / Holocaust Geographies Collaborative (Knowles et al. 2014)"},"geometry":{"type":"Point","coordinates":[15.3167,48.2167]}},{"type":"Feature","properties":{"id":"13-0762-0","name":"Passau I","hauptlager":"Mauthausen","typ":"KZ / Außenlager","func_1":3,"func_1_label":"Bau (Gebäude, Straßen, Tunnel)","func_2":7,"func_2_label":"Ziviler Verteidigungsbau (Bunker, Trümmerräumung)","datum_eroeffnung":"1942-11-15","datum_schliessung":"1945-06-15","open_text":"\"October 19, 1942\"-originally Dachau sub-camp, \"November 19, 1942\"- becomes Mauthausen sub-camp","close_text":"\"Liberated end of April or beginning of May, 1945\"","peak_population":88,"haftlinge":"Political","firmen":"","nationen":"Polish, German","lat":48.5833,"lon":13.4833,"koppermann_naehe":"kontext","quelle":"USHMM Encyclopedia of Camps and Ghettos Vol. 1 / Holocaust Geographies Collaborative (Knowles et al. 2014)"},"geometry":{"type":"Point","coordinates":[13.4833,48.5833]}},{"type":"Feature","properties":{"id":"15-0204-0","name":"Dernau an der Ahr [aka Rebstock]","hauptlager":"Natzweiler","typ":"KZ / Außenlager","func_1":2,"func_1_label":"Baumaterialien (Steinbruch, Ziegelei, Sägewerk)","func_2":3,"func_2_label":"Bau (Gebäude, Straßen, Tunnel)","datum_eroeffnung":"1944-08-15","datum_schliessung":"1944-09-15","open_text":"\"August 1944\"","close_text":"\"September 1944\"","peak_population":1,"haftlinge":"","firmen":"","nationen":"","lat":50.5333,"lon":7.05,"koppermann_naehe":"kontext","quelle":"USHMM Encyclopedia of Camps and Ghettos Vol. 1 / Holocaust Geographies Collaborative (Knowles et al. 2014)"},"geometry":{"type":"Point","coordinates":[7.05,50.5333]}},{"type":"Feature","properties":{"id":"13-0763-0","name":"Passau II","hauptlager":"Mauthausen","typ":"KZ / Außenlager","func_1":3,"func_1_label":"Bau (Gebäude, Straßen, Tunnel)","func_2":0,"func_2_label":"Keine bekannte Arbeit","datum_eroeffnung":"1944-03-15","datum_schliessung":"1944-11-15","open_text":"\"March 9, 1944\"","close_text":"\"November 7, 1944\"","peak_population":340,"haftlinge":"Political, Russian Civilian Workers, Russian POWs, Red Spaniards, Protective Security custody, Forced Labor,  temporary protective custody","firmen":"Waldwerke, Gear Wheel Factory","nationen":"Polish, Russian, Spanish, Czech, French German and many other countries in Europe","lat":48.5735,"lon":13.4639,"koppermann_naehe":"kontext","quelle":"USHMM Encyclopedia of Camps and Ghettos Vol. 1 / Holocaust Geographies Collaborative (Knowles et al. 2014)"},"geometry":{"type":"Point","coordinates":[13.4639,48.5735]}},{"type":"Feature","properties":{"id":"13-0764-0","name":"Peggau","hauptlager":"Mauthausen","typ":"KZ / Außenlager","func_1":3,"func_1_label":"Bau (Gebäude, Straßen, Tunnel)","func_2":4,"func_2_label":"Rüstung / Munition","datum_eroeffnung":"1944-08-15","datum_schliessung":"1945-04-15","open_text":"\"First transport August 17, 1944\"","close_text":"\"Evacuated April 2, 1945\"","peak_population":670,"haftlinge":"","firmen":"Steyr- Daimler- Puch AG","nationen":"Mostly Russian, and Polish, others Italian French, Yugoslavs","lat":47.2,"lon":15.35,"koppermann_naehe":"kontext","quelle":"USHMM Encyclopedia of Camps and Ghettos Vol. 1 / Holocaust Geographies Collaborative (Knowles et al. 2014)"},"geometry":{"type":"Point","coordinates":[15.35,47.2]}},{"type":"Feature","properties":{"id":"13-0808-0","name":"Redl-Zipf (\"Schlier\")","hauptlager":"Mauthausen","typ":"KZ / Außenlager","func_1":3,"func_1_label":"Bau (Gebäude, Straßen, Tunnel)","func_2":6,"func_2_label":"SS-Lagerbau / Landwirtschaft","datum_eroeffnung":"1943-06-15","datum_schliessung":"1945-05-15","open_text":"\"Prisoners began constructing the camp in June 1943\"","close_text":"\"Evacuated May 3, 1945\"","peak_population":2000,"haftlinge":"some Jewish","firmen":"Steinbruchverwertungs-GesmbH, Betrieb Schlier, Mayreder & Co., Ferro Betonit Werke AG, Rella and the Fiebiger Engineering Office","nationen":"French, Italian, Polish, Russian, Spanish","lat":48.0,"lon":13.4833,"koppermann_naehe":"kontext","quelle":"USHMM Encyclopedia of Camps and Ghettos Vol. 1 / Holocaust Geographies Collaborative (Knowles et al. 2014)"},"geometry":{"type":"Point","coordinates":[13.4833,48.0]}},{"type":"Feature","properties":{"id":"13-0881-0","name":"Schloss Lind","hauptlager":"Mauthausen","typ":"KZ / Außenlager","func_1":6,"func_1_label":"SS-Lagerbau / Landwirtschaft","func_2":3,"func_2_label":"Bau (Gebäude, Straßen, Tunnel)","datum_eroeffnung":"1942-11-15","datum_schliessung":"1945-05-15","open_text":"\"June 22, 1942\"- under Dachau, \"November 20, 1942\"- becomes part of Mauthausen","close_text":"","peak_population":20,"haftlinge":"Red Spaniards and protective custody","firmen":"","nationen":"Polish, German, Spaniards, Czech, 1 French","lat":47.069007,"lon":14.299028,"koppermann_naehe":"kontext","quelle":"USHMM Encyclopedia of Camps and Ghettos Vol. 1 / Holocaust Geographies Collaborative (Knowles et al. 2014)"},"geometry":{"type":"Point","coordinates":[14.4167,47.05]}},{"type":"Feature","properties":{"id":"13-0882-2","name":"Schloss Mittersill, Schloss Lannach","hauptlager":"Mauthausen","typ":"KZ / Außenlager","func_1":1,"func_1_label":"Unbekannte/unspezifische Arbeit","func_2":0,"func_2_label":"Keine bekannte Arbeit","datum_eroeffnung":"1944-03-15","datum_schliessung":"1945-05-15","open_text":"\"March 24, 1944\"","close_text":"","peak_population":15,"haftlinge":"Jehovahs Witnesses, POW","firmen":"","nationen":"German, Polish, Bohemian","lat":47.2667,"lon":12.4833,"koppermann_naehe":"kontext","quelle":"USHMM Encyclopedia of Camps and Ghettos Vol. 1 / Holocaust Geographies Collaborative (Knowles et al. 2014)"},"geometry":{"type":"Point","coordinates":[12.4833,47.2667]}},{"type":"Feature","properties":{"id":"13-0915-0","name":"St. Äegyd am Neuwalde","hauptlager":"Mauthausen","typ":"KZ / Außenlager","func_1":3,"func_1_label":"Bau (Gebäude, Straßen, Tunnel)","func_2":0,"func_2_label":"Keine bekannte Arbeit","datum_eroeffnung":"1944-11-15","datum_schliessung":"1945-04-15","open_text":"\"November 2, 1944\"","close_text":"\"April 1, 1945\"","peak_population":391,"haftlinge":"","firmen":"","nationen":"","lat":47.85,"lon":15.55,"koppermann_naehe":"kontext","quelle":"USHMM Encyclopedia of Camps and Ghettos Vol. 1 / Holocaust Geographies Collaborative (Knowles et al. 2014)"},"geometry":{"type":"Point","coordinates":[15.55,47.85]}},{"type":"Feature","properties":{"id":"13-0919-1","name":"St. Lambrecht (men)","hauptlager":"Mauthausen","typ":"KZ / Außenlager","func_1":3,"func_1_label":"Bau (Gebäude, Straßen, Tunnel)","func_2":6,"func_2_label":"SS-Lagerbau / Landwirtschaft","datum_eroeffnung":"1942-11-15","datum_schliessung":"1945-05-15","open_text":"\"May 13, 1942\"-under Dachau, \"November 20, 1942\"- becomes part of Mauthausen","close_text":"","peak_population":101,"haftlinge":"Polish and German Politicals, Red Spaniards, 1 Russian POW, 1 Jew, a few Protective Custody prisoners","firmen":"Guterdirektion Admont und St. Lambrecht","nationen":"German, Polish, Spanish, Czech, Yugoslavian, French, Italian, Hungarian,","lat":47.069007,"lon":14.299028,"koppermann_naehe":"kontext","quelle":"USHMM Encyclopedia of Camps and Ghettos Vol. 1 / Holocaust Geographies Collaborative (Knowles et al. 2014)"},"geometry":{"type":"Point","coordinates":[14.299028,47.069007]}},{"type":"Feature","properties":{"id":"13-0919-2","name":"St. Lambrecht (women)","hauptlager":"Mauthausen","typ":"KZ / Außenlager","func_1":6,"func_1_label":"SS-Lagerbau / Landwirtschaft","func_2":0,"func_2_label":"Keine bekannte Arbeit","datum_eroeffnung":"1944-09-15","datum_schliessung":"1945-05-15","open_text":"\"February/March 1943\"- under Ravensbruck, \"September 15, 1944\"- becomes part of Mauthausen","close_text":"","peak_population":23,"haftlinge":"All Jehovah's Witnesses","firmen":"Guterdirektion Admont und St. Lambrecht","nationen":"German, Polish, Dutch, Belgium","lat":47.069007,"lon":14.299028,"koppermann_naehe":"kontext","quelle":"USHMM Encyclopedia of Camps and Ghettos Vol. 1 / Holocaust Geographies Collaborative (Knowles et al. 2014)"},"geometry":{"type":"Point","coordinates":[14.299028,47.069007]}},{"type":"Feature","properties":{"id":"15-0460-0","name":"Iffezheim","hauptlager":"Natzweiler","typ":"KZ / Außenlager","func_1":3,"func_1_label":"Bau (Gebäude, Straßen, Tunnel)","func_2":6,"func_2_label":"SS-Lagerbau / Landwirtschaft","datum_eroeffnung":"1943-10-15","datum_schliessung":null,"open_text":"\"First mentioned October 14, 1943\"","close_text":"\"Last mention April 22, 1945\"","peak_population":1,"haftlinge":"","firmen":"","nationen":"","lat":48.8,"lon":8.1333,"koppermann_naehe":"kontext","quelle":"USHMM Encyclopedia of Camps and Ghettos Vol. 1 / Holocaust Geographies Collaborative (Knowles et al. 2014)"},"geometry":{"type":"Point","coordinates":[8.1333,48.8]}},{"type":"Feature","properties":{"id":"13-0921-1","name":"St. Valentin","hauptlager":"Mauthausen","typ":"KZ / Außenlager","func_1":4,"func_1_label":"Rüstung / Munition","func_2":0,"func_2_label":"Keine bekannte Arbeit","datum_eroeffnung":"1944-08-15","datum_schliessung":"1945-04-15","open_text":"\"August 21, 1944\"","close_text":"\"April 19/21,1945\"- ITS","peak_population":1480,"haftlinge":"","firmen":"","nationen":"","lat":48.1667,"lon":14.5333,"koppermann_naehe":"kontext","quelle":"USHMM Encyclopedia of Camps and Ghettos Vol. 1 / Holocaust Geographies Collaborative (Knowles et al. 2014)"},"geometry":{"type":"Point","coordinates":[14.5333,48.1667]}},{"type":"Feature","properties":{"id":"13-0933-1","name":"Steyr-Münchholz","hauptlager":"Mauthausen","typ":"KZ / Außenlager","func_1":4,"func_1_label":"Rüstung / Munition","func_2":3,"func_2_label":"Bau (Gebäude, Straßen, Tunnel)","datum_eroeffnung":"1943-03-15","datum_schliessung":"1945-05-15","open_text":"\"March 14, 1943\"","close_text":"","peak_population":3090,"haftlinge":"Political, and Resistance Fighters","firmen":"SDP, and City of Steyr","nationen":"Russian, Yugoslavian, Polish, Spanish, French","lat":48.05,"lon":14.4167,"koppermann_naehe":"kontext","quelle":"USHMM Encyclopedia of Camps and Ghettos Vol. 1 / Holocaust Geographies Collaborative (Knowles et al. 2014)"},"geometry":{"type":"Point","coordinates":[14.4167,48.05]}},{"type":"Feature","properties":{"id":"13-0947-0","name":"Ternberg","hauptlager":"Mauthausen","typ":"KZ / Außenlager","func_1":2,"func_1_label":"Baumaterialien (Steinbruch, Ziegelei, Sägewerk)","func_2":3,"func_2_label":"Bau (Gebäude, Straßen, Tunnel)","datum_eroeffnung":"1942-05-15","datum_schliessung":"1944-09-15","open_text":"\"May 15, 1942\"","close_text":"\"September 18, 1944\"","peak_population":7000,"haftlinge":"Red Spaniards","firmen":"Deutsche Bergwerke und Huttenbau GmbH","nationen":"Spanish","lat":47.9333,"lon":14.35,"koppermann_naehe":"kontext","quelle":"USHMM Encyclopedia of Camps and Ghettos Vol. 1 / Holocaust Geographies Collaborative (Knowles et al. 2014)"},"geometry":{"type":"Point","coordinates":[14.35,47.9333]}},{"type":"Feature","properties":{"id":"13-0997-0","name":"Vöcklabruck","hauptlager":"Mauthausen","typ":"KZ / Außenlager","func_1":3,"func_1_label":"Bau (Gebäude, Straßen, Tunnel)","func_2":0,"func_2_label":"Keine bekannte Arbeit","datum_eroeffnung":"1941-06-15","datum_schliessung":"1942-05-15","open_text":"\"June 1941\"","close_text":"\"Around May 14, 1942\"","peak_population":300,"haftlinge":"Red Spaniards","firmen":"Deutsche Erd- und Steinwerke GmbH","nationen":"Spanish, 1 German, 1 Moroccan","lat":48.0167,"lon":13.65,"koppermann_naehe":"kontext","quelle":"USHMM Encyclopedia of Camps and Ghettos Vol. 1 / Holocaust Geographies Collaborative (Knowles et al. 2014)"},"geometry":{"type":"Point","coordinates":[13.65,48.0167]}},{"type":"Feature","properties":{"id":"13-1015-1","name":"Ebensee/Wels II [aka Wels]","hauptlager":"Mauthausen","typ":"KZ / Außenlager","func_1":3,"func_1_label":"Bau (Gebäude, Straßen, Tunnel)","func_2":5,"func_2_label":"Nicht-Rüstungsproduktion (Textil, Glas, Lebensmittel)","datum_eroeffnung":"1945-03-15","datum_schliessung":"1945-04-15","open_text":"\"March 24, 1945\"","close_text":"\"April 13, 1945\"","peak_population":2000,"haftlinge":"","firmen":"Dyckerhoff and Widmann, Auto- Hanzel, Riechsstatthalter im Reichsgau Oberdonau","nationen":"","lat":48.1566,"lon":14.0246,"koppermann_naehe":"kontext","quelle":"USHMM Encyclopedia of Camps and Ghettos Vol. 1 / Holocaust Geographies Collaborative (Knowles et al. 2014)"},"geometry":{"type":"Point","coordinates":[14.0246,48.1566]}},{"type":"Feature","properties":{"id":"13-1026-1","name":"Wien (Saurerwerke) [aka Saurerwerke, Wien-West]","hauptlager":"Mauthausen","typ":"KZ / Außenlager","func_1":4,"func_1_label":"Rüstung / Munition","func_2":0,"func_2_label":"Keine bekannte Arbeit","datum_eroeffnung":"1944-08-15","datum_schliessung":"1945-05-15","open_text":"\"August 20 or 21, 1944\"","close_text":"\"May 3, 1945\"?","peak_population":1489,"haftlinge":"","firmen":"","nationen":"Austrian","lat":48.182856,"lon":16.42941,"koppermann_naehe":"kontext","quelle":"USHMM Encyclopedia of Camps and Ghettos Vol. 1 / Holocaust Geographies Collaborative (Knowles et al. 2014)"},"geometry":{"type":"Point","coordinates":[16.42941,48.182856]}},{"type":"Feature","properties":{"id":"13-1027-0","name":"Wiener Neudorf","hauptlager":"Mauthausen","typ":"KZ / Außenlager","func_1":3,"func_1_label":"Bau (Gebäude, Straßen, Tunnel)","func_2":4,"func_2_label":"Rüstung / Munition","datum_eroeffnung":"1943-08-15","datum_schliessung":"1945-04-15","open_text":"\"August 2, 1943\"","close_text":"\"Evacuated April 2, 1945\"","peak_population":3000,"haftlinge":"","firmen":"Flugmotorenwerke Ostmark","nationen":"Russian, Polish, French, Yugoslavs, Italian, German, Austrian","lat":48.0667,"lon":16.3167,"koppermann_naehe":"kontext","quelle":"USHMM Encyclopedia of Camps and Ghettos Vol. 1 / Holocaust Geographies Collaborative (Knowles et al. 2014)"},"geometry":{"type":"Point","coordinates":[16.3167,48.0667]}},{"type":"Feature","properties":{"id":"13-1028-0","name":"Wiener Neustadt","hauptlager":"Mauthausen","typ":"KZ / Außenlager","func_1":4,"func_1_label":"Rüstung / Munition","func_2":0,"func_2_label":"Keine bekannte Arbeit","datum_eroeffnung":"1943-06-15","datum_schliessung":"1945-04-15","open_text":"\"June 20, 1943\"","close_text":"\"April 1, 1945","peak_population":1200,"haftlinge":"Mostly Political","firmen":"Henschel GmbH","nationen":"Polish, Russian, French","lat":47.8,"lon":16.25,"koppermann_naehe":"kontext","quelle":"USHMM Encyclopedia of Camps and Ghettos Vol. 1 / Holocaust Geographies Collaborative (Knowles et al. 2014)"},"geometry":{"type":"Point","coordinates":[16.25,47.8]}},{"type":"Feature","properties":{"id":"13-1029-0","name":"Wien-Floridsdorf [aka Floridsdorf I]","hauptlager":"Mauthausen","typ":"KZ / Außenlager","func_1":4,"func_1_label":"Rüstung / Munition","func_2":0,"func_2_label":"Keine bekannte Arbeit","datum_eroeffnung":"1943-07-15","datum_schliessung":"1945-04-15","open_text":"\"July 14, 1943\"","close_text":"\"Evacuated April 1, 1945\"","peak_population":2700,"haftlinge":"","firmen":"Heinkel- Werke, Hofherr & Schrantz, AFA","nationen":"Polish, Russian, French, Italian","lat":48.27084,"lon":16.411664,"koppermann_naehe":"kontext","quelle":"USHMM Encyclopedia of Camps and Ghettos Vol. 1 / Holocaust Geographies Collaborative (Knowles et al. 2014)"},"geometry":{"type":"Point","coordinates":[16.411664,48.27084]}},{"type":"Feature","properties":{"id":"15-0627-0","name":"Metz","hauptlager":"Natzweiler","typ":"KZ / Außenlager","func_1":1,"func_1_label":"Unbekannte/unspezifische Arbeit","func_2":0,"func_2_label":"Keine bekannte Arbeit","datum_eroeffnung":"1943-08-15","datum_schliessung":null,"open_text":"\"First mentioned August 6, 1943\"","close_text":"\"Last mentioned August 16, 1944\"","peak_population":1,"haftlinge":"","firmen":"","nationen":"","lat":49.15,"lon":6.1833,"koppermann_naehe":"kontext","quelle":"USHMM Encyclopedia of Camps and Ghettos Vol. 1 / Holocaust Geographies Collaborative (Knowles et al. 2014)"},"geometry":{"type":"Point","coordinates":[6.1833,49.15]}},{"type":"Feature","properties":{"id":"13-1030-0","name":"Wien-Hinterbrühl (\"Lisa\")","hauptlager":"Mauthausen","typ":"KZ / Außenlager","func_1":4,"func_1_label":"Rüstung / Munition","func_2":0,"func_2_label":"Keine bekannte Arbeit","datum_eroeffnung":"1944-09-15","datum_schliessung":"1945-04-15","open_text":"\"First transport Sptember 1944\"","close_text":"\"Evacuated April 1, 1945\"","peak_population":800,"haftlinge":"","firmen":"Heinkel- Werke","nationen":"Polish, Russian, French, Italian","lat":48.0869,"lon":16.2478,"koppermann_naehe":"kontext","quelle":"USHMM Encyclopedia of Camps and Ghettos Vol. 1 / Holocaust Geographies Collaborative (Knowles et al. 2014)"},"geometry":{"type":"Point","coordinates":[16.2478,48.0869]}},{"type":"Feature","properties":{"id":"13-1031-0","name":"Wien-Schönbrunn [aka Sonderkommando Wien]","hauptlager":"Mauthausen","typ":"KZ / Außenlager","func_1":0,"func_1_label":"Keine bekannte Arbeit","func_2":0,"func_2_label":"Keine bekannte Arbeit","datum_eroeffnung":"1944-09-15","datum_schliessung":"1945-05-15","open_text":"\"September 28, 1944\"","close_text":"\"May 1945\"","peak_population":6,"haftlinge":"","firmen":"","nationen":"German, Czech, Polish, Austrian","lat":48.1867,"lon":16.3133,"koppermann_naehe":"kontext","quelle":"USHMM Encyclopedia of Camps and Ghettos Vol. 1 / Holocaust Geographies Collaborative (Knowles et al. 2014)"},"geometry":{"type":"Point","coordinates":[16.3133,48.1867]}},{"type":"Feature","properties":{"id":"13-1032-0","name":"Wien-Schwechat-\"Santa\" Kommandos","hauptlager":"Mauthausen","typ":"KZ / Außenlager","func_1":4,"func_1_label":"Rüstung / Munition","func_2":0,"func_2_label":"Keine bekannte Arbeit","datum_eroeffnung":"1944-08-15","datum_schliessung":"1945-04-15","open_text":"\"Sometime before August 15, 1944\"","close_text":"\"Most likely evacuated April 1, 1945\"","peak_population":204,"haftlinge":"","firmen":"Flugzeugmotorenwerke Ostmark, Heinkel-Werke","nationen":"","lat":48.1409,"lon":16.4772,"koppermann_naehe":"kontext","quelle":"USHMM Encyclopedia of Camps and Ghettos Vol. 1 / Holocaust Geographies Collaborative (Knowles et al. 2014)"},"geometry":{"type":"Point","coordinates":[16.4772,48.1409]}},{"type":"Feature","properties":{"id":"13-1033-0","name":"Wien-Schwechat-Heidfeld","hauptlager":"Mauthausen","typ":"KZ / Außenlager","func_1":4,"func_1_label":"Rüstung / Munition","func_2":0,"func_2_label":"Keine bekannte Arbeit","datum_eroeffnung":"1943-08-15","datum_schliessung":"1945-03-15","open_text":"\"August 1943\"","close_text":"\"Evacuated March 31, 1945\"","peak_population":2600,"haftlinge":"Red Spaniards","firmen":"Heinkel- Werke","nationen":"Spanish, Polish, Russian","lat":48.1409,"lon":16.4772,"koppermann_naehe":"kontext","quelle":"USHMM Encyclopedia of Camps and Ghettos Vol. 1 / Holocaust Geographies Collaborative (Knowles et al. 2014)"},"geometry":{"type":"Point","coordinates":[16.4772,48.1409]}},{"type":"Feature","properties":{"id":"14-0023-0","name":"Artern [aka Adorf, Rebstock Neu]","hauptlager":"Mittelbau","typ":"KZ / Außenlager","func_1":4,"func_1_label":"Rüstung / Munition","func_2":0,"func_2_label":"Keine bekannte Arbeit","datum_eroeffnung":"1944-11-15","datum_schliessung":"1945-04-15","open_text":"\"First mention of prisoners November 20, 1944\"","close_text":"\"Evacuated beginning of April 1945\"","peak_population":350,"haftlinge":"Political ,2nd transport Mostly Jews","firmen":"Gollnow und Sohn","nationen":"Polish, French, Russian","lat":51.3667,"lon":11.3,"koppermann_naehe":"kontext","quelle":"USHMM Encyclopedia of Camps and Ghettos Vol. 1 / Holocaust Geographies Collaborative (Knowles et al. 2014)"},"geometry":{"type":"Point","coordinates":[11.3,51.3667]}},{"type":"Feature","properties":{"id":"14-0047-0","name":"Ballenstedt (Napola)","hauptlager":"Mittelbau","typ":"KZ / Außenlager","func_1":3,"func_1_label":"Bau (Gebäude, Straßen, Tunnel)","func_2":0,"func_2_label":"Keine bekannte Arbeit","datum_eroeffnung":"1945-03-15","datum_schliessung":null,"open_text":"\"March 17, 1945\"","close_text":"","peak_population":60,"haftlinge":"","firmen":"Junkers?","nationen":"","lat":51.7167,"lon":11.2333,"koppermann_naehe":"kontext","quelle":"USHMM Encyclopedia of Camps and Ghettos Vol. 1 / Holocaust Geographies Collaborative (Knowles et al. 2014)"},"geometry":{"type":"Point","coordinates":[11.2333,51.7167]}},{"type":"Feature","properties":{"id":"14-0103-0","name":"Kleinbodungen/Bischofferode-Eichsfeld","hauptlager":"Mittelbau","typ":"KZ / Außenlager","func_1":4,"func_1_label":"Rüstung / Munition","func_2":0,"func_2_label":"Keine bekannte Arbeit","datum_eroeffnung":"1944-11-15","datum_schliessung":"1945-04-15","open_text":"\"November 1944\"","close_text":"\"Probably evacuated April 4, 1945\"","peak_population":60,"haftlinge":"","firmen":"Elektromechanische Werke Karlshagen, Mittelwerk GmbH, SS-Sonderinspektion II","nationen":"","lat":51.5,"lon":10.4333,"koppermann_naehe":"kontext","quelle":"USHMM Encyclopedia of Camps and Ghettos Vol. 1 / Holocaust Geographies Collaborative (Knowles et al. 2014)"},"geometry":{"type":"Point","coordinates":[10.4333,51.5]}},{"type":"Feature","properties":{"id":"14-0107-0","name":"Blankenburg-Oesig (\"Klosterwerke\")","hauptlager":"Mittelbau","typ":"KZ / Außenlager","func_1":3,"func_1_label":"Bau (Gebäude, Straßen, Tunnel)","func_2":0,"func_2_label":"Keine bekannte Arbeit","datum_eroeffnung":"1944-08-15","datum_schliessung":"1945-04-15","open_text":"\"August 24, 1944\"","close_text":"\"Evacuated April 4, 1945\"","peak_population":500,"haftlinge":"Jewish, Married to Jews, Non Jews","firmen":"Organisation Todt","nationen":"Polish","lat":51.7833,"lon":10.95,"koppermann_naehe":"kontext","quelle":"USHMM Encyclopedia of Camps and Ghettos Vol. 1 / Holocaust Geographies Collaborative (Knowles et al. 2014)"},"geometry":{"type":"Point","coordinates":[10.95,51.7833]}},{"type":"Feature","properties":{"id":"14-0108-0","name":"Blankenburg-Regenstein (\"Turmalin\")","hauptlager":"Mittelbau","typ":"KZ / Außenlager","func_1":3,"func_1_label":"Bau (Gebäude, Straßen, Tunnel)","func_2":0,"func_2_label":"Keine bekannte Arbeit","datum_eroeffnung":"1945-02-15","datum_schliessung":"1945-04-15","open_text":"\"Feburary 1945\"","close_text":"\"Evacuated April 6, 1945\"","peak_population":400,"haftlinge":"Career Criminals, Jewish","firmen":"Schaffer und Budenberg GmbH, Mittelwerk","nationen":"Italian, German,Polish","lat":51.2039,"lon":10.7476,"koppermann_naehe":"kontext","quelle":"USHMM Encyclopedia of Camps and Ghettos Vol. 1 / Holocaust Geographies Collaborative (Knowles et al. 2014)"},"geometry":{"type":"Point","coordinates":[10.7476,51.2039]}},{"type":"Feature","properties":{"id":"14-0110-0","name":"Bleicherode","hauptlager":"Mittelbau","typ":"KZ / Außenlager","func_1":3,"func_1_label":"Bau (Gebäude, Straßen, Tunnel)","func_2":0,"func_2_label":"Keine bekannte Arbeit","datum_eroeffnung":"1944-10-15","datum_schliessung":"1945-04-15","open_text":"\"October 1944\"","close_text":"","peak_population":15,"haftlinge":"Military internees","firmen":"Ohl & Vattrodt","nationen":"Italian","lat":51.4333,"lon":10.5833,"koppermann_naehe":"kontext","quelle":"USHMM Encyclopedia of Camps and Ghettos Vol. 1 / Holocaust Geographies Collaborative (Knowles et al. 2014)"},"geometry":{"type":"Point","coordinates":[10.5833,51.4333]}},{"type":"Feature","properties":{"id":"14-0253-1","name":"Ellrich (\"Erich,\" \"Mittelbau II\") [aka Ellrich-Juliushütte]","hauptlager":"Mittelbau","typ":"KZ / Außenlager","func_1":3,"func_1_label":"Bau (Gebäude, Straßen, Tunnel)","func_2":0,"func_2_label":"Keine bekannte Arbeit","datum_eroeffnung":"1944-05-15","datum_schliessung":"1945-04-15","open_text":"\" May 1/2, 1944\"","close_text":"\"April 5, 1945\"","peak_population":8000,"haftlinge":"Jewish, Gypsies, Gentiles","firmen":"","nationen":"Russian, Polish, French, Belgian, German, Hungarian, Roma, Sinti","lat":51.5833,"lon":10.65,"koppermann_naehe":"kontext","quelle":"USHMM Encyclopedia of Camps and Ghettos Vol. 1 / Holocaust Geographies Collaborative (Knowles et al. 2014)"},"geometry":{"type":"Point","coordinates":[10.65,51.5833]}},{"type":"Feature","properties":{"id":"14-0255-0","name":"Ellrich/Woffleben (Lager B-12)","hauptlager":"Mittelbau","typ":"KZ / Außenlager","func_1":3,"func_1_label":"Bau (Gebäude, Straßen, Tunnel)","func_2":0,"func_2_label":"Keine bekannte Arbeit","datum_eroeffnung":"1945-01-15","datum_schliessung":"1945-04-15","open_text":"\"January 3, 1945\"","close_text":"\"Evacuated April 4, 1945\"","peak_population":850,"haftlinge":"","firmen":"Mittelwerk GmbH","nationen":"","lat":51.5,"lon":10.7167,"koppermann_naehe":"kontext","quelle":"USHMM Encyclopedia of Camps and Ghettos Vol. 1 / Holocaust Geographies Collaborative (Knowles et al. 2014)"},"geometry":{"type":"Point","coordinates":[10.7167,51.5]}},{"type":"Feature","properties":{"id":"14-0350-2","name":"Grosswerther","hauptlager":"Mittelbau","typ":"KZ / Außenlager","func_1":5,"func_1_label":"Nicht-Rüstungsproduktion (Textil, Glas, Lebensmittel)","func_2":0,"func_2_label":"Keine bekannte Arbeit","datum_eroeffnung":"1945-03-15","datum_schliessung":"1945-04-15","open_text":"\"March 15, 1495\"","close_text":"\"Evacuated April 4, 1945\"","peak_population":290,"haftlinge":"All Jewish","firmen":"","nationen":"Mostly Hungarian, few Polish, Russian and French","lat":51.4667,"lon":10.75,"koppermann_naehe":"kontext","quelle":"USHMM Encyclopedia of Camps and Ghettos Vol. 1 / Holocaust Geographies Collaborative (Knowles et al. 2014)"},"geometry":{"type":"Point","coordinates":[10.75,51.4667]}},{"type":"Feature","properties":{"id":"14-0368-1","name":"Gut Bischofferode (\"Anna\")","hauptlager":"Mittelbau","typ":"KZ / Außenlager","func_1":3,"func_1_label":"Bau (Gebäude, Straßen, Tunnel)","func_2":0,"func_2_label":"Keine bekannte Arbeit","datum_eroeffnung":"1944-04-15","datum_schliessung":"1944-05-15","open_text":"\"April 2, 1944\"","close_text":"\"May 9, 1944\"","peak_population":300,"haftlinge":"","firmen":"Mittelwerk GmbH","nationen":"Czech","lat":51.4973,"lon":10.444,"koppermann_naehe":"kontext","quelle":"USHMM Encyclopedia of Camps and Ghettos Vol. 1 / Holocaust Geographies Collaborative (Knowles et al. 2014)"},"geometry":{"type":"Point","coordinates":[10.444,51.4973]}},{"type":"Feature","properties":{"id":"14-0415-0","name":"Harzungen [\"Hans,\" \"Mittelbau III\"]","hauptlager":"Mittelbau","typ":"KZ / Außenlager","func_1":4,"func_1_label":"Rüstung / Munition","func_2":0,"func_2_label":"Keine bekannte Arbeit","datum_eroeffnung":"1944-04-15","datum_schliessung":"1945-04-15","open_text":"\"April 1, 1944\"","close_text":"\"Evacuated April 4, 1945\"","peak_population":5000,"haftlinge":"Political, Jewish, Gypsies","firmen":"Junkers AG","nationen":"German, Czech, Polish, Russian, French, Belgian, Roma, Sinti, Hungarian","lat":51.55,"lon":10.8,"koppermann_naehe":"kontext","quelle":"USHMM Encyclopedia of Camps and Ghettos Vol. 1 / Holocaust Geographies Collaborative (Knowles et al. 2014)"},"geometry":{"type":"Point","coordinates":[10.8,51.55]}},{"type":"Feature","properties":{"id":"14-0461-0","name":"Ilfeld","hauptlager":"Mittelbau","typ":"KZ / Außenlager","func_1":4,"func_1_label":"Rüstung / Munition","func_2":7,"func_2_label":"Ziviler Verteidigungsbau (Bunker, Trümmerräumung)","datum_eroeffnung":"1945-01-15","datum_schliessung":"1945-04-15","open_text":"\"January 9, 1945\"","close_text":"\"Evacuated April 4-5, 1945\"","peak_population":375,"haftlinge":"Hungarian and Polish Jews, Gentiles from other countries","firmen":"Mittelwerk GmbH, Junkers AG","nationen":"Russian, Polish, Hungarian, French","lat":51.5833,"lon":10.7833,"koppermann_naehe":"kontext","quelle":"USHMM Encyclopedia of Camps and Ghettos Vol. 1 / Holocaust Geographies Collaborative (Knowles et al. 2014)"},"geometry":{"type":"Point","coordinates":[10.7833,51.5833]}},{"type":"Feature","properties":{"id":"14-0462-0","name":"Ilsenburg","hauptlager":"Mittelbau","typ":"KZ / Außenlager","func_1":5,"func_1_label":"Nicht-Rüstungsproduktion (Textil, Glas, Lebensmittel)","func_2":0,"func_2_label":"Keine bekannte Arbeit","datum_eroeffnung":"1945-03-15","datum_schliessung":null,"open_text":"\"March 1, 1945\"","close_text":"","peak_population":16,"haftlinge":"Military internees","firmen":"","nationen":"Italian","lat":51.8667,"lon":10.6833,"koppermann_naehe":"kontext","quelle":"USHMM Encyclopedia of Camps and Ghettos Vol. 1 / Holocaust Geographies Collaborative (Knowles et al. 2014)"},"geometry":{"type":"Point","coordinates":[10.6833,51.8667]}},{"type":"Feature","properties":{"id":"14-0491-0","name":"Kelbra","hauptlager":"Mittelbau","typ":"KZ / Außenlager","func_1":4,"func_1_label":"Rüstung / Munition","func_2":0,"func_2_label":"Keine bekannte Arbeit","datum_eroeffnung":"1944-11-15","datum_schliessung":"1945-04-15","open_text":"\"November 2, 1944\"","close_text":"\"Evacuated April 4-5, 1945\"","peak_population":60,"haftlinge":"","firmen":"Mittelwerk GmbH","nationen":"Russian, Polish","lat":51.4167,"lon":11.0333,"koppermann_naehe":"kontext","quelle":"USHMM Encyclopedia of Camps and Ghettos Vol. 1 / Holocaust Geographies Collaborative (Knowles et al. 2014)"},"geometry":{"type":"Point","coordinates":[11.0333,51.4167]}},{"type":"Feature","properties":{"id":"14-0502-0","name":"Kleinbodungen (\"Emmi\") [aka Werk III]","hauptlager":"Mittelbau","typ":"KZ / Außenlager","func_1":4,"func_1_label":"Rüstung / Munition","func_2":0,"func_2_label":"Keine bekannte Arbeit","datum_eroeffnung":"1944-10-15","datum_schliessung":"1945-04-15","open_text":"\"October 3, 1944\"","close_text":"\"Evacuated April 4, 1945\"","peak_population":650,"haftlinge":"Political, Career Criminals, a few Jews","firmen":"Zepplin","nationen":"German, Polish, Russian, French, Czech, Hungarian, and other German Occupied countries","lat":51.4667,"lon":10.5333,"koppermann_naehe":"kontext","quelle":"USHMM Encyclopedia of Camps and Ghettos Vol. 1 / Holocaust Geographies Collaborative (Knowles et al. 2014)"},"geometry":{"type":"Point","coordinates":[10.5333,51.4667]}},{"type":"Feature","properties":{"id":"14-0633-0","name":"Mittelbau [aka Dora]","hauptlager":"Mittelbau","typ":"KZ / Außenlager","func_1":4,"func_1_label":"Rüstung / Munition","func_2":0,"func_2_label":"Keine bekannte Arbeit","datum_eroeffnung":"1944-10-15","datum_schliessung":"1945-04-15","open_text":"\"October 28, 1944\" Dora becomes Mittelbau main camp\"","close_text":"","peak_population":19000,"haftlinge":"Politicial, Communisits, All opposition to the Nazi way of life, Military internees, Gypsies, Jews","firmen":"Wirtschafliche Forschungsgesellschaft mbH. Mittelwerk GmbH, Junkers AG","nationen":"Russian, Polish, French, German, Belgian, Italian, Czech, Hungarian, and other German occupied countries","lat":51.5348,"lon":10.7488,"koppermann_naehe":"kontext","quelle":"USHMM Encyclopedia of Camps and Ghettos Vol. 1 / Holocaust Geographies Collaborative (Knowles et al. 2014)"},"geometry":{"type":"Point","coordinates":[10.7488,51.5348]}},{"type":"Feature","properties":{"id":"14-0718-0","name":"Kleinbodungen/Niedergebra (\"Kommando 48A\")","hauptlager":"Mittelbau","typ":"KZ / Außenlager","func_1":4,"func_1_label":"Rüstung / Munition","func_2":0,"func_2_label":"Keine bekannte Arbeit","datum_eroeffnung":"1944-11-15","datum_schliessung":"1945-04-15","open_text":"\"November 1944\"","close_text":"\"Possibly evacuated April 5, 1945\"","peak_population":40,"haftlinge":"","firmen":"Fiesel Factory, Mittelwerk GmbH","nationen":"Polish, Russian, Dutch","lat":51.4167,"lon":10.6,"koppermann_naehe":"kontext","quelle":"USHMM Encyclopedia of Camps and Ghettos Vol. 1 / Holocaust Geographies Collaborative (Knowles et al. 2014)"},"geometry":{"type":"Point","coordinates":[10.6,51.4167]}},{"type":"Feature","properties":{"id":"14-0726-3","name":"Nordhausen (Boelcke-Kaserne)","hauptlager":"Mittelbau","typ":"Sterbelager","func_1":8,"func_1_label":"Sterbelager (Sammlung Sterbender)","func_2":0,"func_2_label":"Keine bekannte Arbeit","datum_eroeffnung":"1945-01-15","datum_schliessung":"1945-04-15","open_text":"\"January 8, 1945\"","close_text":"\"April 2, 1945\"","peak_population":10000,"haftlinge":"Polish and Hungarian Jews and Russian and French Gentiles","firmen":"","nationen":"Polish, Russian, French, Hungarian","lat":51.5167,"lon":10.8,"koppermann_naehe":"kontext","quelle":"USHMM Encyclopedia of Camps and Ghettos Vol. 1 / Holocaust Geographies Collaborative (Knowles et al. 2014)"},"geometry":{"type":"Point","coordinates":[10.8,51.5167]}},{"type":"Feature","properties":{"id":"14-0752-0","name":"Osterode-Freiheit (Firma Curt Heber)","hauptlager":"Mittelbau","typ":"KZ / Außenlager","func_1":4,"func_1_label":"Rüstung / Munition","func_2":0,"func_2_label":"Keine bekannte Arbeit","datum_eroeffnung":"1944-09-15","datum_schliessung":"1945-04-15","open_text":"\"September 25, 1944\"","close_text":"\"Dissolved April 5, 1945\"","peak_population":400,"haftlinge":"","firmen":"Herber Company","nationen":"Polish","lat":51.5667,"lon":10.8167,"koppermann_naehe":"kontext","quelle":"USHMM Encyclopedia of Camps and Ghettos Vol. 1 / Holocaust Geographies Collaborative (Knowles et al. 2014)"},"geometry":{"type":"Point","coordinates":[10.8167,51.5667]}},{"type":"Feature","properties":{"id":"14-0753-0","name":"Osterode-Petershütte (\"Dachs IV\")","hauptlager":"Mittelbau","typ":"KZ / Außenlager","func_1":3,"func_1_label":"Bau (Gebäude, Straßen, Tunnel)","func_2":0,"func_2_label":"Keine bekannte Arbeit","datum_eroeffnung":"1944-10-15","datum_schliessung":"1945-03-15","open_text":"\"Construction began October 1944\"","close_text":"\"Evacuated March 21, 1945\"","peak_population":800,"haftlinge":"Forced Laborers, POWs, Half jews/ people with Jewish blood, concentration camp prisoners, Jews","firmen":"Rhenania-Ossag oil company,","nationen":"German, Czech","lat":52.2073,"lon":9.55569,"koppermann_naehe":"kontext","quelle":"USHMM Encyclopedia of Camps and Ghettos Vol. 1 / Holocaust Geographies Collaborative (Knowles et al. 2014)"},"geometry":{"type":"Point","coordinates":[9.55569,52.2073]}},{"type":"Feature","properties":{"id":"14-0795-0","name":"Quedlinberg at Mittelbau","hauptlager":"Mittelbau","typ":"KZ / Außenlager","func_1":3,"func_1_label":"Bau (Gebäude, Straßen, Tunnel)","func_2":7,"func_2_label":"Ziviler Verteidigungsbau (Bunker, Trümmerräumung)","datum_eroeffnung":"1944-09-15","datum_schliessung":"1945-04-15","open_text":"\"Septenber 17, 1944\"","close_text":"","peak_population":58,"haftlinge":"Military Internees","firmen":"Mittelwerk GmbH","nationen":"Italian","lat":51.792056,"lon":11.14145,"koppermann_naehe":"kontext","quelle":"USHMM Encyclopedia of Camps and Ghettos Vol. 1 / Holocaust Geographies Collaborative (Knowles et al. 2014)"},"geometry":{"type":"Point","coordinates":[11.14145,51.792056]}},{"type":"Feature","properties":{"id":"14-0845-0","name":"Rossla","hauptlager":"Mittelbau","typ":"KZ / Außenlager","func_1":11,"func_1_label":"Transport / Verladen","func_2":0,"func_2_label":"Keine bekannte Arbeit","datum_eroeffnung":"1944-08-15","datum_schliessung":"1945-06-15","open_text":"\"August 1944\"","close_text":"","peak_population":115,"haftlinge":"Political","firmen":"Mittelwerk GmbH, Junkers AG","nationen":"Polish, Czech, Russian, Belgian, French, German","lat":51.4667,"lon":11.0833,"koppermann_naehe":"kontext","quelle":"USHMM Encyclopedia of Camps and Ghettos Vol. 1 / Holocaust Geographies Collaborative (Knowles et al. 2014)"},"geometry":{"type":"Point","coordinates":[11.0833,51.4667]}},{"type":"Feature","properties":{"id":"14-0850-0","name":"Rottleberode [\"Heinrich\"] at Mittelbau","hauptlager":"Mittelbau","typ":"KZ / Außenlager","func_1":4,"func_1_label":"Rüstung / Munition","func_2":0,"func_2_label":"Keine bekannte Arbeit","datum_eroeffnung":"1944-10-15","datum_schliessung":"1945-04-15","open_text":"\"March 13, 1944\"- camp opens as part of Buchenwald, but in October 1944, becomes part of Mittelbau","close_text":"","peak_population":1000,"haftlinge":"Non Jewish Poles, until January 1945 then some Jewish from varying Countries","firmen":"Junkers AG","nationen":"Polish, Russian, Czech, German","lat":51.499579,"lon":10.951545,"koppermann_naehe":"kontext","quelle":"USHMM Encyclopedia of Camps and Ghettos Vol. 1 / Holocaust Geographies Collaborative (Knowles et al. 2014)"},"geometry":{"type":"Point","coordinates":[10.951545,51.499579]}},{"type":"Feature","properties":{"id":"14-0929-0","name":"Stempeda [\"Kommando B-4\"]","hauptlager":"Mittelbau","typ":"KZ / Außenlager","func_1":3,"func_1_label":"Bau (Gebäude, Straßen, Tunnel)","func_2":0,"func_2_label":"Keine bekannte Arbeit","datum_eroeffnung":"1944-08-15","datum_schliessung":"1945-04-15","open_text":"\"First transport August 24, 1944\"","close_text":"\"Evacuated April 4-5, 1945\"","peak_population":700,"haftlinge":"Some Jewish","firmen":"Junkers AG","nationen":"","lat":51.5167,"lon":10.9167,"koppermann_naehe":"kontext","quelle":"USHMM Encyclopedia of Camps and Ghettos Vol. 1 / Holocaust Geographies Collaborative (Knowles et al. 2014)"},"geometry":{"type":"Point","coordinates":[10.9167,51.5167]}},{"type":"Feature","properties":{"id":"14-0948-0","name":"Tettenborn","hauptlager":"Mittelbau","typ":"KZ / Außenlager","func_1":6,"func_1_label":"SS-Lagerbau / Landwirtschaft","func_2":3,"func_2_label":"Bau (Gebäude, Straßen, Tunnel)","datum_eroeffnung":null,"datum_schliessung":"1945-04-15","open_text":"","close_text":"\"Evacuated April 5, 1945\"","peak_population":28,"haftlinge":"","firmen":"","nationen":"","lat":51.5667,"lon":10.3833,"koppermann_naehe":"kontext","quelle":"USHMM Encyclopedia of Camps and Ghettos Vol. 1 / Holocaust Geographies Collaborative (Knowles et al. 2014)"},"geometry":{"type":"Point","coordinates":[10.3833,51.5667]}},{"type":"Feature","properties":{"id":"14-0958-0","name":"Trautenstein","hauptlager":"Mittelbau","typ":"KZ / Außenlager","func_1":6,"func_1_label":"SS-Lagerbau / Landwirtschaft","func_2":0,"func_2_label":"Keine bekannte Arbeit","datum_eroeffnung":"1944-09-15","datum_schliessung":"1945-04-15","open_text":"\"September 17/18, 1944\"","close_text":"","peak_population":20,"haftlinge":"Military internees","firmen":"","nationen":"Italians","lat":51.6833,"lon":10.7833,"koppermann_naehe":"kontext","quelle":"USHMM Encyclopedia of Camps and Ghettos Vol. 1 / Holocaust Geographies Collaborative (Knowles et al. 2014)"},"geometry":{"type":"Point","coordinates":[10.7833,51.6833]}},{"type":"Feature","properties":{"id":"14-1023-0","name":"Wickerode","hauptlager":"Mittelbau","typ":"KZ / Außenlager","func_1":3,"func_1_label":"Bau (Gebäude, Straßen, Tunnel)","func_2":0,"func_2_label":"Keine bekannte Arbeit","datum_eroeffnung":"1945-01-15","datum_schliessung":"1945-04-15","open_text":"\"January 1945\"","close_text":"","peak_population":30,"haftlinge":"Military internees","firmen":"Dietrich Company","nationen":"Italians","lat":51.4667,"lon":11.1333,"koppermann_naehe":"kontext","quelle":"USHMM Encyclopedia of Camps and Ghettos Vol. 1 / Holocaust Geographies Collaborative (Knowles et al. 2014)"},"geometry":{"type":"Point","coordinates":[11.1333,51.4667]}},{"type":"Feature","properties":{"id":"15-0003-1","name":"Audun-le-Tiche (\"Rowa\") [aka Deutsch-Oth]","hauptlager":"Natzweiler","typ":"KZ / Außenlager","func_1":1,"func_1_label":"Unbekannte/unspezifische Arbeit","func_2":0,"func_2_label":"Keine bekannte Arbeit","datum_eroeffnung":"1944-08-15","datum_schliessung":"1944-09-15","open_text":"\"August 24-30, 1944\"","close_text":"\"September 1944\", but Greiffer says \"February 1945\"- highly unlikely","peak_population":100,"haftlinge":"","firmen":"Minett GmbH","nationen":"","lat":49.4667,"lon":5.95,"koppermann_naehe":"kontext","quelle":"USHMM Encyclopedia of Camps and Ghettos Vol. 1 / Holocaust Geographies Collaborative (Knowles et al. 2014)"},"geometry":{"type":"Point","coordinates":[5.95,49.4667]}},{"type":"Feature","properties":{"id":"15-0063-1","name":"Bensheim-Auerbach","hauptlager":"Natzweiler","typ":"KZ / Außenlager","func_1":3,"func_1_label":"Bau (Gebäude, Straßen, Tunnel)","func_2":0,"func_2_label":"Keine bekannte Arbeit","datum_eroeffnung":null,"datum_schliessung":"1945-03-15","open_text":"","close_text":"\"March 25/26, 1945\"","peak_population":45,"haftlinge":"","firmen":"Dr.-Ing. Frank H. Heymann, Darmstadt","nationen":"German, Czech, French","lat":49.6801,"lon":8.6158,"koppermann_naehe":"kontext","quelle":"USHMM Encyclopedia of Camps and Ghettos Vol. 1 / Holocaust Geographies Collaborative (Knowles et al. 2014)"},"geometry":{"type":"Point","coordinates":[8.6158,49.6801]}},{"type":"Feature","properties":{"id":"15-0104-0","name":"Bisingen","hauptlager":"Natzweiler","typ":"KZ / Außenlager","func_1":3,"func_1_label":"Bau (Gebäude, Straßen, Tunnel)","func_2":9,"func_2_label":"Öl- und Kohleproduktion","datum_eroeffnung":"1944-08-15","datum_schliessung":"1945-04-15","open_text":"\"August 24, 1944\"","close_text":"\"Evacuated middle of April, 1945\"","peak_population":1,"haftlinge":"Jews, Gypsies, Gentiles","firmen":"","nationen":"Polish, and other Easten Europeaners, Roma, Sinti","lat":48.95,"lon":9.1,"koppermann_naehe":"kontext","quelle":"USHMM Encyclopedia of Camps and Ghettos Vol. 1 / Holocaust Geographies Collaborative (Knowles et al. 2014)"},"geometry":{"type":"Point","coordinates":[9.1,48.95]}},{"type":"Feature","properties":{"id":"15-0166-2","name":"Calw","hauptlager":"Natzweiler","typ":"KZ / Außenlager","func_1":4,"func_1_label":"Rüstung / Munition","func_2":0,"func_2_label":"Keine bekannte Arbeit","datum_eroeffnung":"1945-01-15","datum_schliessung":"1945-04-15","open_text":"\"January 14, 1945\"","close_text":"\"Evacuated April 1 and 2, 1945\"","peak_population":165,"haftlinge":"Maybe French and Italian POWs","firmen":"Luftfahrtgerategesellschaft","nationen":"","lat":48.7,"lon":8.7333,"koppermann_naehe":"kontext","quelle":"USHMM Encyclopedia of Camps and Ghettos Vol. 1 / Holocaust Geographies Collaborative (Knowles et al. 2014)"},"geometry":{"type":"Point","coordinates":[8.7333,48.7]}},{"type":"Feature","properties":{"id":"15-0173-0","name":"Cochem-Bruttig (\"Zeisig\") [aka Kochem-Bruttig]","hauptlager":"Natzweiler","typ":"KZ / Außenlager","func_1":3,"func_1_label":"Bau (Gebäude, Straßen, Tunnel)","func_2":0,"func_2_label":"Keine bekannte Arbeit","datum_eroeffnung":"1944-03-15","datum_schliessung":"1944-09-15","open_text":"\"March 10, 1944\"","close_text":"\"Evacuated September 29, 1944\"","peak_population":1,"haftlinge":"probably no Jewish, but Career Criminals, remand, Asocial, Foreign Civilians, POWs, Political, Homosexuals, Jehovah's Witnesses,","firmen":"DIX","nationen":"Polish, Russian, Croats, French, Italian, German, Dutch, Belgian, Luxemburgers, Yugoslavs, Greeks, Norwegian","lat":50.1333,"lon":7.15,"koppermann_naehe":"kontext","quelle":"USHMM Encyclopedia of Camps and Ghettos Vol. 1 / Holocaust Geographies Collaborative (Knowles et al. 2014)"},"geometry":{"type":"Point","coordinates":[7.15,50.1333]}},{"type":"Feature","properties":{"id":"15-0174-0","name":"Cochum-Treis (\"Zeisig\") [aka Kochem-Treis]","hauptlager":"Natzweiler","typ":"KZ / Außenlager","func_1":3,"func_1_label":"Bau (Gebäude, Straßen, Tunnel)","func_2":0,"func_2_label":"Keine bekannte Arbeit","datum_eroeffnung":"1944-03-15","datum_schliessung":"1944-10-15","open_text":"\"First mentioned March 27, 1944\"","close_text":"\"Last mentioned October 7, 1944, bombings at end of August probably resulted in the decision to close the camp\"","peak_population":1,"haftlinge":"probably no Jewish, but Career Criminals, remand, Asocial, Foreign Civilians, POWs, Political, Homosexuals, Jehovah's Witnesses,","firmen":"","nationen":"Polish, Russian, Croats, French, Italian, German, Dutch, Belgian, Luxemburgers, Yugoslavs, Greeks, Norwegian","lat":50.1455,"lon":7.16602,"koppermann_naehe":"kontext","quelle":"USHMM Encyclopedia of Camps and Ghettos Vol. 1 / Holocaust Geographies Collaborative (Knowles et al. 2014)"},"geometry":{"type":"Point","coordinates":[7.16602,50.1455]}},{"type":"Feature","properties":{"id":"15-0199-0","name":"Darmstadt","hauptlager":"Natzweiler","typ":"KZ / Außenlager","func_1":4,"func_1_label":"Rüstung / Munition","func_2":0,"func_2_label":"Keine bekannte Arbeit","datum_eroeffnung":"1944-08-15","datum_schliessung":"1944-09-15","open_text":"\"August 31, 1944\"","close_text":"\"September 11/12, 1944\"","peak_population":1,"haftlinge":"","firmen":"","nationen":"","lat":49.8667,"lon":8.65,"koppermann_naehe":"kontext","quelle":"USHMM Encyclopedia of Camps and Ghettos Vol. 1 / Holocaust Geographies Collaborative (Knowles et al. 2014)"},"geometry":{"type":"Point","coordinates":[8.65,49.8667]}},{"type":"Feature","properties":{"id":"15-0202-0","name":"Dautmergen","hauptlager":"Natzweiler","typ":"KZ / Außenlager","func_1":3,"func_1_label":"Bau (Gebäude, Straßen, Tunnel)","func_2":0,"func_2_label":"Keine bekannte Arbeit","datum_eroeffnung":"1944-08-15","datum_schliessung":null,"open_text":"'First transport/mention August 23, 1944\"","close_text":"","peak_population":3181,"haftlinge":"Lithuanian and Polish Jews, survivors of Warsaw Uprising, Resistance members from France, Holland, Norway, Gypsies","firmen":"","nationen":"Lithuanian, Sinti, Roma, Polish, Dutch, French, Norwegian","lat":48.2333,"lon":8.75,"koppermann_naehe":"kontext","quelle":"USHMM Encyclopedia of Camps and Ghettos Vol. 1 / Holocaust Geographies Collaborative (Knowles et al. 2014)"},"geometry":{"type":"Point","coordinates":[8.75,48.2333]}},{"type":"Feature","properties":{"id":"15-0210-0","name":"Dormettingen","hauptlager":"Natzweiler","typ":"Sterbelager","func_1":8,"func_1_label":"Sterbelager (Sammlung Sterbender)","func_2":0,"func_2_label":"Keine bekannte Arbeit","datum_eroeffnung":"1945-03-15","datum_schliessung":"1945-04-15","open_text":"\"End of February/ Early March 1945\"","close_text":"\"Evacuated between April 6 and 13, 1945\"","peak_population":3000,"haftlinge":"Jewish","firmen":"Wuste- Werk","nationen":"Hungarian","lat":48.2333,"lon":8.7667,"koppermann_naehe":"kontext","quelle":"USHMM Encyclopedia of Camps and Ghettos Vol. 1 / Holocaust Geographies Collaborative (Knowles et al. 2014)"},"geometry":{"type":"Point","coordinates":[8.7667,48.2333]}},{"type":"Feature","properties":{"id":"15-0242-1","name":"Echterdingen","hauptlager":"Natzweiler","typ":"KZ / Außenlager","func_1":3,"func_1_label":"Bau (Gebäude, Straßen, Tunnel)","func_2":7,"func_2_label":"Ziviler Verteidigungsbau (Bunker, Trümmerräumung)","datum_eroeffnung":"1944-11-15","datum_schliessung":"1945-01-15","open_text":"\"November 1944\"","close_text":"\"January 1945\"","peak_population":600,"haftlinge":"All Jewish, many Political Jews","firmen":"Organization Todt","nationen":"Dutch, Italian, Lithuanian, Hungarian, Estonian, Belgian, Russian","lat":48.7,"lon":9.1833,"koppermann_naehe":"kontext","quelle":"USHMM Encyclopedia of Camps and Ghettos Vol. 1 / Holocaust Geographies Collaborative (Knowles et al. 2014)"},"geometry":{"type":"Point","coordinates":[9.1833,48.7]}},{"type":"Feature","properties":{"id":"15-0256-1","name":"Ellwangen at Natzweiler","hauptlager":"Natzweiler","typ":"KZ / Außenlager","func_1":2,"func_1_label":"Baumaterialien (Steinbruch, Ziegelei, Sägewerk)","func_2":3,"func_2_label":"Bau (Gebäude, Straßen, Tunnel)","datum_eroeffnung":"1943-06-15","datum_schliessung":"1945-04-15","open_text":"\"First mentioned June 28, 1943\"","close_text":"\"Evacuated April 6, 1945\"","peak_population":102,"haftlinge":"","firmen":"SS-Grenadier-Ersatz- Ausbildungs- Bataillon 5","nationen":"Very few Germans, mostly foreigners","lat":48.967012,"lon":10.13689,"koppermann_naehe":"kontext","quelle":"USHMM Encyclopedia of Camps and Ghettos Vol. 1 / Holocaust Geographies Collaborative (Knowles et al. 2014)"},"geometry":{"type":"Point","coordinates":[10.13689,48.967012]}},{"type":"Feature","properties":{"id":"15-0263-0","name":"Erzingen","hauptlager":"Natzweiler","typ":"KZ / Außenlager","func_1":9,"func_1_label":"Öl- und Kohleproduktion","func_2":3,"func_2_label":"Bau (Gebäude, Straßen, Tunnel)","datum_eroeffnung":"1944-06-15","datum_schliessung":"1945-04-15","open_text":"\"June 22, 1944\"","close_text":"\"Evacuated April 17, 1945\"","peak_population":339,"haftlinge":"Russian POWs","firmen":"SS Deutshe Schieferol GmbH subsidiary of Deutsche Wirtschaftsbetriebe GmbH","nationen":"Russian, Norwegians, French, Belgians, Dutch","lat":47.6667,"lon":8.4333,"koppermann_naehe":"kontext","quelle":"USHMM Encyclopedia of Camps and Ghettos Vol. 1 / Holocaust Geographies Collaborative (Knowles et al. 2014)"},"geometry":{"type":"Point","coordinates":[8.4333,47.6667]}},{"type":"Feature","properties":{"id":"15-0291-1","name":"Frankfurt am Main [aka Katzbach]","hauptlager":"Natzweiler","typ":"KZ / Außenlager","func_1":4,"func_1_label":"Rüstung / Munition","func_2":7,"func_2_label":"Ziviler Verteidigungsbau (Bunker, Trümmerräumung)","datum_eroeffnung":"1944-08-15","datum_schliessung":"1945-03-15","open_text":"\"August 22, 1944\"","close_text":"\"Evacuated March 24-25, 1945\"","peak_population":1,"haftlinge":"POWs, Italian miltary Internees, and others","firmen":"VDO- Adlerwerke AG","nationen":"Mostly Polish","lat":50.1167,"lon":8.6833,"koppermann_naehe":"kontext","quelle":"USHMM Encyclopedia of Camps and Ghettos Vol. 1 / Holocaust Geographies Collaborative (Knowles et al. 2014)"},"geometry":{"type":"Point","coordinates":[8.6833,50.1167]}},{"type":"Feature","properties":{"id":"15-0297-1","name":"Frommern","hauptlager":"Natzweiler","typ":"KZ / Außenlager","func_1":9,"func_1_label":"Öl- und Kohleproduktion","func_2":0,"func_2_label":"Keine bekannte Arbeit","datum_eroeffnung":"1944-03-15","datum_schliessung":"1945-04-15","open_text":"\"March 1, 1944\"","close_text":"\"April 17, 1945\"","peak_population":120,"haftlinge":"","firmen":"Lias","nationen":"Polish, Russian, French, Italians, Alsatians, Croats, Germans","lat":48.25,"lon":8.8667,"koppermann_naehe":"kontext","quelle":"USHMM Encyclopedia of Camps and Ghettos Vol. 1 / Holocaust Geographies Collaborative (Knowles et al. 2014)"},"geometry":{"type":"Point","coordinates":[8.8667,48.25]}},{"type":"Feature","properties":{"id":"15-0312-2","name":"Geisenheim","hauptlager":"Natzweiler","typ":"KZ / Außenlager","func_1":4,"func_1_label":"Rüstung / Munition","func_2":0,"func_2_label":"Keine bekannte Arbeit","datum_eroeffnung":"1944-12-15","datum_schliessung":"1945-04-15","open_text":"\"First mentioned December 12, 1944\"","close_text":"\"Evacuated March 18, 1945\"","peak_population":200,"haftlinge":"Polish Jewesses from Lodz, also Hungarian Jewesses","firmen":"Johannisberg GmbH, Krupp","nationen":"Mostly Polish, Hungarian","lat":49.9833,"lon":7.9667,"koppermann_naehe":"kontext","quelle":"USHMM Encyclopedia of Camps and Ghettos Vol. 1 / Holocaust Geographies Collaborative (Knowles et al. 2014)"},"geometry":{"type":"Point","coordinates":[7.9667,49.9833]}},{"type":"Feature","properties":{"id":"15-0313-2","name":"Geislingen an der Steige","hauptlager":"Natzweiler","typ":"KZ / Außenlager","func_1":4,"func_1_label":"Rüstung / Munition","func_2":0,"func_2_label":"Keine bekannte Arbeit","datum_eroeffnung":"1944-07-15","datum_schliessung":"1945-04-15","open_text":"\"July 28, 1944\"","close_text":"\"Evacuated April 4, 1945\"","peak_population":925,"haftlinge":"Hungarian Jewesses, asocial, Political","firmen":"Wurttembergische Metallwarenfabrik","nationen":"Hungarian","lat":48.6167,"lon":9.85,"koppermann_naehe":"kontext","quelle":"USHMM Encyclopedia of Camps and Ghettos Vol. 1 / Holocaust Geographies Collaborative (Knowles et al. 2014)"},"geometry":{"type":"Point","coordinates":[9.85,48.6167]}},{"type":"Feature","properties":{"id":"15-0373-1","name":"Hailfingen","hauptlager":"Natzweiler","typ":"KZ / Außenlager","func_1":2,"func_1_label":"Baumaterialien (Steinbruch, Ziegelei, Sägewerk)","func_2":3,"func_2_label":"Bau (Gebäude, Straßen, Tunnel)","datum_eroeffnung":"1944-12-15","datum_schliessung":"1945-02-15","open_text":"\"December 1944\"","close_text":"\"Evacuated February 14, 1945\"","peak_population":600,"haftlinge":"all Jewish but registered as Political inmates","firmen":"Gartner & Sohn, Harer, Mattes, Meyer, Kirchoff, Messerschmitt planes","nationen":"Baltic, Belgian, Hungarian, Dutch, Greek, Italian, French, Polish, Rumanian, Czech, French, Turkish,","lat":48.5333,"lon":8.9667,"koppermann_naehe":"kontext","quelle":"USHMM Encyclopedia of Camps and Ghettos Vol. 1 / Holocaust Geographies Collaborative (Knowles et al. 2014)"},"geometry":{"type":"Point","coordinates":[8.9667,48.5333]}},{"type":"Feature","properties":{"id":"15-0403-0","name":"Hanau","hauptlager":"Natzweiler","typ":"KZ / Außenlager","func_1":1,"func_1_label":"Unbekannte/unspezifische Arbeit","func_2":0,"func_2_label":"Keine bekannte Arbeit","datum_eroeffnung":null,"datum_schliessung":null,"open_text":"","close_text":"","peak_population":1,"haftlinge":"","firmen":"Dunlop Factory","nationen":"","lat":50.1333,"lon":8.9167,"koppermann_naehe":"kontext","quelle":"USHMM Encyclopedia of Camps and Ghettos Vol. 1 / Holocaust Geographies Collaborative (Knowles et al. 2014)"},"geometry":{"type":"Point","coordinates":[8.9167,50.1333]}},{"type":"Feature","properties":{"id":"15-0416-1","name":"Haslach (\"Barbe\")","hauptlager":"Natzweiler","typ":"KZ / Außenlager","func_1":3,"func_1_label":"Bau (Gebäude, Straßen, Tunnel)","func_2":0,"func_2_label":"Keine bekannte Arbeit","datum_eroeffnung":"1944-09-15","datum_schliessung":"1945-03-15","open_text":"\"September 16, 1944\"","close_text":"\"March 1945\"","peak_population":1700,"haftlinge":"","firmen":"Wayss & Freytag, Dohrmann, Hartsteinwerke Vulkan","nationen":"French, German, Dutch, Belgian, Luxembourgish, Polish, Soviet","lat":48.2833,"lon":8.0833,"koppermann_naehe":"kontext","quelle":"USHMM Encyclopedia of Camps and Ghettos Vol. 1 / Holocaust Geographies Collaborative (Knowles et al. 2014)"},"geometry":{"type":"Point","coordinates":[8.0833,48.2833]}},{"type":"Feature","properties":{"id":"15-0421-2","name":"Hayingen [aka Ebingen]","hauptlager":"Natzweiler","typ":"KZ / Außenlager","func_1":1,"func_1_label":"Unbekannte/unspezifische Arbeit","func_2":0,"func_2_label":"Keine bekannte Arbeit","datum_eroeffnung":"1944-08-15","datum_schliessung":"1944-09-15","open_text":"\"August 24, 1944\"","close_text":"\"September 11, 1944\"","peak_population":500,"haftlinge":"","firmen":"Huttenwerkverwaltung Westmark GmbH, Reichs factory,","nationen":"","lat":48.2667,"lon":9.4833,"koppermann_naehe":"kontext","quelle":"USHMM Encyclopedia of Camps and Ghettos Vol. 1 / Holocaust Geographies Collaborative (Knowles et al. 2014)"},"geometry":{"type":"Point","coordinates":[9.4833,48.2667]}},{"type":"Feature","properties":{"id":"15-0423-0","name":"Heidenheim at Natzweiler","hauptlager":"Natzweiler","typ":"KZ / Außenlager","func_1":6,"func_1_label":"SS-Lagerbau / Landwirtschaft","func_2":0,"func_2_label":"Keine bekannte Arbeit","datum_eroeffnung":"1944-12-15","datum_schliessung":"1945-04-15","open_text":"\"Mid December 1944\"","close_text":"\"Evacuated April 5, 1945\"","peak_population":20,"haftlinge":"Forced Labor, mostly all Political, no Jews","firmen":"Ulm Company, Rapp & Schule","nationen":"Mostly Germans, few Polish and 1 Slovenian","lat":48.683508,"lon":10.154444,"koppermann_naehe":"kontext","quelle":"USHMM Encyclopedia of Camps and Ghettos Vol. 1 / Holocaust Geographies Collaborative (Knowles et al. 2014)"},"geometry":{"type":"Point","coordinates":[10.154444,48.683508]}},{"type":"Feature","properties":{"id":"15-0429-1","name":"Heppenheim","hauptlager":"Natzweiler","typ":"KZ / Außenlager","func_1":3,"func_1_label":"Bau (Gebäude, Straßen, Tunnel)","func_2":6,"func_2_label":"SS-Lagerbau / Landwirtschaft","datum_eroeffnung":"1943-06-15","datum_schliessung":"1945-03-15","open_text":"\"June 15, 1943\"","close_text":"","peak_population":66,"haftlinge":"","firmen":"Trockenkonservenfabrik","nationen":"Yugoslavian","lat":49.6407,"lon":8.6372,"koppermann_naehe":"kontext","quelle":"USHMM Encyclopedia of Camps and Ghettos Vol. 1 / Holocaust Geographies Collaborative (Knowles et al. 2014)"},"geometry":{"type":"Point","coordinates":[8.6372,49.6407]}},{"type":"Feature","properties":{"id":"15-0508-1","name":"Kochendorf (\"Eisbär\")","hauptlager":"Natzweiler","typ":"KZ / Außenlager","func_1":3,"func_1_label":"Bau (Gebäude, Straßen, Tunnel)","func_2":7,"func_2_label":"Ziviler Verteidigungsbau (Bunker, Trümmerräumung)","datum_eroeffnung":"1944-09-15","datum_schliessung":"1945-03-15","open_text":"\"September 3, 1944\"","close_text":"\"March 1945\"","peak_population":1800,"haftlinge":"a few Jewish","firmen":"Hochtief AG and Veruschacht, Heinkel AG, Werk Hirthmotorenbau","nationen":"Polish, Russian, Dutch, Belgian, Luxemburgers, Italian, Serbs,Croats, Greek, Rumanian, Czech, Bulgarian, Spanish, Swiss, probably a few American/British who flew aircraft that had been shot down","lat":49.2167,"lon":9.2167,"koppermann_naehe":"kontext","quelle":"USHMM Encyclopedia of Camps and Ghettos Vol. 1 / Holocaust Geographies Collaborative (Knowles et al. 2014)"},"geometry":{"type":"Point","coordinates":[9.2167,49.2167]}},{"type":"Feature","properties":{"id":"15-0573-1","name":"Leonberg","hauptlager":"Natzweiler","typ":"KZ / Außenlager","func_1":4,"func_1_label":"Rüstung / Munition","func_2":0,"func_2_label":"Keine bekannte Arbeit","datum_eroeffnung":"1944-04-15","datum_schliessung":"1945-04-15","open_text":"\"First transport April 10, 1944\"","close_text":"\"Evacuated Mid April, 1945\"","peak_population":3000,"haftlinge":"protective detention, some Jews, Political, Gypsies, Asocials, POWs","firmen":"Augsburg Messerschmitt","nationen":"Polish, Hungarian, Russian, Yugoslavian, French, Italian","lat":48.8,"lon":9.0167,"koppermann_naehe":"kontext","quelle":"USHMM Encyclopedia of Camps and Ghettos Vol. 1 / Holocaust Geographies Collaborative (Knowles et al. 2014)"},"geometry":{"type":"Point","coordinates":[9.0167,48.8]}},{"type":"Feature","properties":{"id":"15-0612-1","name":"Mannheim-Sandhofen","hauptlager":"Natzweiler","typ":"KZ / Außenlager","func_1":4,"func_1_label":"Rüstung / Munition","func_2":0,"func_2_label":"Keine bekannte Arbeit","datum_eroeffnung":"1944-09-15","datum_schliessung":"1945-03-15","open_text":"\"September 27, 1944\"","close_text":"\"Evacuated March 30, 1945\"","peak_population":1060,"haftlinge":"Some Jewish","firmen":"Daimler-Benz","nationen":"Polish,","lat":49.4883,"lon":8.4645,"koppermann_naehe":"kontext","quelle":"USHMM Encyclopedia of Camps and Ghettos Vol. 1 / Holocaust Geographies Collaborative (Knowles et al. 2014)"},"geometry":{"type":"Point","coordinates":[8.4645,49.4883]}},{"type":"Feature","properties":{"id":"15-0646-1","name":"Mühlhausen","hauptlager":"Natzweiler","typ":"KZ / Außenlager","func_1":3,"func_1_label":"Bau (Gebäude, Straßen, Tunnel)","func_2":0,"func_2_label":"Keine bekannte Arbeit","datum_eroeffnung":"1944-08-15","datum_schliessung":"1944-09-15","open_text":"\"First mentioned August 30, 1944\"","close_text":"\"Evacuated September 29, 1944\"","peak_population":200,"haftlinge":"Mostly Political","firmen":"Elsassische Maschinenbau- GmbH","nationen":"Italians, Polish, Russian","lat":48.9333,"lon":8.9,"koppermann_naehe":"kontext","quelle":"USHMM Encyclopedia of Camps and Ghettos Vol. 1 / Holocaust Geographies Collaborative (Knowles et al. 2014)"},"geometry":{"type":"Point","coordinates":[8.9,48.9333]}},{"type":"Feature","properties":{"id":"15-0687-1","name":"Natzweiler-Struthof [aka Natzweiler, Struthof]","hauptlager":"Natzweiler","typ":"KZ / Außenlager","func_1":3,"func_1_label":"Bau (Gebäude, Straßen, Tunnel)","func_2":0,"func_2_label":"Keine bekannte Arbeit","datum_eroeffnung":"1941-05-15","datum_schliessung":"1944-08-15","open_text":"\"May 1, 1941\"","close_text":"\"Evacuated August 31, 1944\"","peak_population":6500,"haftlinge":"Communists, Gypsies, Jewish prisoners sent directly to Natzweiler sub camps, Political, Alsatians or Mosellans who had resisted forced enlistment in the German army","firmen":"","nationen":"French, German, Norwegian, Dutch, Luxembourgers, Eastern European, Sinti, Roma","lat":48.455,"lon":7.2546,"koppermann_naehe":"kontext","quelle":"USHMM Encyclopedia of Camps and Ghettos Vol. 1 / Holocaust Geographies Collaborative (Knowles et al. 2014)"},"geometry":{"type":"Point","coordinates":[7.2546,48.455]}},{"type":"Feature","properties":{"id":"15-0688-3","name":"Neckarelz I and II","hauptlager":"Natzweiler","typ":"KZ / Außenlager","func_1":3,"func_1_label":"Bau (Gebäude, Straßen, Tunnel)","func_2":0,"func_2_label":"Keine bekannte Arbeit","datum_eroeffnung":"1944-03-15","datum_schliessung":"1945-03-15","open_text":"\"March 21, 1944\"","close_text":"\"Evacuated March 25 or 26\"","peak_population":3000,"haftlinge":"some French prostitutes, Political","firmen":"Daimler- Benz, Hinkel, Messerschmitt","nationen":"French","lat":49.3333,"lon":9.1,"koppermann_naehe":"kontext","quelle":"USHMM Encyclopedia of Camps and Ghettos Vol. 1 / Holocaust Geographies Collaborative (Knowles et al. 2014)"},"geometry":{"type":"Point","coordinates":[9.1,49.3333]}},{"type":"Feature","properties":{"id":"15-0689-0","name":"Neckarelz I and II/Asbach","hauptlager":"Natzweiler","typ":"KZ / Außenlager","func_1":3,"func_1_label":"Bau (Gebäude, Straßen, Tunnel)","func_2":0,"func_2_label":"Keine bekannte Arbeit","datum_eroeffnung":"1944-10-15","datum_schliessung":"1945-03-15","open_text":"\"October 1944\"","close_text":"\"Evacuated March 23, 1945\"","peak_population":150,"haftlinge":"","firmen":"","nationen":"","lat":49.35,"lon":9.0333,"koppermann_naehe":"kontext","quelle":"USHMM Encyclopedia of Camps and Ghettos Vol. 1 / Holocaust Geographies Collaborative (Knowles et al. 2014)"},"geometry":{"type":"Point","coordinates":[9.0333,49.35]}},{"type":"Feature","properties":{"id":"15-0690-1","name":"Neckarelz I and II/Bad Rappenau","hauptlager":"Natzweiler","typ":"KZ / Außenlager","func_1":3,"func_1_label":"Bau (Gebäude, Straßen, Tunnel)","func_2":6,"func_2_label":"SS-Lagerbau / Landwirtschaft","datum_eroeffnung":"1944-09-15","datum_schliessung":"1945-03-15","open_text":"\"September 1944\"","close_text":"\"Evacuated March 23, 1945\"","peak_population":15,"haftlinge":"","firmen":"","nationen":"","lat":49.2333,"lon":9.1,"koppermann_naehe":"kontext","quelle":"USHMM Encyclopedia of Camps and Ghettos Vol. 1 / Holocaust Geographies Collaborative (Knowles et al. 2014)"},"geometry":{"type":"Point","coordinates":[9.1,49.2333]}},{"type":"Feature","properties":{"id":"15-0691-0","name":"Neckarelz I and II/Neckarbischofsheim","hauptlager":"Natzweiler","typ":"KZ / Außenlager","func_1":1,"func_1_label":"Unbekannte/unspezifische Arbeit","func_2":0,"func_2_label":"Keine bekannte Arbeit","datum_eroeffnung":"1944-09-15","datum_schliessung":"1945-03-15","open_text":"\"September 1944\"","close_text":"\"Evacuated March 23, 1945\"","peak_population":315,"haftlinge":"","firmen":"Daimler- Benz, Hoch- tief, Waffen SS HWL, SS- Fuhrungsstab","nationen":"","lat":49.3,"lon":8.9667,"koppermann_naehe":"kontext","quelle":"USHMM Encyclopedia of Camps and Ghettos Vol. 1 / Holocaust Geographies Collaborative (Knowles et al. 2014)"},"geometry":{"type":"Point","coordinates":[8.9667,49.3]}},{"type":"Feature","properties":{"id":"15-0692-0","name":"Neckarelz I and II/Neckargerach","hauptlager":"Natzweiler","typ":"KZ / Außenlager","func_1":3,"func_1_label":"Bau (Gebäude, Straßen, Tunnel)","func_2":0,"func_2_label":"Keine bekannte Arbeit","datum_eroeffnung":"1944-04-15","datum_schliessung":"1945-03-15","open_text":"\"April 27, 1944\"","close_text":"\"Evacuated March 23, 1945\"","peak_population":1321,"haftlinge":"","firmen":"SS Construction Special Inspectorate III, Obrigheim, SS-Führungsstab A 8","nationen":"","lat":49.4,"lon":9.0667,"koppermann_naehe":"kontext","quelle":"USHMM Encyclopedia of Camps and Ghettos Vol. 1 / Holocaust Geographies Collaborative (Knowles et al. 2014)"},"geometry":{"type":"Point","coordinates":[9.0667,49.4]}},{"type":"Feature","properties":{"id":"15-0693-0","name":"Neckargartach-Heilbronn","hauptlager":"Natzweiler","typ":"KZ / Außenlager","func_1":4,"func_1_label":"Rüstung / Munition","func_2":0,"func_2_label":"Keine bekannte Arbeit","datum_eroeffnung":"1944-08-15","datum_schliessung":"1945-06-15","open_text":"\"August 1944\"","close_text":"\"Evacuated between March 28 and April 1, 1945\"","peak_population":1200,"haftlinge":"Political, very few Jews, Gypsies, career criminals, 1 homosexual, Jehovah's Witnesses","firmen":"BMW, Julius Berger","nationen":"Polish, Italian, Russian, Yugoslavs, Germans, French, Luxembourg","lat":49.1686,"lon":9.1978,"koppermann_naehe":"kontext","quelle":"USHMM Encyclopedia of Camps and Ghettos Vol. 1 / Holocaust Geographies Collaborative (Knowles et al. 2014)"},"geometry":{"type":"Point","coordinates":[9.1978,49.1686]}},{"type":"Feature","properties":{"id":"15-0694-0","name":"Neckarzimmern","hauptlager":"Natzweiler","typ":"KZ / Außenlager","func_1":1,"func_1_label":"Unbekannte/unspezifische Arbeit","func_2":0,"func_2_label":"Keine bekannte Arbeit","datum_eroeffnung":null,"datum_schliessung":null,"open_text":"No Detailed information about this Camp","close_text":"","peak_population":1,"haftlinge":"","firmen":"","nationen":"","lat":49.3191,"lon":9.1325,"koppermann_naehe":"kontext","quelle":"USHMM Encyclopedia of Camps and Ghettos Vol. 1 / Holocaust Geographies Collaborative (Knowles et al. 2014)"},"geometry":{"type":"Point","coordinates":[9.1325,49.3191]}},{"type":"Feature","properties":{"id":"15-0702-0","name":"Neuenbürg","hauptlager":"Natzweiler","typ":"KZ / Außenlager","func_1":2,"func_1_label":"Baumaterialien (Steinbruch, Ziegelei, Sägewerk)","func_2":3,"func_2_label":"Bau (Gebäude, Straßen, Tunnel)","datum_eroeffnung":null,"datum_schliessung":null,"open_text":"\"It is not known when this camp was opened or dissolved\"","close_text":"\"It is not known when this camp was opened or dissolved\"","peak_population":170,"haftlinge":"","firmen":"","nationen":"","lat":47.8167,"lon":7.5667,"koppermann_naehe":"kontext","quelle":"USHMM Encyclopedia of Camps and Ghettos Vol. 1 / Holocaust Geographies Collaborative (Knowles et al. 2014)"},"geometry":{"type":"Point","coordinates":[7.5667,47.8167]}},{"type":"Feature","properties":{"id":"15-0717-0","name":"Niederbronn","hauptlager":"Natzweiler","typ":"KZ / Außenlager","func_1":1,"func_1_label":"Unbekannte/unspezifische Arbeit","func_2":0,"func_2_label":"Keine bekannte Arbeit","datum_eroeffnung":null,"datum_schliessung":null,"open_text":"No Detailed information about this Camp","close_text":"","peak_population":1,"haftlinge":"","firmen":"","nationen":"","lat":48.9167,"lon":7.6333,"koppermann_naehe":"kontext","quelle":"USHMM Encyclopedia of Camps and Ghettos Vol. 1 / Holocaust Geographies Collaborative (Knowles et al. 2014)"},"geometry":{"type":"Point","coordinates":[7.6333,48.9167]}},{"type":"Feature","properties":{"id":"15-0736-0","name":"Oberehnheim","hauptlager":"Natzweiler","typ":"KZ / Außenlager","func_1":3,"func_1_label":"Bau (Gebäude, Straßen, Tunnel)","func_2":0,"func_2_label":"Keine bekannte Arbeit","datum_eroeffnung":"1942-12-15","datum_schliessung":"1944-11-15","open_text":"\"December 1942\"","close_text":"\"Evacuated November 22, 1944\"","peak_population":200,"haftlinge":"Political","firmen":"","nationen":"Polish, Russian, German, Dutch, Belgian, Luxembourgers","lat":48.4667,"lon":7.4833,"koppermann_naehe":"kontext","quelle":"USHMM Encyclopedia of Camps and Ghettos Vol. 1 / Holocaust Geographies Collaborative (Knowles et al. 2014)"},"geometry":{"type":"Point","coordinates":[7.4833,48.4667]}},{"type":"Feature","properties":{"id":"15-0766-0","name":"Pelters","hauptlager":"Natzweiler","typ":"KZ / Außenlager","func_1":6,"func_1_label":"SS-Lagerbau / Landwirtschaft","func_2":3,"func_2_label":"Bau (Gebäude, Straßen, Tunnel)","datum_eroeffnung":"1942-06-15","datum_schliessung":"1944-06-15","open_text":"\"End of March 1942\"","close_text":"\"End of August, 1944\"","peak_population":60,"haftlinge":"","firmen":"","nationen":"","lat":49.0833,"lon":6.2333,"koppermann_naehe":"kontext","quelle":"USHMM Encyclopedia of Camps and Ghettos Vol. 1 / Holocaust Geographies Collaborative (Knowles et al. 2014)"},"geometry":{"type":"Point","coordinates":[6.2333,49.0833]}},{"type":"Feature","properties":{"id":"15-0804-1","name":"Rastatt","hauptlager":"Natzweiler","typ":"KZ / Außenlager","func_1":1,"func_1_label":"Unbekannte/unspezifische Arbeit","func_2":0,"func_2_label":"Keine bekannte Arbeit","datum_eroeffnung":"1943-11-15","datum_schliessung":null,"open_text":"\"First mentioned November 6, 1943\"","close_text":"\"Last reference on December 30, 1943, although another reference at end of 1944\"","peak_population":1,"haftlinge":"","firmen":"","nationen":"","lat":48.85,"lon":8.2,"koppermann_naehe":"kontext","quelle":"USHMM Encyclopedia of Camps and Ghettos Vol. 1 / Holocaust Geographies Collaborative (Knowles et al. 2014)"},"geometry":{"type":"Point","coordinates":[8.2,48.85]}},{"type":"Feature","properties":{"id":"15-0883-0","name":"Schömberg","hauptlager":"Natzweiler","typ":"KZ / Außenlager","func_1":9,"func_1_label":"Öl- und Kohleproduktion","func_2":0,"func_2_label":"Keine bekannte Arbeit","datum_eroeffnung":"1943-12-15","datum_schliessung":null,"open_text":"\"December 16, 1943\"","close_text":"","peak_population":788,"haftlinge":"","firmen":"","nationen":"","lat":48.2167,"lon":8.75,"koppermann_naehe":"kontext","quelle":"USHMM Encyclopedia of Camps and Ghettos Vol. 1 / Holocaust Geographies Collaborative (Knowles et al. 2014)"},"geometry":{"type":"Point","coordinates":[8.75,48.2167]}},{"type":"Feature","properties":{"id":"15-0890-0","name":"Schörzingen","hauptlager":"Natzweiler","typ":"KZ / Außenlager","func_1":9,"func_1_label":"Öl- und Kohleproduktion","func_2":0,"func_2_label":"Keine bekannte Arbeit","datum_eroeffnung":"1944-02-15","datum_schliessung":"1945-04-15","open_text":"\"February 1, 1944\"","close_text":"\"Evacuated April 18, 1945\"","peak_population":650,"haftlinge":"","firmen":"","nationen":"","lat":48.1833,"lon":8.75,"koppermann_naehe":"kontext","quelle":"USHMM Encyclopedia of Camps and Ghettos Vol. 1 / Holocaust Geographies Collaborative (Knowles et al. 2014)"},"geometry":{"type":"Point","coordinates":[8.75,48.1833]}},{"type":"Feature","properties":{"id":"15-0893-1","name":"Schwindratzheim","hauptlager":"Natzweiler","typ":"KZ / Außenlager","func_1":3,"func_1_label":"Bau (Gebäude, Straßen, Tunnel)","func_2":0,"func_2_label":"Keine bekannte Arbeit","datum_eroeffnung":"1944-08-15","datum_schliessung":"1944-10-15","open_text":"\"First mentioned August 29, 1944\"","close_text":"\"Evacuated in October 1944, possibly October 21\"","peak_population":600,"haftlinge":"","firmen":"","nationen":"","lat":48.75,"lon":7.6,"koppermann_naehe":"kontext","quelle":"USHMM Encyclopedia of Camps and Ghettos Vol. 1 / Holocaust Geographies Collaborative (Knowles et al. 2014)"},"geometry":{"type":"Point","coordinates":[7.6,48.75]}},{"type":"Feature","properties":{"id":"15-0900-1","name":"Sennheim","hauptlager":"Natzweiler","typ":"KZ / Außenlager","func_1":3,"func_1_label":"Bau (Gebäude, Straßen, Tunnel)","func_2":0,"func_2_label":"Keine bekannte Arbeit","datum_eroeffnung":"1943-10-15","datum_schliessung":"1944-11-15","open_text":"\"October 1, 1943\"- Steegmann, Struthof, or in \"March 1944\"","close_text":"\"November 1944\"","peak_population":250,"haftlinge":"","firmen":"","nationen":"Russian, Polish, Italian, Luxemburgers","lat":47.8167,"lon":7.1667,"koppermann_naehe":"kontext","quelle":"USHMM Encyclopedia of Camps and Ghettos Vol. 1 / Holocaust Geographies Collaborative (Knowles et al. 2014)"},"geometry":{"type":"Point","coordinates":[7.1667,47.8167]}},{"type":"Feature","properties":{"id":"15-0912-1","name":"Spaichingen","hauptlager":"Natzweiler","typ":"KZ / Außenlager","func_1":6,"func_1_label":"SS-Lagerbau / Landwirtschaft","func_2":3,"func_2_label":"Bau (Gebäude, Straßen, Tunnel)","datum_eroeffnung":"1944-10-15","datum_schliessung":"1945-04-15","open_text":"\"October 1944\"","close_text":"\"April 18, 1945\"","peak_population":350,"haftlinge":"Political","firmen":"Metallwerke- Spaichingen","nationen":"Hungarian, Italian, Yugoslavs, Czech, Slovs, French, Swiss, Austrians, Russians","lat":48.0833,"lon":8.7167,"koppermann_naehe":"kontext","quelle":"USHMM Encyclopedia of Camps and Ghettos Vol. 1 / Holocaust Geographies Collaborative (Knowles et al. 2014)"},"geometry":{"type":"Point","coordinates":[8.7167,48.0833]}},{"type":"Feature","properties":{"id":"15-0950-1","name":"Thil (\"Erz\") [aka Arbeitskommando Longwy-Deutschoth, Longwy-Thil, Longwy-Thil-Adun-le-Tiche]","hauptlager":"Natzweiler","typ":"KZ / Außenlager","func_1":3,"func_1_label":"Bau (Gebäude, Straßen, Tunnel)","func_2":0,"func_2_label":"Keine bekannte Arbeit","datum_eroeffnung":"1944-06-15","datum_schliessung":null,"open_text":"\"June 15, 1944\"","close_text":"","peak_population":861,"haftlinge":"Hungarian Jews, Gentiles","firmen":"Minette GmbH, daughter company of Volkswagen, Deutsche Erzbergwerke AG","nationen":"Hungarian","lat":49.4667,"lon":5.9,"koppermann_naehe":"kontext","quelle":"USHMM Encyclopedia of Camps and Ghettos Vol. 1 / Holocaust Geographies Collaborative (Knowles et al. 2014)"},"geometry":{"type":"Point","coordinates":[5.9,49.4667]}},{"type":"Feature","properties":{"id":"15-0980-0","name":"Unterschwarzach","hauptlager":"Natzweiler","typ":"KZ / Außenlager","func_1":1,"func_1_label":"Unbekannte/unspezifische Arbeit","func_2":0,"func_2_label":"Keine bekannte Arbeit","datum_eroeffnung":"1944-06-15","datum_schliessung":null,"open_text":"\"1944\"","close_text":"","peak_population":200,"haftlinge":"","firmen":"Daimler Benz","nationen":"","lat":49.55,"lon":8.9833,"koppermann_naehe":"kontext","quelle":"USHMM Encyclopedia of Camps and Ghettos Vol. 1 / Holocaust Geographies Collaborative (Knowles et al. 2014)"},"geometry":{"type":"Point","coordinates":[8.9833,49.55]}},{"type":"Feature","properties":{"id":"15-0984-1","name":"Vaihingen/Enz","hauptlager":"Natzweiler","typ":"KZ / Außenlager","func_1":4,"func_1_label":"Rüstung / Munition","func_2":0,"func_2_label":"Keine bekannte Arbeit","datum_eroeffnung":"1944-08-15","datum_schliessung":"1944-04-15","open_text":"\"August 15, 1944\"","close_text":"","peak_population":3000,"haftlinge":"Jews","firmen":"Baresel AG","nationen":"Polish along with another 25 different nationalities","lat":48.9333,"lon":8.9667,"koppermann_naehe":"kontext","quelle":"USHMM Encyclopedia of Camps and Ghettos Vol. 1 / Holocaust Geographies Collaborative (Knowles et al. 2014)"},"geometry":{"type":"Point","coordinates":[8.9667,48.9333]}},{"type":"Feature","properties":{"id":"15-0985-0","name":"Vaihingen/Unterriexingen (with Gross-Sachsenheim)","hauptlager":"Natzweiler","typ":"KZ / Außenlager","func_1":3,"func_1_label":"Bau (Gebäude, Straßen, Tunnel)","func_2":2,"func_2_label":"Baumaterialien (Steinbruch, Ziegelei, Sägewerk)","datum_eroeffnung":"1944-11-15","datum_schliessung":"1945-04-15","open_text":"\"Opened on or after November 16, 1944\"","close_text":"\"Evacuated April 1945\"","peak_population":475,"haftlinge":"","firmen":"","nationen":"","lat":48.9333,"lon":9.0667,"koppermann_naehe":"kontext","quelle":"USHMM Encyclopedia of Camps and Ghettos Vol. 1 / Holocaust Geographies Collaborative (Knowles et al. 2014)"},"geometry":{"type":"Point","coordinates":[9.0667,48.9333]}},{"type":"Feature","properties":{"id":"15-1001-0","name":"Walldorf","hauptlager":"Natzweiler","typ":"KZ / Außenlager","func_1":6,"func_1_label":"SS-Lagerbau / Landwirtschaft","func_2":3,"func_2_label":"Bau (Gebäude, Straßen, Tunnel)","datum_eroeffnung":"1944-08-15","datum_schliessung":"1944-10-15","open_text":"\"Officially in operatino from August 27, 1944\"","close_text":"\"October 31, 1944\"","peak_population":1700,"haftlinge":"","firmen":"","nationen":"","lat":50.0,"lon":8.5833,"koppermann_naehe":"kontext","quelle":"USHMM Encyclopedia of Camps and Ghettos Vol. 1 / Holocaust Geographies Collaborative (Knowles et al. 2014)"},"geometry":{"type":"Point","coordinates":[8.5833,50.0]}},{"type":"Feature","properties":{"id":"15-1005-0","name":"Wasseralfingen","hauptlager":"Natzweiler","typ":"KZ / Außenlager","func_1":5,"func_1_label":"Nicht-Rüstungsproduktion (Textil, Glas, Lebensmittel)","func_2":3,"func_2_label":"Bau (Gebäude, Straßen, Tunnel)","datum_eroeffnung":"1944-09-15","datum_schliessung":null,"open_text":"\"First Mentioned September 27, 1944\"","close_text":"\"Last mentioned February 2, 1945\"","peak_population":400,"haftlinge":"","firmen":"","nationen":"","lat":48.8667,"lon":10.1,"koppermann_naehe":"kontext","quelle":"USHMM Encyclopedia of Camps and Ghettos Vol. 1 / Holocaust Geographies Collaborative (Knowles et al. 2014)"},"geometry":{"type":"Point","coordinates":[10.1,48.8667]}},{"type":"Feature","properties":{"id":"15-1019-0","name":"Wesserling (\"Kranich,\" \"A10\") [aka Urbes, Hüsseren-Wesserling, Colmar]","hauptlager":"Natzweiler","typ":"KZ / Außenlager","func_1":3,"func_1_label":"Bau (Gebäude, Straßen, Tunnel)","func_2":0,"func_2_label":"Keine bekannte Arbeit","datum_eroeffnung":"1944-03-15","datum_schliessung":"1944-10-15","open_text":"\"First mentioned March 25, 1944\"","close_text":"\"Project discontinued October 1944, last mentioned October 10, 1944\"","peak_population":3000,"haftlinge":"","firmen":"","nationen":"","lat":47.8833,"lon":6.9833,"koppermann_naehe":"kontext","quelle":"USHMM Encyclopedia of Camps and Ghettos Vol. 1 / Holocaust Geographies Collaborative (Knowles et al. 2014)"},"geometry":{"type":"Point","coordinates":[6.9833,47.8833]}},{"type":"Feature","properties":{"id":"16-0008-0","name":"Alt Garge","hauptlager":"Neuengamme","typ":"KZ / Außenlager","func_1":3,"func_1_label":"Bau (Gebäude, Straßen, Tunnel)","func_2":0,"func_2_label":"Keine bekannte Arbeit","datum_eroeffnung":"1944-08-15","datum_schliessung":"1945-02-15","open_text":"August 24, 1944\"","close_text":"\"February 15, 1945\"","peak_population":520,"haftlinge":"POWs, Warsaw Uprising prisoners, Communists/socialists, danish Resistance fighters","firmen":"Hamburgische Electricitatswerke AG","nationen":"Polish, Yugoslavian, Danish, Norwegian, Dutch, German","lat":53.2667,"lon":10.8,"koppermann_naehe":"kontext","quelle":"USHMM Encyclopedia of Camps and Ghettos Vol. 1 / Holocaust Geographies Collaborative (Knowles et al. 2014)"},"geometry":{"type":"Point","coordinates":[10.8,53.2667]}},{"type":"Feature","properties":{"id":"16-0224-1","name":"Drütte","hauptlager":"Neuengamme","typ":"KZ / Außenlager","func_1":4,"func_1_label":"Rüstung / Munition","func_2":0,"func_2_label":"Keine bekannte Arbeit","datum_eroeffnung":"1942-10-15","datum_schliessung":"1945-04-15","open_text":"\"First transport October 18, 1942\"","close_text":"\"Evacuated April 7, 1945\"","peak_population":3150,"haftlinge":"Political","firmen":"","nationen":"","lat":52.15,"lon":10.45,"koppermann_naehe":"kontext","quelle":"USHMM Encyclopedia of Camps and Ghettos Vol. 1 / Holocaust Geographies Collaborative (Knowles et al. 2014)"},"geometry":{"type":"Point","coordinates":[10.45,52.15]}},{"type":"Feature","properties":{"id":"16-0236-0","name":"Düssin","hauptlager":"Neuengamme","typ":"KZ / Außenlager","func_1":3,"func_1_label":"Bau (Gebäude, Straßen, Tunnel)","func_2":4,"func_2_label":"Rüstung / Munition","datum_eroeffnung":"1944-09-15","datum_schliessung":"1945-03-15","open_text":"\"September 15, 1944\"","close_text":"\"March 1, 1945\"","peak_population":80,"haftlinge":"","firmen":"","nationen":"","lat":53.3667,"lon":10.9833,"koppermann_naehe":"kontext","quelle":"USHMM Encyclopedia of Camps and Ghettos Vol. 1 / Holocaust Geographies Collaborative (Knowles et al. 2014)"},"geometry":{"type":"Point","coordinates":[10.9833,53.3667]}},{"type":"Feature","properties":{"id":"16-0258-1","name":"Engerhafe [aka Aurich-Engerhafe]","hauptlager":"Neuengamme","typ":"KZ / Außenlager","func_1":3,"func_1_label":"Bau (Gebäude, Straßen, Tunnel)","func_2":0,"func_2_label":"Keine bekannte Arbeit","datum_eroeffnung":"1944-10-15","datum_schliessung":"1944-12-15","open_text":"\"October 1944\"","close_text":"\"Evacuated December 22, 1944\"","peak_population":2000,"haftlinge":"Some Jewish","firmen":"","nationen":"Polish, Dutch, Lithuanian, Estonian, Spanish, Czech, Italian","lat":52.4833,"lon":7.3167,"koppermann_naehe":"kontext","quelle":"USHMM Encyclopedia of Camps and Ghettos Vol. 1 / Holocaust Geographies Collaborative (Knowles et al. 2014)"},"geometry":{"type":"Point","coordinates":[7.3167,52.4833]}},{"type":"Feature","properties":{"id":"16-0275-0","name":"Fallersleben-Laagberg","hauptlager":"Neuengamme","typ":"KZ / Außenlager","func_1":3,"func_1_label":"Bau (Gebäude, Straßen, Tunnel)","func_2":7,"func_2_label":"Ziviler Verteidigungsbau (Bunker, Trümmerräumung)","datum_eroeffnung":"1944-05-15","datum_schliessung":"1945-04-15","open_text":"May 31,1944\"","close_text":"\"April 7, 1945\"","peak_population":2000,"haftlinge":"French Resistance Fighters, Political, non jews, a few jews came in the end of the subcamp","firmen":"Volkswagen","nationen":"French, Dutch, Russian, Spanish, Polish","lat":52.4167,"lon":10.7167,"koppermann_naehe":"kontext","quelle":"USHMM Encyclopedia of Camps and Ghettos Vol. 1 / Holocaust Geographies Collaborative (Knowles et al. 2014)"},"geometry":{"type":"Point","coordinates":[10.7167,52.4167]}},{"type":"Feature","properties":{"id":"16-0276-0","name":"Fallersleben (Volkswagenwerke)","hauptlager":"Neuengamme","typ":"KZ / Außenlager","func_1":4,"func_1_label":"Rüstung / Munition","func_2":0,"func_2_label":"Keine bekannte Arbeit","datum_eroeffnung":"1944-06-15","datum_schliessung":"1945-04-15","open_text":"\"June 1944\"","close_text":"\"April 7, 1945\"","peak_population":800,"haftlinge":"Jewish, Non Jewish","firmen":"Volkswagen and its daughter company Minette","nationen":"Hungarian","lat":52.4218,"lon":10.785,"koppermann_naehe":"kontext","quelle":"USHMM Encyclopedia of Camps and Ghettos Vol. 1 / Holocaust Geographies Collaborative (Knowles et al. 2014)"},"geometry":{"type":"Point","coordinates":[10.785,52.4218]}},{"type":"Feature","properties":{"id":"16-0335-0","name":"Goslar at Neuengamme","hauptlager":"Neuengamme","typ":"KZ / Außenlager","func_1":3,"func_1_label":"Bau (Gebäude, Straßen, Tunnel)","func_2":4,"func_2_label":"Rüstung / Munition","datum_eroeffnung":"1944-10-15","datum_schliessung":"1945-03-15","open_text":"\"October 20, 1944\"","close_text":"\"Most likely liberated on March 23 or 25, 1945\"","peak_population":15,"haftlinge":"","firmen":"","nationen":"","lat":51.908334,"lon":10.446575,"koppermann_naehe":"kontext","quelle":"USHMM Encyclopedia of Camps and Ghettos Vol. 1 / Holocaust Geographies Collaborative (Knowles et al. 2014)"},"geometry":{"type":"Point","coordinates":[10.446575,51.908334]}},{"type":"Feature","properties":{"id":"16-0383-2","name":"Hamburg-Eidelstedt","hauptlager":"Neuengamme","typ":"KZ / Außenlager","func_1":3,"func_1_label":"Bau (Gebäude, Straßen, Tunnel)","func_2":0,"func_2_label":"Keine bekannte Arbeit","datum_eroeffnung":"1944-09-15","datum_schliessung":"1945-05-15","open_text":"\"September 1944\"","close_text":"\"May 1945\"","peak_population":1,"haftlinge":"Jewish","firmen":"","nationen":"Czech, Hungarian","lat":53.549999,"lon":10.0,"koppermann_naehe":"kontext","quelle":"USHMM Encyclopedia of Camps and Ghettos Vol. 1 / Holocaust Geographies Collaborative (Knowles et al. 2014)"},"geometry":{"type":"Point","coordinates":[10.0,53.549999]}},{"type":"Feature","properties":{"id":"16-0384-1","name":"Hamburg-Finkenwerder","hauptlager":"Neuengamme","typ":"KZ / Außenlager","func_1":4,"func_1_label":"Rüstung / Munition","func_2":7,"func_2_label":"Ziviler Verteidigungsbau (Bunker, Trümmerräumung)","datum_eroeffnung":"1944-10-15","datum_schliessung":"1945-06-15","open_text":"\"October 1944\"","close_text":"\"End of March or early April 1945\"","peak_population":1,"haftlinge":"Resistance activity, Political Affiliation, Sexual Orientation, Religion and\"crimes\", Hungarian Jews","firmen":"Blohm & Voss, Stulcken- Werf and Deutshe Werft","nationen":"Russia, Polish, French, Hungarian","lat":50.5205,"lon":9.8379,"koppermann_naehe":"kontext","quelle":"USHMM Encyclopedia of Camps and Ghettos Vol. 1 / Holocaust Geographies Collaborative (Knowles et al. 2014)"},"geometry":{"type":"Point","coordinates":[9.8379,50.5205]}},{"type":"Feature","properties":{"id":"16-0385-1","name":"Hamburg-Fuhlsbüttel","hauptlager":"Neuengamme","typ":"KZ / Außenlager","func_1":7,"func_1_label":"Ziviler Verteidigungsbau (Bunker, Trümmerräumung)","func_2":0,"func_2_label":"Keine bekannte Arbeit","datum_eroeffnung":"1944-10-15","datum_schliessung":"1945-02-15","open_text":"\"October 26, 1944\"","close_text":"\"February 14, 1945\"","peak_population":2000,"haftlinge":"","firmen":"Geilenberg Stab, Shell, Schindler and Jung-Olwerke, Reichsbahn, Hamburg Plenipotentiary for Construction, Wilhelm Tegeler","nationen":"Russian, Polish, French, German, Dutch","lat":53.6346,"lon":10.0161,"koppermann_naehe":"kontext","quelle":"USHMM Encyclopedia of Camps and Ghettos Vol. 1 / Holocaust Geographies Collaborative (Knowles et al. 2014)"},"geometry":{"type":"Point","coordinates":[10.0161,53.6346]}},{"type":"Feature","properties":{"id":"18-0840-0","name":"Riga (Truppenwirtschaftslager)","hauptlager":"Riga-Kaiserwald","typ":"KZ / Außenlager","func_1":6,"func_1_label":"SS-Lagerbau / Landwirtschaft","func_2":0,"func_2_label":"Keine bekannte Arbeit","datum_eroeffnung":"1943-08-15","datum_schliessung":"1944-10-15","open_text":"\"First mentioned August 18, 1943\"","close_text":"\"October 1944\"","peak_population":419,"haftlinge":"","firmen":"","nationen":"","lat":56.9465,"lon":24.1049,"koppermann_naehe":"kontext","quelle":"USHMM Encyclopedia of Camps and Ghettos Vol. 1 / Holocaust Geographies Collaborative (Knowles et al. 2014)"},"geometry":{"type":"Point","coordinates":[24.1049,56.9465]}},{"type":"Feature","properties":{"id":"19-0041-0","name":"Bad Saarow","hauptlager":"Sachsenhausen","typ":"KZ / Außenlager","func_1":3,"func_1_label":"Bau (Gebäude, Straßen, Tunnel)","func_2":0,"func_2_label":"Keine bekannte Arbeit","datum_eroeffnung":"1943-06-15","datum_schliessung":"1945-04-15","open_text":"\"First mentioned end of May 1943\"","close_text":"\"Evacuated April 15, 1945\"","peak_population":952,"haftlinge":"","firmen":"","nationen":"","lat":52.2833,"lon":14.0667,"koppermann_naehe":"kontext","quelle":"USHMM Encyclopedia of Camps and Ghettos Vol. 1 / Holocaust Geographies Collaborative (Knowles et al. 2014)"},"geometry":{"type":"Point","coordinates":[14.0667,52.2833]}},{"type":"Feature","properties":{"id":"16-0386-1","name":"Hamburg-Geilenberg (Dessauer Ufer) (men)","hauptlager":"Neuengamme","typ":"KZ / Außenlager","func_1":7,"func_1_label":"Ziviler Verteidigungsbau (Bunker, Trümmerräumung)","func_2":0,"func_2_label":"Keine bekannte Arbeit","datum_eroeffnung":"1944-09-15","datum_schliessung":"1945-04-15","open_text":"\"September 19, 1944\"","close_text":"\"Evacuated April 14, 1945\"","peak_population":1500,"haftlinge":"","firmen":"Geilenberg Stab, Shell, Schindler and Jung-Olwerke, Reichsbahn, Hamburg Plenipotentiary for Construction, Wilhelm Tegeler","nationen":"","lat":53.523651,"lon":10.008609,"koppermann_naehe":"kontext","quelle":"USHMM Encyclopedia of Camps and Ghettos Vol. 1 / Holocaust Geographies Collaborative (Knowles et al. 2014)"},"geometry":{"type":"Point","coordinates":[10.008609,53.523651]}},{"type":"Feature","properties":{"id":"16-0386-2","name":"Hamburg-Geilenberg (Dessauer Ufer) (women)","hauptlager":"Neuengamme","typ":"KZ / Außenlager","func_1":7,"func_1_label":"Ziviler Verteidigungsbau (Bunker, Trümmerräumung)","func_2":0,"func_2_label":"Keine bekannte Arbeit","datum_eroeffnung":"1944-07-15","datum_schliessung":"1944-09-15","open_text":"\"July 1944\"","close_text":"\"September 1944\"","peak_population":1750,"haftlinge":"Jewish","firmen":"Rhenania Ossag (Shell), Ebano-Oehler, Schindler","nationen":"Hungarian, Czech, Polish","lat":53.5538,"lon":9.99158,"koppermann_naehe":"kontext","quelle":"USHMM Encyclopedia of Camps and Ghettos Vol. 1 / Holocaust Geographies Collaborative (Knowles et al. 2014)"},"geometry":{"type":"Point","coordinates":[9.99158,53.5538]}},{"type":"Feature","properties":{"id":"16-0387-0","name":"Hamburg-Hammerbrook (Bombensuchkdo)","hauptlager":"Neuengamme","typ":"KZ / Außenlager","func_1":7,"func_1_label":"Ziviler Verteidigungsbau (Bunker, Trümmerräumung)","func_2":3,"func_2_label":"Bau (Gebäude, Straßen, Tunnel)","datum_eroeffnung":"1944-06-15","datum_schliessung":"1945-03-15","open_text":"\"Mid 1944\"","close_text":"\"Work existed here until at least March 25, 1945\"","peak_population":35,"haftlinge":"Russian/Latvians POWs, and Polish/Belgian/French/Danish Resistance fighters, Serbian/Czech/Hungarian Jews","firmen":"","nationen":"Russian, Latvian, Polish, Belgian, French, Danish, Hungarian, Serbian, Czech","lat":53.5451,"lon":10.0304,"koppermann_naehe":"kontext","quelle":"USHMM Encyclopedia of Camps and Ghettos Vol. 1 / Holocaust Geographies Collaborative (Knowles et al. 2014)"},"geometry":{"type":"Point","coordinates":[10.0304,53.5451]}},{"type":"Feature","properties":{"id":"16-0388-2","name":"Hamburg-Langenhorn (Heidberg) (SS-Kaserne)","hauptlager":"Neuengamme","typ":"KZ / Außenlager","func_1":7,"func_1_label":"Ziviler Verteidigungsbau (Bunker, Trümmerräumung)","func_2":3,"func_2_label":"Bau (Gebäude, Straßen, Tunnel)","datum_eroeffnung":"1944-09-15","datum_schliessung":"1945-05-15","open_text":"\"Early September 1944\"","close_text":"\"Evacuated May 2, 1945\"","peak_population":3464,"haftlinge":"Jewish","firmen":"","nationen":"","lat":53.6683,"lon":10.0252,"koppermann_naehe":"kontext","quelle":"USHMM Encyclopedia of Camps and Ghettos Vol. 1 / Holocaust Geographies Collaborative (Knowles et al. 2014)"},"geometry":{"type":"Point","coordinates":[10.0252,53.6683]}},{"type":"Feature","properties":{"id":"16-0389-2","name":"Hamburg-Langenhorn (Ochsenzoll)","hauptlager":"Neuengamme","typ":"KZ / Außenlager","func_1":4,"func_1_label":"Rüstung / Munition","func_2":0,"func_2_label":"Keine bekannte Arbeit","datum_eroeffnung":"1944-09-15","datum_schliessung":"1945-05-15","open_text":"\"September 1944\"","close_text":"\"End of April/Early May 1945\"","peak_population":740,"haftlinge":"Jewish. Criminals, Gypsies","firmen":"","nationen":"Lithuanian, Polish, Czech, Estonian, Hungary, German","lat":53.6656,"lon":10.0014,"koppermann_naehe":"kontext","quelle":"USHMM Encyclopedia of Camps and Ghettos Vol. 1 / Holocaust Geographies Collaborative (Knowles et al. 2014)"},"geometry":{"type":"Point","coordinates":[10.0014,53.6656]}},{"type":"Feature","properties":{"id":"16-0390-2","name":"Hamburg-Neugraben","hauptlager":"Neuengamme","typ":"KZ / Außenlager","func_1":3,"func_1_label":"Bau (Gebäude, Straßen, Tunnel)","func_2":0,"func_2_label":"Keine bekannte Arbeit","datum_eroeffnung":"1944-09-15","datum_schliessung":"1945-02-15","open_text":"\"September 1944\"","close_text":"\"February 1945\"","peak_population":500,"haftlinge":"Jewish","firmen":"Prien, Holst and Weseloh","nationen":"Czech","lat":53.4667,"lon":9.88333,"koppermann_naehe":"kontext","quelle":"USHMM Encyclopedia of Camps and Ghettos Vol. 1 / Holocaust Geographies Collaborative (Knowles et al. 2014)"},"geometry":{"type":"Point","coordinates":[9.88333,53.4667]}},{"type":"Feature","properties":{"id":"16-0391-1","name":"Hamburg-Rothenburgsort [aka Bullenhuser Damm]","hauptlager":"Neuengamme","typ":"KZ / Außenlager","func_1":6,"func_1_label":"SS-Lagerbau / Landwirtschaft","func_2":0,"func_2_label":"Keine bekannte Arbeit","datum_eroeffnung":"1944-10-15","datum_schliessung":"1945-04-15","open_text":"\"October 1, 1944\"","close_text":"\"April 21, 1945\"","peak_population":1000,"haftlinge":"POWs, Jewish","firmen":"Deutsche Erd-und Steinwerke","nationen":"Russian, Dutch","lat":53.5432,"lon":10.0438,"koppermann_naehe":"kontext","quelle":"USHMM Encyclopedia of Camps and Ghettos Vol. 1 / Holocaust Geographies Collaborative (Knowles et al. 2014)"},"geometry":{"type":"Point","coordinates":[10.0438,53.5432]}},{"type":"Feature","properties":{"id":"16-0392-2","name":"Hamburg-Sasel-Poppenbüttel","hauptlager":"Neuengamme","typ":"KZ / Außenlager","func_1":7,"func_1_label":"Ziviler Verteidigungsbau (Bunker, Trümmerräumung)","func_2":0,"func_2_label":"Keine bekannte Arbeit","datum_eroeffnung":"1944-09-15","datum_schliessung":"1945-05-15","open_text":"\"September 1944\"","close_text":"\"End of April/Early May 1945\"","peak_population":500,"haftlinge":"Jewish","firmen":"Moller, Kowal & Bruns, Wayss & Freytag, Volkenreich","nationen":"Polish","lat":53.6668,"lon":10.1044,"koppermann_naehe":"kontext","quelle":"USHMM Encyclopedia of Camps and Ghettos Vol. 1 / Holocaust Geographies Collaborative (Knowles et al. 2014)"},"geometry":{"type":"Point","coordinates":[10.1044,53.6668]}},{"type":"Feature","properties":{"id":"16-0393-0","name":"Hamburg-Steinwerder (Blohm & Voss)","hauptlager":"Neuengamme","typ":"KZ / Außenlager","func_1":4,"func_1_label":"Rüstung / Munition","func_2":0,"func_2_label":"Keine bekannte Arbeit","datum_eroeffnung":"1944-10-15","datum_schliessung":"1945-04-15","open_text":"\"Early October 1944\"","close_text":"\"Evacuated April 12, 1945\"","peak_population":572,"haftlinge":"","firmen":"Blohm & Voss","nationen":"Polish, French, Russians, Belgians, Dutch, Yugoslavian, German","lat":53.5463,"lon":9.9354,"koppermann_naehe":"kontext","quelle":"USHMM Encyclopedia of Camps and Ghettos Vol. 1 / Holocaust Geographies Collaborative (Knowles et al. 2014)"},"geometry":{"type":"Point","coordinates":[9.9354,53.5463]}},{"type":"Feature","properties":{"id":"17-0123-0","name":"Born","hauptlager":"Ravensbrück","typ":"KZ / Außenlager","func_1":6,"func_1_label":"SS-Lagerbau / Landwirtschaft","func_2":0,"func_2_label":"Keine bekannte Arbeit","datum_eroeffnung":"1943-06-15","datum_schliessung":"1945-04-15","open_text":"\"Probably 1943\"","close_text":"\"April 1945\"","peak_population":1,"haftlinge":"","firmen":"","nationen":"","lat":54.3833,"lon":12.5333,"koppermann_naehe":"kontext","quelle":"USHMM Encyclopedia of Camps and Ghettos Vol. 1 / Holocaust Geographies Collaborative (Knowles et al. 2014)"},"geometry":{"type":"Point","coordinates":[12.5333,54.3833]}},{"type":"Feature","properties":{"id":"17-0177-0","name":"Comthurey [aka Dabelow]","hauptlager":"Ravensbrück","typ":"KZ / Außenlager","func_1":3,"func_1_label":"Bau (Gebäude, Straßen, Tunnel)","func_2":6,"func_2_label":"SS-Lagerbau / Landwirtschaft","datum_eroeffnung":"1942-06-15","datum_schliessung":"1945-06-15","open_text":"First transport \"beginning of 1942\"","close_text":"\"Thought to be dissolved end of March 11945\"","peak_population":93,"haftlinge":"","firmen":"","nationen":"","lat":53.25,"lon":13.2,"koppermann_naehe":"kontext","quelle":"USHMM Encyclopedia of Camps and Ghettos Vol. 1 / Holocaust Geographies Collaborative (Knowles et al. 2014)"},"geometry":{"type":"Point","coordinates":[13.2,53.25]}},{"type":"Feature","properties":{"id":"17-0240-0","name":"Eberswalde","hauptlager":"Ravensbrück","typ":"KZ / Außenlager","func_1":4,"func_1_label":"Rüstung / Munition","func_2":7,"func_2_label":"Ziviler Verteidigungsbau (Bunker, Trümmerräumung)","datum_eroeffnung":"1944-03-15","datum_schliessung":"1945-04-15","open_text":"\"Early March 1944\"","close_text":"\"April 1945\"","peak_population":821,"haftlinge":"","firmen":"","nationen":"","lat":52.8333,"lon":13.7833,"koppermann_naehe":"kontext","quelle":"USHMM Encyclopedia of Camps and Ghettos Vol. 1 / Holocaust Geographies Collaborative (Knowles et al. 2014)"},"geometry":{"type":"Point","coordinates":[13.7833,52.8333]}},{"type":"Feature","properties":{"id":"16-0394-1","name":"Hamburg-Steinwerder (Stülckenwerft)","hauptlager":"Neuengamme","typ":"KZ / Außenlager","func_1":4,"func_1_label":"Rüstung / Munition","func_2":7,"func_2_label":"Ziviler Verteidigungsbau (Bunker, Trümmerräumung)","datum_eroeffnung":"1944-10-15","datum_schliessung":"1945-04-15","open_text":"\"October 1944\"","close_text":"\"Evacuated April 21, 1945\"","peak_population":230,"haftlinge":"","firmen":"Blohm & Voss, Stulcken- Werft, and Deutsche Werft","nationen":"Hungarian, Dutch, German","lat":53.5416,"lon":9.9576,"koppermann_naehe":"kontext","quelle":"USHMM Encyclopedia of Camps and Ghettos Vol. 1 / Holocaust Geographies Collaborative (Knowles et al. 2014)"},"geometry":{"type":"Point","coordinates":[9.9576,53.5416]}},{"type":"Feature","properties":{"id":"16-0395-2","name":"Hamburg-Tiefstack","hauptlager":"Neuengamme","typ":"KZ / Außenlager","func_1":7,"func_1_label":"Ziviler Verteidigungsbau (Bunker, Trümmerräumung)","func_2":0,"func_2_label":"Keine bekannte Arbeit","datum_eroeffnung":"1945-02-15","datum_schliessung":"1945-04-15","open_text":"\"February 1945\"","close_text":"\"Late March/Early April 1945\"","peak_population":500,"haftlinge":"Jewish","firmen":"Muller & Co.","nationen":"Czech","lat":53.5175,"lon":10.0792,"koppermann_naehe":"kontext","quelle":"USHMM Encyclopedia of Camps and Ghettos Vol. 1 / Holocaust Geographies Collaborative (Knowles et al. 2014)"},"geometry":{"type":"Point","coordinates":[10.0792,53.5175]}},{"type":"Feature","properties":{"id":"16-0396-2","name":"Hamburg-Wandsbek","hauptlager":"Neuengamme","typ":"KZ / Außenlager","func_1":5,"func_1_label":"Nicht-Rüstungsproduktion (Textil, Glas, Lebensmittel)","func_2":0,"func_2_label":"Keine bekannte Arbeit","datum_eroeffnung":"1944-06-15","datum_schliessung":"1945-05-15","open_text":"\"Summer 1944\"","close_text":"\"May 1945\"","peak_population":500,"haftlinge":"Political Prisoners","firmen":"Dragerwerke","nationen":"Polish, Russian, Ukranian, Germans, Slovenians, Czech, Dutch, Belgian, French, Hungarian","lat":53.5714,"lon":10.0647,"koppermann_naehe":"kontext","quelle":"USHMM Encyclopedia of Camps and Ghettos Vol. 1 / Holocaust Geographies Collaborative (Knowles et al. 2014)"},"geometry":{"type":"Point","coordinates":[10.0647,53.5714]}},{"type":"Feature","properties":{"id":"16-0398-0","name":"Hamburg (Bombensuchkdo No. 2)","hauptlager":"Neuengamme","typ":"KZ / Außenlager","func_1":7,"func_1_label":"Ziviler Verteidigungsbau (Bunker, Trümmerräumung)","func_2":3,"func_2_label":"Bau (Gebäude, Straßen, Tunnel)","datum_eroeffnung":null,"datum_schliessung":null,"open_text":"No Detailed information about this Camp","close_text":"","peak_population":1,"haftlinge":"","firmen":"","nationen":"","lat":53.5538,"lon":9.99158,"koppermann_naehe":"kontext","quelle":"USHMM Encyclopedia of Camps and Ghettos Vol. 1 / Holocaust Geographies Collaborative (Knowles et al. 2014)"},"geometry":{"type":"Point","coordinates":[9.99158,53.5538]}},{"type":"Feature","properties":{"id":"16-0399-1","name":"Hamburg (Howaldtwerke)","hauptlager":"Neuengamme","typ":"KZ / Außenlager","func_1":4,"func_1_label":"Rüstung / Munition","func_2":0,"func_2_label":"Keine bekannte Arbeit","datum_eroeffnung":"1944-10-15","datum_schliessung":"1945-04-15","open_text":"\"October 1944\"","close_text":"\"Dissolved April 1945\"","peak_population":1,"haftlinge":"","firmen":"Blohm & Voss, Stulcken- Werft, Deutsche Werft and Howaldtwerke","nationen":"","lat":53.55306,"lon":9.99767,"koppermann_naehe":"kontext","quelle":"USHMM Encyclopedia of Camps and Ghettos Vol. 1 / Holocaust Geographies Collaborative (Knowles et al. 2014)"},"geometry":{"type":"Point","coordinates":[9.99767,53.55306]}},{"type":"Feature","properties":{"id":"16-0397-1","name":"Hamburg-Wilhelmsburg","hauptlager":"Neuengamme","typ":"KZ / Außenlager","func_1":7,"func_1_label":"Ziviler Verteidigungsbau (Bunker, Trümmerräumung)","func_2":3,"func_2_label":"Bau (Gebäude, Straßen, Tunnel)","datum_eroeffnung":"1944-10-15","datum_schliessung":"1945-04-15","open_text":"\"October 12, 1944\"","close_text":"\"April 1945\"","peak_population":200,"haftlinge":"Political, Asocial, Career Criminals,","firmen":"Jung Mineralol-Werke, Schindler Olfbrik, Wihelmsburger Bleiwerk and Firma Dittmers, Firma Frank, Wilhelmsburg Bahnhof","nationen":"Various Nationalities","lat":53.5226,"lon":9.97972,"koppermann_naehe":"kontext","quelle":"USHMM Encyclopedia of Camps and Ghettos Vol. 1 / Holocaust Geographies Collaborative (Knowles et al. 2014)"},"geometry":{"type":"Point","coordinates":[9.97972,53.5226]}},{"type":"Feature","properties":{"id":"16-0404-1","name":"Hannover-Ahlem","hauptlager":"Neuengamme","typ":"KZ / Außenlager","func_1":3,"func_1_label":"Bau (Gebäude, Straßen, Tunnel)","func_2":0,"func_2_label":"Keine bekannte Arbeit","datum_eroeffnung":"1944-11-15","datum_schliessung":"1945-04-15","open_text":"\"End of November 1944\"","close_text":"","peak_population":850,"haftlinge":"Hungarian Jews","firmen":"Continental Gummiwerk, Maschinenfabrik Niedersachsen","nationen":"Mostly Polish, others include, Russian, Danish, Polish, Dutch, French, and Latvia, Hungarian","lat":52.3667,"lon":9.7167,"koppermann_naehe":"kontext","quelle":"USHMM Encyclopedia of Camps and Ghettos Vol. 1 / Holocaust Geographies Collaborative (Knowles et al. 2014)"},"geometry":{"type":"Point","coordinates":[9.7167,52.3667]}},{"type":"Feature","properties":{"id":"16-0405-2","name":"Hannover-Langenhagen","hauptlager":"Neuengamme","typ":"KZ / Außenlager","func_1":4,"func_1_label":"Rüstung / Munition","func_2":0,"func_2_label":"Keine bekannte Arbeit","datum_eroeffnung":"1944-10-15","datum_schliessung":"1945-01-15","open_text":"\"October 2, 1944\"","close_text":"\"January 6, 1945\"","peak_population":500,"haftlinge":"Political","firmen":"Brinker Iron Works","nationen":"Polish, Russian, Latvian, Lithuanian","lat":52.4183,"lon":9.72245,"koppermann_naehe":"kontext","quelle":"USHMM Encyclopedia of Camps and Ghettos Vol. 1 / Holocaust Geographies Collaborative (Knowles et al. 2014)"},"geometry":{"type":"Point","coordinates":[9.72245,52.4183]}},{"type":"Feature","properties":{"id":"16-0406-2","name":"Hannover-Limmer","hauptlager":"Neuengamme","typ":"KZ / Außenlager","func_1":4,"func_1_label":"Rüstung / Munition","func_2":7,"func_2_label":"Ziviler Verteidigungsbau (Bunker, Trümmerräumung)","datum_eroeffnung":"1944-08-15","datum_schliessung":"1945-04-15","open_text":"\"August 1944\"","close_text":"\"April 1945\"","peak_population":1011,"haftlinge":"Political","firmen":"Continental Rubber Factory","nationen":"All over Europe, but largest group from France","lat":52.3809,"lon":9.68089,"koppermann_naehe":"kontext","quelle":"USHMM Encyclopedia of Camps and Ghettos Vol. 1 / Holocaust Geographies Collaborative (Knowles et al. 2014)"},"geometry":{"type":"Point","coordinates":[9.68089,52.3809]}},{"type":"Feature","properties":{"id":"19-0223-0","name":"Drögen","hauptlager":"Sachsenhausen","typ":"KZ / Außenlager","func_1":3,"func_1_label":"Bau (Gebäude, Straßen, Tunnel)","func_2":0,"func_2_label":"Keine bekannte Arbeit","datum_eroeffnung":"1941-05-15","datum_schliessung":null,"open_text":"\"May 2, 1941\"","close_text":"","peak_population":350,"haftlinge":"","firmen":"","nationen":"","lat":53.1333,"lon":13.1667,"koppermann_naehe":"kontext","quelle":"USHMM Encyclopedia of Camps and Ghettos Vol. 1 / Holocaust Geographies Collaborative (Knowles et al. 2014)"},"geometry":{"type":"Point","coordinates":[13.1667,53.1333]}},{"type":"Feature","properties":{"id":"16-0407-1","name":"Hannover-Misburg","hauptlager":"Neuengamme","typ":"KZ / Außenlager","func_1":9,"func_1_label":"Öl- und Kohleproduktion","func_2":7,"func_2_label":"Ziviler Verteidigungsbau (Bunker, Trümmerräumung)","datum_eroeffnung":"1944-06-15","datum_schliessung":"1945-04-15","open_text":"\"Late June 1944\"","close_text":"\"Evacuated beginning April 7, 1945\"","peak_population":1600,"haftlinge":"Political, a few Jews but because they were Political not racial","firmen":"Deurag-Nerag Firm","nationen":"Russian, Ukraianians, Polish, French, Germsn, Dutch, Danes, Belgians","lat":52.391,"lon":9.8512,"koppermann_naehe":"kontext","quelle":"USHMM Encyclopedia of Camps and Ghettos Vol. 1 / Holocaust Geographies Collaborative (Knowles et al. 2014)"},"geometry":{"type":"Point","coordinates":[9.8512,52.391]}},{"type":"Feature","properties":{"id":"16-0408-0","name":"Hannover-Mühlenberg-Linden","hauptlager":"Neuengamme","typ":"KZ / Außenlager","func_1":4,"func_1_label":"Rüstung / Munition","func_2":0,"func_2_label":"Keine bekannte Arbeit","datum_eroeffnung":"1945-02-15","datum_schliessung":"1945-04-15","open_text":"\"February 1945\"","close_text":"\"Evacuated April 6, 1945\"","peak_population":500,"haftlinge":"Primarly Jewish, some Protective Custody, and Career Criminals","firmen":"Hannoversche Maschinenbau, Rheinmetal-Borsig","nationen":"Polish, Hungarian, French, Dutch, Belgian, smaller numbers of Romanian, Czech, Slovak, Italian","lat":52.3398,"lon":9.69122,"koppermann_naehe":"kontext","quelle":"USHMM Encyclopedia of Camps and Ghettos Vol. 1 / Holocaust Geographies Collaborative (Knowles et al. 2014)"},"geometry":{"type":"Point","coordinates":[9.69122,52.3398]}},{"type":"Feature","properties":{"id":"16-0409-0","name":"Hannover-Stöcken (Akkumulatorenfabrik)","hauptlager":"Neuengamme","typ":"KZ / Außenlager","func_1":4,"func_1_label":"Rüstung / Munition","func_2":0,"func_2_label":"Keine bekannte Arbeit","datum_eroeffnung":"1943-07-15","datum_schliessung":"1945-04-15","open_text":"\"July 1943\"","close_text":"\"Evacuation began April 7 and 8, 1945\"","peak_population":1533,"haftlinge":"Political, Religious, Sexual orientation, Resistance fighters, asocials, Criminals","firmen":"Akkumulatorenfabrik AG","nationen":"Germans, Serbs, Polish, Estonian, Czech, French, Russian, Greek, Italian, Latvian, Danish, Belgian","lat":52.4069,"lon":9.65761,"koppermann_naehe":"kontext","quelle":"USHMM Encyclopedia of Camps and Ghettos Vol. 1 / Holocaust Geographies Collaborative (Knowles et al. 2014)"},"geometry":{"type":"Point","coordinates":[9.65761,52.4069]}},{"type":"Feature","properties":{"id":"16-0439-0","name":"Hildesheim","hauptlager":"Neuengamme","typ":"KZ / Außenlager","func_1":7,"func_1_label":"Ziviler Verteidigungsbau (Bunker, Trümmerräumung)","func_2":0,"func_2_label":"Keine bekannte Arbeit","datum_eroeffnung":"1945-03-15","datum_schliessung":"1945-03-15","open_text":"Accounts differ, but \"March 2, 1945\" seems most accurate","close_text":"\"Dissolution 3days after the attack on March 22, 1945\"","peak_population":500,"haftlinge":"All Jewish","firmen":"","nationen":"Hungarian, Italian, Polish, Russian, Yugoslavian, Austrian, German","lat":52.15,"lon":9.9667,"koppermann_naehe":"kontext","quelle":"USHMM Encyclopedia of Camps and Ghettos Vol. 1 / Holocaust Geographies Collaborative (Knowles et al. 2014)"},"geometry":{"type":"Point","coordinates":[9.9667,52.15]}},{"type":"Feature","properties":{"id":"16-0457-2","name":"Horneburg","hauptlager":"Neuengamme","typ":"KZ / Außenlager","func_1":4,"func_1_label":"Rüstung / Munition","func_2":0,"func_2_label":"Keine bekannte Arbeit","datum_eroeffnung":"1944-10-15","datum_schliessung":"1945-04-15","open_text":"\"October 1944\"","close_text":"\"End of April 1945\"","peak_population":300,"haftlinge":"Jewish","firmen":"Valvo","nationen":"Dutch, Hungarian","lat":53.5,"lon":9.5833,"koppermann_naehe":"kontext","quelle":"USHMM Encyclopedia of Camps and Ghettos Vol. 1 / Holocaust Geographies Collaborative (Knowles et al. 2014)"},"geometry":{"type":"Point","coordinates":[9.5833,53.5]}},{"type":"Feature","properties":{"id":"16-0410-1","name":"Hannover-Stöcken (Continental)","hauptlager":"Neuengamme","typ":"KZ / Außenlager","func_1":4,"func_1_label":"Rüstung / Munition","func_2":7,"func_2_label":"Ziviler Verteidigungsbau (Bunker, Trümmerräumung)","datum_eroeffnung":"1944-06-15","datum_schliessung":"1944-11-15","open_text":"\"Late Summer 1944\"","close_text":"\"Evacuated November 30, 1944\"","peak_population":1000,"haftlinge":"All Jewish","firmen":"Continetal- Gummiwerke AG","nationen":"Polish from Lodz Ghetto","lat":52.4177,"lon":9.65164,"koppermann_naehe":"kontext","quelle":"USHMM Encyclopedia of Camps and Ghettos Vol. 1 / Holocaust Geographies Collaborative (Knowles et al. 2014)"},"geometry":{"type":"Point","coordinates":[9.65164,52.4177]}},{"type":"Feature","properties":{"id":"16-0475-0","name":"Kaltenkirchen","hauptlager":"Neuengamme","typ":"KZ / Außenlager","func_1":3,"func_1_label":"Bau (Gebäude, Straßen, Tunnel)","func_2":0,"func_2_label":"Keine bekannte Arbeit","datum_eroeffnung":"1944-06-15","datum_schliessung":"1945-04-15","open_text":"\"Late September 1944\"","close_text":"\"Transferred April 16, 1945\"","peak_population":750,"haftlinge":"Citzens of the countries mentioned, as well as French Resistance fighters, Soviet POWs, and a few Criminal Prisoners","firmen":"Messerschmitt, Bassow & Tokkul, Ohlendorffsche Baugesellschaft","nationen":"Russian, Polish, French, Belgian, Dutch, German, Italian, Yugoslavians, Spanish, North Africans","lat":53.8333,"lon":9.9667,"koppermann_naehe":"kontext","quelle":"USHMM Encyclopedia of Camps and Ghettos Vol. 1 / Holocaust Geographies Collaborative (Knowles et al. 2014)"},"geometry":{"type":"Point","coordinates":[9.9667,53.8333]}},{"type":"Feature","properties":{"id":"16-0494-0","name":"Kiel","hauptlager":"Neuengamme","typ":"KZ / Außenlager","func_1":7,"func_1_label":"Ziviler Verteidigungsbau (Bunker, Trümmerräumung)","func_2":0,"func_2_label":"Keine bekannte Arbeit","datum_eroeffnung":"1944-04-15","datum_schliessung":"1944-09-15","open_text":"\"April or July 1944\"","close_text":"\"September or October 1944\", possibly October 5th or 6th 1944\"","peak_population":50,"haftlinge":"","firmen":"","nationen":"","lat":54.3333,"lon":10.1333,"koppermann_naehe":"kontext","quelle":"USHMM Encyclopedia of Camps and Ghettos Vol. 1 / Holocaust Geographies Collaborative (Knowles et al. 2014)"},"geometry":{"type":"Point","coordinates":[10.1333,54.3333]}},{"type":"Feature","properties":{"id":"16-0538-0","name":"Ladelund","hauptlager":"Neuengamme","typ":"KZ / Außenlager","func_1":3,"func_1_label":"Bau (Gebäude, Straßen, Tunnel)","func_2":7,"func_2_label":"Ziviler Verteidigungsbau (Bunker, Trümmerräumung)","datum_eroeffnung":"1944-10-15","datum_schliessung":"1944-12-15","open_text":"\"October 4, 1944\"","close_text":"\"December 16, 1944\"","peak_population":2000,"haftlinge":"Non Jewish, some Dutch resistance","firmen":"","nationen":"Dutch","lat":54.85,"lon":9.0167,"koppermann_naehe":"kontext","quelle":"USHMM Encyclopedia of Camps and Ghettos Vol. 1 / Holocaust Geographies Collaborative (Knowles et al. 2014)"},"geometry":{"type":"Point","coordinates":[9.0167,54.85]}},{"type":"Feature","properties":{"id":"16-0571-0","name":"Lengerich (\"A1\")","hauptlager":"Neuengamme","typ":"KZ / Außenlager","func_1":3,"func_1_label":"Bau (Gebäude, Straßen, Tunnel)","func_2":4,"func_2_label":"Rüstung / Munition","datum_eroeffnung":"1944-03-15","datum_schliessung":null,"open_text":"\"Between March and June 1944, first mentioned March 26\"","close_text":"","peak_population":200,"haftlinge":"Political, Preventive Custody","firmen":"United Light Metal Works","nationen":"Germans, French, Polish, Russian, Belgian, 1 Italian, 1 Swiss","lat":52.1833,"lon":7.8667,"koppermann_naehe":"kontext","quelle":"USHMM Encyclopedia of Camps and Ghettos Vol. 1 / Holocaust Geographies Collaborative (Knowles et al. 2014)"},"geometry":{"type":"Point","coordinates":[7.8667,52.1833]}},{"type":"Feature","properties":{"id":"16-0592-2","name":"Lübberstedt [aka Bilohe]","hauptlager":"Neuengamme","typ":"KZ / Außenlager","func_1":4,"func_1_label":"Rüstung / Munition","func_2":0,"func_2_label":"Keine bekannte Arbeit","datum_eroeffnung":"1944-09-15","datum_schliessung":"1945-04-15","open_text":"\"September 1944\"","close_text":"\"April 1945\"","peak_population":500,"haftlinge":"","firmen":"Luftwaffe Munitions","nationen":"Hungarian","lat":53.3333,"lon":8.8,"koppermann_naehe":"kontext","quelle":"USHMM Encyclopedia of Camps and Ghettos Vol. 1 / Holocaust Geographies Collaborative (Knowles et al. 2014)"},"geometry":{"type":"Point","coordinates":[8.8,53.3333]}},{"type":"Feature","properties":{"id":"16-0600-0","name":"Lütjenburg (Hohwacht)","hauptlager":"Neuengamme","typ":"KZ / Außenlager","func_1":3,"func_1_label":"Bau (Gebäude, Straßen, Tunnel)","func_2":6,"func_2_label":"SS-Lagerbau / Landwirtschaft","datum_eroeffnung":"1944-12-15","datum_schliessung":"1945-03-15","open_text":"\"December 1944\"","close_text":"\"Evacuated March 25, 1945\"","peak_population":1,"haftlinge":"","firmen":"Anschutz und Co., Zweigwerk Hohwacht","nationen":"","lat":54.3,"lon":10.6,"koppermann_naehe":"kontext","quelle":"USHMM Encyclopedia of Camps and Ghettos Vol. 1 / Holocaust Geographies Collaborative (Knowles et al. 2014)"},"geometry":{"type":"Point","coordinates":[10.6,54.3]}},{"type":"Feature","properties":{"id":"16-0459-1","name":"Husum-Schwesing [aka Husum, Schwesing, Lager Engelsburg]","hauptlager":"Neuengamme","typ":"KZ / Außenlager","func_1":7,"func_1_label":"Ziviler Verteidigungsbau (Bunker, Trümmerräumung)","func_2":0,"func_2_label":"Keine bekannte Arbeit","datum_eroeffnung":"1944-09-15","datum_schliessung":null,"open_text":"\"September 1944\"","close_text":"","peak_population":2500,"haftlinge":"All Non-Jewish, Danish Resistance fighters","firmen":"","nationen":"Danish, French, Dutch, Polish, Russian","lat":54.4667,"lon":9.05,"koppermann_naehe":"kontext","quelle":"USHMM Encyclopedia of Camps and Ghettos Vol. 1 / Holocaust Geographies Collaborative (Knowles et al. 2014)"},"geometry":{"type":"Point","coordinates":[9.05,54.4667]}},{"type":"Feature","properties":{"id":"16-0622-1","name":"Meppen-Dalum","hauptlager":"Neuengamme","typ":"KZ / Außenlager","func_1":7,"func_1_label":"Ziviler Verteidigungsbau (Bunker, Trümmerräumung)","func_2":0,"func_2_label":"Keine bekannte Arbeit","datum_eroeffnung":"1945-01-15","datum_schliessung":"1945-03-15","open_text":"Built in Spring 1938, becomes a Neuengamme Camp in January 1945","close_text":"\"Evacuation began March 16, 1945\"","peak_population":1000,"haftlinge":"Political, Religious, Resistance, etc","firmen":"","nationen":"","lat":52.6833,"lon":7.3167,"koppermann_naehe":"kontext","quelle":"USHMM Encyclopedia of Camps and Ghettos Vol. 1 / Holocaust Geographies Collaborative (Knowles et al. 2014)"},"geometry":{"type":"Point","coordinates":[7.3167,52.6833]}},{"type":"Feature","properties":{"id":"16-0623-0","name":"Meppen-Versen","hauptlager":"Neuengamme","typ":"KZ / Außenlager","func_1":7,"func_1_label":"Ziviler Verteidigungsbau (Bunker, Trümmerräumung)","func_2":0,"func_2_label":"Keine bekannte Arbeit","datum_eroeffnung":"1944-11-15","datum_schliessung":"1945-03-15","open_text":"\"November 16, 1944\"","close_text":"\"Evacuated March 1945\"","peak_population":1500,"haftlinge":"Italian POWs, Political, Religious, Career Criminals, Resistance","firmen":"","nationen":"Belgian, French, Dutch, Danish, Russian, Polish, Italian","lat":52.7162,"lon":7.23364,"koppermann_naehe":"kontext","quelle":"USHMM Encyclopedia of Camps and Ghettos Vol. 1 / Holocaust Geographies Collaborative (Knowles et al. 2014)"},"geometry":{"type":"Point","coordinates":[7.23364,52.7162]}},{"type":"Feature","properties":{"id":"16-0638-0","name":"Mölln","hauptlager":"Neuengamme","typ":"KZ / Außenlager","func_1":3,"func_1_label":"Bau (Gebäude, Straßen, Tunnel)","func_2":0,"func_2_label":"Keine bekannte Arbeit","datum_eroeffnung":"1944-12-15","datum_schliessung":"1945-04-15","open_text":"\"Either October or December 1944\"","close_text":"\"Evacuated April 30, 1945\"","peak_population":200,"haftlinge":"","firmen":"","nationen":"","lat":53.6333,"lon":10.6833,"koppermann_naehe":"kontext","quelle":"USHMM Encyclopedia of Camps and Ghettos Vol. 1 / Holocaust Geographies Collaborative (Knowles et al. 2014)"},"geometry":{"type":"Point","coordinates":[10.6833,53.6333]}},{"type":"Feature","properties":{"id":"16-0703-0","name":"Neuengamme","hauptlager":"Neuengamme","typ":"KZ / Außenlager","func_1":3,"func_1_label":"Bau (Gebäude, Straßen, Tunnel)","func_2":0,"func_2_label":"Keine bekannte Arbeit","datum_eroeffnung":"1940-06-15","datum_schliessung":"1945-04-15","open_text":"\"1938- under Sachsenhausen\" Spring 1940- becomes independent","close_text":"","peak_population":53000,"haftlinge":"Soviet POWs, Jews from the east, Political, Religious, Asocial, Career Criminals","firmen":"","nationen":"Polish, Russian, French, Danish, Norwegian","lat":53.427413,"lon":10.226254,"koppermann_naehe":"kontext","quelle":"USHMM Encyclopedia of Camps and Ghettos Vol. 1 / Holocaust Geographies Collaborative (Knowles et al. 2014)"},"geometry":{"type":"Point","coordinates":[10.226254,53.427413]}},{"type":"Feature","properties":{"id":"16-0711-0","name":"Neustadt in Holstein","hauptlager":"Neuengamme","typ":"KZ / Außenlager","func_1":3,"func_1_label":"Bau (Gebäude, Straßen, Tunnel)","func_2":0,"func_2_label":"Keine bekannte Arbeit","datum_eroeffnung":"1944-12-15","datum_schliessung":"1945-05-15","open_text":"\"December 1944\"","close_text":"\"Evacuated May 1, 1945\"","peak_population":15,"haftlinge":"","firmen":"","nationen":"Danish, Polish, Russian, 1 Dutch, 1 German","lat":54.1,"lon":10.8167,"koppermann_naehe":"kontext","quelle":"USHMM Encyclopedia of Camps and Ghettos Vol. 1 / Holocaust Geographies Collaborative (Knowles et al. 2014)"},"geometry":{"type":"Point","coordinates":[10.8167,54.1]}},{"type":"Feature","properties":{"id":"16-0624-0","name":"Meppen-Versen/Gross-Hesepe","hauptlager":"Neuengamme","typ":"KZ / Außenlager","func_1":6,"func_1_label":"SS-Lagerbau / Landwirtschaft","func_2":7,"func_2_label":"Ziviler Verteidigungsbau (Bunker, Trümmerräumung)","datum_eroeffnung":"1944-11-15","datum_schliessung":null,"open_text":"\"November 1944\"","close_text":"","peak_population":100,"haftlinge":"","firmen":"Sagewerk Gulzow, Molln- Breitenfelde, Metallwerke Molln","nationen":"","lat":52.6,"lon":7.2667,"koppermann_naehe":"kontext","quelle":"USHMM Encyclopedia of Camps and Ghettos Vol. 1 / Holocaust Geographies Collaborative (Knowles et al. 2014)"},"geometry":{"type":"Point","coordinates":[7.2667,52.6]}},{"type":"Feature","properties":{"id":"16-0864-2","name":"Salzwedel","hauptlager":"Neuengamme","typ":"KZ / Außenlager","func_1":4,"func_1_label":"Rüstung / Munition","func_2":0,"func_2_label":"Keine bekannte Arbeit","datum_eroeffnung":"1944-06-15","datum_schliessung":"1945-04-15","open_text":"\"July or August 1944\"","close_text":"\"Liberated April 14, 1945\"","peak_population":3000,"haftlinge":"Hungarian and Polish Jews, Political","firmen":"Draht- und Metallwarenfabrik Salzwedel","nationen":"Hungarian, Polish, Greek, Czech, Italians, Germans","lat":52.85,"lon":11.15,"koppermann_naehe":"kontext","quelle":"USHMM Encyclopedia of Camps and Ghettos Vol. 1 / Holocaust Geographies Collaborative (Knowles et al. 2014)"},"geometry":{"type":"Point","coordinates":[11.15,52.85]}},{"type":"Feature","properties":{"id":"16-0866-0","name":"Schandelah","hauptlager":"Neuengamme","typ":"KZ / Außenlager","func_1":2,"func_1_label":"Baumaterialien (Steinbruch, Ziegelei, Sägewerk)","func_2":9,"func_2_label":"Öl- und Kohleproduktion","datum_eroeffnung":"1944-05-15","datum_schliessung":"1945-05-15","open_text":"\"May 1944\"","close_text":"\"Liberated May 2, 1945\"","peak_population":800,"haftlinge":"","firmen":"DASAG","nationen":"Russian, Polish, Belgian, French, Dutch, Danish, Czech, Spanish, German, Italian, Greek, Yugoslavian","lat":52.2667,"lon":10.7,"koppermann_naehe":"kontext","quelle":"USHMM Encyclopedia of Camps and Ghettos Vol. 1 / Holocaust Geographies Collaborative (Knowles et al. 2014)"},"geometry":{"type":"Point","coordinates":[10.7,52.2667]}},{"type":"Feature","properties":{"id":"16-0975-1","name":"Uelzen","hauptlager":"Neuengamme","typ":"KZ / Außenlager","func_1":7,"func_1_label":"Ziviler Verteidigungsbau (Bunker, Trümmerräumung)","func_2":0,"func_2_label":"Keine bekannte Arbeit","datum_eroeffnung":"1945-03-15","datum_schliessung":"1945-04-15","open_text":"\"Varies by more than 6 months, some say October 1944, others March 1945\"","close_text":"\"April 18, 1945\"","peak_population":500,"haftlinge":"No Jewish","firmen":"Zuckerfabrik Uelzen AG","nationen":"Dutch, Russian, Polish, Belgian, French, German","lat":52.9667,"lon":10.5667,"koppermann_naehe":"kontext","quelle":"USHMM Encyclopedia of Camps and Ghettos Vol. 1 / Holocaust Geographies Collaborative (Knowles et al. 2014)"},"geometry":{"type":"Point","coordinates":[10.5667,52.9667]}},{"type":"Feature","properties":{"id":"16-0988-1","name":"Vechelde","hauptlager":"Neuengamme","typ":"KZ / Außenlager","func_1":4,"func_1_label":"Rüstung / Munition","func_2":0,"func_2_label":"Keine bekannte Arbeit","datum_eroeffnung":"1944-06-15","datum_schliessung":"1945-03-15","open_text":"\"Left Auschwitz middle of September 1944\"","close_text":"\"End of March 1945\"","peak_population":500,"haftlinge":"All Jewish","firmen":"Bussing NAG Company","nationen":"Polish from Lodz","lat":52.2667,"lon":10.3833,"koppermann_naehe":"kontext","quelle":"USHMM Encyclopedia of Camps and Ghettos Vol. 1 / Holocaust Geographies Collaborative (Knowles et al. 2014)"},"geometry":{"type":"Point","coordinates":[10.3833,52.2667]}},{"type":"Feature","properties":{"id":"16-0994-1","name":"Verden","hauptlager":"Neuengamme","typ":"KZ / Außenlager","func_1":3,"func_1_label":"Bau (Gebäude, Straßen, Tunnel)","func_2":0,"func_2_label":"Keine bekannte Arbeit","datum_eroeffnung":"1945-01-15","datum_schliessung":"1945-04-15","open_text":"\"January 8, 1945\"","close_text":"\"Evacuated April 1945\"","peak_population":1,"haftlinge":"","firmen":"SS-Bauleitung Verden","nationen":"","lat":52.9167,"lon":9.2333,"koppermann_naehe":"kontext","quelle":"USHMM Encyclopedia of Camps and Ghettos Vol. 1 / Holocaust Geographies Collaborative (Knowles et al. 2014)"},"geometry":{"type":"Point","coordinates":[9.2333,52.9167]}},{"type":"Feature","properties":{"id":"16-1003-1","name":"Warberg","hauptlager":"Neuengamme","typ":"KZ / Außenlager","func_1":3,"func_1_label":"Bau (Gebäude, Straßen, Tunnel)","func_2":0,"func_2_label":"Keine bekannte Arbeit","datum_eroeffnung":"1944-06-15","datum_schliessung":"1945-01-15","open_text":"\"June 5, 1944\"","close_text":"\"January 8, 1945\"","peak_population":10,"haftlinge":"","firmen":"","nationen":"","lat":52.1833,"lon":10.9333,"koppermann_naehe":"kontext","quelle":"USHMM Encyclopedia of Camps and Ghettos Vol. 1 / Holocaust Geographies Collaborative (Knowles et al. 2014)"},"geometry":{"type":"Point","coordinates":[10.9333,52.1833]}},{"type":"Feature","properties":{"id":"16-1006-3","name":"Watenstedt (men)","hauptlager":"Neuengamme","typ":"KZ / Außenlager","func_1":4,"func_1_label":"Rüstung / Munition","func_2":9,"func_2_label":"Öl- und Kohleproduktion","datum_eroeffnung":"1944-05-15","datum_schliessung":"1944-07-15","open_text":"\"May 27, 1944\"-Men, \"July 7, 1944\"- Women","close_text":"","peak_population":3000,"haftlinge":"Political, later Jewish","firmen":"Stahlwerke Braunschweig GmbH","nationen":"French, Russian Polish","lat":52.0833,"lon":10.8333,"koppermann_naehe":"kontext","quelle":"USHMM Encyclopedia of Camps and Ghettos Vol. 1 / Holocaust Geographies Collaborative (Knowles et al. 2014)"},"geometry":{"type":"Point","coordinates":[10.8333,52.0833]}},{"type":"Feature","properties":{"id":"16-1006-2","name":"Watenstedt (both)","hauptlager":"Neuengamme","typ":"KZ / Außenlager","func_1":4,"func_1_label":"Rüstung / Munition","func_2":9,"func_2_label":"Öl- und Kohleproduktion","datum_eroeffnung":"1944-07-15","datum_schliessung":"1945-04-15","open_text":"\"May 27, 1944\"-Men, \"July 7, 1944\"- Women","close_text":"","peak_population":3000,"haftlinge":"Political, later Jewish","firmen":"Stahlwerke Braunschweig GmbH","nationen":"French, Russian Polish","lat":52.0833,"lon":10.8333,"koppermann_naehe":"kontext","quelle":"USHMM Encyclopedia of Camps and Ghettos Vol. 1 / Holocaust Geographies Collaborative (Knowles et al. 2014)"},"geometry":{"type":"Point","coordinates":[10.8333,52.0833]}},{"type":"Feature","properties":{"id":"17-0283-0","name":"Finow","hauptlager":"Ravensbrück","typ":"KZ / Außenlager","func_1":4,"func_1_label":"Rüstung / Munition","func_2":0,"func_2_label":"Keine bekannte Arbeit","datum_eroeffnung":null,"datum_schliessung":"1945-04-15","open_text":"\"1944\"","close_text":"\"Evacuated April 1945\"","peak_population":674,"haftlinge":"","firmen":"","nationen":"","lat":52.8333,"lon":13.7,"koppermann_naehe":"kontext","quelle":"USHMM Encyclopedia of Camps and Ghettos Vol. 1 / Holocaust Geographies Collaborative (Knowles et al. 2014)"},"geometry":{"type":"Point","coordinates":[13.7,52.8333]}},{"type":"Feature","properties":{"id":"17-0372-0","name":"Hagenow","hauptlager":"Ravensbrück","typ":"KZ / Außenlager","func_1":6,"func_1_label":"SS-Lagerbau / Landwirtschaft","func_2":5,"func_2_label":"Nicht-Rüstungsproduktion (Textil, Glas, Lebensmittel)","datum_eroeffnung":"1945-02-15","datum_schliessung":"1945-05-15","open_text":"\"February 1945\"","close_text":"\"Liberated May 1945\"","peak_population":150,"haftlinge":"","firmen":"","nationen":"","lat":53.4167,"lon":11.1833,"koppermann_naehe":"kontext","quelle":"USHMM Encyclopedia of Camps and Ghettos Vol. 1 / Holocaust Geographies Collaborative (Knowles et al. 2014)"},"geometry":{"type":"Point","coordinates":[11.1833,53.4167]}},{"type":"Feature","properties":{"id":"17-0506-0","name":"Klützow","hauptlager":"Ravensbrück","typ":"KZ / Außenlager","func_1":3,"func_1_label":"Bau (Gebäude, Straßen, Tunnel)","func_2":4,"func_2_label":"Rüstung / Munition","datum_eroeffnung":"1942-06-15","datum_schliessung":"1945-02-15","open_text":"\"Probably at the End of 1942\"","close_text":"\"February 1945\"","peak_population":600,"haftlinge":"","firmen":"","nationen":"","lat":53.2833,"lon":15.0167,"koppermann_naehe":"kontext","quelle":"USHMM Encyclopedia of Camps and Ghettos Vol. 1 / Holocaust Geographies Collaborative (Knowles et al. 2014)"},"geometry":{"type":"Point","coordinates":[15.0167,53.2833]}},{"type":"Feature","properties":{"id":"16-1007-3","name":"Wedel","hauptlager":"Neuengamme","typ":"KZ / Außenlager","func_1":7,"func_1_label":"Ziviler Verteidigungsbau (Bunker, Trümmerräumung)","func_2":6,"func_2_label":"SS-Lagerbau / Landwirtschaft","datum_eroeffnung":"1944-09-15","datum_schliessung":"1944-11-15","open_text":"\"September 1944\"","close_text":"\"November 20, 1944\"","peak_population":500,"haftlinge":"Jewish","firmen":"","nationen":"Czech, Hungarian, Russia, Polish, Austrian, Dutch","lat":53.5833,"lon":9.7167,"koppermann_naehe":"kontext","quelle":"USHMM Encyclopedia of Camps and Ghettos Vol. 1 / Holocaust Geographies Collaborative (Knowles et al. 2014)"},"geometry":{"type":"Point","coordinates":[9.7167,53.5833]}},{"type":"Feature","properties":{"id":"16-1037-1","name":"Wilhelmshaven-Banter Weg [aka Kriegsmarinewerft]","hauptlager":"Neuengamme","typ":"KZ / Außenlager","func_1":4,"func_1_label":"Rüstung / Munition","func_2":7,"func_2_label":"Ziviler Verteidigungsbau (Bunker, Trümmerräumung)","datum_eroeffnung":"1944-09-15","datum_schliessung":"1945-04-15","open_text":"\"September 1944\"","close_text":"\"Early April 1945\"","peak_population":1129,"haftlinge":"Hungarian Jews, Politicals","firmen":"Kriegsmarinewerft","nationen":"French, Russian, Hungarian, some German","lat":53.5167,"lon":8.1333,"koppermann_naehe":"kontext","quelle":"USHMM Encyclopedia of Camps and Ghettos Vol. 1 / Holocaust Geographies Collaborative (Knowles et al. 2014)"},"geometry":{"type":"Point","coordinates":[8.1333,53.5167]}},{"type":"Feature","properties":{"id":"16-1042-1","name":"Wittenberge","hauptlager":"Neuengamme","typ":"KZ / Außenlager","func_1":5,"func_1_label":"Nicht-Rüstungsproduktion (Textil, Glas, Lebensmittel)","func_2":3,"func_2_label":"Bau (Gebäude, Straßen, Tunnel)","datum_eroeffnung":"1942-08-15","datum_schliessung":"1945-02-15","open_text":"\"August 1942\"","close_text":"\"February 1945\"","peak_population":500,"haftlinge":"Polish Jews,","firmen":"Kurmarkische Zellewolle und Zellulose AG, Grun & Bilfinger","nationen":"Polish, Dutch, Danish, Belgian","lat":53.1333,"lon":7.8667,"koppermann_naehe":"kontext","quelle":"USHMM Encyclopedia of Camps and Ghettos Vol. 1 / Holocaust Geographies Collaborative (Knowles et al. 2014)"},"geometry":{"type":"Point","coordinates":[7.8667,53.1333]}},{"type":"Feature","properties":{"id":"16-1045-0","name":"Wöbbelin","hauptlager":"Neuengamme","typ":"KZ / Außenlager","func_1":1,"func_1_label":"Unbekannte/unspezifische Arbeit","func_2":0,"func_2_label":"Keine bekannte Arbeit","datum_eroeffnung":"1945-02-15","datum_schliessung":"1945-05-15","open_text":"\"February 12, 1945\"","close_text":"\"May 2, 1945\"","peak_population":1,"haftlinge":"Asocials, Political, Jews, Jehovah's Witnesses, Career Criminals","firmen":"","nationen":"","lat":53.3334,"lon":11.5036,"koppermann_naehe":"kontext","quelle":"USHMM Encyclopedia of Camps and Ghettos Vol. 1 / Holocaust Geographies Collaborative (Knowles et al. 2014)"},"geometry":{"type":"Point","coordinates":[11.5036,53.3334]}},{"type":"Feature","properties":{"id":"16-0863-2","name":"Salzgitter-Bad","hauptlager":"Neuengamme","typ":"KZ / Außenlager","func_1":4,"func_1_label":"Rüstung / Munition","func_2":0,"func_2_label":"Keine bekannte Arbeit","datum_eroeffnung":"1944-09-15","datum_schliessung":"1945-04-15","open_text":"\"First transport September 19, 1944\"","close_text":"\"Evacuated April 7, 1945\"","peak_population":472,"haftlinge":"","firmen":"AG Bergbau- und Huttenbedarf, Kleineisenwerk am Gittertor both subisidaries of Reichswerk \"Hermann- Goring\"","nationen":"A few German, Russian and French, Mostly Polish, Greek and Yugoslavian","lat":52.05,"lon":10.3667,"koppermann_naehe":"kontext","quelle":"USHMM Encyclopedia of Camps and Ghettos Vol. 1 / Holocaust Geographies Collaborative (Knowles et al. 2014)"},"geometry":{"type":"Point","coordinates":[10.3667,52.05]}},{"type":"Feature","properties":{"id":"17-0019-2","name":"Ansbach","hauptlager":"Ravensbrück","typ":"KZ / Außenlager","func_1":1,"func_1_label":"Unbekannte/unspezifische Arbeit","func_2":0,"func_2_label":"Keine bekannte Arbeit","datum_eroeffnung":"1944-12-15","datum_schliessung":"1945-04-15","open_text":"\"No later than December 11, 1944\"","close_text":"\"Evacuated April 10, 1945\"","peak_population":1,"haftlinge":"","firmen":"Lebensbornheim","nationen":"","lat":49.3,"lon":10.5833,"koppermann_naehe":"kontext","quelle":"USHMM Encyclopedia of Camps and Ghettos Vol. 1 / Holocaust Geographies Collaborative (Knowles et al. 2014)"},"geometry":{"type":"Point","coordinates":[10.5833,49.3]}},{"type":"Feature","properties":{"id":"17-0049-3","name":"Barth","hauptlager":"Ravensbrück","typ":"KZ / Außenlager","func_1":3,"func_1_label":"Bau (Gebäude, Straßen, Tunnel)","func_2":0,"func_2_label":"Keine bekannte Arbeit","datum_eroeffnung":null,"datum_schliessung":"1945-05-15","open_text":"","close_text":"\"Liberated May 1, 1945\"","peak_population":4000,"haftlinge":"Gypsies, Hungarian Jews","firmen":"Ernst Heinkel AG","nationen":"Croatian, Hungarian, Rumanian, Russian, Ukranian, Polish, Yugoslavian, French, Roma,","lat":54.3667,"lon":12.7333,"koppermann_naehe":"kontext","quelle":"USHMM Encyclopedia of Camps and Ghettos Vol. 1 / Holocaust Geographies Collaborative (Knowles et al. 2014)"},"geometry":{"type":"Point","coordinates":[12.7333,54.3667]}},{"type":"Feature","properties":{"id":"17-0184-1","name":"Damshöhe (men)","hauptlager":"Ravensbrück","typ":"KZ / Außenlager","func_1":3,"func_1_label":"Bau (Gebäude, Straßen, Tunnel)","func_2":6,"func_2_label":"SS-Lagerbau / Landwirtschaft","datum_eroeffnung":"1943-06-15","datum_schliessung":null,"open_text":"\"May 1942\"- Women \"Spring 1943\"- Men","close_text":"","peak_population":100,"haftlinge":"","firmen":"","nationen":"German, Czech, Polish, Russian, Austrian","lat":53.2333,"lon":13.1333,"koppermann_naehe":"kontext","quelle":"USHMM Encyclopedia of Camps and Ghettos Vol. 1 / Holocaust Geographies Collaborative (Knowles et al. 2014)"},"geometry":{"type":"Point","coordinates":[13.1333,53.2333]}},{"type":"Feature","properties":{"id":"17-0184-2","name":"Damshöhe (women)","hauptlager":"Ravensbrück","typ":"KZ / Außenlager","func_1":3,"func_1_label":"Bau (Gebäude, Straßen, Tunnel)","func_2":0,"func_2_label":"Keine bekannte Arbeit","datum_eroeffnung":"1942-05-15","datum_schliessung":null,"open_text":"\"May 1942\"- Women \"Spring 1943\"- Men","close_text":"","peak_population":100,"haftlinge":"","firmen":"","nationen":"German, Czech, Polish, Russian, Austrian","lat":53.2333,"lon":13.1333,"koppermann_naehe":"kontext","quelle":"USHMM Encyclopedia of Camps and Ghettos Vol. 1 / Holocaust Geographies Collaborative (Knowles et al. 2014)"},"geometry":{"type":"Point","coordinates":[13.1333,53.2333]}},{"type":"Feature","properties":{"id":"17-0358-2","name":"Grüneberg","hauptlager":"Ravensbrück","typ":"KZ / Außenlager","func_1":4,"func_1_label":"Rüstung / Munition","func_2":0,"func_2_label":"Keine bekannte Arbeit","datum_eroeffnung":"1944-06-15","datum_schliessung":"1945-06-15","open_text":"\"Summer 1944\"","close_text":"","peak_population":1703,"haftlinge":"","firmen":"Gruneberger Metallgesellschaft mbH subsidiary of Polte Company","nationen":"German, Italian, French, Polish, Czech, Yugoslavian, Latvian, Estonian, Dutch, Russian","lat":52.8667,"lon":13.2333,"koppermann_naehe":"kontext","quelle":"USHMM Encyclopedia of Camps and Ghettos Vol. 1 / Holocaust Geographies Collaborative (Knowles et al. 2014)"},"geometry":{"type":"Point","coordinates":[13.2333,52.8667]}},{"type":"Feature","properties":{"id":"17-0449-0","name":"Hohenlychen","hauptlager":"Ravensbrück","typ":"KZ / Außenlager","func_1":1,"func_1_label":"Unbekannte/unspezifische Arbeit","func_2":0,"func_2_label":"Keine bekannte Arbeit","datum_eroeffnung":"1941-10-15","datum_schliessung":"1945-04-15","open_text":"\"October 1941\"","close_text":"\"April 1945\"","peak_population":1,"haftlinge":"Jehovahs Witnesses, POWs","firmen":"","nationen":"Polish, French","lat":53.2,"lon":13.3167,"koppermann_naehe":"kontext","quelle":"USHMM Encyclopedia of Camps and Ghettos Vol. 1 / Holocaust Geographies Collaborative (Knowles et al. 2014)"},"geometry":{"type":"Point","coordinates":[13.3167,53.2]}},{"type":"Feature","properties":{"id":"17-0474-1","name":"Kallies","hauptlager":"Ravensbrück","typ":"KZ / Außenlager","func_1":4,"func_1_label":"Rüstung / Munition","func_2":0,"func_2_label":"Keine bekannte Arbeit","datum_eroeffnung":"1944-06-15","datum_schliessung":"1945-06-15","open_text":"\"Mid 1944\"","close_text":"\"Early 1945\"","peak_population":1,"haftlinge":"SS-Wirtschafts- und Verwaltungshauptamt, SS-WVHA","firmen":"","nationen":"","lat":53.2833,"lon":15.9167,"koppermann_naehe":"kontext","quelle":"USHMM Encyclopedia of Camps and Ghettos Vol. 1 / Holocaust Geographies Collaborative (Knowles et al. 2014)"},"geometry":{"type":"Point","coordinates":[15.9167,53.2833]}},{"type":"Feature","properties":{"id":"17-0479-1","name":"Karslhagen I and II","hauptlager":"Ravensbrück","typ":"KZ / Außenlager","func_1":3,"func_1_label":"Bau (Gebäude, Straßen, Tunnel)","func_2":4,"func_2_label":"Rüstung / Munition","datum_eroeffnung":"1943-05-15","datum_schliessung":"1945-03-15","open_text":"\"May 1943\"","close_text":"\"March 1945\"","peak_population":1540,"haftlinge":"german protective custody,","firmen":"Ernst Heinkel Co.","nationen":"Polish, French, Russian, German","lat":54.1167,"lon":13.8333,"koppermann_naehe":"kontext","quelle":"USHMM Encyclopedia of Camps and Ghettos Vol. 1 / Holocaust Geographies Collaborative (Knowles et al. 2014)"},"geometry":{"type":"Point","coordinates":[13.8333,54.1167]}},{"type":"Feature","properties":{"id":"17-0519-2","name":"Königsberg (Neumark)","hauptlager":"Ravensbrück","typ":"KZ / Außenlager","func_1":4,"func_1_label":"Rüstung / Munition","func_2":3,"func_2_label":"Bau (Gebäude, Straßen, Tunnel)","datum_eroeffnung":"1944-10-15","datum_schliessung":"1945-01-15","open_text":"\"October 20, 1944\"","close_text":"\"January 1945\"","peak_population":850,"haftlinge":"Italian Military Internees, French POWs, Polish forced labor","firmen":"","nationen":"Polish, French, Italian","lat":52.9667,"lon":14.4333,"koppermann_naehe":"kontext","quelle":"USHMM Encyclopedia of Camps and Ghettos Vol. 1 / Holocaust Geographies Collaborative (Knowles et al. 2014)"},"geometry":{"type":"Point","coordinates":[14.4333,52.9667]}},{"type":"Feature","properties":{"id":"17-0611-2","name":"Malchow","hauptlager":"Ravensbrück","typ":"KZ / Außenlager","func_1":4,"func_1_label":"Rüstung / Munition","func_2":0,"func_2_label":"Keine bekannte Arbeit","datum_eroeffnung":"1943-06-15","datum_schliessung":"1945-05-15","open_text":"\"Winter 1943/1944\"","close_text":"\"Evacuation started May 1, 1945\"","peak_population":4000,"haftlinge":"Jewish, POWs,","firmen":"","nationen":"Hungarian, Polish, French, Czech, Russian, Ukranian, Bulgarian, Italian, German, Greek","lat":53.4667,"lon":12.4167,"koppermann_naehe":"kontext","quelle":"USHMM Encyclopedia of Camps and Ghettos Vol. 1 / Holocaust Geographies Collaborative (Knowles et al. 2014)"},"geometry":{"type":"Point","coordinates":[12.4167,53.4667]}},{"type":"Feature","properties":{"id":"17-0631-1","name":"Mildenberg","hauptlager":"Ravensbrück","typ":"KZ / Außenlager","func_1":3,"func_1_label":"Bau (Gebäude, Straßen, Tunnel)","func_2":0,"func_2_label":"Keine bekannte Arbeit","datum_eroeffnung":null,"datum_schliessung":"1945-06-15","open_text":"","close_text":"","peak_population":80,"haftlinge":"","firmen":"","nationen":"Polish, German, Czech, Russian","lat":53.0167,"lon":13.2833,"koppermann_naehe":"kontext","quelle":"USHMM Encyclopedia of Camps and Ghettos Vol. 1 / Holocaust Geographies Collaborative (Knowles et al. 2014)"},"geometry":{"type":"Point","coordinates":[13.2833,53.0167]}},{"type":"Feature","properties":{"id":"17-0697-1","name":"Neubrandenburg","hauptlager":"Ravensbrück","typ":"KZ / Außenlager","func_1":4,"func_1_label":"Rüstung / Munition","func_2":0,"func_2_label":"Keine bekannte Arbeit","datum_eroeffnung":"1943-03-15","datum_schliessung":"1945-04-15","open_text":"\"Summer 1943\"","close_text":"\"End of April 1945\"","peak_population":5200,"haftlinge":"Some Jewish","firmen":"Mechanische Werkstatten Ltd.","nationen":"Various nationalities: Mostly Polish and Russian, some French, Italian, Dutch, Belgian","lat":53.567829,"lon":13.277927,"koppermann_naehe":"kontext","quelle":"USHMM Encyclopedia of Camps and Ghettos Vol. 1 / Holocaust Geographies Collaborative (Knowles et al. 2014)"},"geometry":{"type":"Point","coordinates":[13.277927,53.567829]}},{"type":"Feature","properties":{"id":"17-0714-1","name":"Neustrelitz-Fürstensee","hauptlager":"Ravensbrück","typ":"KZ / Außenlager","func_1":1,"func_1_label":"Unbekannte/unspezifische Arbeit","func_2":0,"func_2_label":"Keine bekannte Arbeit","datum_eroeffnung":"1943-06-15","datum_schliessung":"1945-04-15","open_text":"\"1943\"","close_text":"\"Occupied by Allied troops, April 30, 1945\"","peak_population":85,"haftlinge":"","firmen":"","nationen":"","lat":53.3667,"lon":13.0833,"koppermann_naehe":"kontext","quelle":"USHMM Encyclopedia of Camps and Ghettos Vol. 1 / Holocaust Geographies Collaborative (Knowles et al. 2014)"},"geometry":{"type":"Point","coordinates":[13.0833,53.3667]}},{"type":"Feature","properties":{"id":"17-0806-3","name":"Ravensbrück","hauptlager":"Ravensbrück","typ":"KZ / Außenlager","func_1":3,"func_1_label":"Bau (Gebäude, Straßen, Tunnel)","func_2":0,"func_2_label":"Keine bekannte Arbeit","datum_eroeffnung":"1941-04-15","datum_schliessung":"1945-04-15","open_text":"\"May 15, 1939\"- Women, \"April 1941\"- Men","close_text":"\"Late April 1945\"","peak_population":1,"haftlinge":"Jehovah's Witnesses, asocial, Gypsies, Jewish, Political","firmen":"SS- Company for the Utilization of Textiles and Leather Ltd., Deutshe Versuchsanstalt fur Ernahrung und Verpflegung GmbH, Siemens & Halske","nationen":"40 different nationalities","lat":53.189875,"lon":13.168809,"koppermann_naehe":"kontext","quelle":"USHMM Encyclopedia of Camps and Ghettos Vol. 1 / Holocaust Geographies Collaborative (Knowles et al. 2014)"},"geometry":{"type":"Point","coordinates":[13.168809,53.189875]}},{"type":"Feature","properties":{"id":"18-0834-0","name":"Riga (Balastdamm)","hauptlager":"Riga-Kaiserwald","typ":"KZ / Außenlager","func_1":2,"func_1_label":"Baumaterialien (Steinbruch, Ziegelei, Sägewerk)","func_2":0,"func_2_label":"Keine bekannte Arbeit","datum_eroeffnung":"1943-08-15","datum_schliessung":"1944-08-15","open_text":"\"August 18, 1943\"","close_text":"\"Closed August 7, 1944\"","peak_population":205,"haftlinge":"","firmen":"","nationen":"","lat":56.9567,"lon":24.081,"koppermann_naehe":"kontext","quelle":"USHMM Encyclopedia of Camps and Ghettos Vol. 1 / Holocaust Geographies Collaborative (Knowles et al. 2014)"},"geometry":{"type":"Point","coordinates":[24.081,56.9567]}},{"type":"Feature","properties":{"id":"17-0806-2","name":"Ravensbrück (women)","hauptlager":"Ravensbrück","typ":"KZ / Außenlager","func_1":3,"func_1_label":"Bau (Gebäude, Straßen, Tunnel)","func_2":5,"func_2_label":"Nicht-Rüstungsproduktion (Textil, Glas, Lebensmittel)","datum_eroeffnung":"1939-05-15","datum_schliessung":"1941-04-15","open_text":"\"May 15, 1939\"- Women, \"April 1941\"- Men","close_text":"\"Late April 1945\"","peak_population":1,"haftlinge":"Jehovah's Witnesses, asocial, Gypsies, Jewish, Political","firmen":"SS- Company for the Utilization of Textiles and Leather Ltd., Deutshe Versuchsanstalt fur Ernahrung und Verpflegung GmbH, Siemens & Halske","nationen":"40 different nationalities","lat":53.2062,"lon":13.1637,"koppermann_naehe":"kontext","quelle":"USHMM Encyclopedia of Camps and Ghettos Vol. 1 / Holocaust Geographies Collaborative (Knowles et al. 2014)"},"geometry":{"type":"Point","coordinates":[13.1637,53.2062]}},{"type":"Feature","properties":{"id":"17-0807-0","name":"Retzow [aka Rechlin]","hauptlager":"Ravensbrück","typ":"KZ / Außenlager","func_1":7,"func_1_label":"Ziviler Verteidigungsbau (Bunker, Trümmerräumung)","func_2":0,"func_2_label":"Keine bekannte Arbeit","datum_eroeffnung":"1943-06-15","datum_schliessung":"1945-04-15","open_text":"\"Early Summer 1943\"","close_text":"\"Evacuated April 30, 1945\"","peak_population":3000,"haftlinge":"","firmen":"","nationen":"","lat":53.35,"lon":12.7333,"koppermann_naehe":"kontext","quelle":"USHMM Encyclopedia of Camps and Ghettos Vol. 1 / Holocaust Geographies Collaborative (Knowles et al. 2014)"},"geometry":{"type":"Point","coordinates":[12.7333,53.35]}},{"type":"Feature","properties":{"id":"17-0813-1","name":"Rheinsberg","hauptlager":"Ravensbrück","typ":"KZ / Außenlager","func_1":7,"func_1_label":"Ziviler Verteidigungsbau (Bunker, Trümmerräumung)","func_2":0,"func_2_label":"Keine bekannte Arbeit","datum_eroeffnung":null,"datum_schliessung":null,"open_text":"No Detailed information about this Camp","close_text":"","peak_population":1,"haftlinge":"","firmen":"","nationen":"","lat":53.1,"lon":12.8833,"koppermann_naehe":"kontext","quelle":"USHMM Encyclopedia of Camps and Ghettos Vol. 1 / Holocaust Geographies Collaborative (Knowles et al. 2014)"},"geometry":{"type":"Point","coordinates":[12.8833,53.1]}},{"type":"Feature","properties":{"id":"17-0847-0","name":"Rostock-Schwarzenpfost/Steinheide","hauptlager":"Ravensbrück","typ":"KZ / Außenlager","func_1":4,"func_1_label":"Rüstung / Munition","func_2":0,"func_2_label":"Keine bekannte Arbeit","datum_eroeffnung":"1943-06-15","datum_schliessung":"1945-04-15","open_text":"\"Mid- 1943\"","close_text":"\"Evacuated April 29, 1945\"","peak_population":1,"haftlinge":"","firmen":"","nationen":"","lat":54.0833,"lon":12.1333,"koppermann_naehe":"kontext","quelle":"USHMM Encyclopedia of Camps and Ghettos Vol. 1 / Holocaust Geographies Collaborative (Knowles et al. 2014)"},"geometry":{"type":"Point","coordinates":[12.1333,54.0833]}},{"type":"Feature","properties":{"id":"17-0903-3","name":"Siemenslager Ravensbrück","hauptlager":"Ravensbrück","typ":"KZ / Außenlager","func_1":5,"func_1_label":"Nicht-Rüstungsproduktion (Textil, Glas, Lebensmittel)","func_2":0,"func_2_label":"Keine bekannte Arbeit","datum_eroeffnung":"1944-12-15","datum_schliessung":"1945-04-15","open_text":"\"December 3, 1944\"","close_text":"\"Probably evacuated April 13, 1945\"","peak_population":2300,"haftlinge":"","firmen":"Siemens & Halske","nationen":"","lat":53.187432,"lon":13.17647,"koppermann_naehe":"kontext","quelle":"USHMM Encyclopedia of Camps and Ghettos Vol. 1 / Holocaust Geographies Collaborative (Knowles et al. 2014)"},"geometry":{"type":"Point","coordinates":[13.17647,53.187432]}},{"type":"Feature","properties":{"id":"17-0919-2","name":"St. Lambrecht at Ravensbrück","hauptlager":"Ravensbrück","typ":"KZ / Außenlager","func_1":6,"func_1_label":"SS-Lagerbau / Landwirtschaft","func_2":0,"func_2_label":"Keine bekannte Arbeit","datum_eroeffnung":"1943-02-15","datum_schliessung":"1944-09-15","open_text":"\"February/March 1943\"- under Ravensbruck, \"September 15, 1944\"- becomes part of Mauthausen","close_text":"","peak_population":0,"haftlinge":"All Jehovah's Witnesses","firmen":"Guterdirektion Admont und St. Lambrecht","nationen":"German, Polish, Dutch, Belgium","lat":47.069007,"lon":14.299028,"koppermann_naehe":"kontext","quelle":"USHMM Encyclopedia of Camps and Ghettos Vol. 1 / Holocaust Geographies Collaborative (Knowles et al. 2014)"},"geometry":{"type":"Point","coordinates":[14.299028,47.069007]}},{"type":"Feature","properties":{"id":"17-0923-3","name":"Stargard in Pommern","hauptlager":"Ravensbrück","typ":"KZ / Außenlager","func_1":4,"func_1_label":"Rüstung / Munition","func_2":0,"func_2_label":"Keine bekannte Arbeit","datum_eroeffnung":"1943-06-15","datum_schliessung":"1945-06-15","open_text":"\"Mid- 1943\"","close_text":"\"Evacuated early 1945\"","peak_population":1,"haftlinge":"","firmen":"Geratewerk Pommern GmbH","nationen":"","lat":53.5,"lon":13.3167,"koppermann_naehe":"kontext","quelle":"USHMM Encyclopedia of Camps and Ghettos Vol. 1 / Holocaust Geographies Collaborative (Knowles et al. 2014)"},"geometry":{"type":"Point","coordinates":[13.3167,53.5]}},{"type":"Feature","properties":{"id":"17-0927-2","name":"Steinhöring at Ravensbrück","hauptlager":"Ravensbrück","typ":"KZ / Außenlager","func_1":6,"func_1_label":"SS-Lagerbau / Landwirtschaft","func_2":0,"func_2_label":"Keine bekannte Arbeit","datum_eroeffnung":null,"datum_schliessung":"1945-05-15","open_text":"\"1943\"","close_text":"\"Liberated May 3, 1945\"","peak_population":50,"haftlinge":"Jehovah's Witnesses","firmen":"","nationen":"","lat":48.0833,"lon":12.0333,"koppermann_naehe":"kontext","quelle":"USHMM Encyclopedia of Camps and Ghettos Vol. 1 / Holocaust Geographies Collaborative (Knowles et al. 2014)"},"geometry":{"type":"Point","coordinates":[12.0333,48.0833]}},{"type":"Feature","properties":{"id":"17-1059-2","name":"Zichow","hauptlager":"Ravensbrück","typ":"KZ / Außenlager","func_1":6,"func_1_label":"SS-Lagerbau / Landwirtschaft","func_2":0,"func_2_label":"Keine bekannte Arbeit","datum_eroeffnung":"1944-06-15","datum_schliessung":"1945-02-15","open_text":"\"Beginning of 1944\"","close_text":"\"Closed February 3, 1945\"","peak_population":100,"haftlinge":"Political, and Adulterous Relations","firmen":"","nationen":"All German, one Polish","lat":53.1833,"lon":14.0333,"koppermann_naehe":"kontext","quelle":"USHMM Encyclopedia of Camps and Ghettos Vol. 1 / Holocaust Geographies Collaborative (Knowles et al. 2014)"},"geometry":{"type":"Point","coordinates":[14.0333,53.1833]}},{"type":"Feature","properties":{"id":"18-0252-0","name":"Elley-Meiten","hauptlager":"Riga-Kaiserwald","typ":"KZ / Außenlager","func_1":7,"func_1_label":"Ziviler Verteidigungsbau (Bunker, Trümmerräumung)","func_2":0,"func_2_label":"Keine bekannte Arbeit","datum_eroeffnung":"1943-10-15","datum_schliessung":"1944-05-15","open_text":"\"October 1943\"","close_text":"\"May 1944\"","peak_population":3000,"haftlinge":"","firmen":"","nationen":"","lat":56.4082,"lon":23.682,"koppermann_naehe":"kontext","quelle":"USHMM Encyclopedia of Camps and Ghettos Vol. 1 / Holocaust Geographies Collaborative (Knowles et al. 2014)"},"geometry":{"type":"Point","coordinates":[23.682,56.4082]}},{"type":"Feature","properties":{"id":"18-0532-0","name":"Krottingen","hauptlager":"Riga-Kaiserwald","typ":"KZ / Außenlager","func_1":6,"func_1_label":"SS-Lagerbau / Landwirtschaft","func_2":0,"func_2_label":"Keine bekannte Arbeit","datum_eroeffnung":"1944-05-15","datum_schliessung":"1944-08-15","open_text":"\"May 1944\"","close_text":"\"Closed August 1944\"","peak_population":700,"haftlinge":"","firmen":"","nationen":"","lat":55.8833,"lon":21.25,"koppermann_naehe":"kontext","quelle":"USHMM Encyclopedia of Camps and Ghettos Vol. 1 / Holocaust Geographies Collaborative (Knowles et al. 2014)"},"geometry":{"type":"Point","coordinates":[21.25,55.8833]}},{"type":"Feature","properties":{"id":"18-0534-0","name":"Dondangen I","hauptlager":"Riga-Kaiserwald","typ":"KZ / Außenlager","func_1":3,"func_1_label":"Bau (Gebäude, Straßen, Tunnel)","func_2":0,"func_2_label":"Keine bekannte Arbeit","datum_eroeffnung":"1943-06-15","datum_schliessung":"1944-07-15","open_text":"\"Late summer 1943\"","close_text":"\"Closed July 26 or 27, 1944\"","peak_population":1,"haftlinge":"","firmen":"","nationen":"","lat":57.510602,"lon":22.355654,"koppermann_naehe":"kontext","quelle":"USHMM Encyclopedia of Camps and Ghettos Vol. 1 / Holocaust Geographies Collaborative (Knowles et al. 2014)"},"geometry":{"type":"Point","coordinates":[22.355654,57.510602]}},{"type":"Feature","properties":{"id":"18-0780-0","name":"Dondangen II (Poperwahlen)","hauptlager":"Riga-Kaiserwald","typ":"KZ / Außenlager","func_1":3,"func_1_label":"Bau (Gebäude, Straßen, Tunnel)","func_2":0,"func_2_label":"Keine bekannte Arbeit","datum_eroeffnung":"1943-11-15","datum_schliessung":"1944-07-15","open_text":"\"November 1943\"","close_text":"\"Closed late June or early July 1944\"","peak_population":1,"haftlinge":"","firmen":"","nationen":"","lat":57.408222,"lon":22.575789,"koppermann_naehe":"kontext","quelle":"USHMM Encyclopedia of Camps and Ghettos Vol. 1 / Holocaust Geographies Collaborative (Knowles et al. 2014)"},"geometry":{"type":"Point","coordinates":[22.575789,57.408222]}},{"type":"Feature","properties":{"id":"18-0831-0","name":"Riga-Spilwe","hauptlager":"Riga-Kaiserwald","typ":"KZ / Außenlager","func_1":3,"func_1_label":"Bau (Gebäude, Straßen, Tunnel)","func_2":0,"func_2_label":"Keine bekannte Arbeit","datum_eroeffnung":"1943-08-15","datum_schliessung":"1944-08-15","open_text":"\"First mentioned August 18, 1943\"","close_text":"\"August 6, 1944\"","peak_population":1500,"haftlinge":"","firmen":"","nationen":"","lat":56.9911,"lon":24.075,"koppermann_naehe":"kontext","quelle":"USHMM Encyclopedia of Camps and Ghettos Vol. 1 / Holocaust Geographies Collaborative (Knowles et al. 2014)"},"geometry":{"type":"Point","coordinates":[24.075,56.9911]}},{"type":"Feature","properties":{"id":"18-0830-3","name":"Riga-Kaiserwald [aka Mezaparks]","hauptlager":"Riga-Kaiserwald","typ":"KZ / Außenlager","func_1":11,"func_1_label":"Transport / Verladen","func_2":0,"func_2_label":"Keine bekannte Arbeit","datum_eroeffnung":"1943-06-15","datum_schliessung":"1944-06-15","open_text":"\"Late Summer 1943\"","close_text":"\"Late June and July, 1944\"","peak_population":1,"haftlinge":"Jewish","firmen":"Opel, AEG, Wehrmacht","nationen":"German, Austrian, Czech, Latvian, Lithuanian","lat":56.95,"lon":24.1,"koppermann_naehe":"kontext","quelle":"USHMM Encyclopedia of Camps and Ghettos Vol. 1 / Holocaust Geographies Collaborative (Knowles et al. 2014)"},"geometry":{"type":"Point","coordinates":[24.1,56.95]}},{"type":"Feature","properties":{"id":"18-0832-0","name":"Riga-Strasdenhof (AEG/VEF)","hauptlager":"Riga-Kaiserwald","typ":"KZ / Außenlager","func_1":4,"func_1_label":"Rüstung / Munition","func_2":0,"func_2_label":"Keine bekannte Arbeit","datum_eroeffnung":"1943-06-15","datum_schliessung":"1944-08-15","open_text":"\"Late Summer 1943\"","close_text":"\"Evacuated August 9, 1944\"","peak_population":800,"haftlinge":"","firmen":"","nationen":"","lat":56.9465,"lon":24.1049,"koppermann_naehe":"kontext","quelle":"USHMM Encyclopedia of Camps and Ghettos Vol. 1 / Holocaust Geographies Collaborative (Knowles et al. 2014)"},"geometry":{"type":"Point","coordinates":[24.1049,56.9465]}},{"type":"Feature","properties":{"id":"18-0836-0","name":"Riga (Heereskraftfahrzeugpark)","hauptlager":"Riga-Kaiserwald","typ":"KZ / Außenlager","func_1":4,"func_1_label":"Rüstung / Munition","func_2":6,"func_2_label":"SS-Lagerbau / Landwirtschaft","datum_eroeffnung":"1943-08-15","datum_schliessung":"1944-08-15","open_text":"\"August 18, 1943\"","close_text":"\"Closed/evacuated August 6, 1944\"","peak_population":375,"haftlinge":"","firmen":"","nationen":"","lat":56.9911,"lon":24.075,"koppermann_naehe":"kontext","quelle":"USHMM Encyclopedia of Camps and Ghettos Vol. 1 / Holocaust Geographies Collaborative (Knowles et al. 2014)"},"geometry":{"type":"Point","coordinates":[24.075,56.9911]}},{"type":"Feature","properties":{"id":"19-0058-1","name":"Beerfelde","hauptlager":"Sachsenhausen","typ":"KZ / Außenlager","func_1":1,"func_1_label":"Unbekannte/unspezifische Arbeit","func_2":0,"func_2_label":"Keine bekannte Arbeit","datum_eroeffnung":"1943-06-15","datum_schliessung":null,"open_text":"\"Summer 1943\"","close_text":"","peak_population":50,"haftlinge":"","firmen":"","nationen":"","lat":52.4333,"lon":14.05,"koppermann_naehe":"kontext","quelle":"USHMM Encyclopedia of Camps and Ghettos Vol. 1 / Holocaust Geographies Collaborative (Knowles et al. 2014)"},"geometry":{"type":"Point","coordinates":[14.05,52.4333]}},{"type":"Feature","properties":{"id":"19-0068-0","name":"Berlin-Hakenfelde","hauptlager":"Sachsenhausen","typ":"KZ / Außenlager","func_1":4,"func_1_label":"Rüstung / Munition","func_2":0,"func_2_label":"Keine bekannte Arbeit","datum_eroeffnung":"1943-07-15","datum_schliessung":"1944-04-15","open_text":"\"July 1943\"","close_text":"\"April 1944\"","peak_population":1,"haftlinge":"","firmen":"Siemens-Schuckert-Werken and Siemens& Halske","nationen":"","lat":52.5167,"lon":13.4,"koppermann_naehe":"kontext","quelle":"USHMM Encyclopedia of Camps and Ghettos Vol. 1 / Holocaust Geographies Collaborative (Knowles et al. 2014)"},"geometry":{"type":"Point","coordinates":[13.4,52.5167]}},{"type":"Feature","properties":{"id":"19-0069-3","name":"Berlin-Köpenick","hauptlager":"Sachsenhausen","typ":"KZ / Außenlager","func_1":4,"func_1_label":"Rüstung / Munition","func_2":7,"func_2_label":"Ziviler Verteidigungsbau (Bunker, Trümmerräumung)","datum_eroeffnung":"1944-08-15","datum_schliessung":"1945-04-15","open_text":"\"August 1944\"","close_text":"\"Early April 1945\"","peak_population":500,"haftlinge":"Gypsies","firmen":"Carl J. Vogel Draht- und Kabelwerke Co., AEG Kabelwerke Oberspree","nationen":"Women - Polish, Czech, French, Greek, Russian, Belgian, Roma and Sinti","lat":52.5342,"lon":13.5623,"koppermann_naehe":"kontext","quelle":"USHMM Encyclopedia of Camps and Ghettos Vol. 1 / Holocaust Geographies Collaborative (Knowles et al. 2014)"},"geometry":{"type":"Point","coordinates":[13.5623,52.5342]}},{"type":"Feature","properties":{"id":"19-0070-0","name":"Berlin-Lichtenrade","hauptlager":"Sachsenhausen","typ":"KZ / Außenlager","func_1":7,"func_1_label":"Ziviler Verteidigungsbau (Bunker, Trümmerräumung)","func_2":0,"func_2_label":"Keine bekannte Arbeit","datum_eroeffnung":"1943-08-15","datum_schliessung":"1945-04-15","open_text":"\"August 1943\"","close_text":"\"Probable date April 1945\"","peak_population":425,"haftlinge":"Political","firmen":"","nationen":"German, Russian, Polish, Czech, Norwegian, Dutch, French, Spanish, Luxembourgers","lat":52.3985,"lon":13.4066,"koppermann_naehe":"kontext","quelle":"USHMM Encyclopedia of Camps and Ghettos Vol. 1 / Holocaust Geographies Collaborative (Knowles et al. 2014)"},"geometry":{"type":"Point","coordinates":[13.4066,52.3985]}},{"type":"Feature","properties":{"id":"19-0071-2","name":"Berlin-Lichterfelde","hauptlager":"Sachsenhausen","typ":"KZ / Außenlager","func_1":7,"func_1_label":"Ziviler Verteidigungsbau (Bunker, Trümmerräumung)","func_2":0,"func_2_label":"Keine bekannte Arbeit","datum_eroeffnung":"1942-06-15","datum_schliessung":"1945-04-15","open_text":"\"First transport most likely June 23, 1942\"","close_text":"\"Camp dissolved between April 16 and 21, 1945\"","peak_population":1400,"haftlinge":"Gypsies","firmen":"Spinnstoffwerken Zehlendorf, Petrix, Telefunken","nationen":"Belgian, French, Greek, Luxemburgers, Norwegian, Austrian, Czech, Roma, Sinti, Ukranian","lat":52.4199,"lon":13.3021,"koppermann_naehe":"kontext","quelle":"USHMM Encyclopedia of Camps and Ghettos Vol. 1 / Holocaust Geographies Collaborative (Knowles et al. 2014)"},"geometry":{"type":"Point","coordinates":[13.3021,52.4199]}},{"type":"Feature","properties":{"id":"19-0072-0","name":"Berlin-Marienfelde","hauptlager":"Sachsenhausen","typ":"KZ / Außenlager","func_1":6,"func_1_label":"SS-Lagerbau / Landwirtschaft","func_2":3,"func_2_label":"Bau (Gebäude, Straßen, Tunnel)","datum_eroeffnung":"1943-06-15","datum_schliessung":"1943-08-15","open_text":"\"Late 1942/Early 1943\"","close_text":"\"Camp destroyed in air raid, August 21 or 22, 1943\"","peak_population":550,"haftlinge":"","firmen":"Telefunken Company","nationen":"Russian, Polish, Czech, Norwegian, Dutch, French, Spanish, Luxembourgers","lat":52.419,"lon":13.3678,"koppermann_naehe":"kontext","quelle":"USHMM Encyclopedia of Camps and Ghettos Vol. 1 / Holocaust Geographies Collaborative (Knowles et al. 2014)"},"geometry":{"type":"Point","coordinates":[13.3678,52.419]}},{"type":"Feature","properties":{"id":"19-0073-2","name":"Berlin-Neukölln (\"Krupp\") [aka Braunauerstrasse]","hauptlager":"Sachsenhausen","typ":"KZ / Außenlager","func_1":4,"func_1_label":"Rüstung / Munition","func_2":0,"func_2_label":"Keine bekannte Arbeit","datum_eroeffnung":"1944-08-15","datum_schliessung":"1945-03-15","open_text":"\"August or September 1944\"","close_text":"\"March 3, 1945\"","peak_population":500,"haftlinge":"Jewish, Gypsies","firmen":"National Krupp- Registrierkassen GmbH","nationen":"Mostly Polish, Individual: Austrian, Hungarian, Slovakian, French, Russian, Rumanian, Dutch, German, and Roma","lat":52.4853,"lon":13.4318,"koppermann_naehe":"kontext","quelle":"USHMM Encyclopedia of Camps and Ghettos Vol. 1 / Holocaust Geographies Collaborative (Knowles et al. 2014)"},"geometry":{"type":"Point","coordinates":[13.4318,52.4853]}},{"type":"Feature","properties":{"id":"19-0074-2","name":"Berlin-Niederschöneweide (Pertrix)","hauptlager":"Sachsenhausen","typ":"KZ / Außenlager","func_1":4,"func_1_label":"Rüstung / Munition","func_2":0,"func_2_label":"Keine bekannte Arbeit","datum_eroeffnung":"1944-10-15","datum_schliessung":"1945-04-15","open_text":"\"October 1944\"","close_text":"\"April 1945\"","peak_population":500,"haftlinge":"","firmen":"Pertrix Chemische Fabrik AG subsidary of Akkumulatoren-Fabrik AG","nationen":"Polish, Belgian","lat":52.4536,"lon":13.5441,"koppermann_naehe":"kontext","quelle":"USHMM Encyclopedia of Camps and Ghettos Vol. 1 / Holocaust Geographies Collaborative (Knowles et al. 2014)"},"geometry":{"type":"Point","coordinates":[13.5441,52.4536]}},{"type":"Feature","properties":{"id":"19-0075-2","name":"Berlin-Reinickendorf (Argus) [aka Berlin-Schönholz]","hauptlager":"Sachsenhausen","typ":"KZ / Außenlager","func_1":4,"func_1_label":"Rüstung / Munition","func_2":0,"func_2_label":"Keine bekannte Arbeit","datum_eroeffnung":"1944-06-15","datum_schliessung":"1945-04-15","open_text":"\"Summer 1944\"","close_text":"\"April 1945\"","peak_population":800,"haftlinge":"Jewish, Non Jewish","firmen":"Argus Motorenwerke GmbH","nationen":"Hungarian, Polish","lat":52.5776,"lon":13.3554,"koppermann_naehe":"kontext","quelle":"USHMM Encyclopedia of Camps and Ghettos Vol. 1 / Holocaust Geographies Collaborative (Knowles et al. 2014)"},"geometry":{"type":"Point","coordinates":[13.3554,52.5776]}},{"type":"Feature","properties":{"id":"19-0076-3","name":"Berlin-Siemensstadt [aka Haselhorst, Berlin-Haselhorst]","hauptlager":"Sachsenhausen","typ":"KZ / Außenlager","func_1":4,"func_1_label":"Rüstung / Munition","func_2":7,"func_2_label":"Ziviler Verteidigungsbau (Bunker, Trümmerräumung)","datum_eroeffnung":"1944-07-15","datum_schliessung":"1945-03-15","open_text":"\"First transport July 17, 1944\"","close_text":"\"Air raid destroyed the camp March 27, 1945\"","peak_population":2454,"haftlinge":"Jewish","firmen":"Siemens-Schuckert-Werken and Siemens& Halske, Roling & Co., Siemens- Kabel- Gemeinschaft","nationen":"Mostly Hungarian also, French, Italian, Yugoslavian, Bosnian, Dutch, Polish, Russian, Czech, and Ukranian, few Germans","lat":52.5429,"lon":13.2398,"koppermann_naehe":"kontext","quelle":"USHMM Encyclopedia of Camps and Ghettos Vol. 1 / Holocaust Geographies Collaborative (Knowles et al. 2014)"},"geometry":{"type":"Point","coordinates":[13.2398,52.5429]}},{"type":"Feature","properties":{"id":"19-0077-2","name":"Berlin-Spandau","hauptlager":"Sachsenhausen","typ":"KZ / Außenlager","func_1":1,"func_1_label":"Unbekannte/unspezifische Arbeit","func_2":0,"func_2_label":"Keine bekannte Arbeit","datum_eroeffnung":"1944-10-15","datum_schliessung":"1945-04-15","open_text":"\"First reliable record of prisoners October 2, 1944\"","close_text":"\"Dissolved between April 21 and 22, 1945\"","peak_population":1035,"haftlinge":"Political, Jewish, asocials, Prostitutes","firmen":"Deutshe Industrie- Werke AG, Spreewerk GmbH","nationen":"Polish, Hungarian, Yugoslavian, Polish, Russian, French, Italian, German","lat":52.5297,"lon":13.2126,"koppermann_naehe":"kontext","quelle":"USHMM Encyclopedia of Camps and Ghettos Vol. 1 / Holocaust Geographies Collaborative (Knowles et al. 2014)"},"geometry":{"type":"Point","coordinates":[13.2126,52.5297]}},{"type":"Feature","properties":{"id":"19-0078-1","name":"Berlin-Tegel","hauptlager":"Sachsenhausen","typ":"KZ / Außenlager","func_1":7,"func_1_label":"Ziviler Verteidigungsbau (Bunker, Trümmerräumung)","func_2":0,"func_2_label":"Keine bekannte Arbeit","datum_eroeffnung":"1944-11-15","datum_schliessung":"1945-02-15","open_text":"\"November 1944\"","close_text":"\"February 1945\"","peak_population":45,"haftlinge":"","firmen":"Borsig Factory","nationen":"","lat":52.5758,"lon":13.293,"koppermann_naehe":"kontext","quelle":"USHMM Encyclopedia of Camps and Ghettos Vol. 1 / Holocaust Geographies Collaborative (Knowles et al. 2014)"},"geometry":{"type":"Point","coordinates":[13.293,52.5758]}},{"type":"Feature","properties":{"id":"19-0079-1","name":"Berlin-Wilmersdorf","hauptlager":"Sachsenhausen","typ":"KZ / Außenlager","func_1":3,"func_1_label":"Bau (Gebäude, Straßen, Tunnel)","func_2":0,"func_2_label":"Keine bekannte Arbeit","datum_eroeffnung":"1943-01-15","datum_schliessung":"1943-07-15","open_text":"\"January 1943\"","close_text":"\"July 1943\"","peak_population":100,"haftlinge":"","firmen":"","nationen":"","lat":52.4837,"lon":13.3202,"koppermann_naehe":"kontext","quelle":"USHMM Encyclopedia of Camps and Ghettos Vol. 1 / Holocaust Geographies Collaborative (Knowles et al. 2014)"},"geometry":{"type":"Point","coordinates":[13.3202,52.4837]}},{"type":"Feature","properties":{"id":"19-0080-3","name":"Berlin-Zehlendorf","hauptlager":"Sachsenhausen","typ":"KZ / Außenlager","func_1":5,"func_1_label":"Nicht-Rüstungsproduktion (Textil, Glas, Lebensmittel)","func_2":0,"func_2_label":"Keine bekannte Arbeit","datum_eroeffnung":"1944-06-15","datum_schliessung":"1944-09-15","open_text":"\"Fall 1944\"","close_text":"\"September 20, 1944\"","peak_population":301,"haftlinge":"Jewish, Soviet POWs, Polish Non Jews, Italian Military internees","firmen":"Spinnstofffabrik Zehlendorf A.G.","nationen":"Russian, Polish","lat":52.4105,"lon":13.273,"koppermann_naehe":"kontext","quelle":"USHMM Encyclopedia of Camps and Ghettos Vol. 1 / Holocaust Geographies Collaborative (Knowles et al. 2014)"},"geometry":{"type":"Point","coordinates":[13.273,52.4105]}},{"type":"Feature","properties":{"id":"19-0081-2","name":"Berlin (Arado)","hauptlager":"Sachsenhausen","typ":"KZ / Außenlager","func_1":4,"func_1_label":"Rüstung / Munition","func_2":0,"func_2_label":"Keine bekannte Arbeit","datum_eroeffnung":"1944-06-15","datum_schliessung":null,"open_text":"\"Fall 1944\"","close_text":"","peak_population":1,"haftlinge":"","firmen":"Arado- Flugzeugwerke","nationen":"","lat":52.5234,"lon":13.4114,"koppermann_naehe":"kontext","quelle":"USHMM Encyclopedia of Camps and Ghettos Vol. 1 / Holocaust Geographies Collaborative (Knowles et al. 2014)"},"geometry":{"type":"Point","coordinates":[13.4114,52.5234]}},{"type":"Feature","properties":{"id":"19-0082-0","name":"Berlin (Friedrich-Krause-Ufer)","hauptlager":"Sachsenhausen","typ":"KZ / Außenlager","func_1":7,"func_1_label":"Ziviler Verteidigungsbau (Bunker, Trümmerräumung)","func_2":0,"func_2_label":"Keine bekannte Arbeit","datum_eroeffnung":"1943-06-15","datum_schliessung":null,"open_text":"\"End of 1943\"","close_text":"\"Last mentioned April 9, 1945\"","peak_population":459,"haftlinge":"","firmen":"","nationen":"","lat":52.5385,"lon":13.353,"koppermann_naehe":"kontext","quelle":"USHMM Encyclopedia of Camps and Ghettos Vol. 1 / Holocaust Geographies Collaborative (Knowles et al. 2014)"},"geometry":{"type":"Point","coordinates":[13.353,52.5385]}},{"type":"Feature","properties":{"id":"19-0084-0","name":"Berlin (Kastanienallee)","hauptlager":"Sachsenhausen","typ":"KZ / Außenlager","func_1":1,"func_1_label":"Unbekannte/unspezifische Arbeit","func_2":0,"func_2_label":"Keine bekannte Arbeit","datum_eroeffnung":"1942-09-15","datum_schliessung":"1942-06-15","open_text":"\"September 29, 1941\"","close_text":"\"June 1942\"","peak_population":50,"haftlinge":"","firmen":"","nationen":"","lat":52.5362,"lon":13.4072,"koppermann_naehe":"kontext","quelle":"USHMM Encyclopedia of Camps and Ghettos Vol. 1 / Holocaust Geographies Collaborative (Knowles et al. 2014)"},"geometry":{"type":"Point","coordinates":[13.4072,52.5362]}},{"type":"Feature","properties":{"id":"19-0085-1","name":"Berlin (Kommandoamt der Waffen-SS)","hauptlager":"Sachsenhausen","typ":"KZ / Außenlager","func_1":1,"func_1_label":"Unbekannte/unspezifische Arbeit","func_2":0,"func_2_label":"Keine bekannte Arbeit","datum_eroeffnung":"1941-05-15","datum_schliessung":"1941-12-15","open_text":"May 2, 1941\"","close_text":"\"December 31, 1941\"","peak_population":1,"haftlinge":"","firmen":"","nationen":"","lat":52.5234,"lon":13.4114,"koppermann_naehe":"kontext","quelle":"USHMM Encyclopedia of Camps and Ghettos Vol. 1 / Holocaust Geographies Collaborative (Knowles et al. 2014)"},"geometry":{"type":"Point","coordinates":[13.4114,52.5234]}},{"type":"Feature","properties":{"id":"19-0096-1","name":"Bernau","hauptlager":"Sachsenhausen","typ":"KZ / Außenlager","func_1":6,"func_1_label":"SS-Lagerbau / Landwirtschaft","func_2":0,"func_2_label":"Keine bekannte Arbeit","datum_eroeffnung":"1943-06-15","datum_schliessung":"1945-06-15","open_text":"\"Summer 1943\"","close_text":"\"Spring 1945\"","peak_population":150,"haftlinge":"Political, Jehovah's Witnesses, Communist","firmen":"","nationen":"Polish, German, Russian, Dutch, Norwegian","lat":52.6667,"lon":13.5833,"koppermann_naehe":"kontext","quelle":"USHMM Encyclopedia of Camps and Ghettos Vol. 1 / Holocaust Geographies Collaborative (Knowles et al. 2014)"},"geometry":{"type":"Point","coordinates":[13.5833,52.6667]}},{"type":"Feature","properties":{"id":"19-0099-1","name":"Biesenthal","hauptlager":"Sachsenhausen","typ":"KZ / Außenlager","func_1":3,"func_1_label":"Bau (Gebäude, Straßen, Tunnel)","func_2":0,"func_2_label":"Keine bekannte Arbeit","datum_eroeffnung":"1945-06-15","datum_schliessung":"1945-04-15","open_text":"\"End of December 1944\"","close_text":"\"Must have been closed around April 9, 1945\"","peak_population":147,"haftlinge":"","firmen":"","nationen":"","lat":52.7667,"lon":13.6333,"koppermann_naehe":"kontext","quelle":"USHMM Encyclopedia of Camps and Ghettos Vol. 1 / Holocaust Geographies Collaborative (Knowles et al. 2014)"},"geometry":{"type":"Point","coordinates":[13.6333,52.7667]}},{"type":"Feature","properties":{"id":"19-0125-0","name":"Brandenburg (Havel)","hauptlager":"Sachsenhausen","typ":"KZ / Außenlager","func_1":6,"func_1_label":"SS-Lagerbau / Landwirtschaft","func_2":0,"func_2_label":"Keine bekannte Arbeit","datum_eroeffnung":"1941-07-15","datum_schliessung":null,"open_text":"\"First mentioned July 9, 1941\"","close_text":"","peak_population":80,"haftlinge":"Political, few Jewish, Soviet POWs","firmen":"","nationen":"French, Polish, German, Dutch","lat":52.4167,"lon":14.2833,"koppermann_naehe":"kontext","quelle":"USHMM Encyclopedia of Camps and Ghettos Vol. 1 / Holocaust Geographies Collaborative (Knowles et al. 2014)"},"geometry":{"type":"Point","coordinates":[14.2833,52.4167]}},{"type":"Feature","properties":{"id":"19-0152-0","name":"Briesen [aka Falkenhagen]","hauptlager":"Sachsenhausen","typ":"KZ / Außenlager","func_1":3,"func_1_label":"Bau (Gebäude, Straßen, Tunnel)","func_2":0,"func_2_label":"Keine bekannte Arbeit","datum_eroeffnung":"1943-10-15","datum_schliessung":"1945-02-15","open_text":"\"October 26, 1943\"","close_text":"\"Deportation began February 4, 1945\"","peak_population":750,"haftlinge":"very few Jewish, Dutch and German","firmen":"Luranil- Baugesellschaft mbH subsidary of IG Farben, Dyckerhoff & Widmann, Heinemann & Busse","nationen":"Russian, Polish, Southslavs, French","lat":52.3333,"lon":14.2833,"koppermann_naehe":"kontext","quelle":"USHMM Encyclopedia of Camps and Ghettos Vol. 1 / Holocaust Geographies Collaborative (Knowles et al. 2014)"},"geometry":{"type":"Point","coordinates":[14.2833,52.3333]}},{"type":"Feature","properties":{"id":"19-0183-1","name":"Dammsmühle","hauptlager":"Sachsenhausen","typ":"KZ / Außenlager","func_1":6,"func_1_label":"SS-Lagerbau / Landwirtschaft","func_2":0,"func_2_label":"Keine bekannte Arbeit","datum_eroeffnung":"1943-01-15","datum_schliessung":null,"open_text":"\"January 2, 1943\"","close_text":"\"Last mentioned October, 1944\"","peak_population":27,"haftlinge":"Political","firmen":"","nationen":"","lat":52.7,"lon":13.4167,"koppermann_naehe":"kontext","quelle":"USHMM Encyclopedia of Camps and Ghettos Vol. 1 / Holocaust Geographies Collaborative (Knowles et al. 2014)"},"geometry":{"type":"Point","coordinates":[13.4167,52.7]}},{"type":"Feature","properties":{"id":"19-0207-0","name":"Döberitz","hauptlager":"Sachsenhausen","typ":"KZ / Außenlager","func_1":3,"func_1_label":"Bau (Gebäude, Straßen, Tunnel)","func_2":6,"func_2_label":"SS-Lagerbau / Landwirtschaft","datum_eroeffnung":"1944-06-15","datum_schliessung":"1945-04-15","open_text":"\"June 1, 1944\"","close_text":"\"April 5, 1945\"","peak_population":150,"haftlinge":"","firmen":"","nationen":"French, Polish, Russian, Belgian","lat":52.5167,"lon":12.35,"koppermann_naehe":"kontext","quelle":"USHMM Encyclopedia of Camps and Ghettos Vol. 1 / Holocaust Geographies Collaborative (Knowles et al. 2014)"},"geometry":{"type":"Point","coordinates":[12.35,52.5167]}},{"type":"Feature","properties":{"id":"19-0273-0","name":"Falkensee (with Staaken)","hauptlager":"Sachsenhausen","typ":"KZ / Außenlager","func_1":4,"func_1_label":"Rüstung / Munition","func_2":3,"func_2_label":"Bau (Gebäude, Straßen, Tunnel)","datum_eroeffnung":"1943-03-15","datum_schliessung":"1945-04-15","open_text":"\"As early as March 11, 1943\"","close_text":"\"April 26, 1945\"","peak_population":1254,"haftlinge":"Career Criminals, Asocials, Jehovah's Witnesses, Political, Gypsies, Jewish","firmen":"Demag Cehicular Factory Falkensee GmbH, subsidary of Demag AG","nationen":"Norwegian, Russian, French, Polish, Danish","lat":52.5667,"lon":13.0833,"koppermann_naehe":"kontext","quelle":"USHMM Encyclopedia of Camps and Ghettos Vol. 1 / Holocaust Geographies Collaborative (Knowles et al. 2014)"},"geometry":{"type":"Point","coordinates":[13.0833,52.5667]}},{"type":"Feature","properties":{"id":"19-0274-3","name":"Fallersleben","hauptlager":"Sachsenhausen","typ":"KZ / Außenlager","func_1":5,"func_1_label":"Nicht-Rüstungsproduktion (Textil, Glas, Lebensmittel)","func_2":0,"func_2_label":"Keine bekannte Arbeit","datum_eroeffnung":"1942-04-15","datum_schliessung":"1942-10-15","open_text":"\"April 16, 1942 (or already on April 8)\"","close_text":"\"October 5, 1942\" 1st camp","peak_population":600,"haftlinge":"Some Jewish","firmen":"Volkswagen","nationen":"Polish, Dutch, French, German","lat":52.4167,"lon":10.7167,"koppermann_naehe":"kontext","quelle":"USHMM Encyclopedia of Camps and Ghettos Vol. 1 / Holocaust Geographies Collaborative (Knowles et al. 2014)"},"geometry":{"type":"Point","coordinates":[10.7167,52.4167]}},{"type":"Feature","properties":{"id":"19-0301-2","name":"Fürstenberg (Oder)","hauptlager":"Sachsenhausen","typ":"KZ / Außenlager","func_1":4,"func_1_label":"Rüstung / Munition","func_2":0,"func_2_label":"Keine bekannte Arbeit","datum_eroeffnung":"1944-06-15","datum_schliessung":"1945-02-15","open_text":"\"Summer 1944\"","close_text":"\"Early February 1945\"","peak_population":650,"haftlinge":"Mostly Jewish, Political","firmen":"Rheinmetall-Borsig AG, Oder-Geratebau AG","nationen":"Hungarian, Polish, Latvian, Dutch","lat":52.15,"lon":14.65,"koppermann_naehe":"kontext","quelle":"USHMM Encyclopedia of Camps and Ghettos Vol. 1 / Holocaust Geographies Collaborative (Knowles et al. 2014)"},"geometry":{"type":"Point","coordinates":[14.65,52.15]}},{"type":"Feature","properties":{"id":"19-0303-0","name":"Fürstenwalde","hauptlager":"Sachsenhausen","typ":"KZ / Außenlager","func_1":1,"func_1_label":"Unbekannte/unspezifische Arbeit","func_2":0,"func_2_label":"Keine bekannte Arbeit","datum_eroeffnung":"1943-01-15","datum_schliessung":"1944-07-15","open_text":"\"January 2, 1943\"","close_text":"\"July 31, 1944\"","peak_population":80,"haftlinge":"Political, Criminal, and asocial","firmen":"DAW associate","nationen":"German, Polish, Ukranian, Norwegian, French, Belgian","lat":52.3667,"lon":14.0667,"koppermann_naehe":"kontext","quelle":"USHMM Encyclopedia of Camps and Ghettos Vol. 1 / Holocaust Geographies Collaborative (Knowles et al. 2014)"},"geometry":{"type":"Point","coordinates":[14.0667,52.3667]}},{"type":"Feature","properties":{"id":"19-0317-2","name":"Genshagen","hauptlager":"Sachsenhausen","typ":"KZ / Außenlager","func_1":4,"func_1_label":"Rüstung / Munition","func_2":0,"func_2_label":"Keine bekannte Arbeit","datum_eroeffnung":"1944-06-15","datum_schliessung":"1945-04-15","open_text":"\"Fall 1944\"","close_text":"\"April 19, 1945\"","peak_population":1,"haftlinge":"Jewish, Criminal, Asocial, Non Jews","firmen":"Daimler Benz AG","nationen":"Polish, French, Hungarian, Russian, Serbian, Greek, Czech","lat":52.3167,"lon":13.3167,"koppermann_naehe":"kontext","quelle":"USHMM Encyclopedia of Camps and Ghettos Vol. 1 / Holocaust Geographies Collaborative (Knowles et al. 2014)"},"geometry":{"type":"Point","coordinates":[13.3167,52.3167]}},{"type":"Feature","properties":{"id":"19-0318-2","name":"Genthin","hauptlager":"Sachsenhausen","typ":"KZ / Außenlager","func_1":1,"func_1_label":"Unbekannte/unspezifische Arbeit","func_2":0,"func_2_label":"Keine bekannte Arbeit","datum_eroeffnung":"1943-03-15","datum_schliessung":"1945-05-15","open_text":"\"March 16, 1943\"","close_text":"\"May 6, 1945\"","peak_population":1000,"haftlinge":"","firmen":"Silva GmbH","nationen":"Polish, Russian, Czech, French, Southslav, and Ukranian","lat":52.4,"lon":12.1667,"koppermann_naehe":"kontext","quelle":"USHMM Encyclopedia of Camps and Ghettos Vol. 1 / Holocaust Geographies Collaborative (Knowles et al. 2014)"},"geometry":{"type":"Point","coordinates":[12.1667,52.4]}},{"type":"Feature","properties":{"id":"19-0324-0","name":"Glau","hauptlager":"Sachsenhausen","typ":"KZ / Außenlager","func_1":3,"func_1_label":"Bau (Gebäude, Straßen, Tunnel)","func_2":0,"func_2_label":"Keine bekannte Arbeit","datum_eroeffnung":"1942-06-15","datum_schliessung":null,"open_text":"\"End of 1941, or 1942\"","close_text":"\"Last mentioned February 12, 1945\"","peak_population":180,"haftlinge":"","firmen":"","nationen":"Polish, Russian, Czech, Dutch, Hungarian","lat":52.2333,"lon":13.1667,"koppermann_naehe":"kontext","quelle":"USHMM Encyclopedia of Camps and Ghettos Vol. 1 / Holocaust Geographies Collaborative (Knowles et al. 2014)"},"geometry":{"type":"Point","coordinates":[13.1667,52.2333]}},{"type":"Feature","properties":{"id":"19-0329-3","name":"Glöwen","hauptlager":"Sachsenhausen","typ":"KZ / Außenlager","func_1":4,"func_1_label":"Rüstung / Munition","func_2":5,"func_2_label":"Nicht-Rüstungsproduktion (Textil, Glas, Lebensmittel)","datum_eroeffnung":"1944-06-15","datum_schliessung":"1945-02-15","open_text":"\"Summer 1944\"","close_text":"\"February 14, 1945\"","peak_population":770,"haftlinge":"All Jewish","firmen":"Dynamit Aktien Gesellschaft DAG","nationen":"Polish, Hungarian","lat":52.9167,"lon":12.0833,"koppermann_naehe":"kontext","quelle":"USHMM Encyclopedia of Camps and Ghettos Vol. 1 / Holocaust Geographies Collaborative (Knowles et al. 2014)"},"geometry":{"type":"Point","coordinates":[12.0833,52.9167]}},{"type":"Feature","properties":{"id":"19-0359-1","name":"Grünheide","hauptlager":"Sachsenhausen","typ":"KZ / Außenlager","func_1":3,"func_1_label":"Bau (Gebäude, Straßen, Tunnel)","func_2":0,"func_2_label":"Keine bekannte Arbeit","datum_eroeffnung":"1944-06-15","datum_schliessung":"1945-01-15","open_text":"\"Spring 1944\"","close_text":"\"January 1945\"","peak_population":180,"haftlinge":"","firmen":"","nationen":"German, Polish, Ukranian, Norwegian, French, Belgian","lat":52.4167,"lon":13.8167,"koppermann_naehe":"kontext","quelle":"USHMM Encyclopedia of Camps and Ghettos Vol. 1 / Holocaust Geographies Collaborative (Knowles et al. 2014)"},"geometry":{"type":"Point","coordinates":[13.8167,52.4167]}},{"type":"Feature","properties":{"id":"19-0428-2","name":"Hennigsdorf","hauptlager":"Sachsenhausen","typ":"KZ / Außenlager","func_1":4,"func_1_label":"Rüstung / Munition","func_2":0,"func_2_label":"Keine bekannte Arbeit","datum_eroeffnung":"1944-10-15","datum_schliessung":"1945-04-15","open_text":"\"October 1944\"","close_text":"\"April 1945\"","peak_population":1,"haftlinge":"Jewish","firmen":"Allgemeine Elektriztats- Gesellschaft","nationen":"Mostly Polish, Hungarian, Yugoslavian, French, Bulgarian","lat":52.6333,"lon":13.2,"koppermann_naehe":"kontext","quelle":"USHMM Encyclopedia of Camps and Ghettos Vol. 1 / Holocaust Geographies Collaborative (Knowles et al. 2014)"},"geometry":{"type":"Point","coordinates":[13.2,52.6333]}},{"type":"Feature","properties":{"id":"19-0495-1","name":"Kiew","hauptlager":"Sachsenhausen","typ":"KZ / Außenlager","func_1":6,"func_1_label":"SS-Lagerbau / Landwirtschaft","func_2":0,"func_2_label":"Keine bekannte Arbeit","datum_eroeffnung":"1942-07-15","datum_schliessung":"1943-06-15","open_text":"\"July 1942\"","close_text":"\"Spring 1943\"","peak_population":5,"haftlinge":"","firmen":"","nationen":"","lat":50.4333,"lon":30.5167,"koppermann_naehe":"operationsgebiet","quelle":"USHMM Encyclopedia of Camps and Ghettos Vol. 1 / Holocaust Geographies Collaborative (Knowles et al. 2014)"},"geometry":{"type":"Point","coordinates":[30.5167,50.4333]}},{"type":"Feature","properties":{"id":"19-0503-2","name":"Kleinmachnow","hauptlager":"Sachsenhausen","typ":"KZ / Außenlager","func_1":4,"func_1_label":"Rüstung / Munition","func_2":0,"func_2_label":"Keine bekannte Arbeit","datum_eroeffnung":"1944-06-15","datum_schliessung":"1945-04-15","open_text":"\"Summer 1944\"","close_text":"\"Evacuated April 1945\"","peak_population":800,"haftlinge":"Jewish","firmen":"Dreilinden Maschinenbau Ltd.","nationen":"Polish","lat":52.4,"lon":13.25,"koppermann_naehe":"kontext","quelle":"USHMM Encyclopedia of Camps and Ghettos Vol. 1 / Holocaust Geographies Collaborative (Knowles et al. 2014)"},"geometry":{"type":"Point","coordinates":[13.25,52.4]}},{"type":"Feature","properties":{"id":"19-0516-0","name":"Kolpin","hauptlager":"Sachsenhausen","typ":"KZ / Außenlager","func_1":1,"func_1_label":"Unbekannte/unspezifische Arbeit","func_2":0,"func_2_label":"Keine bekannte Arbeit","datum_eroeffnung":"1944-06-15","datum_schliessung":"1945-02-15","open_text":"\"Summer/Fall 1944\"","close_text":"\"February 15, 1945\"","peak_population":275,"haftlinge":"","firmen":"","nationen":"","lat":52.2833,"lon":13.9833,"koppermann_naehe":"kontext","quelle":"USHMM Encyclopedia of Camps and Ghettos Vol. 1 / Holocaust Geographies Collaborative (Knowles et al. 2014)"},"geometry":{"type":"Point","coordinates":[13.9833,52.2833]}},{"type":"Feature","properties":{"id":"19-0517-1","name":"Königs Wusterhausen","hauptlager":"Sachsenhausen","typ":"KZ / Außenlager","func_1":3,"func_1_label":"Bau (Gebäude, Straßen, Tunnel)","func_2":4,"func_2_label":"Rüstung / Munition","datum_eroeffnung":"1944-10-15","datum_schliessung":"1945-04-15","open_text":"\"October 20, 1944\"","close_text":"\"Liberated April 26, 1945\"","peak_population":1,"haftlinge":"Jewish, Non Jewish","firmen":"Kelterborn & Stenvers","nationen":"Polish, Hungarian","lat":52.2833,"lon":13.6167,"koppermann_naehe":"kontext","quelle":"USHMM Encyclopedia of Camps and Ghettos Vol. 1 / Holocaust Geographies Collaborative (Knowles et al. 2014)"},"geometry":{"type":"Point","coordinates":[13.6167,52.2833]}},{"type":"Feature","properties":{"id":"19-0537-1","name":"Küstrin","hauptlager":"Sachsenhausen","typ":"KZ / Außenlager","func_1":5,"func_1_label":"Nicht-Rüstungsproduktion (Textil, Glas, Lebensmittel)","func_2":3,"func_2_label":"Bau (Gebäude, Straßen, Tunnel)","datum_eroeffnung":"1943-05-15","datum_schliessung":"1945-02-15","open_text":"\"May 16, 1943\"","close_text":"\"Between January 13- February 12, 1945\"","peak_population":400,"haftlinge":"Political","firmen":"Deutsche Zellwerk AG, Phrix-Werke (IG-Farben), Zellulose- & Zellwolle AG","nationen":"Polish, Ukranian, Russian, German, French","lat":52.5833,"lon":14.65,"koppermann_naehe":"kontext","quelle":"USHMM Encyclopedia of Camps and Ghettos Vol. 1 / Holocaust Geographies Collaborative (Knowles et al. 2014)"},"geometry":{"type":"Point","coordinates":[14.65,52.5833]}},{"type":"Feature","properties":{"id":"19-0561-0","name":"Lehnitz [aka Klinkerwerk]","hauptlager":"Sachsenhausen","typ":"KZ / Außenlager","func_1":5,"func_1_label":"Nicht-Rüstungsproduktion (Textil, Glas, Lebensmittel)","func_2":3,"func_2_label":"Bau (Gebäude, Straßen, Tunnel)","datum_eroeffnung":"1941-04-15","datum_schliessung":"1945-04-15","open_text":"\"April 1941\"","close_text":"","peak_population":3600,"haftlinge":"Jewish, Gypsies, Homosexuals, Jehovahs Witnesses, Political","firmen":"Lehnitz Brick works, Deutsche Erd- und Steinwerke","nationen":"","lat":52.75,"lon":13.2667,"koppermann_naehe":"kontext","quelle":"USHMM Encyclopedia of Camps and Ghettos Vol. 1 / Holocaust Geographies Collaborative (Knowles et al. 2014)"},"geometry":{"type":"Point","coordinates":[13.2667,52.75]}},{"type":"Feature","properties":{"id":"19-0580-0","name":"Lieberose [aka \"Liro\"]","hauptlager":"Sachsenhausen","typ":"KZ / Außenlager","func_1":3,"func_1_label":"Bau (Gebäude, Straßen, Tunnel)","func_2":6,"func_2_label":"SS-Lagerbau / Landwirtschaft","datum_eroeffnung":"1944-04-15","datum_schliessung":"1945-02-15","open_text":"\"April 12, 1944\"","close_text":"\"Camp dissolved February 2, 1945, prisoners murdered\"","peak_population":2400,"haftlinge":"Soviet POWs, Polish/Political, Hungarian Jews, Polish Jews","firmen":"Elektrolux Ltd., Hans Lautenbach Betonbau, Otto Quade Strassenbau,  Bims- und Faserstoffbetonwerke Anton Racz, Cottbus, Guben, Lieberose, Schnepper & Isphording","nationen":"Russian, Polish, Hungarian","lat":51.9833,"lon":14.3,"koppermann_naehe":"kontext","quelle":"USHMM Encyclopedia of Camps and Ghettos Vol. 1 / Holocaust Geographies Collaborative (Knowles et al. 2014)"},"geometry":{"type":"Point","coordinates":[14.3,51.9833]}},{"type":"Feature","properties":{"id":"19-0591-0","name":"Lübben","hauptlager":"Sachsenhausen","typ":"KZ / Außenlager","func_1":3,"func_1_label":"Bau (Gebäude, Straßen, Tunnel)","func_2":0,"func_2_label":"Keine bekannte Arbeit","datum_eroeffnung":"1944-04-15","datum_schliessung":"1945-04-15","open_text":"\"April 1944\" or \"July 1, 1944\"","close_text":"\"April 25, 1945\"","peak_population":200,"haftlinge":"Soviet POWs","firmen":"Cottbus","nationen":"Russian","lat":51.95,"lon":13.9,"koppermann_naehe":"kontext","quelle":"USHMM Encyclopedia of Camps and Ghettos Vol. 1 / Holocaust Geographies Collaborative (Knowles et al. 2014)"},"geometry":{"type":"Point","coordinates":[13.9,51.95]}},{"type":"Feature","properties":{"id":"19-0697-3","name":"Neubrandenburg at Sachsenhausen","hauptlager":"Sachsenhausen","typ":"KZ / Außenlager","func_1":4,"func_1_label":"Rüstung / Munition","func_2":0,"func_2_label":"Keine bekannte Arbeit","datum_eroeffnung":"1943-03-15","datum_schliessung":"1945-06-15","open_text":"\"March 1943\"","close_text":"\"End of April 1945\"","peak_population":2500,"haftlinge":"few Soviet POWs","firmen":"Mechanischen Werkstatten Neubrandenburg","nationen":"Polish, Russian, Ukranian, Yugoslavian, French, Czech","lat":53.5667,"lon":13.2667,"koppermann_naehe":"kontext","quelle":"USHMM Encyclopedia of Camps and Ghettos Vol. 1 / Holocaust Geographies Collaborative (Knowles et al. 2014)"},"geometry":{"type":"Point","coordinates":[13.2667,53.5667]}},{"type":"Feature","properties":{"id":"19-0701-0","name":"Neudamm","hauptlager":"Sachsenhausen","typ":"KZ / Außenlager","func_1":1,"func_1_label":"Unbekannte/unspezifische Arbeit","func_2":0,"func_2_label":"Keine bekannte Arbeit","datum_eroeffnung":null,"datum_schliessung":null,"open_text":"No Detailed information about this Camp","close_text":"","peak_population":1,"haftlinge":"","firmen":"","nationen":"","lat":52.0167,"lon":11.0833,"koppermann_naehe":"kontext","quelle":"USHMM Encyclopedia of Camps and Ghettos Vol. 1 / Holocaust Geographies Collaborative (Knowles et al. 2014)"},"geometry":{"type":"Point","coordinates":[11.0833,52.0167]}},{"type":"Feature","properties":{"id":"19-0703-3","name":"Neuengamme at Sachsenhausen","hauptlager":"Sachsenhausen","typ":"KZ / Außenlager","func_1":1,"func_1_label":"Unbekannte/unspezifische Arbeit","func_2":0,"func_2_label":"Keine bekannte Arbeit","datum_eroeffnung":"1938-06-15","datum_schliessung":"1940-06-15","open_text":"\"1938- under Sachsenhausen\" Spring 1940- becomes independent","close_text":"","peak_population":1,"haftlinge":"Soviet POWs, Jews from the east, Political, Religious, Asocial, Career Criminals","firmen":"","nationen":"Polish, Russian, French, Danish, Norwegian","lat":53.4333,"lon":10.2333,"koppermann_naehe":"kontext","quelle":"USHMM Encyclopedia of Camps and Ghettos Vol. 1 / Holocaust Geographies Collaborative (Knowles et al. 2014)"},"geometry":{"type":"Point","coordinates":[10.2333,53.4333]}},{"type":"Feature","properties":{"id":"19-0705-0","name":"Neuhammer","hauptlager":"Sachsenhausen","typ":"KZ / Außenlager","func_1":1,"func_1_label":"Unbekannte/unspezifische Arbeit","func_2":0,"func_2_label":"Keine bekannte Arbeit","datum_eroeffnung":"1944-01-15","datum_schliessung":"1944-02-15","open_text":"\"First mentioned January 20, 1944\"","close_text":"\"Last mentioned February 18, 1944\"","peak_population":63,"haftlinge":"1 gypsy, 1 Jehovahs Witness, Homosexuals, English Pilots, Criminal, Anti Social","firmen":"","nationen":"Dutch, Polish, French, Czech, Russian, German, Norwegians","lat":51.4667,"lon":15.4,"koppermann_naehe":"kontext","quelle":"USHMM Encyclopedia of Camps and Ghettos Vol. 1 / Holocaust Geographies Collaborative (Knowles et al. 2014)"},"geometry":{"type":"Point","coordinates":[15.4,51.4667]}},{"type":"Feature","properties":{"id":"19-1047-0","name":"Wolfgangsee","hauptlager":"Sachsenhausen","typ":"KZ / Außenlager","func_1":3,"func_1_label":"Bau (Gebäude, Straßen, Tunnel)","func_2":0,"func_2_label":"Keine bekannte Arbeit","datum_eroeffnung":"1941-06-15","datum_schliessung":"1941-06-15","open_text":"\"Spring of 1941 at the latest\"","close_text":"\"Onset of winter 1941\"","peak_population":1,"haftlinge":"","firmen":"","nationen":"","lat":47.7667,"lon":13.3667,"koppermann_naehe":"kontext","quelle":"USHMM Encyclopedia of Camps and Ghettos Vol. 1 / Holocaust Geographies Collaborative (Knowles et al. 2014)"},"geometry":{"type":"Point","coordinates":[13.3667,47.7667]}},{"type":"Feature","properties":{"id":"20-0086-0","name":"Berlin (SS-BB II)","hauptlager":"SS-Baubrigaden","typ":"SS-Baubrigade","func_1":7,"func_1_label":"Ziviler Verteidigungsbau (Bunker, Trümmerräumung)","func_2":0,"func_2_label":"Keine bekannte Arbeit","datum_eroeffnung":"1944-04-15","datum_schliessung":"1945-02-15","open_text":"\"Mid April 1944\"","close_text":"\"February 25, 1945","peak_population":800,"haftlinge":"","firmen":"","nationen":"","lat":52.5167,"lon":13.4,"koppermann_naehe":"kontext","quelle":"USHMM Encyclopedia of Camps and Ghettos Vol. 1 / Holocaust Geographies Collaborative (Knowles et al. 2014)"},"geometry":{"type":"Point","coordinates":[13.4,52.5167]}},{"type":"Feature","properties":{"id":"21-0118-0","name":"Bohnsack","hauptlager":"Stutthof","typ":"KZ / Außenlager","func_1":3,"func_1_label":"Bau (Gebäude, Straßen, Tunnel)","func_2":0,"func_2_label":"Keine bekannte Arbeit","datum_eroeffnung":null,"datum_schliessung":"1940-07-15","open_text":"","close_text":"\"July 22, 1940\"","peak_population":1,"haftlinge":"","firmen":"","nationen":"","lat":54.35,"lon":18.8333,"koppermann_naehe":"kontext","quelle":"USHMM Encyclopedia of Camps and Ghettos Vol. 1 / Holocaust Geographies Collaborative (Knowles et al. 2014)"},"geometry":{"type":"Point","coordinates":[18.8333,54.35]}},{"type":"Feature","properties":{"id":"19-0721-0","name":"Niemegk","hauptlager":"Sachsenhausen","typ":"KZ / Außenlager","func_1":3,"func_1_label":"Bau (Gebäude, Straßen, Tunnel)","func_2":0,"func_2_label":"Keine bekannte Arbeit","datum_eroeffnung":"1944-06-15","datum_schliessung":"1945-04-15","open_text":"\"Summer 1944\"","close_text":"\"April 25, 1945\"","peak_population":60,"haftlinge":"","firmen":"","nationen":"","lat":51.6167,"lon":12.3667,"koppermann_naehe":"kontext","quelle":"USHMM Encyclopedia of Camps and Ghettos Vol. 1 / Holocaust Geographies Collaborative (Knowles et al. 2014)"},"geometry":{"type":"Point","coordinates":[12.3667,51.6167]}},{"type":"Feature","properties":{"id":"19-0748-2","name":"Oranienburg (Auer-Werke)","hauptlager":"Sachsenhausen","typ":"KZ / Außenlager","func_1":4,"func_1_label":"Rüstung / Munition","func_2":0,"func_2_label":"Keine bekannte Arbeit","datum_eroeffnung":"1943-07-15","datum_schliessung":"1945-03-15","open_text":"\"July 1, 1943\"","close_text":"\"March 15, 1945\"","peak_population":1841,"haftlinge":"Some Jewish","firmen":"Auer Co., Bygk-Guldenwerke","nationen":"Russian, Polish, Czech, Hungarian, French, Italian, Yugoslavian, Dutch","lat":52.75,"lon":13.2333,"koppermann_naehe":"kontext","quelle":"USHMM Encyclopedia of Camps and Ghettos Vol. 1 / Holocaust Geographies Collaborative (Knowles et al. 2014)"},"geometry":{"type":"Point","coordinates":[13.2333,52.75]}},{"type":"Feature","properties":{"id":"19-0749-0","name":"Oranienburg (Heinkel-Werke)","hauptlager":"Sachsenhausen","typ":"KZ / Außenlager","func_1":4,"func_1_label":"Rüstung / Munition","func_2":0,"func_2_label":"Keine bekannte Arbeit","datum_eroeffnung":"1942-06-15","datum_schliessung":"1945-04-15","open_text":"\"Summer 1942\"","close_text":"\"Evacuated April 20, 1945\"","peak_population":6966,"haftlinge":"","firmen":"Heinkel","nationen":"Russian, Polish, French, some Norwegian and German","lat":52.7527,"lon":13.2493,"koppermann_naehe":"kontext","quelle":"USHMM Encyclopedia of Camps and Ghettos Vol. 1 / Holocaust Geographies Collaborative (Knowles et al. 2014)"},"geometry":{"type":"Point","coordinates":[13.2493,52.7527]}},{"type":"Feature","properties":{"id":"19-0786-1","name":"Potsdam-Babelsberg","hauptlager":"Sachsenhausen","typ":"KZ / Außenlager","func_1":3,"func_1_label":"Bau (Gebäude, Straßen, Tunnel)","func_2":0,"func_2_label":"Keine bekannte Arbeit","datum_eroeffnung":"1944-08-15","datum_schliessung":"1945-04-15","open_text":"\"Can only be confirmed as of August 1944\"","close_text":"\"April 27, 1945\"","peak_population":200,"haftlinge":"Political","firmen":"Universal Film AG","nationen":"Belgians","lat":52.4,"lon":13.0667,"koppermann_naehe":"kontext","quelle":"USHMM Encyclopedia of Camps and Ghettos Vol. 1 / Holocaust Geographies Collaborative (Knowles et al. 2014)"},"geometry":{"type":"Point","coordinates":[13.0667,52.4]}},{"type":"Feature","properties":{"id":"19-0791-0","name":"Prettin (Lichtenburg)","hauptlager":"Sachsenhausen","typ":"KZ / Außenlager","func_1":5,"func_1_label":"Nicht-Rüstungsproduktion (Textil, Glas, Lebensmittel)","func_2":0,"func_2_label":"Keine bekannte Arbeit","datum_eroeffnung":"1941-10-15","datum_schliessung":"1945-05-15","open_text":"\"October 1941\"","close_text":"\"Late April 1945\"","peak_population":50,"haftlinge":"Political","firmen":"","nationen":"Many Germans","lat":51.6667,"lon":12.9167,"koppermann_naehe":"kontext","quelle":"USHMM Encyclopedia of Camps and Ghettos Vol. 1 / Holocaust Geographies Collaborative (Knowles et al. 2014)"},"geometry":{"type":"Point","coordinates":[12.9167,51.6667]}},{"type":"Feature","properties":{"id":"19-0805-0","name":"Rathenow","hauptlager":"Sachsenhausen","typ":"KZ / Außenlager","func_1":4,"func_1_label":"Rüstung / Munition","func_2":0,"func_2_label":"Keine bekannte Arbeit","datum_eroeffnung":"1944-09-15","datum_schliessung":"1945-04-15","open_text":"\"September 20, 1945\"","close_text":"\"April 25, 1945\"","peak_population":1200,"haftlinge":"Jewish Poles, Dutch Jehovahs Witnesses,","firmen":"Arado Airplane Factory","nationen":"Dutch, Belgian, French, Polish, Russian, Norwegian, German","lat":52.6,"lon":12.3333,"koppermann_naehe":"kontext","quelle":"USHMM Encyclopedia of Camps and Ghettos Vol. 1 / Holocaust Geographies Collaborative (Knowles et al. 2014)"},"geometry":{"type":"Point","coordinates":[12.3333,52.6]}},{"type":"Feature","properties":{"id":"19-0856-3","name":"Sachsenhausen","hauptlager":"Sachsenhausen","typ":"KZ / Außenlager","func_1":2,"func_1_label":"Baumaterialien (Steinbruch, Ziegelei, Sägewerk)","func_2":0,"func_2_label":"Keine bekannte Arbeit","datum_eroeffnung":"1936-07-15","datum_schliessung":"1945-04-15","open_text":"\"July 1936\"","close_text":"","peak_population":14000,"haftlinge":"People not in compliance with the Nazi way of life Religious, Political, Homosexual, Asocial, POWs","firmen":"German Earth and Stone Works Ltd.","nationen":"Various European Nationalities Represented","lat":52.7662,"lon":13.2624,"koppermann_naehe":"kontext","quelle":"USHMM Encyclopedia of Camps and Ghettos Vol. 1 / Holocaust Geographies Collaborative (Knowles et al. 2014)"},"geometry":{"type":"Point","coordinates":[13.2624,52.7662]}},{"type":"Feature","properties":{"id":"19-0887-0","name":"Schönefeld [aka AL Henschel]","hauptlager":"Sachsenhausen","typ":"KZ / Außenlager","func_1":4,"func_1_label":"Rüstung / Munition","func_2":7,"func_2_label":"Ziviler Verteidigungsbau (Bunker, Trümmerräumung)","datum_eroeffnung":"1944-06-15","datum_schliessung":"1945-04-15","open_text":"\"Summer 1944\"","close_text":"\"Dissolved April 21, 1945\"","peak_population":1,"haftlinge":"Gypsies, some Jewish","firmen":"Henschel","nationen":"Russian, Polish, French, Roma","lat":52.3769,"lon":13.5098,"koppermann_naehe":"kontext","quelle":"USHMM Encyclopedia of Camps and Ghettos Vol. 1 / Holocaust Geographies Collaborative (Knowles et al. 2014)"},"geometry":{"type":"Point","coordinates":[13.5098,52.3769]}},{"type":"Feature","properties":{"id":"19-0891-0","name":"Schwarzheide","hauptlager":"Sachsenhausen","typ":"KZ / Außenlager","func_1":9,"func_1_label":"Öl- und Kohleproduktion","func_2":0,"func_2_label":"Keine bekannte Arbeit","datum_eroeffnung":"1944-06-15","datum_schliessung":"1945-04-15","open_text":"\"Summer 1944\"","close_text":"","peak_population":1000,"haftlinge":"Czech and Hungarian Jews, and Non Jews","firmen":"BRABAG","nationen":"Czech, Hungarian, French","lat":51.4833,"lon":13.8667,"koppermann_naehe":"kontext","quelle":"USHMM Encyclopedia of Camps and Ghettos Vol. 1 / Holocaust Geographies Collaborative (Knowles et al. 2014)"},"geometry":{"type":"Point","coordinates":[13.8667,51.4833]}},{"type":"Feature","properties":{"id":"19-0913-0","name":"Spreenhagen","hauptlager":"Sachsenhausen","typ":"KZ / Außenlager","func_1":1,"func_1_label":"Unbekannte/unspezifische Arbeit","func_2":0,"func_2_label":"Keine bekannte Arbeit","datum_eroeffnung":"1944-05-15","datum_schliessung":"1945-02-15","open_text":"\"May 1944\"","close_text":"\"By February 12, 1945, the camp was no longer mentioned by SS Statistics\"","peak_population":133,"haftlinge":"","firmen":"","nationen":"Russian, Polish","lat":52.3667,"lon":13.8833,"koppermann_naehe":"kontext","quelle":"USHMM Encyclopedia of Camps and Ghettos Vol. 1 / Holocaust Geographies Collaborative (Knowles et al. 2014)"},"geometry":{"type":"Point","coordinates":[13.8833,52.3667]}},{"type":"Feature","properties":{"id":"19-0936-0","name":"Storkow","hauptlager":"Sachsenhausen","typ":"KZ / Außenlager","func_1":1,"func_1_label":"Unbekannte/unspezifische Arbeit","func_2":0,"func_2_label":"Keine bekannte Arbeit","datum_eroeffnung":"1944-04-15","datum_schliessung":"1945-02-15","open_text":"\"April 1944\"","close_text":"\"One must assume it was closed on February 2 or 3, 1945\"","peak_population":250,"haftlinge":"","firmen":"","nationen":"Norwegians, Polish, German, Russians","lat":52.25,"lon":13.9333,"koppermann_naehe":"kontext","quelle":"USHMM Encyclopedia of Camps and Ghettos Vol. 1 / Holocaust Geographies Collaborative (Knowles et al. 2014)"},"geometry":{"type":"Point","coordinates":[13.9333,52.25]}},{"type":"Feature","properties":{"id":"19-0937-2","name":"Strausberg","hauptlager":"Sachsenhausen","typ":"KZ / Außenlager","func_1":4,"func_1_label":"Rüstung / Munition","func_2":0,"func_2_label":"Keine bekannte Arbeit","datum_eroeffnung":"1944-11-15","datum_schliessung":"1945-04-15","open_text":"\"November 15, 1944\"","close_text":"\"April 20, 1945\"","peak_population":150,"haftlinge":"","firmen":"Markische Walzwerk GmbH, Fritz Werner AG","nationen":"Dutch, Polish, Italian, Russian","lat":52.5833,"lon":13.8833,"koppermann_naehe":"kontext","quelle":"USHMM Encyclopedia of Camps and Ghettos Vol. 1 / Holocaust Geographies Collaborative (Knowles et al. 2014)"},"geometry":{"type":"Point","coordinates":[13.8833,52.5833]}},{"type":"Feature","properties":{"id":"19-0961-0","name":"Trebnitz","hauptlager":"Sachsenhausen","typ":"KZ / Außenlager","func_1":3,"func_1_label":"Bau (Gebäude, Straßen, Tunnel)","func_2":0,"func_2_label":"Keine bekannte Arbeit","datum_eroeffnung":"1944-05-15","datum_schliessung":"1945-02-15","open_text":"\"May 1944\"","close_text":"\"Evacuated at the beginning of February, 1945\"","peak_population":301,"haftlinge":"","firmen":"","nationen":"","lat":52.5333,"lon":14.2167,"koppermann_naehe":"kontext","quelle":"USHMM Encyclopedia of Camps and Ghettos Vol. 1 / Holocaust Geographies Collaborative (Knowles et al. 2014)"},"geometry":{"type":"Point","coordinates":[14.2167,52.5333]}},{"type":"Feature","properties":{"id":"19-0981-0","name":"Usedom","hauptlager":"Sachsenhausen","typ":"KZ / Außenlager","func_1":1,"func_1_label":"Unbekannte/unspezifische Arbeit","func_2":0,"func_2_label":"Keine bekannte Arbeit","datum_eroeffnung":"1945-01-15","datum_schliessung":"1945-04-15","open_text":"\"January 15, 1945\"","close_text":"\"April 23, 1945\"","peak_population":1,"haftlinge":"","firmen":"","nationen":"","lat":53.8667,"lon":13.9167,"koppermann_naehe":"kontext","quelle":"USHMM Encyclopedia of Camps and Ghettos Vol. 1 / Holocaust Geographies Collaborative (Knowles et al. 2014)"},"geometry":{"type":"Point","coordinates":[13.9167,53.8667]}},{"type":"Feature","properties":{"id":"19-0991-2","name":"Velten","hauptlager":"Sachsenhausen","typ":"KZ / Außenlager","func_1":4,"func_1_label":"Rüstung / Munition","func_2":0,"func_2_label":"Keine bekannte Arbeit","datum_eroeffnung":"1943-03-15","datum_schliessung":"1945-04-15","open_text":"\"March 1943\" or \"October 1944\"","close_text":"\"Evacuated April 20, 1945\"","peak_population":650,"haftlinge":"","firmen":"Heinkel. Havelschmelzwerk GmbH","nationen":"Rumanian, Hungarian, French, German, Russian","lat":52.6833,"lon":13.1833,"koppermann_naehe":"kontext","quelle":"USHMM Encyclopedia of Camps and Ghettos Vol. 1 / Holocaust Geographies Collaborative (Knowles et al. 2014)"},"geometry":{"type":"Point","coordinates":[13.1833,52.6833]}},{"type":"Feature","properties":{"id":"19-1017-1","name":"Werder","hauptlager":"Sachsenhausen","typ":"KZ / Außenlager","func_1":1,"func_1_label":"Unbekannte/unspezifische Arbeit","func_2":0,"func_2_label":"Keine bekannte Arbeit","datum_eroeffnung":"1943-03-15","datum_schliessung":"1944-06-15","open_text":"\"March 20, 1943\"","close_text":"\"June 27, 1944\"","peak_population":10,"haftlinge":"","firmen":"","nationen":"","lat":52.3833,"lon":12.95,"koppermann_naehe":"kontext","quelle":"USHMM Encyclopedia of Camps and Ghettos Vol. 1 / Holocaust Geographies Collaborative (Knowles et al. 2014)"},"geometry":{"type":"Point","coordinates":[12.95,52.3833]}},{"type":"Feature","properties":{"id":"19-1041-2","name":"Wittenberg","hauptlager":"Sachsenhausen","typ":"KZ / Außenlager","func_1":4,"func_1_label":"Rüstung / Munition","func_2":7,"func_2_label":"Ziviler Verteidigungsbau (Bunker, Trümmerräumung)","datum_eroeffnung":"1944-08-15","datum_schliessung":"1945-04-15","open_text":"\"August 1944\"","close_text":"","peak_population":1,"haftlinge":"some Jewish, Political, Criminal, Asocial, Gypsies","firmen":"Arado, Faserfabrik","nationen":"Polish","lat":53.0,"lon":11.75,"koppermann_naehe":"kontext","quelle":"USHMM Encyclopedia of Camps and Ghettos Vol. 1 / Holocaust Geographies Collaborative (Knowles et al. 2014)"},"geometry":{"type":"Point","coordinates":[11.75,53.0]}},{"type":"Feature","properties":{"id":"19-1049-3","name":"Wulkow","hauptlager":"Sachsenhausen","typ":"KZ / Außenlager","func_1":3,"func_1_label":"Bau (Gebäude, Straßen, Tunnel)","func_2":0,"func_2_label":"Keine bekannte Arbeit","datum_eroeffnung":"1944-03-15","datum_schliessung":"1945-02-15","open_text":"\"March 2, 1944\"","close_text":"\"Evacuated February 2-3, 1945\"","peak_population":380,"haftlinge":"Jewish","firmen":"Max Treder & Co.","nationen":"Czech and German","lat":52.2167,"lon":13.45,"koppermann_naehe":"kontext","quelle":"USHMM Encyclopedia of Camps and Ghettos Vol. 1 / Holocaust Geographies Collaborative (Knowles et al. 2014)"},"geometry":{"type":"Point","coordinates":[13.45,52.2167]}},{"type":"Feature","properties":{"id":"20-0005-0","name":"Alderney (Kanalinsel) (SS-BB I)","hauptlager":"SS-Baubrigaden","typ":"SS-Baubrigade","func_1":3,"func_1_label":"Bau (Gebäude, Straßen, Tunnel)","func_2":2,"func_2_label":"Baumaterialien (Steinbruch, Ziegelei, Sägewerk)","datum_eroeffnung":"1943-03-15","datum_schliessung":"1944-06-15","open_text":"\"March 1943\"","close_text":"\"June 1944\"","peak_population":1000,"haftlinge":"","firmen":"","nationen":"","lat":49.706,"lon":-2.2145,"koppermann_naehe":"kontext","quelle":"USHMM Encyclopedia of Camps and Ghettos Vol. 1 / Holocaust Geographies Collaborative (Knowles et al. 2014)"},"geometry":{"type":"Point","coordinates":[-2.2145,49.706]}},{"type":"Feature","properties":{"id":"20-0031-0","name":"Aumale (\"Inga\") (SS-BB V)","hauptlager":"SS-Baubrigaden","typ":"SS-Baubrigade","func_1":3,"func_1_label":"Bau (Gebäude, Straßen, Tunnel)","func_2":0,"func_2_label":"Keine bekannte Arbeit","datum_eroeffnung":"1944-04-15","datum_schliessung":"1944-08-15","open_text":"\"April 1944\"","close_text":"\"August 1944\"","peak_population":571,"haftlinge":"","firmen":"Luftwaffe","nationen":"","lat":49.7667,"lon":1.75,"koppermann_naehe":"kontext","quelle":"USHMM Encyclopedia of Camps and Ghettos Vol. 1 / Holocaust Geographies Collaborative (Knowles et al. 2014)"},"geometry":{"type":"Point","coordinates":[1.75,49.7667]}},{"type":"Feature","properties":{"id":"20-0116-0","name":"Bochum (Sprengkommando) (SS-BB III)","hauptlager":"SS-Baubrigaden","typ":"SS-Baubrigade","func_1":7,"func_1_label":"Ziviler Verteidigungsbau (Bunker, Trümmerräumung)","func_2":0,"func_2_label":"Keine bekannte Arbeit","datum_eroeffnung":"1943-06-15","datum_schliessung":"1943-06-15","open_text":"\"June 19, 1943\"","close_text":"\"End of 1943\"","peak_population":40,"haftlinge":"","firmen":"","nationen":"","lat":51.4833,"lon":7.2167,"koppermann_naehe":"kontext","quelle":"USHMM Encyclopedia of Camps and Ghettos Vol. 1 / Holocaust Geographies Collaborative (Knowles et al. 2014)"},"geometry":{"type":"Point","coordinates":[7.2167,51.4833]}},{"type":"Feature","properties":{"id":"20-0144-3","name":"Bremen (SS-BB II)","hauptlager":"SS-Baubrigaden","typ":"SS-Baubrigade","func_1":7,"func_1_label":"Ziviler Verteidigungsbau (Bunker, Trümmerräumung)","func_2":0,"func_2_label":"Keine bekannte Arbeit","datum_eroeffnung":"1942-10-15","datum_schliessung":"1944-04-15","open_text":"\"October 1942\"","close_text":"\"April 1944\"","peak_population":750,"haftlinge":"","firmen":"","nationen":"","lat":53.0833,"lon":8.8,"koppermann_naehe":"kontext","quelle":"USHMM Encyclopedia of Camps and Ghettos Vol. 1 / Holocaust Geographies Collaborative (Knowles et al. 2014)"},"geometry":{"type":"Point","coordinates":[8.8,53.0833]}},{"type":"Feature","properties":{"id":"20-0213-0","name":"Dortmund (Sprengkommando) (SS-BB III)","hauptlager":"SS-Baubrigaden","typ":"SS-Baubrigade","func_1":7,"func_1_label":"Ziviler Verteidigungsbau (Bunker, Trümmerräumung)","func_2":0,"func_2_label":"Keine bekannte Arbeit","datum_eroeffnung":"1945-05-15","datum_schliessung":"1943-08-15","open_text":"\"May 31, 1945\"","close_text":"\"August 23, 1943\"","peak_population":75,"haftlinge":"","firmen":"","nationen":"Yugoslavian, Hungarian","lat":51.5167,"lon":7.45,"koppermann_naehe":"kontext","quelle":"USHMM Encyclopedia of Camps and Ghettos Vol. 1 / Holocaust Geographies Collaborative (Knowles et al. 2014)"},"geometry":{"type":"Point","coordinates":[7.45,51.5167]}},{"type":"Feature","properties":{"id":"20-0214-0","name":"Doullens (Buchenwald) [aka SS-Baubrigade West] (SS-BB V)","hauptlager":"SS-Baubrigaden","typ":"SS-Baubrigade","func_1":3,"func_1_label":"Bau (Gebäude, Straßen, Tunnel)","func_2":7,"func_2_label":"Ziviler Verteidigungsbau (Bunker, Trümmerräumung)","datum_eroeffnung":"1944-03-15","datum_schliessung":"1944-10-15","open_text":"\"March 1944\"","close_text":"\"October 1944\"","peak_population":2500,"haftlinge":"","firmen":"","nationen":"Czech, Yugoslavian, German","lat":50.15,"lon":2.35,"koppermann_naehe":"kontext","quelle":"USHMM Encyclopedia of Camps and Ghettos Vol. 1 / Holocaust Geographies Collaborative (Knowles et al. 2014)"},"geometry":{"type":"Point","coordinates":[2.35,50.15]}},{"type":"Feature","properties":{"id":"20-0226-0","name":"Duisburg (Sachsenhausen) (SS-BB I)","hauptlager":"SS-Baubrigaden","typ":"SS-Baubrigade","func_1":7,"func_1_label":"Ziviler Verteidigungsbau (Bunker, Trümmerräumung)","func_2":0,"func_2_label":"Keine bekannte Arbeit","datum_eroeffnung":"1942-10-15","datum_schliessung":"1943-02-15","open_text":"\"October 15, 1942\"","close_text":"\"February 1943\"","peak_population":1000,"haftlinge":"Criminals, Opponents of the Nazi Regime","firmen":"","nationen":"","lat":51.4333,"lon":6.75,"koppermann_naehe":"kontext","quelle":"USHMM Encyclopedia of Camps and Ghettos Vol. 1 / Holocaust Geographies Collaborative (Knowles et al. 2014)"},"geometry":{"type":"Point","coordinates":[6.75,51.4333]}},{"type":"Feature","properties":{"id":"20-0227-0","name":"Duisburg (Buchenwald) (SS-BB III)","hauptlager":"SS-Baubrigaden","typ":"SS-Baubrigade","func_1":7,"func_1_label":"Ziviler Verteidigungsbau (Bunker, Trümmerräumung)","func_2":0,"func_2_label":"Keine bekannte Arbeit","datum_eroeffnung":"1943-02-15","datum_schliessung":"1944-05-15","open_text":"\"February 1943\"","close_text":"\"May 1944\"","peak_population":1018,"haftlinge":"","firmen":"","nationen":"German, Polish, Russian","lat":51.4638,"lon":6.79577,"koppermann_naehe":"kontext","quelle":"USHMM Encyclopedia of Camps and Ghettos Vol. 1 / Holocaust Geographies Collaborative (Knowles et al. 2014)"},"geometry":{"type":"Point","coordinates":[6.79577,51.4638]}},{"type":"Feature","properties":{"id":"20-0232-0","name":"Düsseldorf (Buchenwald) (SS-BB III)","hauptlager":"SS-Baubrigaden","typ":"SS-Baubrigade","func_1":7,"func_1_label":"Ziviler Verteidigungsbau (Bunker, Trümmerräumung)","func_2":0,"func_2_label":"Keine bekannte Arbeit","datum_eroeffnung":"1943-07-15","datum_schliessung":"1944-05-15","open_text":"\"July 19, 1943\"","close_text":"\"May 9, 1944\"","peak_population":120,"haftlinge":"","firmen":"August Gahringer Enterprise, Franz Munnemann","nationen":"","lat":51.2167,"lon":6.7667,"koppermann_naehe":"kontext","quelle":"USHMM Encyclopedia of Camps and Ghettos Vol. 1 / Holocaust Geographies Collaborative (Knowles et al. 2014)"},"geometry":{"type":"Point","coordinates":[6.7667,51.2167]}},{"type":"Feature","properties":{"id":"20-0234-1","name":"Düsseldorf (Sachsenhausen) (SS-BB I)","hauptlager":"SS-Baubrigaden","typ":"SS-Baubrigade","func_1":7,"func_1_label":"Ziviler Verteidigungsbau (Bunker, Trümmerräumung)","func_2":0,"func_2_label":"Keine bekannte Arbeit","datum_eroeffnung":"1942-10-15","datum_schliessung":"1943-02-15","open_text":"\"October 13, 1942\"","close_text":"\"February 22, 1943\"","peak_population":1000,"haftlinge":"Jehovah's Witnesses","firmen":"","nationen":"Polish, Russian","lat":51.2249,"lon":6.77565,"koppermann_naehe":"kontext","quelle":"USHMM Encyclopedia of Camps and Ghettos Vol. 1 / Holocaust Geographies Collaborative (Knowles et al. 2014)"},"geometry":{"type":"Point","coordinates":[6.77565,51.2249]}},{"type":"Feature","properties":{"id":"20-0254-0","name":"Ellrich (Buchenwald, Sachsenhausen, and Mittlebau) (SS-BB IV)","hauptlager":"SS-Baubrigaden","typ":"SS-Baubrigade","func_1":3,"func_1_label":"Bau (Gebäude, Straßen, Tunnel)","func_2":0,"func_2_label":"Keine bekannte Arbeit","datum_eroeffnung":"1944-05-15","datum_schliessung":"1945-04-15","open_text":"\"May 1944\"","close_text":"\"April 1945\"","peak_population":1240,"haftlinge":"Jewish","firmen":"","nationen":"French","lat":51.5833,"lon":10.65,"koppermann_naehe":"kontext","quelle":"USHMM Encyclopedia of Camps and Ghettos Vol. 1 / Holocaust Geographies Collaborative (Knowles et al. 2014)"},"geometry":{"type":"Point","coordinates":[10.65,51.5833]}},{"type":"Feature","properties":{"id":"20-0281-0","name":"Ferch (Sachsenhausen) (SS-BB II)","hauptlager":"SS-Baubrigaden","typ":"SS-Baubrigade","func_1":1,"func_1_label":"Unbekannte/unspezifische Arbeit","func_2":0,"func_2_label":"Keine bekannte Arbeit","datum_eroeffnung":"1945-01-15","datum_schliessung":null,"open_text":"\"First mentioned January 10, 1945\"","close_text":"","peak_population":180,"haftlinge":"","firmen":"","nationen":"","lat":52.3,"lon":12.9333,"koppermann_naehe":"kontext","quelle":"USHMM Encyclopedia of Camps and Ghettos Vol. 1 / Holocaust Geographies Collaborative (Knowles et al. 2014)"},"geometry":{"type":"Point","coordinates":[12.9333,52.3]}},{"type":"Feature","properties":{"id":"20-0366-0","name":"Günzerode (Buchenwald, Sachsenhausen, and Mittlebau)(SS-BB IV)","hauptlager":"SS-Baubrigaden","typ":"SS-Baubrigade","func_1":3,"func_1_label":"Bau (Gebäude, Straßen, Tunnel)","func_2":0,"func_2_label":"Keine bekannte Arbeit","datum_eroeffnung":"1944-06-15","datum_schliessung":"1945-04-15","open_text":"\"Summer 1944\"","close_text":"\"Between March 23, and April 10, 1945\"","peak_population":800,"haftlinge":"","firmen":"","nationen":"French, Polish, Russian, Czech, 1 Greek","lat":51.5167,"lon":10.6667,"koppermann_naehe":"kontext","quelle":"USHMM Encyclopedia of Camps and Ghettos Vol. 1 / Holocaust Geographies Collaborative (Knowles et al. 2014)"},"geometry":{"type":"Point","coordinates":[10.6667,51.5167]}},{"type":"Feature","properties":{"id":"20-0400-0","name":"Hamburg (Neuengamme) (SS-BB II)","hauptlager":"SS-Baubrigaden","typ":"SS-Baubrigade","func_1":7,"func_1_label":"Ziviler Verteidigungsbau (Bunker, Trümmerräumung)","func_2":0,"func_2_label":"Keine bekannte Arbeit","datum_eroeffnung":"1943-08-15","datum_schliessung":"1944-04-15","open_text":"\"August 7, 1943\"","close_text":"\"April 1944\"","peak_population":930,"haftlinge":"Political","firmen":"","nationen":"Polish, German, Belgian","lat":53.549999,"lon":10.0,"koppermann_naehe":"kontext","quelle":"USHMM Encyclopedia of Camps and Ghettos Vol. 1 / Holocaust Geographies Collaborative (Knowles et al. 2014)"},"geometry":{"type":"Point","coordinates":[10.0,53.549999]}},{"type":"Feature","properties":{"id":"20-0435-0","name":"Hesdin (Buchenwald) (SS-BB V)","hauptlager":"SS-Baubrigaden","typ":"SS-Baubrigade","func_1":3,"func_1_label":"Bau (Gebäude, Straßen, Tunnel)","func_2":0,"func_2_label":"Keine bekannte Arbeit","datum_eroeffnung":"1944-03-15","datum_schliessung":"1944-08-15","open_text":"\"March 1944\"","close_text":"\"August 1944\"","peak_population":550,"haftlinge":"Political","firmen":"","nationen":"Russian","lat":50.6667,"lon":2.0333,"koppermann_naehe":"kontext","quelle":"USHMM Encyclopedia of Camps and Ghettos Vol. 1 / Holocaust Geographies Collaborative (Knowles et al. 2014)"},"geometry":{"type":"Point","coordinates":[2.0333,50.6667]}},{"type":"Feature","properties":{"id":"20-0451-0","name":"Hohlstedt (Mittlebau) (SS-BB I)","hauptlager":"SS-Baubrigaden","typ":"SS-Baubrigade","func_1":1,"func_1_label":"Unbekannte/unspezifische Arbeit","func_2":0,"func_2_label":"Keine bekannte Arbeit","datum_eroeffnung":"1944-10-15","datum_schliessung":"1945-04-15","open_text":"\"October 1944\"","close_text":"\"Evacuated April 7, 1945\"","peak_population":200,"haftlinge":"","firmen":"","nationen":"Polish, Russian","lat":51.45,"lon":11.1667,"koppermann_naehe":"kontext","quelle":"USHMM Encyclopedia of Camps and Ghettos Vol. 1 / Holocaust Geographies Collaborative (Knowles et al. 2014)"},"geometry":{"type":"Point","coordinates":[11.1667,51.45]}},{"type":"Feature","properties":{"id":"20-0515-0","name":"Köln (Buchenwald) (SS-BB III)","hauptlager":"SS-Baubrigaden","typ":"SS-Baubrigade","func_1":7,"func_1_label":"Ziviler Verteidigungsbau (Bunker, Trümmerräumung)","func_2":0,"func_2_label":"Keine bekannte Arbeit","datum_eroeffnung":"1942-09-15","datum_schliessung":"1944-05-15","open_text":"\"September 21, 1942\"","close_text":"\"May 1944\"","peak_population":1000,"haftlinge":"","firmen":"","nationen":"Polish, Russian","lat":50.9333,"lon":6.95,"koppermann_naehe":"kontext","quelle":"USHMM Encyclopedia of Camps and Ghettos Vol. 1 / Holocaust Geographies Collaborative (Knowles et al. 2014)"},"geometry":{"type":"Point","coordinates":[6.95,50.9333]}},{"type":"Feature","properties":{"id":"20-0523-0","name":"Kortemark and Proven, Belgium (Neuengamme, Buchenwald) (SS-BB I)","hauptlager":"SS-Baubrigaden","typ":"SS-Baubrigade","func_1":3,"func_1_label":"Bau (Gebäude, Straßen, Tunnel)","func_2":0,"func_2_label":"Keine bekannte Arbeit","datum_eroeffnung":"1944-07-15","datum_schliessung":"1944-09-15","open_text":"\"July 28, 1944\"","close_text":"\"September 2, 1944\"","peak_population":570,"haftlinge":"","firmen":"","nationen":"","lat":51.0333,"lon":3.0333,"koppermann_naehe":"kontext","quelle":"USHMM Encyclopedia of Camps and Ghettos Vol. 1 / Holocaust Geographies Collaborative (Knowles et al. 2014)"},"geometry":{"type":"Point","coordinates":[3.0333,51.0333]}},{"type":"Feature","properties":{"id":"20-0602-0","name":"Mackenrode (Buchenwald, Mittelbau, and Sachsenhausen) (SS-BB III)","hauptlager":"SS-Baubrigaden","typ":"SS-Baubrigade","func_1":3,"func_1_label":"Bau (Gebäude, Straßen, Tunnel)","func_2":0,"func_2_label":"Keine bekannte Arbeit","datum_eroeffnung":"1944-06-15","datum_schliessung":"1945-04-15","open_text":"\"July 1944\"","close_text":"\"April 1945\"","peak_population":475,"haftlinge":"","firmen":"","nationen":"Italian","lat":51.55,"lon":10.5833,"koppermann_naehe":"kontext","quelle":"USHMM Encyclopedia of Camps and Ghettos Vol. 1 / Holocaust Geographies Collaborative (Knowles et al. 2014)"},"geometry":{"type":"Point","coordinates":[10.5833,51.55]}},{"type":"Feature","properties":{"id":"20-0730-1","name":"Nürnberg (Sachsenhausen) [aka 2. SS-Baubrigade (E)] (SS-BB II)","hauptlager":"SS-Baubrigaden","typ":"SS-Baubrigade","func_1":7,"func_1_label":"Ziviler Verteidigungsbau (Bunker, Trümmerräumung)","func_2":0,"func_2_label":"Keine bekannte Arbeit","datum_eroeffnung":"1945-02-15","datum_schliessung":null,"open_text":"\"Mid- February 1945\"","close_text":"","peak_population":504,"haftlinge":"","firmen":"","nationen":"","lat":49.4475,"lon":11.0683,"koppermann_naehe":"kontext","quelle":"USHMM Encyclopedia of Camps and Ghettos Vol. 1 / Holocaust Geographies Collaborative (Knowles et al. 2014)"},"geometry":{"type":"Point","coordinates":[11.0683,49.4475]}},{"type":"Feature","properties":{"id":"20-0732-0","name":"Nüxei (Buchenwald, Mittelbau, and Sachsenhausen) (SS-BB III)","hauptlager":"SS-Baubrigaden","typ":"SS-Baubrigade","func_1":3,"func_1_label":"Bau (Gebäude, Straßen, Tunnel)","func_2":0,"func_2_label":"Keine bekannte Arbeit","datum_eroeffnung":"1944-05-15","datum_schliessung":"1945-04-15","open_text":"\"May 1944\"","close_text":"\"April 1945\"","peak_population":300,"haftlinge":"","firmen":"","nationen":"","lat":51.5667,"lon":10.5167,"koppermann_naehe":"kontext","quelle":"USHMM Encyclopedia of Camps and Ghettos Vol. 1 / Holocaust Geographies Collaborative (Knowles et al. 2014)"},"geometry":{"type":"Point","coordinates":[10.5167,51.5667]}},{"type":"Feature","properties":{"id":"20-0750-0","name":"Osnabrück ((Neuengamme) SS-BB II)","hauptlager":"SS-Baubrigaden","typ":"SS-Baubrigade","func_1":7,"func_1_label":"Ziviler Verteidigungsbau (Bunker, Trümmerräumung)","func_2":0,"func_2_label":"Keine bekannte Arbeit","datum_eroeffnung":"1942-10-15","datum_schliessung":"1943-05-15","open_text":"\"October 1942\"","close_text":"\"May 1943\"","peak_population":250,"haftlinge":"Political, German Criminals,","firmen":"","nationen":"Russian, Polish, Dutch, Yugoslavian","lat":52.2667,"lon":8.05,"koppermann_naehe":"kontext","quelle":"USHMM Encyclopedia of Camps and Ghettos Vol. 1 / Holocaust Geographies Collaborative (Knowles et al. 2014)"},"geometry":{"type":"Point","coordinates":[8.05,52.2667]}},{"type":"Feature","properties":{"id":"20-0751-1","name":"Osterhagen (Buchenwald, Mittelbau, and Sachsenhausen) (SS-BB III)","hauptlager":"SS-Baubrigaden","typ":"SS-Baubrigade","func_1":3,"func_1_label":"Bau (Gebäude, Straßen, Tunnel)","func_2":0,"func_2_label":"Keine bekannte Arbeit","datum_eroeffnung":"1944-07-15","datum_schliessung":"1945-04-15","open_text":"\"July 1944\"","close_text":"\"April 1945\"","peak_population":300,"haftlinge":"","firmen":"","nationen":"French","lat":51.5833,"lon":10.4833,"koppermann_naehe":"kontext","quelle":"USHMM Encyclopedia of Camps and Ghettos Vol. 1 / Holocaust Geographies Collaborative (Knowles et al. 2014)"},"geometry":{"type":"Point","coordinates":[10.4833,51.5833]}},{"type":"Feature","properties":{"id":"20-0851-0","name":"Rouen (Buchenwald) (Nordfrankreich) (SS-BB V)","hauptlager":"SS-Baubrigaden","typ":"SS-Baubrigade","func_1":3,"func_1_label":"Bau (Gebäude, Straßen, Tunnel)","func_2":0,"func_2_label":"Keine bekannte Arbeit","datum_eroeffnung":"1944-04-15","datum_schliessung":"1944-08-15","open_text":"\" April 1944\"","close_text":"\"August 1944\"","peak_population":500,"haftlinge":"","firmen":"","nationen":"Polish, Russian","lat":49.4333,"lon":1.0833,"koppermann_naehe":"kontext","quelle":"USHMM Encyclopedia of Camps and Ghettos Vol. 1 / Holocaust Geographies Collaborative (Knowles et al. 2014)"},"geometry":{"type":"Point","coordinates":[1.0833,49.4333]}},{"type":"Feature","properties":{"id":"20-0904-0","name":"Sollstedt (Mittelbau, Buchenwald, and Sachsenhausen) (SS-BB I)","hauptlager":"SS-Baubrigaden","typ":"SS-Baubrigade","func_1":3,"func_1_label":"Bau (Gebäude, Straßen, Tunnel)","func_2":6,"func_2_label":"SS-Lagerbau / Landwirtschaft","datum_eroeffnung":"1944-09-15","datum_schliessung":"1945-04-15","open_text":"\"September 10, 1944\"","close_text":"\"April 5, 1945\"","peak_population":1000,"haftlinge":"Some Polish Jewish","firmen":"","nationen":"Polish, French, Hungarains","lat":51.4167,"lon":10.5333,"koppermann_naehe":"kontext","quelle":"USHMM Encyclopedia of Camps and Ghettos Vol. 1 / Holocaust Geographies Collaborative (Knowles et al. 2014)"},"geometry":{"type":"Point","coordinates":[10.5333,51.4167]}},{"type":"Feature","properties":{"id":"20-0914-0","name":"Spreenhagen (Sachsenhausen) (SS-BB II)","hauptlager":"SS-Baubrigaden","typ":"SS-Baubrigade","func_1":3,"func_1_label":"Bau (Gebäude, Straßen, Tunnel)","func_2":0,"func_2_label":"Keine bekannte Arbeit","datum_eroeffnung":"1944-06-15","datum_schliessung":"1945-01-15","open_text":"\"End of 1944\"","close_text":"\"January 1, 1945\"","peak_population":1,"haftlinge":"","firmen":"","nationen":"","lat":52.3667,"lon":13.8833,"koppermann_naehe":"kontext","quelle":"USHMM Encyclopedia of Camps and Ghettos Vol. 1 / Holocaust Geographies Collaborative (Knowles et al. 2014)"},"geometry":{"type":"Point","coordinates":[13.8833,52.3667]}},{"type":"Feature","properties":{"id":"20-1024-0","name":"Wieda (Buchenwald, Mittelbau, and Sachsenhausen) (SS-BB III)","hauptlager":"SS-Baubrigaden","typ":"SS-Baubrigade","func_1":3,"func_1_label":"Bau (Gebäude, Straßen, Tunnel)","func_2":0,"func_2_label":"Keine bekannte Arbeit","datum_eroeffnung":"1944-05-15","datum_schliessung":"1945-04-15","open_text":"\"May 1944\"","close_text":"\"April 1945\"","peak_population":700,"haftlinge":"","firmen":"Mittelwerk GmbH, AG Julius Berger","nationen":"","lat":51.55,"lon":10.5833,"koppermann_naehe":"kontext","quelle":"USHMM Encyclopedia of Camps and Ghettos Vol. 1 / Holocaust Geographies Collaborative (Knowles et al. 2014)"},"geometry":{"type":"Point","coordinates":[10.5833,51.55]}},{"type":"Feature","properties":{"id":"20-1038-0","name":"Wilhelmshaven (Neuengamme) (SS-BB II)","hauptlager":"SS-Baubrigaden","typ":"SS-Baubrigade","func_1":7,"func_1_label":"Ziviler Verteidigungsbau (Bunker, Trümmerräumung)","func_2":0,"func_2_label":"Keine bekannte Arbeit","datum_eroeffnung":"1943-06-15","datum_schliessung":"1943-08-15","open_text":"\"Spring 1943\"","close_text":"\"August 1943\"","peak_population":500,"haftlinge":"","firmen":"","nationen":"","lat":53.5167,"lon":8.1333,"koppermann_naehe":"kontext","quelle":"USHMM Encyclopedia of Camps and Ghettos Vol. 1 / Holocaust Geographies Collaborative (Knowles et al. 2014)"},"geometry":{"type":"Point","coordinates":[8.1333,53.5167]}},{"type":"Feature","properties":{"id":"20-1050-0","name":"Wuppertal (Buchenwald) (SS-BB IV)","hauptlager":"SS-Baubrigaden","typ":"SS-Baubrigade","func_1":3,"func_1_label":"Bau (Gebäude, Straßen, Tunnel)","func_2":7,"func_2_label":"Ziviler Verteidigungsbau (Bunker, Trümmerräumung)","datum_eroeffnung":"1943-08-15","datum_schliessung":"1944-05-15","open_text":"\"August 1943\"","close_text":"\"May 7, 1944\"","peak_population":592,"haftlinge":"","firmen":"","nationen":"Polish, Russian, French, Czech, Rumanians, Hungarains, Greeks","lat":51.2667,"lon":7.1833,"koppermann_naehe":"kontext","quelle":"USHMM Encyclopedia of Camps and Ghettos Vol. 1 / Holocaust Geographies Collaborative (Knowles et al. 2014)"},"geometry":{"type":"Point","coordinates":[7.1833,51.2667]}},{"type":"Feature","properties":{"id":"21-0002-0","name":"Adlershorst","hauptlager":"Stutthof","typ":"KZ / Außenlager","func_1":6,"func_1_label":"SS-Lagerbau / Landwirtschaft","func_2":0,"func_2_label":"Keine bekannte Arbeit","datum_eroeffnung":"1941-03-15","datum_schliessung":"1942-06-15","open_text":"\"March 1941\"","close_text":"\"Mid 1942\"?","peak_population":50,"haftlinge":"","firmen":"","nationen":"","lat":53.45,"lon":20.5333,"koppermann_naehe":"operationsgebiet","quelle":"USHMM Encyclopedia of Camps and Ghettos Vol. 1 / Holocaust Geographies Collaborative (Knowles et al. 2014)"},"geometry":{"type":"Point","coordinates":[20.5333,53.45]}},{"type":"Feature","properties":{"id":"21-0153-2","name":"Bromberg-Brahnau (DAG Nobel) [aka Lager 15]","hauptlager":"Stutthof","typ":"KZ / Außenlager","func_1":4,"func_1_label":"Rüstung / Munition","func_2":0,"func_2_label":"Keine bekannte Arbeit","datum_eroeffnung":"1944-07-15","datum_schliessung":"1945-01-15","open_text":"\"July 15, 1944\"","close_text":"\"Preparations to evacuate the camp began on January 20, 1945, last prisoner count on January 24, 1945\"","peak_population":1000,"haftlinge":"Jewish","firmen":"Dynamit Nobel Aktiengesellschaft","nationen":"Polish, Hungarian","lat":53.15,"lon":18.0,"koppermann_naehe":"kontext","quelle":"USHMM Encyclopedia of Camps and Ghettos Vol. 1 / Holocaust Geographies Collaborative (Knowles et al. 2014)"},"geometry":{"type":"Point","coordinates":[18.0,53.15]}},{"type":"Feature","properties":{"id":"21-0154-2","name":"Bromberg-Ost (Reichsbahn)","hauptlager":"Stutthof","typ":"KZ / Außenlager","func_1":3,"func_1_label":"Bau (Gebäude, Straßen, Tunnel)","func_2":7,"func_2_label":"Ziviler Verteidigungsbau (Bunker, Trümmerräumung)","datum_eroeffnung":"1944-09-15","datum_schliessung":"1945-01-15","open_text":"\"September 13, 1944\"","close_text":"\"Preparations to evacuate the camp began on January 20, 1945, last prisoner count on January 24, 1945\"","peak_population":300,"haftlinge":"Jewish","firmen":"","nationen":"","lat":53.135276,"lon":17.991207,"koppermann_naehe":"kontext","quelle":"USHMM Encyclopedia of Camps and Ghettos Vol. 1 / Holocaust Geographies Collaborative (Knowles et al. 2014)"},"geometry":{"type":"Point","coordinates":[17.991207,53.135276]}},{"type":"Feature","properties":{"id":"21-0157-2","name":"Bruss-Sophienwalde","hauptlager":"Stutthof","typ":"KZ / Außenlager","func_1":3,"func_1_label":"Bau (Gebäude, Straßen, Tunnel)","func_2":0,"func_2_label":"Keine bekannte Arbeit","datum_eroeffnung":"1944-08-15","datum_schliessung":"1945-02-15","open_text":"\"August 24, 1944\"","close_text":"\"Evacuated February 10, 1945\"","peak_population":500,"haftlinge":"Jewish Women, Alllied POWs,","firmen":"","nationen":"Russian, English, Dutch, Italian, Hungarian, German, Polish, Romanian","lat":53.8833,"lon":17.7167,"koppermann_naehe":"kontext","quelle":"USHMM Encyclopedia of Camps and Ghettos Vol. 1 / Holocaust Geographies Collaborative (Knowles et al. 2014)"},"geometry":{"type":"Point","coordinates":[17.7167,53.8833]}},{"type":"Feature","properties":{"id":"21-0185-0","name":"Danzig-Holm","hauptlager":"Stutthof","typ":"KZ / Außenlager","func_1":4,"func_1_label":"Rüstung / Munition","func_2":0,"func_2_label":"Keine bekannte Arbeit","datum_eroeffnung":"1944-10-15","datum_schliessung":"1945-06-15","open_text":"\"October 16, 1944\"","close_text":"\"Evacuated late March and early April 1945\"","peak_population":3200,"haftlinge":"Polish and Hungarian Jewish Women. Next door there were POWs mostly polish and French and other countries","firmen":"Danzig Holm","nationen":"Polish, Hungarian, Russian, Dutch, French, Belgian, Italians","lat":54.35,"lon":18.6667,"koppermann_naehe":"kontext","quelle":"USHMM Encyclopedia of Camps and Ghettos Vol. 1 / Holocaust Geographies Collaborative (Knowles et al. 2014)"},"geometry":{"type":"Point","coordinates":[18.6667,54.35]}},{"type":"Feature","properties":{"id":"21-0186-0","name":"Danzig-Langfuhr","hauptlager":"Stutthof","typ":"KZ / Außenlager","func_1":3,"func_1_label":"Bau (Gebäude, Straßen, Tunnel)","func_2":0,"func_2_label":"Keine bekannte Arbeit","datum_eroeffnung":"1940-01-15","datum_schliessung":"1941-12-15","open_text":"\"January 2, 1940\"","close_text":"\"December 2, 1941\"","peak_population":110,"haftlinge":"","firmen":"","nationen":"","lat":54.352,"lon":18.6466,"koppermann_naehe":"kontext","quelle":"USHMM Encyclopedia of Camps and Ghettos Vol. 1 / Holocaust Geographies Collaborative (Knowles et al. 2014)"},"geometry":{"type":"Point","coordinates":[18.6466,54.352]}},{"type":"Feature","properties":{"id":"21-0187-0","name":"Danzig-Oliva (Reitschule)","hauptlager":"Stutthof","typ":"KZ / Außenlager","func_1":6,"func_1_label":"SS-Lagerbau / Landwirtschaft","func_2":0,"func_2_label":"Keine bekannte Arbeit","datum_eroeffnung":"1940-07-15","datum_schliessung":"1941-06-15","open_text":"\"July 16, 1940\"","close_text":"\"June 21, 1941\"","peak_population":3,"haftlinge":"","firmen":"Huth","nationen":"","lat":54.352,"lon":18.6466,"koppermann_naehe":"kontext","quelle":"USHMM Encyclopedia of Camps and Ghettos Vol. 1 / Holocaust Geographies Collaborative (Knowles et al. 2014)"},"geometry":{"type":"Point","coordinates":[18.6466,54.352]}},{"type":"Feature","properties":{"id":"21-0188-0","name":"Danzig-Opitzstrasse [aka Opitzstrasse/Gruppenführer]","hauptlager":"Stutthof","typ":"KZ / Außenlager","func_1":1,"func_1_label":"Unbekannte/unspezifische Arbeit","func_2":0,"func_2_label":"Keine bekannte Arbeit","datum_eroeffnung":"1941-04-15","datum_schliessung":"1941-11-15","open_text":"\"April 7, 1941\"","close_text":"\"November 11, 1941\"","peak_population":1,"haftlinge":"","firmen":"","nationen":"Polish","lat":54.3782,"lon":18.5964,"koppermann_naehe":"kontext","quelle":"USHMM Encyclopedia of Camps and Ghettos Vol. 1 / Holocaust Geographies Collaborative (Knowles et al. 2014)"},"geometry":{"type":"Point","coordinates":[18.5964,54.3782]}},{"type":"Feature","properties":{"id":"21-0189-0","name":"Danzig-Schellmühl (Carstens)","hauptlager":"Stutthof","typ":"KZ / Außenlager","func_1":5,"func_1_label":"Nicht-Rüstungsproduktion (Textil, Glas, Lebensmittel)","func_2":0,"func_2_label":"Keine bekannte Arbeit","datum_eroeffnung":"1940-06-15","datum_schliessung":"1944-06-15","open_text":"\"Spring 1940\"","close_text":"\"1944\"","peak_population":1,"haftlinge":"","firmen":"Carstens Company","nationen":"","lat":54.352,"lon":18.6466,"koppermann_naehe":"kontext","quelle":"USHMM Encyclopedia of Camps and Ghettos Vol. 1 / Holocaust Geographies Collaborative (Knowles et al. 2014)"},"geometry":{"type":"Point","coordinates":[18.6466,54.352]}},{"type":"Feature","properties":{"id":"21-0190-0","name":"Danzig-Schellmühl (Otto Jost) (first)","hauptlager":"Stutthof","typ":"KZ / Außenlager","func_1":5,"func_1_label":"Nicht-Rüstungsproduktion (Textil, Glas, Lebensmittel)","func_2":0,"func_2_label":"Keine bekannte Arbeit","datum_eroeffnung":"1940-12-15","datum_schliessung":"1941-08-15","open_text":"\"December 1940\" 1st time, \"October 23, 1944\" 2nd time,","close_text":"\"August 1941\" 1st time, \"December 7, 1944\" 2nd time,","peak_population":1,"haftlinge":"","firmen":"Fassfabrik","nationen":"","lat":54.353481,"lon":18.649778,"koppermann_naehe":"kontext","quelle":"USHMM Encyclopedia of Camps and Ghettos Vol. 1 / Holocaust Geographies Collaborative (Knowles et al. 2014)"},"geometry":{"type":"Point","coordinates":[18.649778,54.353481]}},{"type":"Feature","properties":{"id":"21-0190-0","name":"Danzig-Schellmühl (Otto Jost) (second)","hauptlager":"Stutthof","typ":"KZ / Außenlager","func_1":5,"func_1_label":"Nicht-Rüstungsproduktion (Textil, Glas, Lebensmittel)","func_2":0,"func_2_label":"Keine bekannte Arbeit","datum_eroeffnung":"1944-10-15","datum_schliessung":"1944-12-15","open_text":"\"December 1940\" 1st time, \"October 23, 1944\" 2nd time,","close_text":"\"August 1941\" 1st time, \"December 7, 1944\" 2nd time,","peak_population":1,"haftlinge":"","firmen":"Fassfabrik","nationen":"","lat":54.353481,"lon":18.649778,"koppermann_naehe":"kontext","quelle":"USHMM Encyclopedia of Camps and Ghettos Vol. 1 / Holocaust Geographies Collaborative (Knowles et al. 2014)"},"geometry":{"type":"Point","coordinates":[18.649778,54.353481]}},{"type":"Feature","properties":{"id":"21-0191-0","name":"Danzig-Westerplatte","hauptlager":"Stutthof","typ":"KZ / Außenlager","func_1":7,"func_1_label":"Ziviler Verteidigungsbau (Bunker, Trümmerräumung)","func_2":0,"func_2_label":"Keine bekannte Arbeit","datum_eroeffnung":"1939-09-15","datum_schliessung":"1941-06-15","open_text":"\"First transport September 15, 1939\"","close_text":"\"mid June 1941\"","peak_population":1200,"haftlinge":"Priests and Jews","firmen":"","nationen":"Polish","lat":54.4074,"lon":18.6686,"koppermann_naehe":"kontext","quelle":"USHMM Encyclopedia of Camps and Ghettos Vol. 1 / Holocaust Geographies Collaborative (Knowles et al. 2014)"},"geometry":{"type":"Point","coordinates":[18.6686,54.4074]}},{"type":"Feature","properties":{"id":"21-0192-0","name":"Danzig-Zigankenberg","hauptlager":"Stutthof","typ":"KZ / Außenlager","func_1":2,"func_1_label":"Baumaterialien (Steinbruch, Ziegelei, Sägewerk)","func_2":0,"func_2_label":"Keine bekannte Arbeit","datum_eroeffnung":"1940-05-15","datum_schliessung":"1941-04-15","open_text":"\"May 15, 1940\"","close_text":"\"April 30, 1941\"","peak_population":1,"haftlinge":"","firmen":"City Brickyard","nationen":"","lat":54.3548,"lon":18.6032,"koppermann_naehe":"kontext","quelle":"USHMM Encyclopedia of Camps and Ghettos Vol. 1 / Holocaust Geographies Collaborative (Knowles et al. 2014)"},"geometry":{"type":"Point","coordinates":[18.6032,54.3548]}},{"type":"Feature","properties":{"id":"21-0193-0","name":"Danzig (Betonfabrik)","hauptlager":"Stutthof","typ":"KZ / Außenlager","func_1":2,"func_1_label":"Baumaterialien (Steinbruch, Ziegelei, Sägewerk)","func_2":0,"func_2_label":"Keine bekannte Arbeit","datum_eroeffnung":"1940-06-15","datum_schliessung":"1940-12-15","open_text":"\"June 28, 1940\"","close_text":"\"December 1, 1940\"","peak_population":70,"haftlinge":"","firmen":"Betonfabrik","nationen":"","lat":54.3782,"lon":18.5964,"koppermann_naehe":"kontext","quelle":"USHMM Encyclopedia of Camps and Ghettos Vol. 1 / Holocaust Geographies Collaborative (Knowles et al. 2014)"},"geometry":{"type":"Point","coordinates":[18.5964,54.3782]}},{"type":"Feature","properties":{"id":"21-0194-1","name":"Danzig (Danziger-Werft) [aka Danzig-Troyl, Lager Troyl]","hauptlager":"Stutthof","typ":"KZ / Außenlager","func_1":4,"func_1_label":"Rüstung / Munition","func_2":7,"func_2_label":"Ziviler Verteidigungsbau (Bunker, Trümmerräumung)","datum_eroeffnung":"1944-08-15","datum_schliessung":"1945-03-15","open_text":"\"August 26, 1944\"","close_text":"\"Evacuation began March 24, 1945\"","peak_population":795,"haftlinge":"Non Jewish, French POWs","firmen":"","nationen":"Polish","lat":54.3591,"lon":18.6758,"koppermann_naehe":"kontext","quelle":"USHMM Encyclopedia of Camps and Ghettos Vol. 1 / Holocaust Geographies Collaborative (Knowles et al. 2014)"},"geometry":{"type":"Point","coordinates":[18.6758,54.3591]}},{"type":"Feature","properties":{"id":"21-0195-2","name":"Danzig (Schichau-Werft)","hauptlager":"Stutthof","typ":"KZ / Außenlager","func_1":4,"func_1_label":"Rüstung / Munition","func_2":7,"func_2_label":"Ziviler Verteidigungsbau (Bunker, Trümmerräumung)","datum_eroeffnung":"1944-09-15","datum_schliessung":"1945-02-15","open_text":"\"September 13, 1944\"","close_text":"\"Evacuated Febraru 10, 1945\"","peak_population":1600,"haftlinge":"Jewish","firmen":"Schichau- Werf AG Ebling","nationen":"Lithuanian, Latvia, German, Hungarian, Dutch, French","lat":54.3541,"lon":18.492,"koppermann_naehe":"kontext","quelle":"USHMM Encyclopedia of Camps and Ghettos Vol. 1 / Holocaust Geographies Collaborative (Knowles et al. 2014)"},"geometry":{"type":"Point","coordinates":[18.492,54.3541]}},{"type":"Feature","properties":{"id":"21-0196-0","name":"Danzig (Schulemann)","hauptlager":"Stutthof","typ":"KZ / Außenlager","func_1":3,"func_1_label":"Bau (Gebäude, Straßen, Tunnel)","func_2":0,"func_2_label":"Keine bekannte Arbeit","datum_eroeffnung":"1941-07-15","datum_schliessung":"1941-10-15","open_text":"\"July 11, 1941\"","close_text":"\"October 30, 1941\"","peak_population":1,"haftlinge":"","firmen":"","nationen":"","lat":54.352,"lon":18.6466,"koppermann_naehe":"kontext","quelle":"USHMM Encyclopedia of Camps and Ghettos Vol. 1 / Holocaust Geographies Collaborative (Knowles et al. 2014)"},"geometry":{"type":"Point","coordinates":[18.6466,54.352]}},{"type":"Feature","properties":{"id":"21-0197-0","name":"Danzig (SS-Hauptversorgungslager)","hauptlager":"Stutthof","typ":"KZ / Außenlager","func_1":6,"func_1_label":"SS-Lagerbau / Landwirtschaft","func_2":0,"func_2_label":"Keine bekannte Arbeit","datum_eroeffnung":"1940-06-15","datum_schliessung":null,"open_text":"\"First mentioned June 23, 1940\"","close_text":"","peak_population":1,"haftlinge":"","firmen":"SS- Main Supply Depot","nationen":"Polish","lat":54.352,"lon":18.6466,"koppermann_naehe":"kontext","quelle":"USHMM Encyclopedia of Camps and Ghettos Vol. 1 / Holocaust Geographies Collaborative (Knowles et al. 2014)"},"geometry":{"type":"Point","coordinates":[18.6466,54.352]}},{"type":"Feature","properties":{"id":"21-0198-0","name":"Danzig (SS-Oberabschnitt Weichsel)","hauptlager":"Stutthof","typ":"KZ / Außenlager","func_1":6,"func_1_label":"SS-Lagerbau / Landwirtschaft","func_2":0,"func_2_label":"Keine bekannte Arbeit","datum_eroeffnung":"1941-11-15","datum_schliessung":null,"open_text":"\"First mentioned November 10, 1941\"","close_text":"\"Last mentioned September 1943\"","peak_population":2,"haftlinge":"","firmen":"Weichselland","nationen":"","lat":54.352,"lon":18.6466,"koppermann_naehe":"kontext","quelle":"USHMM Encyclopedia of Camps and Ghettos Vol. 1 / Holocaust Geographies Collaborative (Knowles et al. 2014)"},"geometry":{"type":"Point","coordinates":[18.6466,54.352]}},{"type":"Feature","properties":{"id":"21-0208-3","name":"Domachau","hauptlager":"Stutthof","typ":"KZ / Außenlager","func_1":6,"func_1_label":"SS-Lagerbau / Landwirtschaft","func_2":0,"func_2_label":"Keine bekannte Arbeit","datum_eroeffnung":"1940-03-15","datum_schliessung":"1940-08-15","open_text":"\"March 12, 1940\"","close_text":"\"August 29, 1940\"","peak_population":3000,"haftlinge":"Non Jewish, Jewish","firmen":"","nationen":"Polish, Lithuanian","lat":54.2167,"lon":18.4667,"koppermann_naehe":"kontext","quelle":"USHMM Encyclopedia of Camps and Ghettos Vol. 1 / Holocaust Geographies Collaborative (Knowles et al. 2014)"},"geometry":{"type":"Point","coordinates":[18.4667,54.2167]}},{"type":"Feature","properties":{"id":"21-0248-2","name":"Elbing [aka Brückenkopfbau, Stoboi bei Elbing]","hauptlager":"Stutthof","typ":"KZ / Außenlager","func_1":1,"func_1_label":"Unbekannte/unspezifische Arbeit","func_2":0,"func_2_label":"Keine bekannte Arbeit","datum_eroeffnung":"1944-11-15","datum_schliessung":"1945-01-15","open_text":"\"November 20, 1944\"","close_text":"\"Evacuation began January 25, 1945\"","peak_population":1000,"haftlinge":"Jewish","firmen":"","nationen":"","lat":54.1667,"lon":19.3833,"koppermann_naehe":"kontext","quelle":"USHMM Encyclopedia of Camps and Ghettos Vol. 1 / Holocaust Geographies Collaborative (Knowles et al. 2014)"},"geometry":{"type":"Point","coordinates":[19.3833,54.1667]}},{"type":"Feature","properties":{"id":"21-0249-2","name":"Elbing (OT Elbing Complex) [aka Kommando Befehlsstelle Strasburg]","hauptlager":"Stutthof","typ":"KZ / Außenlager","func_1":7,"func_1_label":"Ziviler Verteidigungsbau (Bunker, Trümmerräumung)","func_2":0,"func_2_label":"Keine bekannte Arbeit","datum_eroeffnung":"1944-08-15","datum_schliessung":"1945-01-15","open_text":"\"August 7, 1944\"","close_text":"\"January 17, 1945\"","peak_population":6440,"haftlinge":"Jewish","firmen":"","nationen":"Polish, Lithuanian, Czech, Hungarian","lat":54.1561,"lon":19.4045,"koppermann_naehe":"kontext","quelle":"USHMM Encyclopedia of Camps and Ghettos Vol. 1 / Holocaust Geographies Collaborative (Knowles et al. 2014)"},"geometry":{"type":"Point","coordinates":[19.4045,54.1561]}},{"type":"Feature","properties":{"id":"21-0336-0","name":"Gotenhafen","hauptlager":"Stutthof","typ":"KZ / Außenlager","func_1":6,"func_1_label":"SS-Lagerbau / Landwirtschaft","func_2":7,"func_2_label":"Ziviler Verteidigungsbau (Bunker, Trümmerräumung)","datum_eroeffnung":"1939-09-15","datum_schliessung":"1941-12-15","open_text":"\"First mentioned September 14, 1939\"","close_text":"\"December 3, 1941\"","peak_population":1,"haftlinge":"","firmen":"","nationen":"","lat":54.5,"lon":18.55,"koppermann_naehe":"kontext","quelle":"USHMM Encyclopedia of Camps and Ghettos Vol. 1 / Holocaust Geographies Collaborative (Knowles et al. 2014)"},"geometry":{"type":"Point","coordinates":[18.55,54.5]}},{"type":"Feature","properties":{"id":"22-0535-0","name":"Kuremäe","hauptlager":"Vaivara","typ":"KZ / Außenlager","func_1":1,"func_1_label":"Unbekannte/unspezifische Arbeit","func_2":0,"func_2_label":"Keine bekannte Arbeit","datum_eroeffnung":"1943-11-15","datum_schliessung":"1944-03-15","open_text":"\"First mentioned November 1943\"","close_text":"\"March 1944\"","peak_population":850,"haftlinge":"","firmen":"","nationen":"","lat":59.1167,"lon":23.8,"koppermann_naehe":"kontext","quelle":"USHMM Encyclopedia of Camps and Ghettos Vol. 1 / Holocaust Geographies Collaborative (Knowles et al. 2014)"},"geometry":{"type":"Point","coordinates":[23.8,59.1167]}},{"type":"Feature","properties":{"id":"22-0909-0","name":"Soski","hauptlager":"Vaivara","typ":"KZ / Außenlager","func_1":3,"func_1_label":"Bau (Gebäude, Straßen, Tunnel)","func_2":6,"func_2_label":"SS-Lagerbau / Landwirtschaft","datum_eroeffnung":"1943-10-15","datum_schliessung":"1944-02-15","open_text":"\"First mentioned October 1943\"","close_text":"\"Evacuated about February 3, 1944\"","peak_population":495,"haftlinge":"Jewish","firmen":"","nationen":"","lat":59.1038,"lon":27.6863,"koppermann_naehe":"kontext","quelle":"USHMM Encyclopedia of Camps and Ghettos Vol. 1 / Holocaust Geographies Collaborative (Knowles et al. 2014)"},"geometry":{"type":"Point","coordinates":[27.6863,59.1038]}},{"type":"Feature","properties":{"id":"21-0250-0","name":"Elbing (Schichau Werke)","hauptlager":"Stutthof","typ":"KZ / Außenlager","func_1":4,"func_1_label":"Rüstung / Munition","func_2":6,"func_2_label":"SS-Lagerbau / Landwirtschaft","datum_eroeffnung":"1939-10-15","datum_schliessung":"1942-02-15","open_text":"\"October 1939\"","close_text":"\"February 1942\"","peak_population":400,"haftlinge":"","firmen":"F. Schichau- Werft GmbH Elbing, Gaidies Fritz u. Co. Hoch u.Tiefbaugesellschaft, Philipp Holzmann A.G., Baustelle Schichau Elbing, Carl Stephun, Mech.- u. Drahtseilfabrik Elbing and others","nationen":"Polish, German, Czech, and Russian","lat":54.1561,"lon":19.4045,"koppermann_naehe":"kontext","quelle":"USHMM Encyclopedia of Camps and Ghettos Vol. 1 / Holocaust Geographies Collaborative (Knowles et al. 2014)"},"geometry":{"type":"Point","coordinates":[19.4045,54.1561]}},{"type":"Feature","properties":{"id":"21-0251-0","name":"Elbing (Schichau-Werft)","hauptlager":"Stutthof","typ":"KZ / Außenlager","func_1":4,"func_1_label":"Rüstung / Munition","func_2":0,"func_2_label":"Keine bekannte Arbeit","datum_eroeffnung":"1944-09-15","datum_schliessung":"1945-01-15","open_text":"\"September 20, 1944\"","close_text":"\"January 20, 1945\"","peak_population":1600,"haftlinge":"","firmen":"F. Schichau- Werft GmbH Elbing,","nationen":"Polish, German,Estonian, Latvian, Lithuanian, Russian","lat":54.1561,"lon":19.4045,"koppermann_naehe":"kontext","quelle":"USHMM Encyclopedia of Camps and Ghettos Vol. 1 / Holocaust Geographies Collaborative (Knowles et al. 2014)"},"geometry":{"type":"Point","coordinates":[19.4045,54.1561]}},{"type":"Feature","properties":{"id":"21-0320-3","name":"Gerdauen","hauptlager":"Stutthof","typ":"KZ / Außenlager","func_1":3,"func_1_label":"Bau (Gebäude, Straßen, Tunnel)","func_2":0,"func_2_label":"Keine bekannte Arbeit","datum_eroeffnung":"1944-09-15","datum_schliessung":"1944-12-15","open_text":"\"September 21, 1944\"","close_text":"\"Evacuation began December 1944\"","peak_population":1000,"haftlinge":"","firmen":"","nationen":"Czech, Hungarian","lat":54.3609,"lon":21.3115,"koppermann_naehe":"kontext","quelle":"USHMM Encyclopedia of Camps and Ghettos Vol. 1 / Holocaust Geographies Collaborative (Knowles et al. 2014)"},"geometry":{"type":"Point","coordinates":[21.3115,54.3609]}},{"type":"Feature","properties":{"id":"21-0337-0","name":"Gotenhafen (Deutsche Werke Kiel) [aka Deutsche-Werke Sonderlager]","hauptlager":"Stutthof","typ":"KZ / Außenlager","func_1":4,"func_1_label":"Rüstung / Munition","func_2":7,"func_2_label":"Ziviler Verteidigungsbau (Bunker, Trümmerräumung)","datum_eroeffnung":"1944-10-15","datum_schliessung":"1945-03-15","open_text":"\"October 16, 1944\"","close_text":"\"Evacuated March 25, 1945\"","peak_population":800,"haftlinge":"","firmen":"","nationen":"Polish, Estonian, Latvian, Lithuanian, German, Russian","lat":54.5189,"lon":18.5305,"koppermann_naehe":"kontext","quelle":"USHMM Encyclopedia of Camps and Ghettos Vol. 1 / Holocaust Geographies Collaborative (Knowles et al. 2014)"},"geometry":{"type":"Point","coordinates":[18.5305,54.5189]}},{"type":"Feature","properties":{"id":"21-0348-3","name":"Grenzdorf","hauptlager":"Stutthof","typ":"KZ / Außenlager","func_1":2,"func_1_label":"Baumaterialien (Steinbruch, Ziegelei, Sägewerk)","func_2":11,"func_2_label":"Transport / Verladen","datum_eroeffnung":"1941-03-15","datum_schliessung":"1941-10-15","open_text":"\"March 30, 1941\" Becomes a part of Stutthof","close_text":"\"October 1941\"","peak_population":500,"haftlinge":"Priests, Politicals, POWs, Jewish","firmen":"Grenzdorf B, Wihelm Thiessens Farm, Danzig Senate Roads Administration","nationen":"Polish, Russians","lat":54.1667,"lon":18.45,"koppermann_naehe":"kontext","quelle":"USHMM Encyclopedia of Camps and Ghettos Vol. 1 / Holocaust Geographies Collaborative (Knowles et al. 2014)"},"geometry":{"type":"Point","coordinates":[18.45,54.1667]}},{"type":"Feature","properties":{"id":"21-0352-0","name":"Gross Lesewitz","hauptlager":"Stutthof","typ":"KZ / Außenlager","func_1":6,"func_1_label":"SS-Lagerbau / Landwirtschaft","func_2":0,"func_2_label":"Keine bekannte Arbeit","datum_eroeffnung":"1940-06-15","datum_schliessung":"1944-11-15","open_text":"\"First mentioned early 1940\"","close_text":"\"November 1944\"","peak_population":40,"haftlinge":"","firmen":"","nationen":"","lat":54.0833,"lon":19.0667,"koppermann_naehe":"kontext","quelle":"USHMM Encyclopedia of Camps and Ghettos Vol. 1 / Holocaust Geographies Collaborative (Knowles et al. 2014)"},"geometry":{"type":"Point","coordinates":[19.0667,54.0833]}},{"type":"Feature","properties":{"id":"21-0424-3","name":"Heiligenbeil","hauptlager":"Stutthof","typ":"KZ / Außenlager","func_1":1,"func_1_label":"Unbekannte/unspezifische Arbeit","func_2":0,"func_2_label":"Keine bekannte Arbeit","datum_eroeffnung":"1944-09-15","datum_schliessung":"1945-01-15","open_text":"\"September 21, 1944\"","close_text":"\"Evacuated January 26, 1945\"","peak_population":1157,"haftlinge":"Jewish","firmen":"","nationen":"Hungarian, Polish, German, Lativian","lat":54.465,"lon":19.9415,"koppermann_naehe":"kontext","quelle":"USHMM Encyclopedia of Camps and Ghettos Vol. 1 / Holocaust Geographies Collaborative (Knowles et al. 2014)"},"geometry":{"type":"Point","coordinates":[19.9415,54.465]}},{"type":"Feature","properties":{"id":"21-0455-0","name":"Hopehill [also Reimannsfelde]","hauptlager":"Stutthof","typ":"KZ / Außenlager","func_1":5,"func_1_label":"Nicht-Rüstungsproduktion (Textil, Glas, Lebensmittel)","func_2":0,"func_2_label":"Keine bekannte Arbeit","datum_eroeffnung":"1942-05-15","datum_schliessung":"1945-01-15","open_text":"\"First mentioned May 29, 1942\"","close_text":"\"January 26, 1945\"","peak_population":300,"haftlinge":"Political, Criminals","firmen":"Deutsche Erd- und Steinwerke GMbH","nationen":"German, Croatian, Lithuanian, Polish, Romanain, Slovakian, Hungarian, Estonian, French, Latvian","lat":54.2667,"lon":19.25,"koppermann_naehe":"kontext","quelle":"USHMM Encyclopedia of Camps and Ghettos Vol. 1 / Holocaust Geographies Collaborative (Knowles et al. 2014)"},"geometry":{"type":"Point","coordinates":[19.25,54.2667]}},{"type":"Feature","properties":{"id":"21-0469-3","name":"Jesau","hauptlager":"Stutthof","typ":"KZ / Außenlager","func_1":3,"func_1_label":"Bau (Gebäude, Straßen, Tunnel)","func_2":5,"func_2_label":"Nicht-Rüstungsproduktion (Textil, Glas, Lebensmittel)","datum_eroeffnung":"1944-09-15","datum_schliessung":"1945-01-15","open_text":"\"September 23, 1944\"","close_text":"\"Evacuated January 21, 1945\"","peak_population":1449,"haftlinge":"Jewish","firmen":"Luftwaffe","nationen":"Polish","lat":54.5333,"lon":20.5833,"koppermann_naehe":"kontext","quelle":"USHMM Encyclopedia of Camps and Ghettos Vol. 1 / Holocaust Geographies Collaborative (Knowles et al. 2014)"},"geometry":{"type":"Point","coordinates":[20.5833,54.5333]}},{"type":"Feature","properties":{"id":"21-0480-0","name":"Käsemark","hauptlager":"Stutthof","typ":"KZ / Außenlager","func_1":6,"func_1_label":"SS-Lagerbau / Landwirtschaft","func_2":0,"func_2_label":"Keine bekannte Arbeit","datum_eroeffnung":"1939-10-15","datum_schliessung":"1941-10-15","open_text":"\"October 21, 1939\"","close_text":"\"October 25, 1941\"","peak_population":1,"haftlinge":"","firmen":"Wagner Farm","nationen":"","lat":54.25,"lon":18.9333,"koppermann_naehe":"kontext","quelle":"USHMM Encyclopedia of Camps and Ghettos Vol. 1 / Holocaust Geographies Collaborative (Knowles et al. 2014)"},"geometry":{"type":"Point","coordinates":[18.9333,54.25]}},{"type":"Feature","properties":{"id":"21-0518-0","name":"Königsberg","hauptlager":"Stutthof","typ":"KZ / Außenlager","func_1":5,"func_1_label":"Nicht-Rüstungsproduktion (Textil, Glas, Lebensmittel)","func_2":0,"func_2_label":"Keine bekannte Arbeit","datum_eroeffnung":"1944-08-15","datum_schliessung":"1945-01-15","open_text":"\"August 19, 1944\"","close_text":"\"Evacuated January 26, 1945\"","peak_population":500,"haftlinge":"Jewish","firmen":"Waggonfabrik Steinfurt Konigsberg GmbH","nationen":"","lat":54.7167,"lon":20.5,"koppermann_naehe":"kontext","quelle":"USHMM Encyclopedia of Camps and Ghettos Vol. 1 / Holocaust Geographies Collaborative (Knowles et al. 2014)"},"geometry":{"type":"Point","coordinates":[20.5,54.7167]}},{"type":"Feature","properties":{"id":"21-0556-0","name":"Lauenburg [aka SS-Unterführerschule Lauenburg]","hauptlager":"Stutthof","typ":"KZ / Außenlager","func_1":3,"func_1_label":"Bau (Gebäude, Straßen, Tunnel)","func_2":0,"func_2_label":"Keine bekannte Arbeit","datum_eroeffnung":"1942-04-15","datum_schliessung":"1945-03-15","open_text":"\"April 1, 1942\"","close_text":"","peak_population":114,"haftlinge":"","firmen":"","nationen":"Moslty Russian and Polish","lat":54.6333,"lon":17.75,"koppermann_naehe":"kontext","quelle":"USHMM Encyclopedia of Camps and Ghettos Vol. 1 / Holocaust Geographies Collaborative (Knowles et al. 2014)"},"geometry":{"type":"Point","coordinates":[17.75,54.6333]}},{"type":"Feature","properties":{"id":"21-0576-3","name":"Libau (Heeresgruppe Nord)","hauptlager":"Stutthof","typ":"KZ / Außenlager","func_1":7,"func_1_label":"Ziviler Verteidigungsbau (Bunker, Trümmerräumung)","func_2":0,"func_2_label":"Keine bekannte Arbeit","datum_eroeffnung":"1944-11-15","datum_schliessung":"1945-02-15","open_text":"\"November 1944\"","close_text":"\"February 17, 1945\"","peak_population":227,"haftlinge":"Jewish","firmen":"","nationen":"","lat":56.5167,"lon":21.0167,"koppermann_naehe":"kontext","quelle":"USHMM Encyclopedia of Camps and Ghettos Vol. 1 / Holocaust Geographies Collaborative (Knowles et al. 2014)"},"geometry":{"type":"Point","coordinates":[21.0167,56.5167]}},{"type":"Feature","properties":{"id":"21-0617-0","name":"Danzig-Matzkau","hauptlager":"Stutthof","typ":"KZ / Außenlager","func_1":3,"func_1_label":"Bau (Gebäude, Straßen, Tunnel)","func_2":6,"func_2_label":"SS-Lagerbau / Landwirtschaft","datum_eroeffnung":"1940-02-15","datum_schliessung":"1941-08-15","open_text":"\"February 1940\"","close_text":"\"August 1, 1941\"","peak_population":300,"haftlinge":"","firmen":"SS-Heimwehr Barraks, Romer u. Dehlert Danzig, Unternehmung, Hoch u. Tiefbau","nationen":"Polish","lat":54.3,"lon":18.6,"koppermann_naehe":"kontext","quelle":"USHMM Encyclopedia of Camps and Ghettos Vol. 1 / Holocaust Geographies Collaborative (Knowles et al. 2014)"},"geometry":{"type":"Point","coordinates":[18.6,54.3]}},{"type":"Feature","properties":{"id":"21-0642-0","name":"Müggenhahl","hauptlager":"Stutthof","typ":"KZ / Außenlager","func_1":6,"func_1_label":"SS-Lagerbau / Landwirtschaft","func_2":0,"func_2_label":"Keine bekannte Arbeit","datum_eroeffnung":"1942-07-15","datum_schliessung":"1945-06-15","open_text":"\"July 1942\"","close_text":"\"End of the War\"","peak_population":20,"haftlinge":"","firmen":"Varying Private Firms,","nationen":"","lat":54.2833,"lon":18.7,"koppermann_naehe":"kontext","quelle":"USHMM Encyclopedia of Camps and Ghettos Vol. 1 / Holocaust Geographies Collaborative (Knowles et al. 2014)"},"geometry":{"type":"Point","coordinates":[18.7,54.2833]}},{"type":"Feature","properties":{"id":"21-0716-0","name":"Neuteich","hauptlager":"Stutthof","typ":"KZ / Außenlager","func_1":6,"func_1_label":"SS-Lagerbau / Landwirtschaft","func_2":0,"func_2_label":"Keine bekannte Arbeit","datum_eroeffnung":"1942-01-15","datum_schliessung":"1942-04-15","open_text":"\"January 1942'","close_text":"\"April 1942\"","peak_population":21,"haftlinge":"","firmen":"Nowy Staw Township","nationen":"","lat":54.1333,"lon":19.0167,"koppermann_naehe":"kontext","quelle":"USHMM Encyclopedia of Camps and Ghettos Vol. 1 / Holocaust Geographies Collaborative (Knowles et al. 2014)"},"geometry":{"type":"Point","coordinates":[19.0167,54.1333]}},{"type":"Feature","properties":{"id":"21-0765-0","name":"Pelplin","hauptlager":"Stutthof","typ":"KZ / Außenlager","func_1":3,"func_1_label":"Bau (Gebäude, Straßen, Tunnel)","func_2":0,"func_2_label":"Keine bekannte Arbeit","datum_eroeffnung":"1940-05-15","datum_schliessung":"1940-06-15","open_text":"\"May 15, 1940\"","close_text":"\"June 30, 1940\"","peak_population":24,"haftlinge":"","firmen":"","nationen":"","lat":53.9167,"lon":18.7,"koppermann_naehe":"kontext","quelle":"USHMM Encyclopedia of Camps and Ghettos Vol. 1 / Holocaust Geographies Collaborative (Knowles et al. 2014)"},"geometry":{"type":"Point","coordinates":[18.7,53.9167]}},{"type":"Feature","properties":{"id":"21-0778-0","name":"Pölitz [aka Stettin]","hauptlager":"Stutthof","typ":"KZ / Außenlager","func_1":3,"func_1_label":"Bau (Gebäude, Straßen, Tunnel)","func_2":7,"func_2_label":"Ziviler Verteidigungsbau (Bunker, Trümmerräumung)","datum_eroeffnung":"1944-06-15","datum_schliessung":"1945-04-15","open_text":"\"June 25, 1944\"","close_text":"\"Evacuated April 17, 1945\"","peak_population":2800,"haftlinge":"","firmen":"Hydrierwerke AG, Norddeutsche Mineralolwerke GmbH, Dyckerhoff & Widmann AG Betonwerke Gossebaude, Grun u. Bilfinger, Westermann u. Co.","nationen":"Polish, Russian, Lithuanians, Lativians, Germans, French, Yugoslavian, Greek","lat":53.55,"lon":14.5667,"koppermann_naehe":"kontext","quelle":"USHMM Encyclopedia of Camps and Ghettos Vol. 1 / Holocaust Geographies Collaborative (Knowles et al. 2014)"},"geometry":{"type":"Point","coordinates":[14.5667,53.55]}},{"type":"Feature","properties":{"id":"21-0788-2","name":"Praust (Flugplatz)","hauptlager":"Stutthof","typ":"KZ / Außenlager","func_1":3,"func_1_label":"Bau (Gebäude, Straßen, Tunnel)","func_2":7,"func_2_label":"Ziviler Verteidigungsbau (Bunker, Trümmerräumung)","datum_eroeffnung":"1944-07-15","datum_schliessung":"1945-03-15","open_text":"\"July 7, 1944\"","close_text":"\"Liberated March 23, 1945\"","peak_population":800,"haftlinge":"Jewish","firmen":"Kieferling, Metzger u. Co.","nationen":"Hungarian, Czech, Austrian, German","lat":54.2667,"lon":18.6333,"koppermann_naehe":"kontext","quelle":"USHMM Encyclopedia of Camps and Ghettos Vol. 1 / Holocaust Geographies Collaborative (Knowles et al. 2014)"},"geometry":{"type":"Point","coordinates":[18.6333,54.2667]}},{"type":"Feature","properties":{"id":"21-0792-0","name":"Preussisch Stargard","hauptlager":"Stutthof","typ":"KZ / Außenlager","func_1":3,"func_1_label":"Bau (Gebäude, Straßen, Tunnel)","func_2":0,"func_2_label":"Keine bekannte Arbeit","datum_eroeffnung":"1942-03-15","datum_schliessung":"1942-10-15","open_text":"\"March 1942\"","close_text":"\"October 1942\"","peak_population":150,"haftlinge":"","firmen":"Unknown Construction Company","nationen":"","lat":53.9667,"lon":18.55,"koppermann_naehe":"kontext","quelle":"USHMM Encyclopedia of Camps and Ghettos Vol. 1 / Holocaust Geographies Collaborative (Knowles et al. 2014)"},"geometry":{"type":"Point","coordinates":[18.55,53.9667]}},{"type":"Feature","properties":{"id":"21-0793-0","name":"Pröbbernau","hauptlager":"Stutthof","typ":"KZ / Außenlager","func_1":3,"func_1_label":"Bau (Gebäude, Straßen, Tunnel)","func_2":0,"func_2_label":"Keine bekannte Arbeit","datum_eroeffnung":"1939-10-15","datum_schliessung":"1940-12-15","open_text":"\"First mentioned October 31, 1939\"","close_text":"\"December 19, 1940\"","peak_population":250,"haftlinge":"","firmen":"Elblag Company","nationen":"","lat":54.3667,"lon":19.3667,"koppermann_naehe":"kontext","quelle":"USHMM Encyclopedia of Camps and Ghettos Vol. 1 / Holocaust Geographies Collaborative (Knowles et al. 2014)"},"geometry":{"type":"Point","coordinates":[19.3667,54.3667]}},{"type":"Feature","properties":{"id":"21-0842-0","name":"Rosenberg","hauptlager":"Stutthof","typ":"KZ / Außenlager","func_1":2,"func_1_label":"Baumaterialien (Steinbruch, Ziegelei, Sägewerk)","func_2":0,"func_2_label":"Keine bekannte Arbeit","datum_eroeffnung":"1944-08-15","datum_schliessung":"1945-01-15","open_text":"\"August 1944\"","close_text":"\"January 19, 1945\"","peak_population":10,"haftlinge":"English POWs","firmen":"Sawmill in Susz","nationen":"Danish, English","lat":53.7167,"lon":19.35,"koppermann_naehe":"kontext","quelle":"USHMM Encyclopedia of Camps and Ghettos Vol. 1 / Holocaust Geographies Collaborative (Knowles et al. 2014)"},"geometry":{"type":"Point","coordinates":[19.35,53.7167]}},{"type":"Feature","properties":{"id":"21-0852-2","name":"Russoschin [aka Reichsbahn Russoschin]","hauptlager":"Stutthof","typ":"KZ / Außenlager","func_1":6,"func_1_label":"SS-Lagerbau / Landwirtschaft","func_2":7,"func_2_label":"Ziviler Verteidigungsbau (Bunker, Trümmerräumung)","datum_eroeffnung":"1944-09-15","datum_schliessung":"1945-02-15","open_text":"\"September 13, 1944\"","close_text":"\"February 12, 1945\"","peak_population":300,"haftlinge":"","firmen":"National Railroad","nationen":"Hungarian, German","lat":54.2333,"lon":18.6333,"koppermann_naehe":"kontext","quelle":"USHMM Encyclopedia of Camps and Ghettos Vol. 1 / Holocaust Geographies Collaborative (Knowles et al. 2014)"},"geometry":{"type":"Point","coordinates":[18.6333,54.2333]}},{"type":"Feature","properties":{"id":"21-0870-3","name":"Schippenbeil","hauptlager":"Stutthof","typ":"KZ / Außenlager","func_1":6,"func_1_label":"SS-Lagerbau / Landwirtschaft","func_2":0,"func_2_label":"Keine bekannte Arbeit","datum_eroeffnung":"1944-09-15","datum_schliessung":"1945-01-15","open_text":"\"September 21, 1944\"","close_text":"\"Evacuation began the night of January 21-22\"","peak_population":1250,"haftlinge":"Jewish","firmen":"Luftwaffe","nationen":"Hungarian, Polish, Austrian","lat":54.2667,"lon":21.0167,"koppermann_naehe":"kontext","quelle":"USHMM Encyclopedia of Camps and Ghettos Vol. 1 / Holocaust Geographies Collaborative (Knowles et al. 2014)"},"geometry":{"type":"Point","coordinates":[21.0167,54.2667]}},{"type":"Feature","properties":{"id":"21-0889-0","name":"Schönwarling","hauptlager":"Stutthof","typ":"KZ / Außenlager","func_1":2,"func_1_label":"Baumaterialien (Steinbruch, Ziegelei, Sägewerk)","func_2":0,"func_2_label":"Keine bekannte Arbeit","datum_eroeffnung":"1941-02-15","datum_schliessung":"1944-08-15","open_text":"\"February 2, 1941\"","close_text":"\"August 1944\"","peak_population":50,"haftlinge":"","firmen":"Dehlert Company","nationen":"","lat":54.2,"lon":18.6833,"koppermann_naehe":"kontext","quelle":"USHMM Encyclopedia of Camps and Ghettos Vol. 1 / Holocaust Geographies Collaborative (Knowles et al. 2014)"},"geometry":{"type":"Point","coordinates":[18.6833,54.2]}},{"type":"Feature","properties":{"id":"21-0895-3","name":"Seerappen","hauptlager":"Stutthof","typ":"KZ / Außenlager","func_1":3,"func_1_label":"Bau (Gebäude, Straßen, Tunnel)","func_2":7,"func_2_label":"Ziviler Verteidigungsbau (Bunker, Trümmerräumung)","datum_eroeffnung":"1944-09-15","datum_schliessung":"1945-01-15","open_text":"\"September 21,1944\"","close_text":"\"Evacuated January 20, 1945\"","peak_population":1009,"haftlinge":"Jewish","firmen":"Luftwaffe","nationen":"Hungarian, Polish, Slovakian","lat":54.7333,"lon":20.2833,"koppermann_naehe":"kontext","quelle":"USHMM Encyclopedia of Camps and Ghettos Vol. 1 / Holocaust Geographies Collaborative (Knowles et al. 2014)"},"geometry":{"type":"Point","coordinates":[20.2833,54.7333]}},{"type":"Feature","properties":{"id":"21-0926-3","name":"Steegen","hauptlager":"Stutthof","typ":"KZ / Außenlager","func_1":2,"func_1_label":"Baumaterialien (Steinbruch, Ziegelei, Sägewerk)","func_2":0,"func_2_label":"Keine bekannte Arbeit","datum_eroeffnung":"1942-10-15","datum_schliessung":null,"open_text":"\"October 1942\"","close_text":"","peak_population":30,"haftlinge":"","firmen":"Steegen Forest Management Agency, Unterdeichverband","nationen":"","lat":53.3167,"lon":19.1,"koppermann_naehe":"kontext","quelle":"USHMM Encyclopedia of Camps and Ghettos Vol. 1 / Holocaust Geographies Collaborative (Knowles et al. 2014)"},"geometry":{"type":"Point","coordinates":[19.1,53.3167]}},{"type":"Feature","properties":{"id":"21-0935-3","name":"Stolp","hauptlager":"Stutthof","typ":"KZ / Außenlager","func_1":7,"func_1_label":"Ziviler Verteidigungsbau (Bunker, Trümmerräumung)","func_2":0,"func_2_label":"Keine bekannte Arbeit","datum_eroeffnung":"1944-08-15","datum_schliessung":"1945-06-15","open_text":"\"August 26, 1944\"","close_text":"\"Evacuation began late February 1945\"","peak_population":659,"haftlinge":"Jewish","firmen":"Stolp Rolling Stock Repair Works","nationen":"Mostly Estonian, and Lithaunian, others Austrian, Czech, Hungarian, Polish, German,","lat":54.45,"lon":17.0333,"koppermann_naehe":"kontext","quelle":"USHMM Encyclopedia of Camps and Ghettos Vol. 1 / Holocaust Geographies Collaborative (Knowles et al. 2014)"},"geometry":{"type":"Point","coordinates":[17.0333,54.45]}},{"type":"Feature","properties":{"id":"21-0939-3","name":"Stutthof","hauptlager":"Stutthof","typ":"KZ / Außenlager","func_1":6,"func_1_label":"SS-Lagerbau / Landwirtschaft","func_2":5,"func_2_label":"Nicht-Rüstungsproduktion (Textil, Glas, Lebensmittel)","datum_eroeffnung":"1939-09-15","datum_schliessung":"1945-01-15","open_text":"\"September 2, 1939\"","close_text":"","peak_population":11000,"haftlinge":"Jewish, Polish, Political, Russian, Asocials, Criminals, Homosexuals, Gypsies, Priests, Jehovah's Witnesses and all other nazi oppostition","firmen":"","nationen":"Varying European Nationalities, Polish, French, Russian, German, Dutch, Latvian, Lithuanian, Hungarian, Czech, Estonian, Yugoslavian etc.","lat":54.3268,"lon":19.1691,"koppermann_naehe":"kontext","quelle":"USHMM Encyclopedia of Camps and Ghettos Vol. 1 / Holocaust Geographies Collaborative (Knowles et al. 2014)"},"geometry":{"type":"Point","coordinates":[19.1691,54.3268]}},{"type":"Feature","properties":{"id":"21-0952-2","name":"Thorn (OT) (with subcommands) [aka Baukommando \"Weichsel\"]","hauptlager":"Stutthof","typ":"KZ / Außenlager","func_1":7,"func_1_label":"Ziviler Verteidigungsbau (Bunker, Trümmerräumung)","func_2":0,"func_2_label":"Keine bekannte Arbeit","datum_eroeffnung":"1944-08-15","datum_schliessung":"1945-01-15","open_text":"\"August 24, 1944\"","close_text":"\"Evacuated January 24, 1945\"","peak_population":3225,"haftlinge":"Jewish","firmen":"","nationen":"Hungarian, Bohemian, Lithuanian, Latvian, German, Romanian, Slovakian, Polish","lat":53.0333,"lon":18.6,"koppermann_naehe":"kontext","quelle":"USHMM Encyclopedia of Camps and Ghettos Vol. 1 / Holocaust Geographies Collaborative (Knowles et al. 2014)"},"geometry":{"type":"Point","coordinates":[18.6,53.0333]}},{"type":"Feature","properties":{"id":"25-0640-0","name":"Youth Protection Camp Moringen","hauptlager":"Youth Camp","typ":"Jugendlager","func_1":6,"func_1_label":"SS-Lagerbau / Landwirtschaft","func_2":4,"func_2_label":"Rüstung / Munition","datum_eroeffnung":"1940-08-15","datum_schliessung":"1945-04-15","open_text":"\"August 1940\"","close_text":"\"Liberated April 9, 1945\"","peak_population":1,"haftlinge":"","firmen":"","nationen":"","lat":51.699263,"lon":9.869135,"koppermann_naehe":"kontext","quelle":"USHMM Encyclopedia of Camps and Ghettos Vol. 1 / Holocaust Geographies Collaborative (Knowles et al. 2014)"},"geometry":{"type":"Point","coordinates":[9.869135,51.699263]}},{"type":"Feature","properties":{"id":"25-0974-0","name":"Youth Protection Camp Uckermark","hauptlager":"Youth Camp","typ":"Jugendlager","func_1":6,"func_1_label":"SS-Lagerbau / Landwirtschaft","func_2":4,"func_2_label":"Rüstung / Munition","datum_eroeffnung":"1942-06-15","datum_schliessung":"1945-04-15","open_text":"\"June 1942\"","close_text":"\"Liberated April 30, 1945\"","peak_population":1200,"haftlinge":"","firmen":"","nationen":"","lat":53.1833,"lon":12.15,"koppermann_naehe":"kontext","quelle":"USHMM Encyclopedia of Camps and Ghettos Vol. 1 / Holocaust Geographies Collaborative (Knowles et al. 2014)"},"geometry":{"type":"Point","coordinates":[12.15,53.1833]}},{"type":"Feature","properties":{"id":"21-0953-0","name":"Thorn (SS-Neubauleitung) (first)","hauptlager":"Stutthof","typ":"KZ / Außenlager","func_1":3,"func_1_label":"Bau (Gebäude, Straßen, Tunnel)","func_2":0,"func_2_label":"Keine bekannte Arbeit","datum_eroeffnung":"1940-07-15","datum_schliessung":"1940-12-15","open_text":"\"July 23, 1940\" 1st camp, \"February 8, 1941\" 2nd camp","close_text":"\"December 18, 1940\" 1st camp, \"April 12, 1941\" 2nd camp","peak_population":3,"haftlinge":"","firmen":"TWL-Thorn","nationen":"Polish","lat":53.0138,"lon":18.5984,"koppermann_naehe":"kontext","quelle":"USHMM Encyclopedia of Camps and Ghettos Vol. 1 / Holocaust Geographies Collaborative (Knowles et al. 2014)"},"geometry":{"type":"Point","coordinates":[18.5984,53.0138]}},{"type":"Feature","properties":{"id":"21-0953-0","name":"Thorn (SS-Neubauleitung) (second)","hauptlager":"Stutthof","typ":"KZ / Außenlager","func_1":3,"func_1_label":"Bau (Gebäude, Straßen, Tunnel)","func_2":0,"func_2_label":"Keine bekannte Arbeit","datum_eroeffnung":"1941-02-15","datum_schliessung":"1941-04-15","open_text":"\"July 23, 1940\" 1st camp, \"February 8, 1941\" 2nd camp","close_text":"\"December 18, 1940\" 1st camp, \"April 12, 1941\" 2nd camp","peak_population":1,"haftlinge":"","firmen":"TWL-Thorn","nationen":"Polish","lat":53.01379,"lon":18.598444,"koppermann_naehe":"kontext","quelle":"USHMM Encyclopedia of Camps and Ghettos Vol. 1 / Holocaust Geographies Collaborative (Knowles et al. 2014)"},"geometry":{"type":"Point","coordinates":[18.598444,53.01379]}},{"type":"Feature","properties":{"id":"21-0954-2","name":"Thorn-Winkenau (AEG)","hauptlager":"Stutthof","typ":"KZ / Außenlager","func_1":4,"func_1_label":"Rüstung / Munition","func_2":6,"func_2_label":"SS-Lagerbau / Landwirtschaft","datum_eroeffnung":"1944-08-15","datum_schliessung":"1945-01-15","open_text":"\"Between August 9 and 12, 1944\"","close_text":"","peak_population":700,"haftlinge":"Jewish","firmen":"Allgemeine Elektrizitats Gellschaft","nationen":"Hungarian","lat":53.0138,"lon":18.5984,"koppermann_naehe":"kontext","quelle":"USHMM Encyclopedia of Camps and Ghettos Vol. 1 / Holocaust Geographies Collaborative (Knowles et al. 2014)"},"geometry":{"type":"Point","coordinates":[18.5984,53.0138]}},{"type":"Feature","properties":{"id":"21-0969-0","name":"Trutenau","hauptlager":"Stutthof","typ":"KZ / Außenlager","func_1":6,"func_1_label":"SS-Lagerbau / Landwirtschaft","func_2":0,"func_2_label":"Keine bekannte Arbeit","datum_eroeffnung":"1940-04-15","datum_schliessung":"1940-07-15","open_text":"\"April 10, 1940\"","close_text":"\"July 19, 1940\"","peak_population":1,"haftlinge":"","firmen":"Worked at a Farm someone named Behrendt","nationen":"","lat":54.25,"lon":18.8167,"koppermann_naehe":"kontext","quelle":"USHMM Encyclopedia of Camps and Ghettos Vol. 1 / Holocaust Geographies Collaborative (Knowles et al. 2014)"},"geometry":{"type":"Point","coordinates":[18.8167,54.25]}},{"type":"Feature","properties":{"id":"21-1020-0","name":"Wesslinken (first)","hauptlager":"Stutthof","typ":"KZ / Außenlager","func_1":3,"func_1_label":"Bau (Gebäude, Straßen, Tunnel)","func_2":0,"func_2_label":"Keine bekannte Arbeit","datum_eroeffnung":"1940-05-15","datum_schliessung":"1940-12-15","open_text":"\"May 29, 1940\" 1st camp, \"March 10, 1943\" 2nd camp","close_text":"\"December 15, 1940\" 1st camp, unknown- 2nd camp","peak_population":200,"haftlinge":"","firmen":"","nationen":"","lat":54.3333,"lon":18.8167,"koppermann_naehe":"kontext","quelle":"USHMM Encyclopedia of Camps and Ghettos Vol. 1 / Holocaust Geographies Collaborative (Knowles et al. 2014)"},"geometry":{"type":"Point","coordinates":[18.8167,54.3333]}},{"type":"Feature","properties":{"id":"21-1020-0","name":"Wesslinken (second)","hauptlager":"Stutthof","typ":"KZ / Außenlager","func_1":3,"func_1_label":"Bau (Gebäude, Straßen, Tunnel)","func_2":0,"func_2_label":"Keine bekannte Arbeit","datum_eroeffnung":"1943-03-15","datum_schliessung":null,"open_text":"\"May 29, 1940\" 1st camp, \"March 10, 1943\" 2nd camp","close_text":"\"December 15, 1940\" 1st camp, unknown- 2nd camp","peak_population":200,"haftlinge":"","firmen":"","nationen":"","lat":54.335039,"lon":18.794036,"koppermann_naehe":"kontext","quelle":"USHMM Encyclopedia of Camps and Ghettos Vol. 1 / Holocaust Geographies Collaborative (Knowles et al. 2014)"},"geometry":{"type":"Point","coordinates":[18.794036,54.335039]}},{"type":"Feature","properties":{"id":"21-1057-0","name":"Zeyersniederkampen","hauptlager":"Stutthof","typ":"KZ / Außenlager","func_1":3,"func_1_label":"Bau (Gebäude, Straßen, Tunnel)","func_2":6,"func_2_label":"SS-Lagerbau / Landwirtschaft","datum_eroeffnung":"1939-11-15","datum_schliessung":"1941-03-15","open_text":"\" November 8/9, 1939\"","close_text":"\"March 29, 1941\"","peak_population":160,"haftlinge":"","firmen":"Deichverband Des Kreises Elbing","nationen":"","lat":54.25,"lon":19.3167,"koppermann_naehe":"kontext","quelle":"USHMM Encyclopedia of Camps and Ghettos Vol. 1 / Holocaust Geographies Collaborative (Knowles et al. 2014)"},"geometry":{"type":"Point","coordinates":[19.3167,54.25]}},{"type":"Feature","properties":{"id":"21-1058-0","name":"Zeyersvorderkampen (both)","hauptlager":"Stutthof","typ":"KZ / Außenlager","func_1":6,"func_1_label":"SS-Lagerbau / Landwirtschaft","func_2":0,"func_2_label":"Keine bekannte Arbeit","datum_eroeffnung":"1939-11-15","datum_schliessung":"1940-06-15","open_text":"\"November 25, 1939\" 1st camp, \"September 26, 1944'\" 2nd camp","close_text":"\"June 10, 1940\" 1st camp \"November 1944\"-2nd camp","peak_population":1,"haftlinge":"","firmen":"Worked for a Farmer named Fast- 1st camp,","nationen":"","lat":54.25,"lon":19.2833,"koppermann_naehe":"kontext","quelle":"USHMM Encyclopedia of Camps and Ghettos Vol. 1 / Holocaust Geographies Collaborative (Knowles et al. 2014)"},"geometry":{"type":"Point","coordinates":[19.2833,54.25]}},{"type":"Feature","properties":{"id":"21-1058-0","name":"Zeyersvorderkampen (women)","hauptlager":"Stutthof","typ":"KZ / Außenlager","func_1":6,"func_1_label":"SS-Lagerbau / Landwirtschaft","func_2":0,"func_2_label":"Keine bekannte Arbeit","datum_eroeffnung":"1944-09-15","datum_schliessung":"1944-11-15","open_text":"\"November 25, 1939\" 1st camp, \"September 26, 1944'\" 2nd camp","close_text":"\"June 10, 1940\" 1st camp \"November 1944\"-2nd camp","peak_population":1,"haftlinge":"Jewish - 2nd camp","firmen":"Worked for a Farmer named Fast- 1st camp,","nationen":"","lat":54.227107,"lon":19.273524,"koppermann_naehe":"kontext","quelle":"USHMM Encyclopedia of Camps and Ghettos Vol. 1 / Holocaust Geographies Collaborative (Knowles et al. 2014)"},"geometry":{"type":"Point","coordinates":[19.273524,54.227107]}},{"type":"Feature","properties":{"id":"22-0025-0","name":"Aseri [aka OT Ostländer Lager]","hauptlager":"Vaivara","typ":"KZ / Außenlager","func_1":2,"func_1_label":"Baumaterialien (Steinbruch, Ziegelei, Sägewerk)","func_2":7,"func_2_label":"Ziviler Verteidigungsbau (Bunker, Trümmerräumung)","datum_eroeffnung":"1944-05-15","datum_schliessung":"1944-06-15","open_text":"\"May 8, 1944\"","close_text":"\"Summer 1944\"","peak_population":225,"haftlinge":"Jewish","firmen":"","nationen":"","lat":59.45,"lon":26.8667,"koppermann_naehe":"kontext","quelle":"USHMM Encyclopedia of Camps and Ghettos Vol. 1 / Holocaust Geographies Collaborative (Knowles et al. 2014)"},"geometry":{"type":"Point","coordinates":[26.8667,59.45]}},{"type":"Feature","properties":{"id":"22-0035-0","name":"Auvere","hauptlager":"Vaivara","typ":"KZ / Außenlager","func_1":3,"func_1_label":"Bau (Gebäude, Straßen, Tunnel)","func_2":7,"func_2_label":"Ziviler Verteidigungsbau (Bunker, Trümmerräumung)","datum_eroeffnung":"1943-06-15","datum_schliessung":"1944-02-15","open_text":"\"Fall 1943\"","close_text":"\"February 4, 1944\"","peak_population":542,"haftlinge":"","firmen":"","nationen":"Estonian","lat":59.3456,"lon":27.9374,"koppermann_naehe":"kontext","quelle":"USHMM Encyclopedia of Camps and Ghettos Vol. 1 / Holocaust Geographies Collaborative (Knowles et al. 2014)"},"geometry":{"type":"Point","coordinates":[27.9374,59.3456]}},{"type":"Feature","properties":{"id":"22-0262-2","name":"Ereda","hauptlager":"Vaivara","typ":"KZ / Außenlager","func_1":3,"func_1_label":"Bau (Gebäude, Straßen, Tunnel)","func_2":0,"func_2_label":"Keine bekannte Arbeit","datum_eroeffnung":"1943-10-15","datum_schliessung":"1944-07-15","open_text":"\"October 1943\"","close_text":"\"July 1944\"","peak_population":1907,"haftlinge":"Jewish","firmen":"Baltol","nationen":"Estonian,Hungarian","lat":59.3167,"lon":27.25,"koppermann_naehe":"kontext","quelle":"USHMM Encyclopedia of Camps and Ghettos Vol. 1 / Holocaust Geographies Collaborative (Knowles et al. 2014)"},"geometry":{"type":"Point","coordinates":[27.25,59.3167]}},{"type":"Feature","properties":{"id":"22-0332-0","name":"Goldfields (\"Goldfeld\")","hauptlager":"Vaivara","typ":"KZ / Außenlager","func_1":3,"func_1_label":"Bau (Gebäude, Straßen, Tunnel)","func_2":0,"func_2_label":"Keine bekannte Arbeit","datum_eroeffnung":"1944-02-15","datum_schliessung":null,"open_text":"\"February 1944\"","close_text":"","peak_population":1543,"haftlinge":"Jewish","firmen":"Goldfields","nationen":"","lat":59.35,"lon":26.35,"koppermann_naehe":"kontext","quelle":"USHMM Encyclopedia of Camps and Ghettos Vol. 1 / Holocaust Geographies Collaborative (Knowles et al. 2014)"},"geometry":{"type":"Point","coordinates":[26.35,59.35]}},{"type":"Feature","properties":{"id":"22-0471-2","name":"Jõhvi (Jewe)","hauptlager":"Vaivara","typ":"KZ / Außenlager","func_1":7,"func_1_label":"Ziviler Verteidigungsbau (Bunker, Trümmerräumung)","func_2":3,"func_2_label":"Bau (Gebäude, Straßen, Tunnel)","datum_eroeffnung":"1943-10-15","datum_schliessung":"1943-12-15","open_text":"\"October 1943\"1st time, opens again for a short time in \"February 1944\"","close_text":"\"December 1943\"","peak_population":264,"haftlinge":"Jewish","firmen":"","nationen":"","lat":59.3667,"lon":27.45,"koppermann_naehe":"kontext","quelle":"USHMM Encyclopedia of Camps and Ghettos Vol. 1 / Holocaust Geographies Collaborative (Knowles et al. 2014)"},"geometry":{"type":"Point","coordinates":[27.45,59.3667]}},{"type":"Feature","properties":{"id":"22-0493-0","name":"Kerstowa and Putki","hauptlager":"Vaivara","typ":"KZ / Außenlager","func_1":1,"func_1_label":"Unbekannte/unspezifische Arbeit","func_2":0,"func_2_label":"Keine bekannte Arbeit","datum_eroeffnung":"1943-10-15","datum_schliessung":"1943-11-15","open_text":"\"October 1943\"","close_text":"\"November 1943\"","peak_population":348,"haftlinge":"","firmen":"","nationen":"","lat":57.9833,"lon":26.95,"koppermann_naehe":"kontext","quelle":"USHMM Encyclopedia of Camps and Ghettos Vol. 1 / Holocaust Geographies Collaborative (Knowles et al. 2014)"},"geometry":{"type":"Point","coordinates":[26.95,57.9833]}},{"type":"Feature","properties":{"id":"22-0500-0","name":"Kiviõli I and II","hauptlager":"Vaivara","typ":"KZ / Außenlager","func_1":3,"func_1_label":"Bau (Gebäude, Straßen, Tunnel)","func_2":0,"func_2_label":"Keine bekannte Arbeit","datum_eroeffnung":"1943-10-15","datum_schliessung":null,"open_text":"\"October 1943\"","close_text":"","peak_population":1689,"haftlinge":"Jewish","firmen":"Baltol","nationen":"","lat":59.3833,"lon":26.9667,"koppermann_naehe":"kontext","quelle":"USHMM Encyclopedia of Camps and Ghettos Vol. 1 / Holocaust Geographies Collaborative (Knowles et al. 2014)"},"geometry":{"type":"Point","coordinates":[26.9667,59.3833]}},{"type":"Feature","properties":{"id":"22-0505-2","name":"Klooga","hauptlager":"Vaivara","typ":"KZ / Außenlager","func_1":5,"func_1_label":"Nicht-Rüstungsproduktion (Textil, Glas, Lebensmittel)","func_2":2,"func_2_label":"Baumaterialien (Steinbruch, Ziegelei, Sägewerk)","datum_eroeffnung":"1943-10-15","datum_schliessung":"1944-09-15","open_text":"\"First mentioned October 1943\"","close_text":"\"September 19, 1944\"","peak_population":2122,"haftlinge":"Jewish","firmen":"","nationen":"Lithuanian","lat":59.3197,"lon":24.2112,"koppermann_naehe":"kontext","quelle":"USHMM Encyclopedia of Camps and Ghettos Vol. 1 / Holocaust Geographies Collaborative (Knowles et al. 2014)"},"geometry":{"type":"Point","coordinates":[24.2112,59.3197]}},{"type":"Feature","properties":{"id":"22-0539-0","name":"Lagedi","hauptlager":"Vaivara","typ":"KZ / Außenlager","func_1":3,"func_1_label":"Bau (Gebäude, Straßen, Tunnel)","func_2":7,"func_2_label":"Ziviler Verteidigungsbau (Bunker, Trümmerräumung)","datum_eroeffnung":"1944-07-15","datum_schliessung":"1944-09-15","open_text":"\"July 1944\"","close_text":"\"September 1944\"","peak_population":80,"haftlinge":"","firmen":"","nationen":"","lat":59.4,"lon":24.9333,"koppermann_naehe":"kontext","quelle":"USHMM Encyclopedia of Camps and Ghettos Vol. 1 / Holocaust Geographies Collaborative (Knowles et al. 2014)"},"geometry":{"type":"Point","coordinates":[24.9333,59.4]}},{"type":"Feature","properties":{"id":"22-0686-3","name":"Narva [aka Narva-Ost] (and Hungerburg)","hauptlager":"Vaivara","typ":"KZ / Außenlager","func_1":7,"func_1_label":"Ziviler Verteidigungsbau (Bunker, Trümmerräumung)","func_2":3,"func_2_label":"Bau (Gebäude, Straßen, Tunnel)","datum_eroeffnung":"1943-06-15","datum_schliessung":"1944-02-15","open_text":"\"Fall 1943\"","close_text":"\"February 1944\"","peak_population":1693,"haftlinge":"Jewish","firmen":"","nationen":"","lat":59.3833,"lon":28.2,"koppermann_naehe":"kontext","quelle":"USHMM Encyclopedia of Camps and Ghettos Vol. 1 / Holocaust Geographies Collaborative (Knowles et al. 2014)"},"geometry":{"type":"Point","coordinates":[28.2,59.3833]}},{"type":"Feature","properties":{"id":"22-0758-0","name":"Petseri, Ülenurme, Kulupe","hauptlager":"Vaivara","typ":"KZ / Außenlager","func_1":3,"func_1_label":"Bau (Gebäude, Straßen, Tunnel)","func_2":0,"func_2_label":"Keine bekannte Arbeit","datum_eroeffnung":"1944-01-15","datum_schliessung":"1944-03-15","open_text":"\"First mentioned Jaunary 1944\"","close_text":"\"March 1944\"","peak_population":1,"haftlinge":"","firmen":"","nationen":"","lat":58.3156,"lon":26.724,"koppermann_naehe":"kontext","quelle":"USHMM Encyclopedia of Camps and Ghettos Vol. 1 / Holocaust Geographies Collaborative (Knowles et al. 2014)"},"geometry":{"type":"Point","coordinates":[26.724,58.3156]}},{"type":"Feature","properties":{"id":"22-0782-0","name":"Port Kunda (Jews)","hauptlager":"Vaivara","typ":"KZ / Außenlager","func_1":2,"func_1_label":"Baumaterialien (Steinbruch, Ziegelei, Sägewerk)","func_2":9,"func_2_label":"Öl- und Kohleproduktion","datum_eroeffnung":"1943-10-15","datum_schliessung":"1944-06-15","open_text":"\"October 1943\"","close_text":"\"Summer 1944\"","peak_population":0,"haftlinge":"Jewish","firmen":"","nationen":"","lat":59.45642,"lon":26.490633,"koppermann_naehe":"kontext","quelle":"USHMM Encyclopedia of Camps and Ghettos Vol. 1 / Holocaust Geographies Collaborative (Knowles et al. 2014)"},"geometry":{"type":"Point","coordinates":[26.490633,59.45642]}},{"type":"Feature","properties":{"id":"22-0784-3","name":"Port Kunda (Gypsies)","hauptlager":"Vaivara","typ":"KZ / Außenlager","func_1":5,"func_1_label":"Nicht-Rüstungsproduktion (Textil, Glas, Lebensmittel)","func_2":9,"func_2_label":"Öl- und Kohleproduktion","datum_eroeffnung":"1943-06-15","datum_schliessung":"1944-07-15","open_text":"\"Fall 1943\"","close_text":"\"July or August 1944\"","peak_population":1200,"haftlinge":"Jewish, Roma","firmen":"Port Kunda Cement, FL Smidth & Co.","nationen":"","lat":59.4984,"lon":26.526,"koppermann_naehe":"kontext","quelle":"USHMM Encyclopedia of Camps and Ghettos Vol. 1 / Holocaust Geographies Collaborative (Knowles et al. 2014)"},"geometry":{"type":"Point","coordinates":[26.526,59.4984]}},{"type":"Feature","properties":{"id":"22-0906-0","name":"Sonda","hauptlager":"Vaivara","typ":"KZ / Außenlager","func_1":6,"func_1_label":"SS-Lagerbau / Landwirtschaft","func_2":0,"func_2_label":"Keine bekannte Arbeit","datum_eroeffnung":"1944-02-15","datum_schliessung":null,"open_text":"\"Februay 20-22, 1944\"","close_text":"","peak_population":293,"haftlinge":"","firmen":"","nationen":"","lat":59.3434,"lon":26.8363,"koppermann_naehe":"kontext","quelle":"USHMM Encyclopedia of Camps and Ghettos Vol. 1 / Holocaust Geographies Collaborative (Knowles et al. 2014)"},"geometry":{"type":"Point","coordinates":[26.8363,59.3434]}},{"type":"Feature","properties":{"id":"22-0986-3","name":"Vaivara","hauptlager":"Vaivara","typ":"KZ / Außenlager","func_1":1,"func_1_label":"Unbekannte/unspezifische Arbeit","func_2":0,"func_2_label":"Keine bekannte Arbeit","datum_eroeffnung":"1943-09-15","datum_schliessung":null,"open_text":"\"September 19, 1943\"","close_text":"","peak_population":1292,"haftlinge":"Jewish, Roma, POWs","firmen":"Baltische Ol GmbH (Baltöl), OT","nationen":"Baltic Jews from Vilnius and Kaunas ghettos, and some Czech and German","lat":59.3667,"lon":27.75,"koppermann_naehe":"kontext","quelle":"USHMM Encyclopedia of Camps and Ghettos Vol. 1 / Holocaust Geographies Collaborative (Knowles et al. 2014)"},"geometry":{"type":"Point","coordinates":[27.75,59.3667]}},{"type":"Feature","properties":{"id":"22-0996-0","name":"Vivikonna I","hauptlager":"Vaivara","typ":"KZ / Außenlager","func_1":9,"func_1_label":"Öl- und Kohleproduktion","func_2":3,"func_2_label":"Bau (Gebäude, Straßen, Tunnel)","datum_eroeffnung":null,"datum_schliessung":"1943-10-15","open_text":"\"October 1943\"","close_text":"\"October 1943\"","peak_population":1300,"haftlinge":"Jewish","firmen":"Baltische Ol GmbH  (Baltöl)","nationen":"","lat":59.338,"lon":27.6746,"koppermann_naehe":"kontext","quelle":"USHMM Encyclopedia of Camps and Ghettos Vol. 1 / Holocaust Geographies Collaborative (Knowles et al. 2014)"},"geometry":{"type":"Point","coordinates":[27.6746,59.338]}},{"type":"Feature","properties":{"id":"23-1004-0","name":"Warschau","hauptlager":"Warschau","typ":"KZ / Außenlager","func_1":6,"func_1_label":"SS-Lagerbau / Landwirtschaft","func_2":0,"func_2_label":"Keine bekannte Arbeit","datum_eroeffnung":"1943-06-15","datum_schliessung":"1944-07-15","open_text":"\"Summer 1943\"","close_text":"\"July 1944\"","peak_population":5000,"haftlinge":"Political, Career Criminals, Jewish","firmen":"","nationen":"Hungarian, German, Greek, Western european countries, Polish","lat":52.25,"lon":21.0,"koppermann_naehe":"operationsgebiet","quelle":"USHMM Encyclopedia of Camps and Ghettos Vol. 1 / Holocaust Geographies Collaborative (Knowles et al. 2014)"},"geometry":{"type":"Point","coordinates":[21.0,52.25]}},{"type":"Feature","properties":{"id":"25-0586-3","name":"Polish Youth Custody Camp of the Security Police Litzmannstadt [aka Polenlager, Kripolager]","hauptlager":"Youth Camp","typ":"Jugendlager","func_1":1,"func_1_label":"Unbekannte/unspezifische Arbeit","func_2":0,"func_2_label":"Keine bekannte Arbeit","datum_eroeffnung":"1942-12-15","datum_schliessung":"1942-01-15","open_text":"\"December 1, 1942\"","close_text":"\"January 18, 1942\"","peak_population":1000,"haftlinge":"Juvenilles: Outcasts, Jehovah Witnesses, Jews, Orphans","firmen":"","nationen":"","lat":51.75,"lon":19.4667,"koppermann_naehe":"kontext","quelle":"USHMM Encyclopedia of Camps and Ghettos Vol. 1 / Holocaust Geographies Collaborative (Knowles et al. 2014)"},"geometry":{"type":"Point","coordinates":[19.4667,51.75]}},{"type":"Feature","properties":{"id":"nan","name":"Kassel (second)","hauptlager":"Buchenwald","typ":"KZ / Außenlager","func_1":3,"func_1_label":"Bau (Gebäude, Straßen, Tunnel)","func_2":0,"func_2_label":"Keine bekannte Arbeit","datum_eroeffnung":"1942-11-15","datum_schliessung":"1942-12-15","open_text":"\"November 12, 1942\"","close_text":"\"December 8, 1942\"","peak_population":0,"haftlinge":"","firmen":"","nationen":"","lat":51.316699,"lon":9.5,"koppermann_naehe":"kontext","quelle":"USHMM Encyclopedia of Camps and Ghettos Vol. 1 / Holocaust Geographies Collaborative (Knowles et al. 2014)"},"geometry":{"type":"Point","coordinates":[9.5,51.316699]}},{"type":"Feature","properties":{"id":"nan","name":"Hausham (women) at Dachau","hauptlager":"Dachau","typ":"KZ / Außenlager","func_1":6,"func_1_label":"SS-Lagerbau / Landwirtschaft","func_2":0,"func_2_label":"Keine bekannte Arbeit","datum_eroeffnung":"1944-10-15","datum_schliessung":"1945-04-15","open_text":"\"October 5, 1944\"","close_text":"\"Liberated April 29, 1945\"","peak_population":0,"haftlinge":"","firmen":"","nationen":"","lat":47.750185,"lon":11.83518,"koppermann_naehe":"kontext","quelle":"USHMM Encyclopedia of Camps and Ghettos Vol. 1 / Holocaust Geographies Collaborative (Knowles et al. 2014)"},"geometry":{"type":"Point","coordinates":[11.83518,47.750185]}},{"type":"Feature","properties":{"id":"nan","name":"Hausham (women)","hauptlager":"Ravensbrück","typ":"KZ / Außenlager","func_1":6,"func_1_label":"SS-Lagerbau / Landwirtschaft","func_2":0,"func_2_label":"Keine bekannte Arbeit","datum_eroeffnung":"1943-10-15","datum_schliessung":"1944-06-15","open_text":"\"First mentioned as Ravensbruck camp October 27, 1943\"","close_text":"Becomes Dachau subcamp October 5, 1944","peak_population":0,"haftlinge":"","firmen":"","nationen":"","lat":47.750185,"lon":11.835108,"koppermann_naehe":"kontext","quelle":"USHMM Encyclopedia of Camps and Ghettos Vol. 1 / Holocaust Geographies Collaborative (Knowles et al. 2014)"},"geometry":{"type":"Point","coordinates":[11.835108,47.750185]}},{"type":"Feature","properties":{"id":"nan","name":"Sudelfeld (SS-Berghaus and Hotel \"Alpenrose\")","hauptlager":"Dachau","typ":"KZ / Außenlager","func_1":3,"func_1_label":"Bau (Gebäude, Straßen, Tunnel)","func_2":0,"func_2_label":"Keine bekannte Arbeit","datum_eroeffnung":"1940-06-15","datum_schliessung":"1945-05-15","open_text":"\"First mentioned June 22, 1940\"","close_text":"\"Liberated May 6, 1945\"","peak_population":150,"haftlinge":"Jehova's Witnesses","firmen":"","nationen":"","lat":47.674534,"lon":12.012541,"koppermann_naehe":"kontext","quelle":"USHMM Encyclopedia of Camps and Ghettos Vol. 1 / Holocaust Geographies Collaborative (Knowles et al. 2014)"},"geometry":{"type":"Point","coordinates":[12.012541,47.674534]}},{"type":"Feature","properties":{"id":"nan","name":"Greater Nürnberg Camps (Fürther Strasse)","hauptlager":"Early","typ":"Frühes KZ","func_1":1,"func_1_label":"Unbekannte/unspezifische Arbeit","func_2":0,"func_2_label":"Keine bekannte Arbeit","datum_eroeffnung":"1933-02-15","datum_schliessung":"1933-04-15","open_text":"\"February 20, 1933, first known prisoner held\"","close_text":"\"April 26, 1933, last Furth detainees deported to Dachau\"","peak_population":0,"haftlinge":"","firmen":"","nationen":"","lat":49.457358,"lon":11.036282,"koppermann_naehe":"kontext","quelle":"USHMM Encyclopedia of Camps and Ghettos Vol. 1 / Holocaust Geographies Collaborative (Knowles et al. 2014)"},"geometry":{"type":"Point","coordinates":[11.036282,49.457358]}},{"type":"Feature","properties":{"id":"nan","name":"Greater Nürnberg Camps (Notegefängnis)","hauptlager":"Early","typ":"Frühes KZ","func_1":1,"func_1_label":"Unbekannte/unspezifische Arbeit","func_2":0,"func_2_label":"Keine bekannte Arbeit","datum_eroeffnung":"1933-03-15","datum_schliessung":"1933-04-15","open_text":"\"March 1933, general opening date for Greater Nurnberg Camps\"","close_text":"\"April 26, 1933, last Furth detainees deported to Dachau\"","peak_population":0,"haftlinge":"Communists","firmen":"","nationen":"Communists","lat":49.465427,"lon":10.995486,"koppermann_naehe":"kontext","quelle":"USHMM Encyclopedia of Camps and Ghettos Vol. 1 / Holocaust Geographies Collaborative (Knowles et al. 2014)"},"geometry":{"type":"Point","coordinates":[10.995486,49.465427]}},{"type":"Feature","properties":{"id":"nan","name":"Greater Nürnberg Camps (Rathauswache)","hauptlager":"Early","typ":"Frühes KZ","func_1":1,"func_1_label":"Unbekannte/unspezifische Arbeit","func_2":0,"func_2_label":"Keine bekannte Arbeit","datum_eroeffnung":"1933-03-15","datum_schliessung":"1933-04-15","open_text":"\"March 1933, general opening date for Greater Nurnberg Camps\"","close_text":"\"April 26, 1933, last Furth detainees deported to Dachau\"","peak_population":0,"haftlinge":"","firmen":"","nationen":"","lat":49.455215,"lon":11.077306,"koppermann_naehe":"kontext","quelle":"USHMM Encyclopedia of Camps and Ghettos Vol. 1 / Holocaust Geographies Collaborative (Knowles et al. 2014)"},"geometry":{"type":"Point","coordinates":[11.077306,49.455215]}},{"type":"Feature","properties":{"id":"nan","name":"Janowitz (Krschepenitz)","hauptlager":"Flossenbürg","typ":"KZ / Außenlager","func_1":1,"func_1_label":"Unbekannte/unspezifische Arbeit","func_2":0,"func_2_label":"Keine bekannte Arbeit","datum_eroeffnung":"1945-03-15","datum_schliessung":"1945-05-15","open_text":"\"Middle of March, 1945\"","close_text":"\"End of April, 1945\"","peak_population":0,"haftlinge":"","firmen":"","nationen":"French, Polish, Russian,","lat":49.70291,"lon":14.347987,"koppermann_naehe":"kontext","quelle":"USHMM Encyclopedia of Camps and Ghettos Vol. 1 / Holocaust Geographies Collaborative (Knowles et al. 2014)"},"geometry":{"type":"Point","coordinates":[14.347987,49.70291]}},{"type":"Feature","properties":{"id":"nan","name":"Niesky/Brandhofen","hauptlager":"Gross Rosen","typ":"KZ / Außenlager","func_1":7,"func_1_label":"Ziviler Verteidigungsbau (Bunker, Trümmerräumung)","func_2":6,"func_2_label":"SS-Lagerbau / Landwirtschaft","datum_eroeffnung":"1945-03-15","datum_schliessung":"1945-04-15","open_text":"\"March 1, 1945\"","close_text":"\"April 21, 1945\"","peak_population":0,"haftlinge":"","firmen":"","nationen":"","lat":51.29315,"lon":14.831172,"koppermann_naehe":"kontext","quelle":"USHMM Encyclopedia of Camps and Ghettos Vol. 1 / Holocaust Geographies Collaborative (Knowles et al. 2014)"},"geometry":{"type":"Point","coordinates":[14.831172,51.29315]}},{"type":"Feature","properties":{"id":"nan","name":"Lublin (Alter Flughafen) (men)","hauptlager":"Lublin","typ":"KZ / Außenlager","func_1":6,"func_1_label":"SS-Lagerbau / Landwirtschaft","func_2":0,"func_2_label":"Keine bekannte Arbeit","datum_eroeffnung":"1943-10-15","datum_schliessung":"1944-07-15","open_text":"\"October 22, 1943, becomes part of Lublin system\"","close_text":"\"Liberated July 24, 1944\"","peak_population":0,"haftlinge":"","firmen":"","nationen":"","lat":51.25,"lon":22.5667,"koppermann_naehe":"kontext","quelle":"USHMM Encyclopedia of Camps and Ghettos Vol. 1 / Holocaust Geographies Collaborative (Knowles et al. 2014)"},"geometry":{"type":"Point","coordinates":[22.5667,51.25]}},{"type":"Feature","properties":{"id":"nan","name":"Pankewitza","hauptlager":"Vaivara","typ":"KZ / Außenlager","func_1":1,"func_1_label":"Unbekannte/unspezifische Arbeit","func_2":0,"func_2_label":"Keine bekannte Arbeit","datum_eroeffnung":"1943-11-15","datum_schliessung":null,"open_text":"\"November 1943\"","close_text":"\"Last mentioned December 1943\"","peak_population":0,"haftlinge":"","firmen":"","nationen":"","lat":57.83068,"lon":27.550278,"koppermann_naehe":"kontext","quelle":"USHMM Encyclopedia of Camps and Ghettos Vol. 1 / Holocaust Geographies Collaborative (Knowles et al. 2014)"},"geometry":{"type":"Point","coordinates":[27.550278,57.83068]}},{"type":"Feature","properties":{"id":"nan","name":"Trawniki (first)","hauptlager":"Lublin","typ":"KZ / Außenlager","func_1":1,"func_1_label":"Unbekannte/unspezifische Arbeit","func_2":0,"func_2_label":"Keine bekannte Arbeit","datum_eroeffnung":"1941-07-15","datum_schliessung":"1941-09-15","open_text":"\"July 1941\"","close_text":"\"September 1941\"","peak_population":0,"haftlinge":"","firmen":"","nationen":"","lat":51.1333,"lon":22.9979,"koppermann_naehe":"operationsgebiet","quelle":"USHMM Encyclopedia of Camps and Ghettos Vol. 1 / Holocaust Geographies Collaborative (Knowles et al. 2014)"},"geometry":{"type":"Point","coordinates":[22.9979,51.1333]}},{"type":"Feature","properties":{"id":"nan","name":"Trawniki (second)","hauptlager":"Lublin","typ":"KZ / Außenlager","func_1":5,"func_1_label":"Nicht-Rüstungsproduktion (Textil, Glas, Lebensmittel)","func_2":3,"func_2_label":"Bau (Gebäude, Straßen, Tunnel)","datum_eroeffnung":"1942-06-15","datum_schliessung":"1943-09-15","open_text":"\"June 1942\"","close_text":"\"September 1943\"","peak_population":6000,"haftlinge":"","firmen":"F.W. Shultz and co","nationen":"","lat":51.1333,"lon":22.9979,"koppermann_naehe":"operationsgebiet","quelle":"USHMM Encyclopedia of Camps and Ghettos Vol. 1 / Holocaust Geographies Collaborative (Knowles et al. 2014)"},"geometry":{"type":"Point","coordinates":[22.9979,51.1333]}},{"type":"Feature","properties":{"id":"nan","name":"Dippoldsau","hauptlager":"Mauthausen","typ":"KZ / Außenlager","func_1":2,"func_1_label":"Baumaterialien (Steinbruch, Ziegelei, Sägewerk)","func_2":3,"func_2_label":"Bau (Gebäude, Straßen, Tunnel)","datum_eroeffnung":"1943-06-15","datum_schliessung":null,"open_text":"\"Summer 1943\"","close_text":"","peak_population":0,"haftlinge":"","firmen":"","nationen":"","lat":47.983545,"lon":14.35364,"koppermann_naehe":"kontext","quelle":"USHMM Encyclopedia of Camps and Ghettos Vol. 1 / Holocaust Geographies Collaborative (Knowles et al. 2014)"},"geometry":{"type":"Point","coordinates":[14.35364,47.983545]}},{"type":"Feature","properties":{"id":"nan","name":"Weyr","hauptlager":"Mauthausen","typ":"KZ / Außenlager","func_1":2,"func_1_label":"Baumaterialien (Steinbruch, Ziegelei, Sägewerk)","func_2":3,"func_2_label":"Bau (Gebäude, Straßen, Tunnel)","datum_eroeffnung":"1943-04-15","datum_schliessung":"1944-10-15","open_text":"\"Mid or late April 1943\"","close_text":"\"Evacuated October 1944\"","peak_population":0,"haftlinge":"","firmen":"","nationen":"","lat":47.944867,"lon":14.359217,"koppermann_naehe":"kontext","quelle":"USHMM Encyclopedia of Camps and Ghettos Vol. 1 / Holocaust Geographies Collaborative (Knowles et al. 2014)"},"geometry":{"type":"Point","coordinates":[14.359217,47.944867]}},{"type":"Feature","properties":{"id":"nan","name":"Loiblpass (north)","hauptlager":"Mauthausen","typ":"KZ / Außenlager","func_1":3,"func_1_label":"Bau (Gebäude, Straßen, Tunnel)","func_2":0,"func_2_label":"Keine bekannte Arbeit","datum_eroeffnung":"1943-11-15","datum_schliessung":"1945-04-15","open_text":"\"November 29, 1943\"","close_text":"\"Closing begins April 15, 1945\"","peak_population":0,"haftlinge":"","firmen":"","nationen":"Polish, Soviet, Yugoslov, Czech, German, Norwegian, Luxembourgish, Spanish, Hungarian, and others","lat":46.445751,"lon":14.253827,"koppermann_naehe":"kontext","quelle":"USHMM Encyclopedia of Camps and Ghettos Vol. 1 / Holocaust Geographies Collaborative (Knowles et al. 2014)"},"geometry":{"type":"Point","coordinates":[14.253827,46.445751]}},{"type":"Feature","properties":{"id":"nan","name":"Passau III","hauptlager":"Mauthausen","typ":"KZ / Außenlager","func_1":11,"func_1_label":"Transport / Verladen","func_2":0,"func_2_label":"Keine bekannte Arbeit","datum_eroeffnung":"1945-03-15","datum_schliessung":"1945-05-15","open_text":"\"March 1945\"","close_text":"\"May 1945\"","peak_population":0,"haftlinge":"","firmen":"Bayerischer Lloyd","nationen":"","lat":48.5833,"lon":13.4833,"koppermann_naehe":"kontext","quelle":"USHMM Encyclopedia of Camps and Ghettos Vol. 1 / Holocaust Geographies Collaborative (Knowles et al. 2014)"},"geometry":{"type":"Point","coordinates":[13.4833,48.5833]}},{"type":"Feature","properties":{"id":"nan","name":"Vöcklabruck (Redl-Zipf)","hauptlager":"Mauthausen","typ":"KZ / Außenlager","func_1":1,"func_1_label":"Unbekannte/unspezifische Arbeit","func_2":0,"func_2_label":"Keine bekannte Arbeit","datum_eroeffnung":"1943-09-15","datum_schliessung":"1945-03-15","open_text":"\"September 30, 1943\"","close_text":"\"March 24, 1945\"","peak_population":0,"haftlinge":"","firmen":"","nationen":"Polish, Spanish, and Soviet","lat":48.0167,"lon":13.65,"koppermann_naehe":"kontext","quelle":"USHMM Encyclopedia of Camps and Ghettos Vol. 1 / Holocaust Geographies Collaborative (Knowles et al. 2014)"},"geometry":{"type":"Point","coordinates":[13.65,48.0167]}},{"type":"Feature","properties":{"id":"nan","name":"Jedlesee [aka Floridsdorf II]","hauptlager":"Mauthausen","typ":"KZ / Außenlager","func_1":4,"func_1_label":"Rüstung / Munition","func_2":0,"func_2_label":"Keine bekannte Arbeit","datum_eroeffnung":"1944-07-15","datum_schliessung":"1945-04-15","open_text":"\"July 13, 1944\"","close_text":"\"Evacuated April 1, 1945\"","peak_population":0,"haftlinge":"","firmen":"","nationen":"","lat":48.271097,"lon":16.393318,"koppermann_naehe":"kontext","quelle":"USHMM Encyclopedia of Camps and Ghettos Vol. 1 / Holocaust Geographies Collaborative (Knowles et al. 2014)"},"geometry":{"type":"Point","coordinates":[16.393318,48.271097]}},{"type":"Feature","properties":{"id":"nan","name":"Kinzigdamm","hauptlager":"Natzweiler","typ":"KZ / Außenlager","func_1":5,"func_1_label":"Nicht-Rüstungsproduktion (Textil, Glas, Lebensmittel)","func_2":0,"func_2_label":"Keine bekannte Arbeit","datum_eroeffnung":"1944-12-15","datum_schliessung":"1945-03-15","open_text":"\"December 11, 1944\"","close_text":"\"March 1, 1945\"","peak_population":0,"haftlinge":"","firmen":"","nationen":"French and Soviet","lat":48.281365,"lon":8.120205,"koppermann_naehe":"kontext","quelle":"USHMM Encyclopedia of Camps and Ghettos Vol. 1 / Holocaust Geographies Collaborative (Knowles et al. 2014)"},"geometry":{"type":"Point","coordinates":[8.120205,48.281365]}},{"type":"Feature","properties":{"id":"nan","name":"Vulkan","hauptlager":"Natzweiler","typ":"KZ / Außenlager","func_1":3,"func_1_label":"Bau (Gebäude, Straßen, Tunnel)","func_2":2,"func_2_label":"Baumaterialien (Steinbruch, Ziegelei, Sägewerk)","datum_eroeffnung":"1944-12-15","datum_schliessung":"1945-03-15","open_text":"\"December 4, 1944\"","close_text":"\"March 1945\"","peak_population":0,"haftlinge":"","firmen":"Hartsteinwerke Vulkan","nationen":"","lat":48.2833,"lon":8.0833,"koppermann_naehe":"kontext","quelle":"USHMM Encyclopedia of Camps and Ghettos Vol. 1 / Holocaust Geographies Collaborative (Knowles et al. 2014)"},"geometry":{"type":"Point","coordinates":[8.0833,48.2833]}},{"type":"Feature","properties":{"id":"nan","name":"Schwäbisch Hall-Hessental","hauptlager":"Natzweiler","typ":"KZ / Außenlager","func_1":3,"func_1_label":"Bau (Gebäude, Straßen, Tunnel)","func_2":4,"func_2_label":"Rüstung / Munition","datum_eroeffnung":"1944-10-15","datum_schliessung":"1945-04-15","open_text":"\"October 14, 1944\"","close_text":"\"Evacuated April 5, 1945\"","peak_population":0,"haftlinge":"","firmen":"","nationen":"Polish Jews, a few German and Hungarian Jews","lat":49.108876,"lon":9.7320413,"koppermann_naehe":"kontext","quelle":"USHMM Encyclopedia of Camps and Ghettos Vol. 1 / Holocaust Geographies Collaborative (Knowles et al. 2014)"},"geometry":{"type":"Point","coordinates":[9.7320413,49.108876]}},{"type":"Feature","properties":{"id":"nan","name":"Morsleben","hauptlager":"Neuengamme","typ":"KZ / Außenlager","func_1":3,"func_1_label":"Bau (Gebäude, Straßen, Tunnel)","func_2":0,"func_2_label":"Keine bekannte Arbeit","datum_eroeffnung":"1944-02-15","datum_schliessung":"1945-04-15","open_text":"\"February 1944\"","close_text":"\"Probably evacuated April 8, 1945\"","peak_population":0,"haftlinge":"","firmen":"","nationen":"","lat":52.222236,"lon":11.102049,"koppermann_naehe":"kontext","quelle":"USHMM Encyclopedia of Camps and Ghettos Vol. 1 / Holocaust Geographies Collaborative (Knowles et al. 2014)"},"geometry":{"type":"Point","coordinates":[11.102049,52.222236]}},{"type":"Feature","properties":{"id":"nan","name":"Hamburg-Hammerbrook (Spaldingstrasse)","hauptlager":"Neuengamme","typ":"KZ / Außenlager","func_1":7,"func_1_label":"Ziviler Verteidigungsbau (Bunker, Trümmerräumung)","func_2":6,"func_2_label":"SS-Lagerbau / Landwirtschaft","datum_eroeffnung":"1944-11-15","datum_schliessung":"1945-04-15","open_text":"\"November 1944\"","close_text":"\"Liberated on April 19, 1945\"","peak_population":2000,"haftlinge":"","firmen":"","nationen":"Soviet and Latvian POWs, Polish, Belgian, French and Danish resistance members","lat":53.549589,"lon":10.017536,"koppermann_naehe":"kontext","quelle":"USHMM Encyclopedia of Camps and Ghettos Vol. 1 / Holocaust Geographies Collaborative (Knowles et al. 2014)"},"geometry":{"type":"Point","coordinates":[10.017536,53.549589]}},{"type":"Feature","properties":{"id":"nan","name":"Riga (Heereskraftfahrzeugpark, Hirtenstrasse) [aka Park]","hauptlager":"Riga-Kaiserwald","typ":"KZ / Außenlager","func_1":7,"func_1_label":"Ziviler Verteidigungsbau (Bunker, Trümmerräumung)","func_2":0,"func_2_label":"Keine bekannte Arbeit","datum_eroeffnung":"1944-06-15","datum_schliessung":"1944-08-15","open_text":"\"End of January 1944\"","close_text":"\"August 6, 1944\"","peak_population":0,"haftlinge":"Jewish","firmen":"","nationen":"Jewish","lat":56.986184,"lon":24.071732,"koppermann_naehe":"kontext","quelle":"USHMM Encyclopedia of Camps and Ghettos Vol. 1 / Holocaust Geographies Collaborative (Knowles et al. 2014)"},"geometry":{"type":"Point","coordinates":[24.071732,56.986184]}},{"type":"Feature","properties":{"id":"nan","name":"Porta Westfalica/A II Barkhausen [aka Porta I, Kaiserhof]","hauptlager":"Neuengamme","typ":"KZ / Außenlager","func_1":3,"func_1_label":"Bau (Gebäude, Straßen, Tunnel)","func_2":4,"func_2_label":"Rüstung / Munition","datum_eroeffnung":"1944-03-15","datum_schliessung":"1945-04-15","open_text":"\"March 18, 1944\"","close_text":"\"Evacuated April 1, 1945\"","peak_population":0,"haftlinge":"Ukrainian, Polish, Danish (no Jews)","firmen":"Firma Ambi-Budd (aircraft parts), Deurag-Nerag (oil refinery), Philips (radio assembly)","nationen":"Ukrainian, Polish, Danish (no Jews)","lat":52.246341,"lon":8.912079,"koppermann_naehe":"kontext","quelle":"USHMM Encyclopedia of Camps and Ghettos Vol. 1 / Holocaust Geographies Collaborative (Knowles et al. 2014)"},"geometry":{"type":"Point","coordinates":[8.912079,52.246341]}},{"type":"Feature","properties":{"id":"nan","name":"Porta Westfalica/A II Lerbeck-Neesen","hauptlager":"Neuengamme","typ":"KZ / Außenlager","func_1":4,"func_1_label":"Rüstung / Munition","func_2":0,"func_2_label":"Keine bekannte Arbeit","datum_eroeffnung":"1944-09-15","datum_schliessung":"1945-04-15","open_text":"\"September 30, 1944\"","close_text":"\"Evacuated April 1, 1945\"","peak_population":0,"haftlinge":"Poles, Austrians (no Jews)","firmen":"Klöckner Flugmotorenbau GmbH","nationen":"Poles, Austrians (no Jews)","lat":52.2495,"lon":8.94329,"koppermann_naehe":"kontext","quelle":"USHMM Encyclopedia of Camps and Ghettos Vol. 1 / Holocaust Geographies Collaborative (Knowles et al. 2014)"},"geometry":{"type":"Point","coordinates":[8.94329,52.2495]}},{"type":"Feature","properties":{"id":"nan","name":"Porta Westfalica/A II Hausberge \"Hammerwerke\"","hauptlager":"Neuengamme","typ":"KZ / Außenlager","func_1":1,"func_1_label":"Unbekannte/unspezifische Arbeit","func_2":0,"func_2_label":"Keine bekannte Arbeit","datum_eroeffnung":"1945-02-15","datum_schliessung":"1945-04-15","open_text":"\"February 1945\"","close_text":"\"Evacuated April 1, 1945\"","peak_population":0,"haftlinge":"","firmen":"","nationen":"Dutch, Hungarian Jewish women","lat":52.237294,"lon":8.950548,"koppermann_naehe":"kontext","quelle":"USHMM Encyclopedia of Camps and Ghettos Vol. 1 / Holocaust Geographies Collaborative (Knowles et al. 2014)"},"geometry":{"type":"Point","coordinates":[8.950548,52.237294]}},{"type":"Feature","properties":{"id":"nan","name":"Vaivara subcamp","hauptlager":"Vaivara","typ":"KZ / Außenlager","func_1":2,"func_1_label":"Baumaterialien (Steinbruch, Ziegelei, Sägewerk)","func_2":3,"func_2_label":"Bau (Gebäude, Straßen, Tunnel)","datum_eroeffnung":"1943-08-15","datum_schliessung":"1944-02-15","open_text":"\"August 6, 1943\"","close_text":"\"prisoners sent to Vivikonna January 1944\"","peak_population":0,"haftlinge":"Jewish, Roma, POWs","firmen":"Baltische Ol GmbH (Baltöl), OT","nationen":"Baltic Jews from Vilnius and Kaunas ghettos, and some Czech and German","lat":59.3667,"lon":27.75,"koppermann_naehe":"kontext","quelle":"USHMM Encyclopedia of Camps and Ghettos Vol. 1 / Holocaust Geographies Collaborative (Knowles et al. 2014)"},"geometry":{"type":"Point","coordinates":[27.75,59.3667]}},{"type":"Feature","properties":{"id":"nan","name":"Vivikonna III (Baltöl) [aka Werk IV Sillamäe]","hauptlager":"Vaivara","typ":"KZ / Außenlager","func_1":9,"func_1_label":"Öl- und Kohleproduktion","func_2":0,"func_2_label":"Keine bekannte Arbeit","datum_eroeffnung":null,"datum_schliessung":"1944-02-15","open_text":"","close_text":"\"Evacuated February 12, 1944\"","peak_population":699,"haftlinge":"Jewish, Russian","firmen":"","nationen":"","lat":59.401041,"lon":27.744598,"koppermann_naehe":"kontext","quelle":"USHMM Encyclopedia of Camps and Ghettos Vol. 1 / Holocaust Geographies Collaborative (Knowles et al. 2014)"},"geometry":{"type":"Point","coordinates":[27.744598,59.401041]}},{"type":"Feature","properties":{"id":"nan","name":"Vivikonna II (OT)","hauptlager":"Vaivara","typ":"KZ / Außenlager","func_1":6,"func_1_label":"SS-Lagerbau / Landwirtschaft","func_2":3,"func_2_label":"Bau (Gebäude, Straßen, Tunnel)","datum_eroeffnung":null,"datum_schliessung":"1944-02-15","open_text":"","close_text":"\"Evacuated February 2, 1944\"","peak_population":0,"haftlinge":"","firmen":"","nationen":"","lat":59.338,"lon":27.6746,"koppermann_naehe":"kontext","quelle":"USHMM Encyclopedia of Camps and Ghettos Vol. 1 / Holocaust Geographies Collaborative (Knowles et al. 2014)"},"geometry":{"type":"Point","coordinates":[27.6746,59.338]}},{"type":"Feature","properties":{"id":"nan","name":"Gusen II","hauptlager":"Mauthausen","typ":"KZ / Außenlager","func_1":4,"func_1_label":"Rüstung / Munition","func_2":0,"func_2_label":"Keine bekannte Arbeit","datum_eroeffnung":"1944-03-15","datum_schliessung":null,"open_text":"\"March 9, 1944\"","close_text":"","peak_population":10000,"haftlinge":"","firmen":"Steyr-Daimler-Puck AG, Messerschmit AG","nationen":"","lat":48.265162,"lon":14.453802,"koppermann_naehe":"kontext","quelle":"USHMM Encyclopedia of Camps and Ghettos Vol. 1 / Holocaust Geographies Collaborative (Knowles et al. 2014)"},"geometry":{"type":"Point","coordinates":[14.454,48.265162]}},{"type":"Feature","properties":{"id":"nan","name":"Gusen III","hauptlager":"Mauthausen","typ":"KZ / Außenlager","func_1":5,"func_1_label":"Nicht-Rüstungsproduktion (Textil, Glas, Lebensmittel)","func_2":0,"func_2_label":"Keine bekannte Arbeit","datum_eroeffnung":"1944-12-15","datum_schliessung":null,"open_text":"\"December 16, 1944\"","close_text":"","peak_population":260,"haftlinge":"","firmen":"Messerschmit AG","nationen":"","lat":48.288358,"lon":14.48056,"koppermann_naehe":"kontext","quelle":"USHMM Encyclopedia of Camps and Ghettos Vol. 1 / Holocaust Geographies Collaborative (Knowles et al. 2014)"},"geometry":{"type":"Point","coordinates":[14.48056,48.288]}},{"type":"Feature","properties":{"id":"nan","name":"Arbeitsdorf","hauptlager":"Arbeitsdorf","typ":"KZ / Außenlager","func_1":0,"func_1_label":"Keine bekannte Arbeit","func_2":0,"func_2_label":"Keine bekannte Arbeit","datum_eroeffnung":"1942-04-15","datum_schliessung":"1942-11-15","open_text":"\"First prisoners transported April 8, 1942\"","close_text":"\"Last prisoners sent to Sachsenhausen or Buchenwald after October 1942\"","peak_population":0,"haftlinge":"Jews, criminals","firmen":"Volkswagen","nationen":"","lat":52.434455,"lon":10.782223,"koppermann_naehe":"kontext","quelle":"USHMM Encyclopedia of Camps and Ghettos Vol. 1 / Holocaust Geographies Collaborative (Knowles et al. 2014)"},"geometry":{"type":"Point","coordinates":[10.782223,52.43445500000001]}}]}